Workbook

Sheet Cover
A16: TIMES-Ireland Model
A19: Document type: | B19: Base Year Template
A20: Sector(s): | B20: Service sector (SRV)
A21: Purpose: | B21: Specify base year data and define sector structure
A23: Original developer(s):
A26: Current maintainer(s): | B26: Olexandr Balyk (UCC, olexandr.balyk@ucc.ie)
A29: Part of TIM version: | B29: 1
A30: Model repository: | B30: https://github.com/MaREI-EPMG/TIMES-Ireland-model
A31: Licence: | B31: CC BY-NC-SA 4.0 (unless specified otherwise)
B32: https://creativecommons.org/licenses/by-nc-sa/4.0/

Sheet Legend
A3: Ragion: | B3: Ireland | C3: IE
A4: Sector: | B4: Services | C4: SRV
A5: Base-year | B5: 2018
A8: Cell colour legend
A9: aaa | B9: Model input
A10: aaa | B10: Model input based on own assumptions
B11: Calculated value (not recommended to directly modify)
A13: Tab colour legend
B14: VEDA-TIMES data input tables
B15: Energy balance breakdown and other elaborations
B16: External data sources
A18: Codes for processes and commodities names
A19: Dimension | B19: Short code | C19: Full code
A20: Sub-sectors
A21: Commercial Services | C21: CS
A22: Public Services | C22: PU
A23: Thermal uses
A24: Space heating | C24: SH
A25: Water heating | C25: WH
A26: Space cooling | C26: SC
A27: Other uses
A28: Cooking | C28: CK
A29: Building lighting | C29: LIG
A30: Refrigeration | C30: REF
A31: Other appliances | C31: OEL
A32: Data centers | C32: DCE
A33: Public lighting | C33: PLIG
A34: Other services | C34: OTS
A35: Fuels
A36: Solids | B36: COA | C36: =$C$4&B36 -> SRVCOA
A37: LPG | B37: LPG | C37: =$C$4&B37 -> SRVLPG
A38: Oil | B38: OIL | C38: =$C$4&B38 -> SRVOIL
A39: Natural Gas | B39: GAS | C39: =$C$4&B39 -> SRVGAS
A40: Biomass | B40: BIO | C40: =$C$4&B40 -> SRVBIO
A41: Biogas | B41: BGS | C41: =$C$4&B41 -> SRVBGS
A42: Solar | B42: SOL | C42: =$C$4&B42 -> SRVSOL
A43: Electricity | B43: ELC | C43: =$C$4&B43 -> SRVELC
A44: Ambient Heat | B44: AHT | C44: =$C$4&B44 -> SRVAHT
A45: Ambient Heat 2 | B45: AHT2 | C45: =$C$4&B45 -> SRVAHT2
A46: District heating | B46: HET | C46: =$C$4&B46 -> SRVHET
A47: Wind | B47: WIN | C47: =$C$4&B47 -> SRVWIN
... A51: Ethanol | B51: ETH | C51: =$C$4&B51 -> SRVETH
A53: Sources
A54: Component | B54: Source | C54: Type of data
A55: Energy balances | B55: SEAI | C55: Sectoral energy balance 2018
B56: JRC-IDEES | C56: Energy balance breakdown
A57: Building stocks | B57: JRC-IDEES | C57: Dwelling stocks (m2), average size
B58: BPIE | C58: Breakdown of floor areas by non-residential sub-sector
A59: End-use technologies | B59: JRC-IDEES | C59: Efficiencies, Appliances stock
B60: Own assumptions | C60: Technical life, Number of functioning hours, W per appliance (in average operating mode), technical life
A61: Emissions factors | B61: Standard values | C61: CO2 emissions factors
A64: Conversion factors
A65: Conversion ktoe to PJ | B65: 0.041868
A66: Conversion GWh to PJ | B66: =3.6*10^-3 -> 0.0036

Sheet Regions
C3: {=INDEX(C5:C7,$A$4)} -> IE | D3: {=INDEX(D5:D7,$A$4)} -> National | E3: {=INDEX(E5:E7,$A$4)} -> IE-CW | F3: {=INDEX(F5:F7,$A$4)} -> IE-D | G3: {=INDEX(G5:G7,$A$4)} -> IE-KE | H3: {=INDEX(H5:H7,$A$4)} -> IE-KK | I3: {=INDEX(I5:I7,$A$4)} -> IE-LS | J3: {=INDEX(J5:J7,$A$4)} -> IE-LD | ... AD3: {=INDEX(AD5:AD7,$A$4)} -> IE-MN
A4: 1
A5: Development | C5: IE | D5: National | E5: =A11 -> IE-CW | F5: =A16 -> IE-D | G5: =A19 -> IE-KE | H5: =A20 -> IE-KK | I5: =A21 -> IE-LS | J5: =A24 -> IE-LD | K5: =A25 -> IE-LH | L5: =A27 -> IE-MH | M5: =A29 -> IE-OY | N5: =A34 -> IE-WH | O5: =A35 -> IE-WX | P5: =A36 -> IE-WW | Q5: =A13 -> IE-CE | R5: =A14 -> IE-CO | S5: =A18 -> IE-KY | T5: =A23 -> IE-LK | U5: =A32 -> IE-TA | V5: =A33 -> IE-WD | W5: =A17 -> IE-G | X5: =A22 -> IE-LM | Y5: =A26 -> IE-MO | Z5: =A30 -> IE-RN | AA5: =A31 -> IE-SO | AB5: =A12 -> IE-CN | AC5: =A15 -> IE-DL | AD5: =A28 -> IE-MN
A6: Single-region | C6: =C5 -> IE | D6: ="*"&D5 -> *National | E6: ="*"&E5 -> *IE-CW | F6: ="*"&F5 -> *IE-D | G6: ="*"&G5 -> *IE-KE | H6: ="*"&H5 -> *IE-KK | I6: ="*"&I5 -> *IE-LS | J6: ="*"&J5 -> *IE-LD | K6: ="*"&K5 -> *IE-LH | ... AD6: ="*"&AD5 -> *IE-MN
A7: Multi-region | C7: ="*"&C5 -> *IE | D7: =D5 -> National | E7: =E5 -> IE-CW | F7: =F5 -> IE-D | G7: =G5 -> IE-KE | H7: =H5 -> IE-KK | I7: =I5 -> IE-LS | J7: =J5 -> IE-LD | K7: =K5 -> IE-LH | ... AD7: =AD5 -> IE-MN
A10: Code | B10: County name
A11: IE-CW | B11: Carlow
A12: IE-CN | B12: Cavan
A13: IE-CE | B13: Clare
A14: IE-CO | B14: Cork
A15: IE-DL | B15: Donegal
A16: IE-D | B16: Dublin
A17: IE-G | B17: Galway
A18: IE-KY | B18: Kerry
A19: IE-KE | B19: Kildare
A20: IE-KK | B20: Kilkenny
A21: IE-LS | B21: Laois
... A36: IE-WW | B36: Wicklow
A37: Source: https://en.wikipedia.org/wiki/ISO_3166-2:IE

Sheet EB_SRV
B1: Energy Balance breakdown
B3: Table 1 | C3: Energy Balance 2018 (ktoe)
D4: Coal | E4: Bituminous Coal | F4: Anthracite + Manufactured Ovoids | G4: Coke | H4: Lignite \ Brown Coal Briquettes | I4: Peat | J4: Milled Peat | K4: Sod Peat | L4: Briquettes | M4: Oil | N4: Crude | O4: Refinery Feedstocks | P4: Refinery Gas | Q4: Gasoline | R4: Kerosene | S4: Jet Kerosene | T4: Fueloil | U4: LPG | V4: Gasoil / Diesel /DERV | W4: Petroleum Coke | X4: Naphta | Y4: Bitumen | Z4: White Spirit | AA4: Lubricants | AB4: Natural Gas | AC4: Renewables | AD4: Hydro | AE4: Wind | AF4: Biomass | AG4: Renewable Waste | AH4: Landfill Gas | AI4: Biogas | AJ4: Biodiesel | AK4: Bioethanol | AL4: Solar Photovoltaic | AM4: Solar Thermal | AN4: Ambient Heat | AO4: Non-Renewable Waste | AP4: Electricity | AQ4: Heat | AR4: TOTAL
B5: Services | D5: ='EB2018'!C57 -> 0.56291534 | E5: ='EB2018'!D57 -> 0.56291534 | F5: ='EB2018'!E57 -> 0 | G5: ='EB2018'!F57 -> 0 | H5: ='EB2018'!G57 -> 0 | I5: ='EB2018'!H57 -> 0 | J5: ='EB2018'!I57 -> 0 | K5: ='EB2018'!J57 -> 0 | ... AR5: ='EB2018'!AQ57 -> 1702.2928
B6: Commercial Services | D6: ='EB2018'!C58 -> 0.56091564 | E6: ='EB2018'!D58 -> 0.56091564 | F6: ='EB2018'!E58 -> 0 | G6: ='EB2018'!F58 -> 0 | H6: ='EB2018'!G58 -> 0 | I6: ='EB2018'!H58 -> 0 | J6: ='EB2018'!I58 -> 0 | K6: ='EB2018'!J58 -> 0 | ... AR6: ='EB2018'!AQ58 -> 1198.9419
B7: Public Services | D7: ='EB2018'!C65 -> 0.0019996992 | E7: ='EB2018'!D65 -> 0.0019996992 | F7: ='EB2018'!E65 -> 0 | G7: ='EB2018'!F65 -> 0 | H7: ='EB2018'!G65 -> 0 | I7: ='EB2018'!H65 -> 0 | J7: ='EB2018'!I65 -> 0 | K7: ='EB2018'!J65 -> 0 | ... AR7: ='EB2018'!AQ65 -> 503.35096
B10: Table 2 | C10: Energy Balance 2018 (PJ)
D11: =Legend!$A$36 -> Solids | E11: =Legend!$A$37 -> LPG | F11: =Legend!$A$38 -> Oil | G11: =Legend!$A$39 -> Natural Gas | H11: =Legend!$A$40 -> Biomass | I11: =Legend!$A$41 -> Biogas | J11: =Legend!$A$42 -> Solar | K11: =Legend!$A$43 -> Electricity | L11: =Legend!$A$44 -> Ambient Heat | M11: Total
B12: Services | D12: =SUM(D5,I5)*Legend!$B$65 -> 0.023568139 | E12: =U5*Legend!$B$65 -> 2.7842199 | F12: =SUM(R5,T5,V5)*Legend!$B$65 -> 7.0394279 | G12: =AB5*Legend!$B$65 -> 14.401641 | H12: =AF5*Legend!$B$65 -> 0.75333608 | I12: =AI5*Legend!$B$65 -> 0.23537121 | J12: =AM5*Legend!$B$65 -> 0.0069707985 | K12: =AP5*Legend!$B$65 -> 45.371724 | L12: =AN5*Legend!$B$65 -> 0.65533684 | M12: =SUM(D12:L12) -> 71.271597
B13: =Legend!$A$21 -> Commercial Services | D13: =SUM(D6,I6)*Legend!$B$65 -> 0.023484416 | E13: =U6*Legend!$B$65 -> 1.862077 | F13: =SUM(R6,T6,V6)*Legend!$B$65 -> 2.8363477 | G13: =AB6*Legend!$B$65 -> 9.094157 | H13: =AF6*Legend!$B$65 -> 0.29850706 | I13: =AI6*Legend!$B$65 -> 0.033679907 | J13: =AM6*Legend!$B$65 -> 0.0069707985 | K13: =AP6*Legend!$B$65 -> 35.386738 | L13: =AN6*Legend!$B$65 -> 0.65533684 | M13: =SUM(D13:L13) -> 50.197298
B14: =Legend!$A$32 -> Data centers | K14: ='Key Inputs'!$I$114 -> 5.629176 | M14: =SUM(D14:L14) -> 5.629176
B15: =Legend!$A$22 -> Public Services | D15: =SUM(D7,I7)*Legend!$B$65 -> 8.3723408e-05 | E15: =U7*Legend!$B$65 -> 0.92214284 | F15: =SUM(R7,T7,V7)*Legend!$B$65 -> 4.2030803 | G15: =AB7*Legend!$B$65 -> 5.3074842 | H15: =AF7*Legend!$B$65 -> 0.45482902 | I15: =AI7*Legend!$B$65 -> 0.2016913 | J15: =AM7*Legend!$B$65 -> 0 | K15: =AP7*Legend!$B$65 -> 9.9849868 | L15: =AN7*Legend!$B$65 -> 0 | M15: =SUM(D15:L15) -> 21.074298
B16: =Legend!$A$33 -> Public lighting | K16: ='Public SEAI'!C29*Legend!$B$66 -> 1.4472 | M16: =SUM(D16:L16) -> 1.4472
B17: =Legend!$A$21&" (excl. "&B14&")" -> Commercial Services (excl. Data centers) | D17: =D13-D14 -> 0.023484416 | E17: =E13-E14 -> 1.862077 | F17: =F13-F14 -> 2.8363477 | G17: =G13-G14 -> 9.094157 | H17: =H13-H14 -> 0.29850706 | I17: =I13-I14 -> 0.033679907 | J17: =J13-J14 -> 0.0069707985 | K17: =K13-K14 -> 29.757562 | ... M17: =M13-M14 -> 44.568122
B18: =Legend!$A$22&" (excl. "&B16&")" -> Public Services (excl. Public lighting) | D18: =D15-D16 -> 8.3723408e-05 | E18: =E15-E16 -> 0.92214284 | F18: =F15-F16 -> 4.2030803 | G18: =G15-G16 -> 5.3074842 | H18: =H15-H16 -> 0.45482902 | I18: =I15-I16 -> 0.2016913 | J18: =J15-J16 -> 0 | K18: =K15-K16 -> 8.5377868 | ... M18: =M15-M16 -> 19.627098
B21: Table 3 | C21: ="Energy Balance breakdown for "&B25 -> Energy Balance breakdown for Commercial Services (excl. Data centers)
B22: Sub-sector | C22: Energy service | D22: Fuel | E22: Sub-type | F22: Consumption shares | G22: Consumption
B23: Sources: | F23: JRC-IDEES
F24: % | G24: PJ
B25: =$B$17 -> Commercial Services (excl. Data centers) | C25: =Legend!$A$24 -> Space heating | D25: =Legend!$A$36 -> Solids | F25: 1 | G25: =SUMIFS($D$17:$L$17,$D$11:$L$11,$D25)*F25 -> 0.023484416
B26: =$B$17 -> Commercial Services (excl. Data centers) | C26: =Legend!$A$24 -> Space heating | D26: =Legend!$A$37 -> LPG | F26: 0 | G26: =SUMIFS($D$17:$L$17,$D$11:$L$11,$D26)*F26 -> 0
B27: =$B$17 -> Commercial Services (excl. Data centers) | C27: =Legend!$A$24 -> Space heating | D27: =Legend!$A$38 -> Oil | F27: 0.77148995 | G27: =SUMIFS($D$17:$L$17,$D$11:$L$11,$D27)*F27 -> 2.1882137
B28: =$B$17 -> Commercial Services (excl. Data centers) | C28: =Legend!$A$24 -> Space heating | D28: =Legend!$A$39 -> Natural Gas | F28: 0.57925203 | G28: =SUMIFS($D$17:$L$17,$D$11:$L$11,$D28)*F28 -> 5.2678089
B29: =$B$17 -> Commercial Services (excl. Data centers) | C29: =Legend!$A$24 -> Space heating | D29: =Legend!$A$40 -> Biomass | F29: 1 | G29: =SUMIFS($D$17:$L$17,$D$11:$L$11,$D29)*F29 -> 0.29850706
B30: =$B$17 -> Commercial Services (excl. Data centers) | C30: =Legend!$A$24 -> Space heating | D30: =Legend!$A$41 -> Biogas | F30: 1 | G30: =SUMIFS($D$17:$L$17,$D$11:$L$11,$D30)*F30 -> 0.033679907
B31: =$B$17 -> Commercial Services (excl. Data centers) | C31: =Legend!$A$24 -> Space heating | D31: =Legend!$A$42 -> Solar | F31: 0 | G31: =SUMIFS($D$17:$L$17,$D$11:$L$11,$D31)*F31 -> 0
B32: =$B$17 -> Commercial Services (excl. Data centers) | C32: =Legend!$A$24 -> Space heating | D32: =Legend!$A$43 -> Electricity | E32: HP | F32: 0.02097908 | G32: =SUMIFS($D$17:$L$17,$D$11:$L$11,$D32)*F32 -> 0.62428626
B33: =$B$17 -> Commercial Services (excl. Data centers) | C33: =Legend!$A$24 -> Space heating | D33: =Legend!$A$43 -> Electricity | E33: Conventional | F33: 0.090683292 | G33: =SUMIFS($D$17:$L$17,$D$11:$L$11,$D33)*F33 -> 2.6985137
B34: =$B$17 -> Commercial Services (excl. Data centers) | C34: =Legend!$A$24 -> Space heating | D34: =Legend!$A$44 -> Ambient Heat | F34: 1 | G34: =SUMIFS($D$17:$L$17,$D$11:$L$11,$D34)*F34 -> 0.65533684
B35: =$B$17 -> Commercial Services (excl. Data centers) | C35: =Legend!$A$24 -> Space heating | D35: All fuels | G35: =SUM(G25:G34) -> 11.789831
B36: =$B$17 -> Commercial Services (excl. Data centers) | C36: =Legend!$A$25 -> Water heating | D36: =Legend!$A$36 -> Solids | F36: 0 | G36: =SUMIFS($D$17:$L$17,$D$11:$L$11,$D36)*F36 -> 0
B37: =$B$17 -> Commercial Services (excl. Data centers) | C37: =Legend!$A$25 -> Water heating | D37: =Legend!$A$37 -> LPG | F37: 0 | G37: =SUMIFS($D$17:$L$17,$D$11:$L$11,$D37)*F37 -> 0
B38: =$B$17 -> Commercial Services (excl. Data centers) | C38: =Legend!$A$25 -> Water heating | D38: =Legend!$A$38 -> Oil | F38: 0.22851005 | G38: =SUMIFS($D$17:$L$17,$D$11:$L$11,$D38)*F38 -> 0.64813396
B39: =$B$17 -> Commercial Services (excl. Data centers) | C39: =Legend!$A$25 -> Water heating | D39: =Legend!$A$39 -> Natural Gas | F39: 0.17174852 | G39: =SUMIFS($D$17:$L$17,$D$11:$L$11,$D39)*F39 -> 1.561908
B40: =$B$17 -> Commercial Services (excl. Data centers) | C40: =Legend!$A$25 -> Water heating | D40: =Legend!$A$40 -> Biomass | F40: 0 | G40: =SUMIFS($D$17:$L$17,$D$11:$L$11,$D40)*F40 -> 0
B41: =$B$17 -> Commercial Services (excl. Data centers) | C41: =Legend!$A$25 -> Water heating | D41: =Legend!$A$41 -> Biogas | F41: 0 | G41: =SUMIFS($D$17:$L$17,$D$11:$L$11,$D41)*F41 -> 0
B42: =$B$17 -> Commercial Services (excl. Data centers) | C42: =Legend!$A$25 -> Water heating | D42: =Legend!$A$43 -> Electricity | F42: 0.051446558 | G42: =SUMIFS($D$17:$L$17,$D$11:$L$11,$D42)*F42 -> 1.5309241
B43: =$B$17 -> Commercial Services (excl. Data centers) | C43: =Legend!$A$25 -> Water heating | D43: =Legend!$A$42 -> Solar | F43: 1 | G43: =SUMIFS($D$17:$L$17,$D$11:$L$11,$D43)*F43 -> 0.0069707985
B44: =$B$17 -> Commercial Services (excl. Data centers) | C44: =Legend!$A$25 -> Water heating | D44: All fuels | G44: =SUM(G36:G43) -> 3.7479369
B45: =$B$17 -> Commercial Services (excl. Data centers) | C45: =Legend!$A$26 -> Space cooling | D45: =Legend!$A$39 -> Natural Gas | F45: 0.00055954038 | G45: =SUMIFS($D$17:$L$17,$D$11:$L$11,$D45)*F45 -> 0.005088548
B46: =$B$17 -> Commercial Services (excl. Data centers) | C46: =Legend!$A$26 -> Space cooling | D46: =Legend!$A$43 -> Electricity | F46: 0.045127826 | G46: =SUMIFS($D$17:$L$17,$D$11:$L$11,$D46)*F46 -> 1.3428941
B47: =$B$17 -> Commercial Services (excl. Data centers) | C47: =Legend!$A$26 -> Space cooling | D47: All fuels | G47: =SUM(G45:G46) -> 1.3479826
B48: =$B$17 -> Commercial Services (excl. Data centers) | C48: =Legend!$A$28 -> Cooking | D48: =Legend!$A$37 -> LPG | F48: 1 | G48: =SUMIFS($D$17:$L$17,$D$11:$L$11,$D48)*F48 -> 1.862077
B49: =$B$17 -> Commercial Services (excl. Data centers) | C49: =Legend!$A$28 -> Cooking | D49: =Legend!$A$39 -> Natural Gas | F49: 0.24844749 | G49: =SUMIFS($D$17:$L$17,$D$11:$L$11,$D49)*F49 -> 2.2594205
B50: =$B$17 -> Commercial Services (excl. Data centers) | C50: =Legend!$A$28 -> Cooking | D50: =Legend!$A$40 -> Biomass | F50: 0 | G50: =SUMIFS($D$17:$L$17,$D$11:$L$11,$D50)*F50 -> 0
B51: =$B$17 -> Commercial Services (excl. Data centers) | C51: =Legend!$A$28 -> Cooking | D51: =Legend!$A$43 -> Electricity | F51: 0.098223015 | G51: =SUMIFS($D$17:$L$17,$D$11:$L$11,$D51)*F51 -> 2.9228774
B52: =$B$17 -> Commercial Services (excl. Data centers) | C52: =Legend!$A$28 -> Cooking | D52: All fuels | G52: =SUM(G48:G51) -> 7.0443749
B53: =$B$17 -> Commercial Services (excl. Data centers) | C53: =Legend!$A$29 -> Building lighting | D53: =Legend!$A$43 -> Electricity | F53: 0.2551655 | G53: =SUMIFS($D$17:$L$17,$D$11:$L$11,$D53)*F53 -> 7.5931031
B54: =$B$17 -> Commercial Services (excl. Data centers) | C54: =Legend!$A$30 -> Refrigeration | D54: =Legend!$A$43 -> Electricity | F54: 0.098924253 | G54: =SUMIFS($D$17:$L$17,$D$11:$L$11,$D54)*F54 -> 2.9437445
B55: =$B$17 -> Commercial Services (excl. Data centers) | C55: =Legend!$A$31 -> Other appliances | D55: =Legend!$A$43 -> Electricity | F55: =1-SUMIFS($F$25:$F$54,$D$25:$D$54,D55) -> 0.33945047 | G55: =SUMIFS($D$17:$L$17,$D$11:$L$11,$D55)*F55 -> 10.101218
B56: =$B$17 -> Commercial Services (excl. Data centers) | C56: Electric appliances | D56: =Legend!$A$43 -> Electricity | G56: =SUM(G53:G55) -> 20.638066
B57: =$B$17 -> Commercial Services (excl. Data centers) | C57: All services | D57: All fuels | G57: =SUM(G35,G44,G47,G52,G56) -> 44.568191
F58: check | G58: =G57-M17 -> 6.8920063e-05
B60: Table 4 | C60: ="Energy Balance breakdown for "&B64 -> Energy Balance breakdown for Public Services (excl. Public lighting)
B61: Sub-sector | C61: Energy service | D61: Fuel | E61: Sub-type | F61: Consumption shares | G61: Consumption
B62: Sources: | F62: JRC-IDEES
F63: % | G63: PJ
B64: =$B$18 -> Public Services (excl. Public lighting) | C64: =Legend!$A$24 -> Space heating | D64: =Legend!$A$36 -> Solids | F64: =F25 -> 1 | G64: =SUMIFS($D$18:$L$18,$D$11:$L$11,$D64)*F64 -> 8.3723408e-05
B65: =$B$18 -> Public Services (excl. Public lighting) | C65: =Legend!$A$24 -> Space heating | D65: =Legend!$A$37 -> LPG | F65: =F26 -> 0 | G65: =SUMIFS($D$18:$L$18,$D$11:$L$11,$D65)*F65 -> 0
B66: =$B$18 -> Public Services (excl. Public lighting) | C66: =Legend!$A$24 -> Space heating | D66: =Legend!$A$38 -> Oil | F66: =F27 -> 0.77148995 | G66: =SUMIFS($D$18:$L$18,$D$11:$L$11,$D66)*F66 -> 3.2426342
B67: =$B$18 -> Public Services (excl. Public lighting) | C67: =Legend!$A$24 -> Space heating | D67: =Legend!$A$39 -> Natural Gas | F67: =F28 -> 0.57925203 | G67: =SUMIFS($D$18:$L$18,$D$11:$L$11,$D67)*F67 -> 3.074371
B68: =$B$18 -> Public Services (excl. Public lighting) | C68: =Legend!$A$24 -> Space heating | D68: =Legend!$A$40 -> Biomass | F68: =F29 -> 1 | G68: =SUMIFS($D$18:$L$18,$D$11:$L$11,$D68)*F68 -> 0.45482902
B69: =$B$18 -> Public Services (excl. Public lighting) | C69: =Legend!$A$24 -> Space heating | D69: =Legend!$A$41 -> Biogas | F69: =F30 -> 1 | G69: =SUMIFS($D$18:$L$18,$D$11:$L$11,$D69)*F69 -> 0.2016913
B70: =$B$18 -> Public Services (excl. Public lighting) | C70: =Legend!$A$24 -> Space heating | D70: =Legend!$A$42 -> Solar | F70: =F31 -> 0 | G70: =SUMIFS($D$18:$L$18,$D$11:$L$11,$D70)*F70 -> 0
B71: =$B$18 -> Public Services (excl. Public lighting) | C71: =Legend!$A$24 -> Space heating | D71: =Legend!$A$43 -> Electricity | E71: HP | F71: =F32 -> 0.02097908 | G71: =SUMIFS($D$18:$L$18,$D$11:$L$11,$D71)*F71 -> 0.17911491
B72: =$B$18 -> Public Services (excl. Public lighting) | C72: =Legend!$A$24 -> Space heating | D72: =Legend!$A$43 -> Electricity | E72: Conventional | F72: =F33 -> 0.090683292 | G72: =SUMIFS($D$18:$L$18,$D$11:$L$11,$D72)*F72 -> 0.77423462
B73: =$B$18 -> Public Services (excl. Public lighting) | C73: =Legend!$A$24 -> Space heating | D73: =Legend!$A$44 -> Ambient Heat | F73: =F34 -> 1 | G73: =SUMIFS($D$18:$L$18,$D$11:$L$11,$D73)*F73 -> 0
B74: =$B$18 -> Public Services (excl. Public lighting) | C74: =Legend!$A$24 -> Space heating | D74: All fuels | G74: =SUM(G64:G73) -> 7.9269588
B75: =$B$18 -> Public Services (excl. Public lighting) | C75: =Legend!$A$25 -> Water heating | D75: =Legend!$A$36 -> Solids | F75: =F36 -> 0 | G75: =SUMIFS($D$18:$L$18,$D$11:$L$11,$D75)*F75 -> 0
B76: =$B$18 -> Public Services (excl. Public lighting) | C76: =Legend!$A$25 -> Water heating | D76: =Legend!$A$37 -> LPG | F76: =F37 -> 0 | G76: =SUMIFS($D$18:$L$18,$D$11:$L$11,$D76)*F76 -> 0
B77: =$B$18 -> Public Services (excl. Public lighting) | C77: =Legend!$A$25 -> Water heating | D77: =Legend!$A$38 -> Oil | F77: =F38 -> 0.22851005 | G77: =SUMIFS($D$18:$L$18,$D$11:$L$11,$D77)*F77 -> 0.9604461
B78: =$B$18 -> Public Services (excl. Public lighting) | C78: =Legend!$A$25 -> Water heating | D78: =Legend!$A$39 -> Natural Gas | F78: =F39 -> 0.17174852 | G78: =SUMIFS($D$18:$L$18,$D$11:$L$11,$D78)*F78 -> 0.91155257
B79: =$B$18 -> Public Services (excl. Public lighting) | C79: =Legend!$A$25 -> Water heating | D79: =Legend!$A$40 -> Biomass | F79: =F40 -> 0 | G79: =SUMIFS($D$18:$L$18,$D$11:$L$11,$D79)*F79 -> 0
B80: =$B$18 -> Public Services (excl. Public lighting) | C80: =Legend!$A$25 -> Water heating | D80: =Legend!$A$41 -> Biogas | F80: =F41 -> 0 | G80: =SUMIFS($D$18:$L$18,$D$11:$L$11,$D80)*F80 -> 0
B81: =$B$18 -> Public Services (excl. Public lighting) | C81: =Legend!$A$25 -> Water heating | D81: =Legend!$A$43 -> Electricity | F81: =F42 -> 0.051446558 | G81: =SUMIFS($D$18:$L$18,$D$11:$L$11,$D81)*F81 -> 0.43923975
B82: =$B$18 -> Public Services (excl. Public lighting) | C82: =Legend!$A$25 -> Water heating | D82: =Legend!$A$42 -> Solar | F82: =F43 -> 1 | G82: =SUMIFS($D$18:$L$18,$D$11:$L$11,$D82)*F82 -> 0
B83: =$B$18 -> Public Services (excl. Public lighting) | C83: =Legend!$A$25 -> Water heating | D83: All fuels | G83: =SUM(G75:G82) -> 2.3112384
B84: =$B$18 -> Public Services (excl. Public lighting) | C84: =Legend!$A$26 -> Space cooling | D84: =Legend!$A$39 -> Natural Gas | F84: =F45 -> 0.00055954038 | G84: =SUMIFS($D$18:$L$18,$D$11:$L$11,$D84)*F84 -> 0.0029697517
B85: =$B$18 -> Public Services (excl. Public lighting) | C85: =Legend!$A$26 -> Space cooling | D85: =Legend!$A$43 -> Electricity | F85: =F46 -> 0.045127826 | G85: =SUMIFS($D$18:$L$18,$D$11:$L$11,$D85)*F85 -> 0.38529176
B86: =$B$18 -> Public Services (excl. Public lighting) | C86: =Legend!$A$26 -> Space cooling | D86: All fuels | G86: =SUM(G84:G85) -> 0.38826151
B87: =$B$18 -> Public Services (excl. Public lighting) | C87: =Legend!$A$28 -> Cooking | D87: =Legend!$A$37 -> LPG | F87: =F48 -> 1 | G87: =SUMIFS($D$18:$L$18,$D$11:$L$11,$D87)*F87 -> 0.92214284
B88: =$B$18 -> Public Services (excl. Public lighting) | C88: =Legend!$A$28 -> Cooking | D88: =Legend!$A$39 -> Natural Gas | F88: =F49 -> 0.24844749 | G88: =SUMIFS($D$18:$L$18,$D$11:$L$11,$D88)*F88 -> 1.3186311
B89: =$B$18 -> Public Services (excl. Public lighting) | C89: =Legend!$A$28 -> Cooking | D89: =Legend!$A$40 -> Biomass | F89: =F50 -> 0 | G89: =SUMIFS($D$18:$L$18,$D$11:$L$11,$D89)*F89 -> 0
B90: =$B$18 -> Public Services (excl. Public lighting) | C90: =Legend!$A$28 -> Cooking | D90: =Legend!$A$43 -> Electricity | F90: =F51 -> 0.098223015 | G90: =SUMIFS($D$18:$L$18,$D$11:$L$11,$D90)*F90 -> 0.83860716
B91: =$B$18 -> Public Services (excl. Public lighting) | C91: =Legend!$A$28 -> Cooking | D91: All fuels | G91: =SUM(G87:G90) -> 3.0793811
B92: =$B$18 -> Public Services (excl. Public lighting) | C92: =Legend!$A$29 -> Building lighting | D92: =Legend!$A$43 -> Electricity | F92: =F53 -> 0.2551655 | G92: =SUMIFS($D$18:$L$18,$D$11:$L$11,$D92)*F92 -> 2.1785487
B93: =$B$18 -> Public Services (excl. Public lighting) | C93: =Legend!$A$30 -> Refrigeration | D93: =Legend!$A$43 -> Electricity | F93: =F54 -> 0.098924253 | G93: =SUMIFS($D$18:$L$18,$D$11:$L$11,$D93)*F93 -> 0.84459418
B94: =$B$18 -> Public Services (excl. Public lighting) | C94: =Legend!$A$31 -> Other appliances | D94: =Legend!$A$43 -> Electricity | F94: =F55 -> 0.33945047 | G94: =SUMIFS($D$18:$L$18,$D$11:$L$11,$D94)*F94 -> 2.8981558
B95: =$B$18 -> Public Services (excl. Public lighting) | C95: Electric appliances | D95: =Legend!$A$43 -> Electricity | G95: =SUM(G92:G94) -> 5.9212986
B96: =$B$18 -> Public Services (excl. Public lighting) | C96: All services | D96: All fuels | G96: =SUM(G74,G83,G86,G91,G95) -> 19.627138
F97: check | G97: =G96-M18 -> 4.0222766e-05

Sheet Key Inputs
A1: Key input assumptions and elaborations
A3: Building stock
B4: Source | C4: Unit | D4: =Legend!$B$5 -> 2018
A5: Total stock | B5: JRC-IDEES | C5: Mm2 | D5: 87.053207
A6: Average size | B6: CSO | C6: m2/dwelling | D6: ='CSO data'!O36 -> 670
A8: Breakdown of floor areas by non-residential sub-sector
A9: Source: BPIE (2011), Europe's building under the microscope
C10: Fraction of m2 | D10: Stock
A11: Source: | C11: BPIE
C12: % | D12: Mm2
A13: Offices (all) | C13: 0.23 | D13: =C13*$D$5 -> 20.022238
B14: Public offices | C14: 0.4 | D14: =D13*C14 -> 8.008895
B15: Private offices | C15: =1-C14 -> 0.6 | D15: =D13*C15 -> 12.013343
A16: Wholesale & trade | C16: 0.28 | D16: =C16*$D$5 -> 24.374898
A17: Hotel & restaurent | C17: 0.11 | D17: =C17*$D$5 -> 9.5758527
A18: Health | C18: 0.07 | D18: =C18*$D$5 -> 6.0937245
A19: Education | C19: 0.17 | D19: =C19*$D$5 -> 14.799045
A20: Other | C20: =1-SUM(C16:C19,C13) -> 0.14 | D20: =C20*$D$5 -> 12.187449
A21: Public Services | C21: =D21/SUM($D$21:$D$22) -> 0.332 | D21: =(D14+D18+D19) -> 28.901665
A22: Commercial Services | C22: =D22/SUM($D$21:$D$22) -> 0.668 | D22: =(D15+D16+D17+D20) -> 58.151542
A24: Allocation by system type
A25: 1) Thermal energy services
A26: Sub-sector | B26: Energy service | C26: Fuel | D26: Short name | E26: Long name | F26: Final energy consumption | G26: Efficiency | H26: Technical Life | I26: Number of functioning hours | J26: Useful energy | K26: Stock | L26: Ambient heat consumption
A27: Sources: | G27: JRC-IDEES | H27: Own assumption | I27: Own assumption
F28: PJ | G28: % | H28: Years | I28: hours | J28: PJ | K28: GW | L28: PJ
A29: =Legend!$A$21 -> Commercial Services | B29: =Legend!$A$24 -> Space heating | C29: =Legend!A36 -> Solids | D29: =Legend!B36 -> COA | E29: =Legend!C36 -> SRVCOA | F29: =EB_SRV!G25 -> 0.023484416 | G29: 0.33 | H29: 20 | I29: 1000 | J29: =IF(F29=0,0,F29*G29) -> 0.0077498573 | K29: =J29/(I29/8760*31.536) -> 0.0021527381
A30: =Legend!$A$21 -> Commercial Services | B30: =Legend!$A$24 -> Space heating | C30: =Legend!A37 -> LPG | D30: =Legend!B37 -> LPG | E30: =Legend!C37 -> SRVLPG | F30: =EB_SRV!G26 -> 0 | G30: 0.33 | H30: 20 | I30: 1000 | J30: =IF(F30=0,0,F30*G30) -> 0 | K30: =J30/(I30/8760*31.536) -> 0
A31: =Legend!$A$21 -> Commercial Services | B31: =Legend!$A$24 -> Space heating | C31: =Legend!A38 -> Oil | D31: =Legend!B38 -> OIL | E31: =Legend!$C$38 -> SRVOIL | F31: =EB_SRV!G27 -> 2.1882137 | G31: 0.65835584 | H31: 20 | I31: 1000 | J31: =IF(F31=0,0,F31*G31) -> 1.4406233 | K31: =J31/(I31/8760*31.536) -> 0.40017313
A32: =Legend!$A$21 -> Commercial Services | B32: =Legend!$A$24 -> Space heating | C32: =Legend!A39 -> Natural Gas | D32: =Legend!B39 -> GAS | E32: =Legend!$C$39&", "&Legend!$C$41 -> SRVGAS, SRVBGS | F32: =EB_SRV!G28+EB_SRV!G30 -> 5.3014888 | G32: 0.77299617 | H32: 20 | I32: 1000 | J32: =IF(F32=0,0,F32*G32) -> 4.0980305 | K32: =J32/(I32/8760*31.536) -> 1.1383418
A33: =Legend!$A$21 -> Commercial Services | B33: =Legend!$A$24 -> Space heating | C33: =Legend!A40 -> Biomass | D33: =Legend!B40 -> BIO | E33: =Legend!C40 -> SRVBIO | F33: =EB_SRV!G29 -> 0.29850706 | G33: 0.63490443 | H33: 20 | I33: 1000 | J33: =IF(F33=0,0,F33*G33) -> 0.18952346 | K33: =J33/(I33/8760*31.536) -> 0.052645404
A34: =Legend!$A$21 -> Commercial Services | B34: =Legend!$A$24 -> Space heating | C34: =Legend!A42 -> Solar | D34: =Legend!B42 -> SOL | E34: =Legend!C42 -> SRVSOL | F34: =EB_SRV!G31 -> 0 | G34: =IF(F34=0,0.33,G44) -> 0.33 | H34: 15 | I34: 1000 | J34: =IF(F34=0,0,F34*G34) -> 0 | K34: =J34/(I34/8760*31.536) -> 0
A35: =Legend!$A$21 -> Commercial Services | B35: =Legend!$A$24 -> Space heating | C35: Electricity (heat pumps) | D35: =Legend!B43&"-HP" -> ELC-HP | E35: =Legend!C43&","&Legend!C44 -> SRVELC,SRVAHT | F35: =EB_SRV!G32 -> 0.62428626 | G35: 2.1 | H35: 10 | I35: 1000 | J35: =IF(F35=0,0,F35*G35) -> 1.3110012 | K35: =J35/(I35/8760*31.536) -> 0.36416699 | L35: =EB_SRV!G34 -> 0.65533684
A36: =Legend!$A$21 -> Commercial Services | B36: =Legend!$A$24 -> Space heating | C36: Electricity (heaters) | D36: =Legend!B43 -> ELC | E36: =Legend!C43 -> SRVELC | F36: =EB_SRV!G33 -> 2.6985137 | G36: 0.81595511 | H36: 10 | I36: 1000 | J36: =IF(F36=0,0,F36*G36) -> 2.201866 | K36: =J36/(I36/8760*31.536) -> 0.61162945
A37: =Legend!$A$21 -> Commercial Services | B37: =Legend!$A$24 -> Space heating | C37: All fuels | F37: =SUM(F29:F36) -> 11.134494 | J37: =SUM(J29:J36) -> 9.2487943 | K37: =SUM(K29:K36) -> 2.5691095
A38: =Legend!$A$21 -> Commercial Services | B38: =Legend!$A$25 -> Water heating | C38: =Legend!A36 -> Solids | D38: =Legend!B36 -> COA | E38: =Legend!C36 -> SRVCOA | F38: =EB_SRV!G36 -> 0 | G38: 0.33 | H38: 20 | I38: 200 | J38: =IF(F38=0,0,F38*G38) -> 0 | K38: =J38/(I38/8760*31.536) -> 0
A39: =Legend!$A$21 -> Commercial Services | B39: =Legend!$A$25 -> Water heating | C39: =Legend!A37 -> LPG | D39: =Legend!B37 -> LPG | E39: =Legend!C37 -> SRVLPG | F39: =EB_SRV!G37 -> 0 | G39: 0.33 | H39: 20 | I39: 200 | J39: =IF(F39=0,0,F39*G39) -> 0 | K39: =J39/(I39/8760*31.536) -> 0
A40: =Legend!$A$21 -> Commercial Services | B40: =Legend!$A$25 -> Water heating | C40: =Legend!A38 -> Oil | D40: =Legend!B38 -> OIL | E40: =Legend!$C$38 -> SRVOIL | F40: =EB_SRV!G38 -> 0.64813396 | G40: 0.59834964 | H40: 20 | I40: 200 | J40: =IF(F40=0,0,F40*G40) -> 0.38781072 | K40: =J40/(I40/8760*31.536) -> 0.538626
A41: =Legend!$A$21 -> Commercial Services | B41: =Legend!$A$25 -> Water heating | C41: =Legend!A39 -> Natural Gas | D41: =Legend!B39 -> GAS | E41: =Legend!$C$39&", "&Legend!$C$41 -> SRVGAS, SRVBGS | F41: =EB_SRV!G39+EB_SRV!G41 -> 1.561908 | G41: 0.63024758 | H41: 20 | I41: 200 | J41: =IF(F41=0,0,F41*G41) -> 0.98438875 | K41: =J41/(I41/8760*31.536) -> 1.3672066
A42: =Legend!$A$21 -> Commercial Services | B42: =Legend!$A$25 -> Water heating | C42: =Legend!A40 -> Biomass | D42: =Legend!B40 -> BIO | E42: =Legend!C40 -> SRVBIO | F42: =EB_SRV!G40 -> 0 | G42: 0.33 | H42: 20 | I42: 200 | J42: =IF(F42=0,0,F42*G42) -> 0 | K42: =J42/(I42/8760*31.536) -> 0
A43: =Legend!$A$21 -> Commercial Services | B43: =Legend!$A$25 -> Water heating | C43: =Legend!A43 -> Electricity | D43: =Legend!B43 -> ELC | E43: =Legend!C43 -> SRVELC | F43: =EB_SRV!G42 -> 1.5309241 | G43: 0.77915339 | H43: 10 | I43: 200 | J43: =IF(F43=0,0,F43*G43) -> 1.1928247 | K43: =J43/(I43/8760*31.536) -> 1.656701
A44: =Legend!$A$21 -> Commercial Services | B44: =Legend!$A$25 -> Water heating | C44: =Legend!A42 -> Solar | D44: =Legend!B42 -> SOL | E44: =Legend!C42 -> SRVSOL | F44: =EB_SRV!G43 -> 0.0069707985 | G44: 1 | H44: 15 | I44: 200 | J44: =IF(F44=0,0,F44*G44) -> 0.0069707985 | K44: =J44/(I44/8760*31.536) -> 0.0096816646
A45: =Legend!$A$21 -> Commercial Services | B45: =Legend!$A$25 -> Water heating | C45: All fuels | F45: =SUM(F38:F44) -> 3.7479369 | J45: =SUM(J38:J44) -> 2.571995 | K45: =SUM(K38:K44) -> 3.5722153
A46: =Legend!$A$21 -> Commercial Services | B46: =Legend!$A$26 -> Space cooling | C46: =Legend!A39 -> Natural Gas | D46: =Legend!B39 -> GAS | E46: =Legend!$C$39 -> SRVGAS | F46: =EB_SRV!G45 -> 0.005088548 | G46: 2.7679849 | H46: 15 | I46: 300 | J46: =IF(F46=0,0,F46*G46) -> 0.014085024 | K46: =J46/(I46/8760*31.536) -> 0.013041689
A47: =Legend!$A$21 -> Commercial Services | B47: =Legend!$A$26 -> Space cooling | C47: =Legend!A43 -> Electricity | D47: =Legend!B43 -> ELC | E47: =Legend!C43 -> SRVELC | F47: =EB_SRV!G46 -> 1.3428941 | G47: 2.7466472 | H47: 15 | I47: 300 | J47: =IF(F47=0,0,F47*G47) -> 3.6884562 | K47: =J47/(I47/8760*31.536) -> 3.4152372
A48: =Legend!$A$21 -> Commercial Services | B48: =Legend!$A$26 -> Space cooling | C48: All fuels | F48: =SUM(F46:F47) -> 1.3479826 | J48: =SUM(J46:J47) -> 3.7025412 | K48: =SUM(K46:K47) -> 3.4282789
A49: =Legend!$A$22 -> Public Services | B49: =Legend!$A$24 -> Space heating | C49: =C29 -> Solids | D49: =Legend!B36 -> COA | E49: =Legend!C36 -> SRVCOA | F49: =EB_SRV!G64 -> 8.3723408e-05 | G49: =G29 -> 0.33 | H49: =H29 -> 20 | I49: =I29 -> 1000 | J49: =IF(F49=0,0,F49*G49) -> 2.7628725e-05 | K49: =J49/(I49/8760*31.536) -> 7.6746457e-06
A50: =Legend!$A$22 -> Public Services | B50: =Legend!$A$24 -> Space heating | C50: =C30 -> LPG | D50: =D30 -> LPG | E50: =E30 -> SRVLPG | F50: =EB_SRV!G65 -> 0 | G50: =G30 -> 0.33 | H50: =H30 -> 20 | I50: =I30 -> 1000 | J50: =IF(F50=0,0,F50*G50) -> 0 | K50: =J50/(I50/8760*31.536) -> 0
A51: =Legend!$A$22 -> Public Services | B51: =Legend!$A$24 -> Space heating | C51: =C31 -> Oil | D51: =D31 -> OIL | E51: =E31 -> SRVOIL | F51: =EB_SRV!G66 -> 3.2426342 | G51: =G31 -> 0.65835584 | H51: =H31 -> 20 | I51: =I31 -> 1000 | J51: =IF(F51=0,0,F51*G51) -> 2.1348072 | K51: =J51/(I51/8760*31.536) -> 0.59300199
A52: =Legend!$A$22 -> Public Services | B52: =Legend!$A$24 -> Space heating | C52: =C32 -> Natural Gas | D52: =D32 -> GAS | E52: =E32 -> SRVGAS, SRVBGS | F52: =EB_SRV!G67+EB_SRV!G69 -> 3.2760623 | G52: =G32 -> 0.77299617 | H52: =H32 -> 20 | I52: =I32 -> 1000 | J52: =IF(F52=0,0,F52*G52) -> 2.5323836 | K52: =J52/(I52/8760*31.536) -> 0.7034399
A53: =Legend!$A$22 -> Public Services | B53: =Legend!$A$24 -> Space heating | C53: =C33 -> Biomass | D53: =D33 -> BIO | E53: =E33 -> SRVBIO | F53: =EB_SRV!G68 -> 0.45482902 | G53: =G33 -> 0.63490443 | H53: =H33 -> 20 | I53: =I33 -> 1000 | J53: =IF(F53=0,0,F53*G53) -> 0.28877296 | K53: =J53/(I53/8760*31.536) -> 0.080214712
A54: =Legend!$A$22 -> Public Services | B54: =Legend!$A$24 -> Space heating | C54: =C34 -> Solar | D54: =D34 -> SOL | E54: =E34 -> SRVSOL | F54: =EB_SRV!G70 -> 0 | G54: =G34 -> 0.33 | H54: =H34 -> 15 | I54: =I34 -> 1000 | J54: =IF(F54=0,0,F54*G54) -> 0 | K54: =J54/(I54/8760*31.536) -> 0
A55: =Legend!$A$22 -> Public Services | B55: =Legend!$A$24 -> Space heating | C55: =C35 -> Electricity (heat pumps) | D55: =D35 -> ELC-HP | E55: =E35 -> SRVELC,SRVAHT | F55: =EB_SRV!G71 -> 0.17911491 | G55: =G35 -> 2.1 | H55: =H35 -> 10 | I55: =I35 -> 1000 | J55: =IF(F55=0,0,F55*G55) -> 0.37614131 | K55: =J55/(I55/8760*31.536) -> 0.1044837 | L55: =EB_SRV!G73 -> 0
A56: =Legend!$A$22 -> Public Services | B56: =Legend!$A$24 -> Space heating | C56: =C36 -> Electricity (heaters) | D56: =D36 -> ELC | E56: =E36 -> SRVELC | F56: =EB_SRV!G72 -> 0.77423462 | G56: =G36 -> 0.81595511 | H56: =H36 -> 10 | I56: =I36 -> 1000 | J56: =IF(F56=0,0,F56*G56) -> 0.63174069 | K56: =J56/(I56/8760*31.536) -> 0.17548353
A57: =Legend!$A$22 -> Public Services | B57: =Legend!$A$24 -> Space heating | C57: All fuels | F57: =SUM(F49:F56) -> 7.9269588 | J57: =SUM(J49:J56) -> 5.9638734 | K57: =SUM(K49:K56) -> 1.6566315
A58: =Legend!$A$22 -> Public Services | B58: =Legend!$A$25 -> Water heating | C58: =C38 -> Solids | D58: =D38 -> COA | E58: =E38 -> SRVCOA | F58: =EB_SRV!G75 -> 0 | G58: =G38 -> 0.33 | H58: =H38 -> 20 | I58: =I38 -> 200 | J58: =IF(F58=0,0,F58*G58) -> 0 | K58: =J58/(I58/8760*31.536) -> 0
A59: =Legend!$A$22 -> Public Services | B59: =Legend!$A$25 -> Water heating | C59: =C39 -> LPG | D59: =D39 -> LPG | E59: =E39 -> SRVLPG | F59: =EB_SRV!G76 -> 0 | G59: =G39 -> 0.33 | H59: =H39 -> 20 | I59: =I39 -> 200 | J59: =IF(F59=0,0,F59*G59) -> 0 | K59: =J59/(I59/8760*31.536) -> 0
A60: =Legend!$A$22 -> Public Services | B60: =Legend!$A$25 -> Water heating | C60: =C40 -> Oil | D60: =D40 -> OIL | E60: =E40 -> SRVOIL | F60: =EB_SRV!G77 -> 0.9604461 | G60: =G40 -> 0.59834964 | H60: =H40 -> 20 | I60: =I40 -> 200 | J60: =IF(F60=0,0,F60*G60) -> 0.57468257 | K60: =J60/(I60/8760*31.536) -> 0.79817024
A61: =Legend!$A$22 -> Public Services | B61: =Legend!$A$25 -> Water heating | C61: =C41 -> Natural Gas | D61: =D41 -> GAS | E61: =E41 -> SRVGAS, SRVBGS | F61: =EB_SRV!G78+EB_SRV!G80 -> 0.91155257 | G61: =G41 -> 0.63024758 | H61: =H41 -> 20 | I61: =I41 -> 200 | J61: =IF(F61=0,0,F61*G61) -> 0.5745038 | K61: =J61/(I61/8760*31.536) -> 0.79792195
A62: =Legend!$A$22 -> Public Services | B62: =Legend!$A$25 -> Water heating | C62: =C42 -> Biomass | D62: =D42 -> BIO | E62: =E42 -> SRVBIO | F62: =EB_SRV!G79 -> 0 | G62: =G42 -> 0.33 | H62: =H42 -> 20 | I62: =I42 -> 200 | J62: =IF(F62=0,0,F62*G62) -> 0 | K62: =J62/(I62/8760*31.536) -> 0
A63: =Legend!$A$22 -> Public Services | B63: =Legend!$A$25 -> Water heating | C63: =C43 -> Electricity | D63: =D43 -> ELC | E63: =E43 -> SRVELC | F63: =EB_SRV!G81 -> 0.43923975 | G63: =G43 -> 0.77915339 | H63: =H43 -> 10 | I63: =I43 -> 200 | J63: =IF(F63=0,0,F63*G63) -> 0.34223514 | K63: =J63/(I63/8760*31.536) -> 0.47532658
A64: =Legend!$A$22 -> Public Services | B64: =Legend!$A$25 -> Water heating | C64: =C44 -> Solar | D64: =D44 -> SOL | E64: =E44 -> SRVSOL | F64: =EB_SRV!G82 -> 0 | G64: =G44 -> 1 | H64: =H44 -> 15 | I64: =I44 -> 200 | J64: =IF(F64=0,0,F64*G64) -> 0 | K64: =J64/(I64/8760*31.536) -> 0
A65: =Legend!$A$22 -> Public Services | B65: =Legend!$A$25 -> Water heating | C65: All fuels | F65: =SUM(F58:F64) -> 2.3112384 | J65: =SUM(J58:J64) -> 1.4914215 | K65: =SUM(K58:K64) -> 2.0714188
A66: =Legend!$A$22 -> Public Services | B66: =Legend!$A$26 -> Space cooling | C66: =Legend!A39 -> Natural Gas | D66: =Legend!B39 -> GAS | E66: =Legend!$C$39 -> SRVGAS | F66: =EB_SRV!G84 -> 0.0029697517 | G66: =G46 -> 2.7679849 | H66: =H46 -> 15 | I66: =I46 -> 300 | J66: =IF(F66=0,0,F66*G66) -> 0.0082202279 | K66: =J66/(I66/8760*31.536) -> 0.0076113222
A67: =Legend!$A$22 -> Public Services | B67: =Legend!$A$26 -> Space cooling | C67: =Legend!A43 -> Electricity | D67: =Legend!B43 -> ELC | E67: =Legend!C43 -> SRVELC | F67: =EB_SRV!G85 -> 0.38529176 | G67: =G47 -> 2.7466472 | H67: =H47 -> 15 | I67: =I47 -> 300 | J67: =IF(F67=0,0,F67*G67) -> 1.0582605 | K67: =J67/(I67/8760*31.536) -> 0.97987085
A68: =Legend!$A$22 -> Public Services | B68: =Legend!$A$26 -> Space cooling | C68: All fuels | F68: =SUM(F66:F67) -> 0.38826151 | J68: =SUM(J66:J67) -> 1.0664807 | K68: =SUM(K66:K67) -> 0.98748217
E69: Total | F69: =SUM(F37,F45,F48,F57,F65,F68) -> 26.856872 | J69: =SUM(J37,J45,J48,J57,J65,J68) -> 24.045106 | K69: =SUM(K37,K45,K48,K57,K65,K68) -> 14.285136
A71: 2) Cooking
A72: Sub-sector | B72: Energy service | C72: Fuel | D72: Short name | E72: Long name | F72: Final energy consumption | G72: Efficiency | H72: Technical Life | I72: Number of functioning hours | J72: Unit size | K72: Useful energy | L72: Stock
A73: Sources: | G73: JRC-IDEES | H73: Own assumption | I73: Own assumption | J73: Own assumption
F74: PJ | G74: % | H74: Years | I74: hours | J74: kW/unit | K74: PJ | L74: kunits
A75: =Legend!$A$21 -> Commercial Services | B75: =Legend!$A$28 -> Cooking | C75: =Legend!$A$37 -> LPG | D75: =Legend!$B$37 -> LPG | E75: =Legend!$C$37 -> SRVLPG | F75: =EB_SRV!G48 -> 1.862077 | G75: 0.48571821 | H75: 15 | I75: 800 | J75: 15 | K75: =IF(F75=0,0,F75*G75) -> 0.90444473 | L75: =K75/(I75/8760*31.536)/(J75/1000) -> 20.936221
A76: =Legend!$A$21 -> Commercial Services | B76: =Legend!$A$28 -> Cooking | C76: =Legend!$A$39 -> Natural Gas | D76: =Legend!$B$39 -> GAS | E76: =Legend!$C$39 -> SRVGAS | F76: =EB_SRV!G49 -> 2.2594205 | G76: 0.52998828 | H76: 15 | I76: 800 | J76: 15 | K76: =IF(F76=0,0,F76*G76) -> 1.1974664 | L76: =K76/(I76/8760*31.536)/(J76/1000) -> 27.719129
A77: =Legend!$A$21 -> Commercial Services | B77: =Legend!$A$28 -> Cooking | C77: =Legend!$A$40 -> Biomass | D77: =Legend!$B$40 -> BIO | E77: =Legend!$C$40 -> SRVBIO | F77: =EB_SRV!G50 -> 0 | G77: 0.33 | H77: 15 | I77: 800 | J77: 15 | K77: =IF(F77=0,0,F77*G77) -> 0 | L77: =K77/(I77/8760*31.536)/(J77/1000) -> 0
A78: =Legend!$A$21 -> Commercial Services | B78: =Legend!$A$28 -> Cooking | C78: =Legend!$A$43 -> Electricity | D78: =Legend!$B$43 -> ELC | E78: =Legend!$C$43 -> SRVELC | F78: =EB_SRV!G51 -> 2.9228774 | G78: 0.67758189 | H78: 15 | I78: 800 | J78: 15 | K78: =IF(F78=0,0,F78*G78) -> 1.9804888 | L78: =K78/(I78/8760*31.536)/(J78/1000) -> 45.844649
A79: =Legend!$A$21 -> Commercial Services | B79: =Legend!$A$28 -> Cooking | C79: All fuels | F79: =SUM(F75:F78) -> 7.0443749 | K79: =SUM(K75:K78) -> 4.0823999 | L79: =SUM(L75:L78) -> 94.499998
A80: =Legend!$A$22 -> Public Services | B80: =Legend!$A$28 -> Cooking | C80: =Legend!$A$37 -> LPG | D80: =Legend!$B$37 -> LPG | E80: =Legend!$C$37 -> SRVLPG | F80: =EB_SRV!G87 -> 0.92214284 | G80: =G75 -> 0.48571821 | H80: =H75 -> 15 | I80: =I75 -> 800 | J80: =J75 -> 15 | K80: =IF(F80=0,0,F80*G80) -> 0.44790157 | L80: =K80/(I80/8760*31.536)/(J80/1000) -> 10.368092
A81: =Legend!$A$22 -> Public Services | B81: =Legend!$A$28 -> Cooking | C81: =Legend!$A$39 -> Natural Gas | D81: =Legend!$B$39 -> GAS | E81: =Legend!$C$39 -> SRVGAS | F81: =EB_SRV!G88 -> 1.3186311 | G81: =G76 -> 0.52998828 | H81: =H76 -> 15 | I81: =I76 -> 800 | J81: =J76 -> 15 | K81: =IF(F81=0,0,F81*G81) -> 0.69885904 | L81: =K81/(I81/8760*31.536)/(J81/1000) -> 16.177293
A82: =Legend!$A$22 -> Public Services | B82: =Legend!$A$28 -> Cooking | C82: =Legend!$A$40 -> Biomass | D82: =Legend!$B$40 -> BIO | E82: =Legend!$C$40 -> SRVBIO | F82: =EB_SRV!G89 -> 0 | G82: =G77 -> 0.33 | H82: =H77 -> 15 | I82: =I77 -> 800 | J82: =J77 -> 15 | K82: =IF(F82=0,0,F82*G82) -> 0 | L82: =K82/(I82/8760*31.536)/(J82/1000) -> 0
A83: =Legend!$A$22 -> Public Services | B83: =Legend!$A$28 -> Cooking | C83: =Legend!$A$43 -> Electricity | D83: =Legend!$B$43 -> ELC | E83: =Legend!$C$43 -> SRVELC | F83: =EB_SRV!G90 -> 0.83860716 | G83: =G78 -> 0.67758189 | H83: =H78 -> 15 | I83: =I78 -> 800 | J83: =J78 -> 15 | K83: =IF(F83=0,0,F83*G83) -> 0.56822503 | L83: =K83/(I83/8760*31.536)/(J83/1000) -> 13.153357
A84: =Legend!$A$22 -> Public Services | B84: =Legend!$A$28 -> Cooking | C84: All fuels | F84: =SUM(F80:F83) -> 3.0793811 | K84: =SUM(K80:K83) -> 1.7149856 | L84: =SUM(L80:L83) -> 39.698742
E85: Total | F85: =F79+F84 -> 10.123756 | K85: =K79+K84 -> 5.7973856 | L85: =L79+L84 -> 134.19874
A87: 3) Electric appliances
A88: Sub-sector | B88: Energy service | C88: Fuel | D88: Short name | E88: Long name | F88: Final energy consumption | G88: Efficiency | H88: Technical Life | I88: Useful energy | J88: Stock
A89: Sources: | H89: Own assumption | J89: JRC-IDEES
F90: PJ | G90: output unit/PJ | H90: Years | I90: (see notes) | J90: (see notes)
A91: =Legend!$A$21 -> Commercial Services | B91: =Legend!$A$29 -> Building lighting | C91: =Legend!$A$43 -> Electricity | D91: =Legend!$B$43 -> ELC | E91: =Legend!$C$43 -> SRVELC | F91: =EB_SRV!G53 -> 7.5931031 | G91: =I91/F91 -> 2.4973572 | H91: 10 | I91: =J91 -> 18.962691 | J91: 18.962691
A92: =Legend!$A$21 -> Commercial Services | B92: =Legend!$A$30 -> Refrigeration | C92: =Legend!$A$43 -> Electricity | D92: =Legend!$B$43 -> ELC | E92: =Legend!$C$43 -> SRVELC | F92: =EB_SRV!G54 -> 2.9437445 | G92: =I92/F92 -> 33.491554 | H92: 10 | I92: =J92 -> 98.590578 | J92: 98.590578
A93: =Legend!$A$21 -> Commercial Services | B93: =Legend!$A$31 -> Other appliances | C93: =Legend!$A$43 -> Electricity | D93: =Legend!$B$43 -> ELC | E93: =Legend!$C$43 -> SRVELC | F93: =EB_SRV!G55 -> 10.101218 | G93: =I93/F93 -> 1 | H93: 10 | I93: =F93 -> 10.101218 | J93: =I93/31.536 -> 0.32030753
A94: =Legend!$A$22 -> Public Services | B94: =Legend!$A$29 -> Building lighting | C94: =Legend!$A$43 -> Electricity | D94: =Legend!$B$43 -> ELC | E94: =Legend!$C$43 -> SRVELC | F94: =EB_SRV!G92 -> 2.1785487 | G94: =I94/F94 -> 4.3260777 | H94: =H91 -> 10 | I94: =J94 -> 9.4245708 | J94: 9.4245708
A95: =Legend!$A$22 -> Public Services | B95: =Legend!$A$30 -> Refrigeration | C95: =Legend!$A$43 -> Electricity | D95: =Legend!$B$43 -> ELC | E95: =Legend!$C$43 -> SRVELC | F95: =EB_SRV!G93 -> 0.84459418 | G95: =I95/F95 -> 58.016156 | H95: =H92 -> 10 | I95: =J95 -> 49.000108 | J95: 49.000108
A96: =Legend!$A$22 -> Public Services | B96: =Legend!$A$31 -> Other appliances | C96: =Legend!$A$43 -> Electricity | D96: =Legend!$B$43 -> ELC | E96: =Legend!$C$43 -> SRVELC | F96: =EB_SRV!G94 -> 2.8981558 | G96: =I96/F96 -> 1 | H96: =H93 -> 10 | I96: =F96 -> 2.8981558 | J96: =I96/31.536 -> 0.091899917
E97: Total | F97: =SUM(F91:F96) -> 26.559365 | I97: =SUM(I91:I96) -> 188.97732 | J97: =SUM(J91:J96) -> 176.39016
A99: 4) Public street lighting
A100: Sub-sector | B100: Energy service | C100: Type | D100: Short name | E100: Long name | F100: Final energy consumption | G100: Stock | H100: Fraction of units | I100: Specific capacity | J100: Number of functioning hours | K100: Technical Life | L100: Specific consumption | M100: Calculated Stock | N100: Calculated consumption
A101: Sources: | F101: SEAI | G101: Energia | H101: Own assumption | I101: Own assumption | J101: Own assumption | K101: Own assumption
F102: PJ | G102: Mlamps | H102: % | I102: W/lamp | J102: hours | K102: Years | L102: PJ/Mlamp | M102: Mlamps | N102: PJ
A103: Public Services | B103: =Legend!$A$33 -> Public lighting | C103: Sodium vapor lamp | D103: =Legend!$B$43 -> ELC | E103: =Legend!$C$43 -> SRVELC | F103: ='Public SEAI'!C29*Legend!$B$66 -> 1.4472 | G103: =480000/10^6 -> 0.48 | H103: 0.04 | I103: 130 | J103: =12*365 -> 4380 | K103: 20 | L103: =J103*I103*(3.6*10^-6) -> 2.04984 | M103: =$G$103*$H103 -> 0.0192 | N103: =M103*J103*I103*(3.6*10^-6) -> 0.039356928
A104: Public Services | B104: =Legend!$A$33 -> Public lighting | C104: Mercury lamps | D104: =Legend!$B$43 -> ELC | E104: =Legend!$C$43 -> SRVELC | H104: 0.15 | I104: 170 | J104: =12*365 -> 4380 | K104: 20 | L104: =J104*I104*(3.6*10^-6) -> 2.68056 | M104: =$G$103*$H104 -> 0.072 | N104: =M104*J104*I104*(3.6*10^-6) -> 0.19300032
A105: Public Services | B105: =Legend!$A$33 -> Public lighting | C105: Others | D105: =Legend!$B$43 -> ELC | E105: =Legend!$C$43 -> SRVELC | H105: 0.8 | I105: 200 | J105: =12*365 -> 4380 | K105: 20 | L105: =J105*I105*(3.6*10^-6) -> 3.1536 | M105: =$G$103*$H105 -> 0.384 | N105: =M105*J105*I105*(3.6*10^-6) -> 1.2109824
A106: Public Services | B106: =Legend!$A$33 -> Public lighting | C106: LED | D106: =Legend!$B$43 -> ELC | E106: =Legend!$C$43 -> SRVELC | H106: 0.01 | I106: 50 | J106: =12*365 -> 4380 | K106: 20 | L106: =J106*I106*(3.6*10^-6) -> 0.7884 | M106: =$G$103*$H106 -> 0.0048 | N106: =M106*J106*I106*(3.6*10^-6) -> 0.00378432
...

Sheet Commodities
B1: Commodities definition
B2: ~FI_Comm
B3: Csets | C3: Region | D3: CommName | E3: CommDesc | F3: Unit | G3: LimType | H3: CTSLvl | I3: PeakTS | J3: Ctype
B4: *Commodity set | C4: Regions | D4: Commodity name | E4: Description
B5: DEM | C5: =_xlfn.TEXTJOIN(",",TRUE,IF(LEFT(Regions!$C$3,1)<>"*",Regions!$C$3,""),IF(LEFT(Regions!$D$3,1)<>"*",Regions!$D$3,"")) -> IE,National | D5: =CONCATENATE(Legend!$C$4,"-",Legend!C21) -> SRV-CS | E5: =CONCATENATE(Legend!$B$4," - ",Legend!A21) -> Services - Commercial Services | F5: Mm2
B6: DEM | C6: =_xlfn.TEXTJOIN(",",TRUE,IF(LEFT(Regions!$C$3,1)<>"*",Regions!$C$3,""),IF(LEFT(Regions!$D$3,1)<>"*",Regions!$D$3,"")) -> IE,National | D6: =CONCATENATE(Legend!$C$4,"-",Legend!C22) -> SRV-PU | E6: =CONCATENATE(Legend!$B$4," - ",Legend!A22) -> Services - Public Services | F6: Mm2
B7: NRG | C7: =_xlfn.TEXTJOIN(",",TRUE,IF(LEFT(Regions!$C$3,1)<>"*",Regions!$C$3,""),IF(LEFT(Regions!$D$3,1)<>"*",Regions!$D$3,"")) -> IE,National | D7: =CONCATENATE(Legend!$C$4,Legend!$C24,"-",Legend!$C$21) -> SRVSH-CS | E7: =CONCATENATE(Legend!$C$4,"-",Legend!$A$21,": ",Legend!A24) -> SRV-Commercial Services: Space heating | F7: PJ | H7: ANNUAL
B8: NRG | C8: =_xlfn.TEXTJOIN(",",TRUE,IF(LEFT(Regions!$C$3,1)<>"*",Regions!$C$3,""),IF(LEFT(Regions!$D$3,1)<>"*",Regions!$D$3,"")) -> IE,National | D8: =CONCATENATE(Legend!$C$4,Legend!$C25,"-",Legend!$C$21) -> SRVWH-CS | E8: =CONCATENATE(Legend!$C$4,"-",Legend!$A$21,": ",Legend!A25) -> SRV-Commercial Services: Water heating | F8: PJ | H8: ANNUAL
B9: NRG | C9: =_xlfn.TEXTJOIN(",",TRUE,IF(LEFT(Regions!$C$3,1)<>"*",Regions!$C$3,""),IF(LEFT(Regions!$D$3,1)<>"*",Regions!$D$3,"")) -> IE,National | D9: =CONCATENATE(Legend!$C$4,Legend!$C26,"-",Legend!$C$21) -> SRVSC-CS | E9: =CONCATENATE(Legend!$C$4,"-",Legend!$A$21,": ",Legend!A26) -> SRV-Commercial Services: Space cooling | F9: PJ | H9: ANNUAL
B10: NRG | C10: =_xlfn.TEXTJOIN(",",TRUE,IF(LEFT(Regions!$C$3,1)<>"*",Regions!$C$3,""),IF(LEFT(Regions!$D$3,1)<>"*",Regions!$D$3,"")) -> IE,National | D10: =CONCATENATE(Legend!$C$4,Legend!$C28,"-",Legend!$C$21) -> SRVCK-CS | E10: =CONCATENATE(Legend!$C$4,"-",Legend!$A$21,": ",Legend!A28) -> SRV-Commercial Services: Cooking | F10: PJ | H10: ANNUAL
B11: NRG | C11: =_xlfn.TEXTJOIN(",",TRUE,IF(LEFT(Regions!$C$3,1)<>"*",Regions!$C$3,""),IF(LEFT(Regions!$D$3,1)<>"*",Regions!$D$3,"")) -> IE,National | D11: =CONCATENATE(Legend!$C$4,Legend!$C29,"-",Legend!$C$21) -> SRVLIG-CS | E11: =CONCATENATE(Legend!$C$4,"-",Legend!$A$21,": ",Legend!A29) -> SRV-Commercial Services: Building lighting | F11: Munits | H11: ANNUAL
B12: NRG | C12: =_xlfn.TEXTJOIN(",",TRUE,IF(LEFT(Regions!$C$3,1)<>"*",Regions!$C$3,""),IF(LEFT(Regions!$D$3,1)<>"*",Regions!$D$3,"")) -> IE,National | D12: =CONCATENATE(Legend!$C$4,Legend!$C30,"-",Legend!$C$21) -> SRVREF-CS | E12: =CONCATENATE(Legend!$C$4,"-",Legend!$A$21,": ",Legend!A30) -> SRV-Commercial Services: Refrigeration | F12: kunits | H12: ANNUAL
B13: NRG | C13: =_xlfn.TEXTJOIN(",",TRUE,IF(LEFT(Regions!$C$3,1)<>"*",Regions!$C$3,""),IF(LEFT(Regions!$D$3,1)<>"*",Regions!$D$3,"")) -> IE,National | D13: =CONCATENATE(Legend!$C$4,Legend!$C31,"-",Legend!$C$21) -> SRVOEL-CS | E13: =CONCATENATE(Legend!$C$4,"-",Legend!$A$21,": ",Legend!A31) -> SRV-Commercial Services: Other appliances | F13: PJ | H13: ANNUAL
B14: NRG | C14: =_xlfn.TEXTJOIN(",",TRUE,IF(LEFT(Regions!$C$3,1)<>"*",Regions!$C$3,""),IF(LEFT(Regions!$D$3,1)<>"*",Regions!$D$3,"")) -> IE,National | D14: =CONCATENATE(Legend!$C$4,Legend!$C24,"-",Legend!$C$22) -> SRVSH-PU | E14: =CONCATENATE(Legend!$C$4,"-",Legend!$A$22,": ",Legend!A24) -> SRV-Public Services: Space heating | F14: PJ | H14: ANNUAL
B15: NRG | C15: =_xlfn.TEXTJOIN(",",TRUE,IF(LEFT(Regions!$C$3,1)<>"*",Regions!$C$3,""),IF(LEFT(Regions!$D$3,1)<>"*",Regions!$D$3,"")) -> IE,National | D15: =CONCATENATE(Legend!$C$4,Legend!$C25,"-",Legend!$C$22) -> SRVWH-PU | E15: =CONCATENATE(Legend!$C$4,"-",Legend!$A$22,": ",Legend!A25) -> SRV-Public Services: Water heating | F15: PJ | H15: ANNUAL
B16: NRG | C16: =_xlfn.TEXTJOIN(",",TRUE,IF(LEFT(Regions!$C$3,1)<>"*",Regions!$C$3,""),IF(LEFT(Regions!$D$3,1)<>"*",Regions!$D$3,"")) -> IE,National | D16: =CONCATENATE(Legend!$C$4,Legend!$C26,"-",Legend!$C$22) -> SRVSC-PU | E16: =CONCATENATE(Legend!$C$4,"-",Legend!$A$22,": ",Legend!A26) -> SRV-Public Services: Space cooling | F16: PJ | H16: ANNUAL
B17: NRG | C17: =_xlfn.TEXTJOIN(",",TRUE,IF(LEFT(Regions!$C$3,1)<>"*",Regions!$C$3,""),IF(LEFT(Regions!$D$3,1)<>"*",Regions!$D$3,"")) -> IE,National | D17: =CONCATENATE(Legend!$C$4,Legend!$C28,"-",Legend!$C$22) -> SRVCK-PU | E17: =CONCATENATE(Legend!$C$4,"-",Legend!$A$22,": ",Legend!A28) -> SRV-Public Services: Cooking | F17: PJ | H17: ANNUAL
B18: NRG | C18: =_xlfn.TEXTJOIN(",",TRUE,IF(LEFT(Regions!$C$3,1)<>"*",Regions!$C$3,""),IF(LEFT(Regions!$D$3,1)<>"*",Regions!$D$3,"")) -> IE,National | D18: =CONCATENATE(Legend!$C$4,Legend!$C29,"-",Legend!$C$22) -> SRVLIG-PU | E18: =CONCATENATE(Legend!$C$4,"-",Legend!$A$22,": ",Legend!A29) -> SRV-Public Services: Building lighting | F18: Munits | H18: ANNUAL
B19: NRG | C19: =_xlfn.TEXTJOIN(",",TRUE,IF(LEFT(Regions!$C$3,1)<>"*",Regions!$C$3,""),IF(LEFT(Regions!$D$3,1)<>"*",Regions!$D$3,"")) -> IE,National | D19: =CONCATENATE(Legend!$C$4,Legend!$C30,"-",Legend!$C$22) -> SRVREF-PU | E19: =CONCATENATE(Legend!$C$4,"-",Legend!$A$22,": ",Legend!A30) -> SRV-Public Services: Refrigeration | F19: kunits | H19: ANNUAL
B20: NRG | C20: =_xlfn.TEXTJOIN(",",TRUE,IF(LEFT(Regions!$C$3,1)<>"*",Regions!$C$3,""),IF(LEFT(Regions!$D$3,1)<>"*",Regions!$D$3,"")) -> IE,National | D20: =CONCATENATE(Legend!$C$4,Legend!$C31,"-",Legend!$C$22) -> SRVOEL-PU | E20: =CONCATENATE(Legend!$C$4,"-",Legend!$A$22,": ",Legend!A31) -> SRV-Public Services: Other appliances | F20: PJ | H20: ANNUAL
B21: DEM | C21: =_xlfn.TEXTJOIN(",",TRUE,IF(LEFT(Regions!$C$3,1)<>"*",Regions!$C$3,""),IF(LEFT(Regions!$D$3,1)<>"*",Regions!$D$3,"")) -> IE,National | D21: =CONCATENATE(Legend!$C$4,Legend!$C32,"-",Legend!$C$21) -> SRVDCE-CS | E21: =CONCATENATE(Legend!$C$4,"-",Legend!$A$21,": ",Legend!A32) -> SRV-Commercial Services: Data centers | F21: PJ | H21: ANNUAL
B22: DEM | C22: =_xlfn.TEXTJOIN(",",TRUE,IF(LEFT(Regions!$C$3,1)<>"*",Regions!$C$3,""),IF(LEFT(Regions!$D$3,1)<>"*",Regions!$D$3,"")) -> IE,National | D22: =CONCATENATE(Legend!$C$4,Legend!$C33,"-",Legend!$C$22) -> SRVPLIG-PU | E22: =CONCATENATE(Legend!$C$4,"-",Legend!$A$22,": ",Legend!A33) -> SRV-Public Services: Public lighting | F22: =PLIG_Techs!P7 -> Mlamps | H22: ANNUAL
B23: NRG | C23: =_xlfn.TEXTJOIN(",",TRUE,IF(LEFT(Regions!$C$3,1)<>"*",Regions!$C$3,""),IF(LEFT(Regions!$D$3,1)<>"*",Regions!$D$3,"")) -> IE,National | D23: =Legend!C36 -> SRVCOA | E23: =Legend!A36&" (SRV)" -> Solids (SRV) | F23: PJ | G23: FX
B24: NRG | C24: =_xlfn.TEXTJOIN(",",TRUE,IF(LEFT(Regions!$C$3,1)<>"*",Regions!$C$3,""),IF(LEFT(Regions!$D$3,1)<>"*",Regions!$D$3,"")) -> IE,National | D24: =Legend!C37 -> SRVLPG | E24: =Legend!A37&" (SRV)" -> LPG (SRV) | F24: PJ | G24: FX
B25: NRG | C25: =_xlfn.TEXTJOIN(",",TRUE,IF(LEFT(Regions!$C$3,1)<>"*",Regions!$C$3,""),IF(LEFT(Regions!$D$3,1)<>"*",Regions!$D$3,"")) -> IE,National | D25: =Legend!C38 -> SRVOIL | E25: =Legend!A38&" (SRV)" -> Oil (SRV) | F25: PJ | G25: FX
B26: NRG | C26: =_xlfn.TEXTJOIN(",",TRUE,IF(LEFT(Regions!$C$3,1)<>"*",Regions!$C$3,""),IF(LEFT(Regions!$D$3,1)<>"*",Regions!$D$3,"")) -> IE,National | D26: =Legend!C39 -> SRVGAS | E26: =Legend!A39&" (SRV)" -> Natural Gas (SRV) | F26: PJ | G26: FX
B27: NRG | C27: =_xlfn.TEXTJOIN(",",TRUE,IF(LEFT(Regions!$C$3,1)<>"*",Regions!$C$3,""),IF(LEFT(Regions!$D$3,1)<>"*",Regions!$D$3,"")) -> IE,National | D27: =Legend!C40 -> SRVBIO | E27: =Legend!A40&" (SRV)" -> Biomass (SRV) | F27: PJ | G27: FX
B28: NRG | C28: =_xlfn.TEXTJOIN(",",TRUE,IF(LEFT(Regions!$C$3,1)<>"*",Regions!$C$3,""),IF(LEFT(Regions!$D$3,1)<>"*",Regions!$D$3,"")) -> IE,National | D28: =Legend!C41 -> SRVBGS | E28: =Legend!A41&" (SRV)" -> Biogas (SRV) | F28: PJ | G28: FX
B29: NRG | C29: =_xlfn.TEXTJOIN(",",TRUE,IF(LEFT(Regions!$C$3,1)<>"*",Regions!$C$3,""),IF(LEFT(Regions!$D$3,1)<>"*",Regions!$D$3,"")) -> IE,National | D29: =Legend!C42 -> SRVSOL | E29: =Legend!A42&" (SRV)" -> Solar (SRV) | F29: PJ | G29: FX
B30: NRG | C30: =_xlfn.TEXTJOIN(",",TRUE,IF(LEFT(Regions!$C$3,1)<>"*",Regions!$C$3,""),IF(LEFT(Regions!$D$3,1)<>"*",Regions!$D$3,"")) -> IE,National | D30: =Legend!C43 -> SRVELC | E30: =Legend!A43&" (SRV)" -> Electricity (SRV) | F30: PJ | G30: FX | H30: DAYNITE | J30: ELC
B31: NRG | C31: =_xlfn.TEXTJOIN(",",TRUE,IF(LEFT(Regions!$C$3,1)<>"*",Regions!$C$3,""),IF(LEFT(Regions!$D$3,1)<>"*",Regions!$D$3,"")) -> IE,National | D31: =Legend!C44 -> SRVAHT | E31: =Legend!A44&" (SRV)" -> Ambient Heat (SRV) | F31: PJ | G31: FX
B32: NRG | C32: =_xlfn.TEXTJOIN(",",TRUE,IF(LEFT(Regions!$C$3,1)<>"*",Regions!$C$3,""),IF(LEFT(Regions!$D$3,1)<>"*",Regions!$D$3,"")) -> IE,National | D32: =Legend!C45 -> SRVAHT2 | E32: =Legend!A45&" (SRV)" -> Ambient Heat 2 (SRV) | F32: PJ | G32: FX
B33: NRG | C33: =_xlfn.TEXTJOIN(",",TRUE,IF(LEFT(Regions!$C$3,1)<>"*",Regions!$C$3,""),IF(LEFT(Regions!$D$3,1)<>"*",Regions!$D$3,"")) -> IE,National | D33: =Legend!C46 -> SRVHET | E33: =Legend!A46&" (SRV)" -> District heating (SRV) | F33: PJ | G33: FX | H33: DAYNITE
B34: NRG | C34: =_xlfn.TEXTJOIN(",",TRUE,IF(LEFT(Regions!$C$3,1)<>"*",Regions!$C$3,""),IF(LEFT(Regions!$D$3,1)<>"*",Regions!$D$3,"")) -> IE,National | D34: =Legend!C47 -> SRVWIN | E34: =Legend!A47&" (SRV)" -> Wind (SRV) | F34: PJ | G34: FX
B35: NRG | C35: =_xlfn.TEXTJOIN(",",TRUE,IF(LEFT(Regions!$C$3,1)<>"*",Regions!$C$3,""),IF(LEFT(Regions!$D$3,1)<>"*",Regions!$D$3,"")) -> IE,National | D35: =Legend!C48 -> SRVH2G | E35: =Legend!A48&" (SRV)" -> Hydrogen (gaseous) (SRV) | F35: PJ | G35: FX
B36: NRG | C36: =_xlfn.TEXTJOIN(",",TRUE,IF(LEFT(Regions!$C$3,1)<>"*",Regions!$C$3,""),IF(LEFT(Regions!$D$3,1)<>"*",Regions!$D$3,"")) -> IE,National | D36: =Legend!C49 -> SRVH2L | E36: =Legend!A49&" (SRV)" -> Hydrogen (liquid) (SRV) | F36: PJ | G36: FX
B37: NRG | C37: =_xlfn.TEXTJOIN(",",TRUE,IF(LEFT(Regions!$C$3,1)<>"*",Regions!$C$3,""),IF(LEFT(Regions!$D$3,1)<>"*",Regions!$D$3,"")) -> IE,National | D37: =Legend!C50 -> SRVBDL | E37: =Legend!A50&" (SRV)" -> Biodiesel (SRV) | F37: PJ | G37: FX
B38: ENV | C38: =_xlfn.TEXTJOIN(",",TRUE,IF(LEFT(Regions!$C$3,1)<>"*",Regions!$C$3,""),IF(LEFT(Regions!$D$3,1)<>"*",Regions!$D$3,"")) -> IE,National | D38: SRVCO2N | E38: Carbon Dioxide - Combustion (SRV) | F38: kt
B39: ENV | C39: =_xlfn.TEXTJOIN(",",TRUE,IF(LEFT(Regions!$C$3,1)<>"*",Regions!$C$3,""),IF(LEFT(Regions!$D$3,1)<>"*",Regions!$D$3,"")) -> IE,National | D39: SRVCH4N | E39: Methane (SRV) | F39: kt
B40: ENV | C40: =_xlfn.TEXTJOIN(",",TRUE,IF(LEFT(Regions!$C$3,1)<>"*",Regions!$C$3,""),IF(LEFT(Regions!$D$3,1)<>"*",Regions!$D$3,"")) -> IE,National | D40: SRVSO2N | E40: Sulphur Oxides (SRV) | F40: kt
B41: ENV | C41: =_xlfn.TEXTJOIN(",",TRUE,IF(LEFT(Regions!$C$3,1)<>"*",Regions!$C$3,""),IF(LEFT(Regions!$D$3,1)<>"*",Regions!$D$3,"")) -> IE,National | D41: SRVNOXN | E41: Nitrogen Oxide (SRV) | F41: kt
B42: ENV | C42: =_xlfn.TEXTJOIN(",",TRUE,IF(LEFT(Regions!$C$3,1)<>"*",Regions!$C$3,""),IF(LEFT(Regions!$D$3,1)<>"*",Regions!$D$3,"")) -> IE,National | D42: SRVPM10 | E42: Particulate Matter <10 µm (SRV) | F42: kt
B43: ENV | C43: =_xlfn.TEXTJOIN(",",TRUE,IF(LEFT(Regions!$C$3,1)<>"*",Regions!$C$3,""),IF(LEFT(Regions!$D$3,1)<>"*",Regions!$D$3,"")) -> IE,National | D43: SRVPM25 | E43: Particulate Matter <2.5 µm (SRV) | F43: kt

Sheet Fuel Techs
B1: Fuel Techs/Distribution Infrastructure
B2: ~FI_T | N2: ~FI_Process
B3: =P3 -> TechName | C3: Comm-IN | D3: Comm-OUT | E3: EFF | F3: Share-I~FX | G3: Share-I~FX~0 | H3: INVCOST | I3: FIXOM | J3: LIFE | K3: AFA | L3: CAP2ACT | N3: Sets | O3: Region | P3: TechName | Q3: TechDesc | R3: Tact | S3: Tcap | T3: Tslvl | U3: PrimaryCG | V3: Vintage
B4: *Technology name | C4: Input commodity | D4: Output commodity | E4: Efficiency | F4: Input shares | G4: I/E rule | N4: *Process Set Membership | O4: Regions | P4: Technology name | Q4: Description | R4: Activity unit | S4: Capacity unit | T4: TimeSlice level of Process Activity | U4: Primary Commodity Group | V4: Vintage Tracking
B5: =P5 -> FT-SRVCOA | C5: COABIT,COALIG,COAHAR | D5: =Legend!C36 -> SRVCOA | E5: 1 | N5: PRE | O5: =_xlfn.TEXTJOIN(",",TRUE,IF(LEFT(Regions!$C$3,1)<>"*",Regions!$C$3,""),IF(LEFT(Regions!$D$3,1)<>"*",Regions!$D$3,"")) -> IE,National | P5: ="FT-"&D5 -> FT-SRVCOA | Q5: ="Fuel Tech - "&Legend!A36 -> Fuel Tech - Solids | R5: PJ | S5: PJa
B6: =P6 -> FT-SRVLPG | C6: OILLPG | D6: =Legend!C37 -> SRVLPG | E6: 1 | N6: PRE | O6: =_xlfn.TEXTJOIN(",",TRUE,IF(LEFT(Regions!$C$3,1)<>"*",Regions!$C$3,""),IF(LEFT(Regions!$D$3,1)<>"*",Regions!$D$3,"")) -> IE,National | P6: ="FT-"&D6 -> FT-SRVLPG | Q6: ="Fuel Tech - "&Legend!A37 -> Fuel Tech - LPG | R6: PJ | S6: PJa
B7: =P7 -> FT-SRVOIL | C7: OILKER | D7: =Legend!C38 -> SRVOIL | E7: 1 | F7: =EB_SRV!R5*Legend!$B$65/EB_SRV!$F$12 -> 0.3662915 | G7: 5 | N7: PRE | O7: =_xlfn.TEXTJOIN(",",TRUE,IF(LEFT(Regions!$C$3,1)<>"*",Regions!$C$3,""),IF(LEFT(Regions!$D$3,1)<>"*",Regions!$D$3,"")) -> IE,National | P7: ="FT-"&D7 -> FT-SRVOIL | Q7: ="Fuel Tech - "&Legend!A38 -> Fuel Tech - Oil | R7: PJ | S7: PJa
C8: OILDST | F8: =EB_SRV!V5*Legend!$B$65/EB_SRV!$F$12 -> 0.62988507 | G8: 5 | N8: PRE | O8: =_xlfn.TEXTJOIN(",",TRUE,IF(LEFT(Regions!$C$3,1)<>"*",Regions!$C$3,""),IF(LEFT(Regions!$D$3,1)<>"*",Regions!$D$3,"")) -> IE,National | P8: ="FT-"&D10 -> FT-SRVGAS | Q8: ="Fuel Tech - "&Legend!A39 -> Fuel Tech - Natural Gas | R8: PJ | S8: PJa
C9: OILHFO | F9: =EB_SRV!T5*Legend!$B$65/EB_SRV!$F$12 -> 0.0038234269 | G9: 5 | N9: PRE | O9: =_xlfn.TEXTJOIN(",",TRUE,IF(LEFT(Regions!$C$3,1)<>"*",Regions!$C$3,""),IF(LEFT(Regions!$D$3,1)<>"*",Regions!$D$3,"")) -> IE,National | P9: ="FT-"&D11 -> FT-SRVBIO | Q9: ="Fuel Tech - "&Legend!A40 -> Fuel Tech - Biomass | R9: PJ | S9: PJa
B10: =P8 -> FT-SRVGAS | C10: GASNAT | D10: =Legend!C39 -> SRVGAS | E10: 1 | H10: 50 | I10: =+H10*0.05 -> 2.5 | J10: 30 | K10: 0.35 | L10: 31.536 | N10: PRE | O10: =_xlfn.TEXTJOIN(",",TRUE,IF(LEFT(Regions!$C$3,1)<>"*",Regions!$C$3,""),IF(LEFT(Regions!$D$3,1)<>"*",Regions!$D$3,"")) -> IE,National | P10: ="FT-"&D12 -> FT-SRVBGS | Q10: ="Fuel Tech - "&Legend!A41 -> Fuel Tech - Biogas | R10: PJ | S10: PJa
B11: =P9 -> FT-SRVBIO | C11: BIOWOO,BIOWPE,BIOWCH | D11: =Legend!C40 -> SRVBIO | E11: 1 | N11: PRE | O11: =_xlfn.TEXTJOIN(",",TRUE,IF(LEFT(Regions!$C$3,1)<>"*",Regions!$C$3,""),IF(LEFT(Regions!$D$3,1)<>"*",Regions!$D$3,"")) -> IE,National | P11: ="FT-"&D13 -> FT-SRVSOL | Q11: ="Fuel Tech - "&Legend!A42 -> Fuel Tech - Solar | R11: PJ | S11: PJa
B12: =P10 -> FT-SRVBGS | C12: BIOGAS1G, BIOGAS2G | D12: =Legend!C41 -> SRVBGS | E12: 1 | N12: PRE | O12: =_xlfn.TEXTJOIN(",",TRUE,IF(LEFT(Regions!$C$3,1)<>"*",Regions!$C$3,""),IF(LEFT(Regions!$D$3,1)<>"*",Regions!$D$3,"")) -> IE,National | P12: ="FT-"&D14 -> FT-SRVELC | Q12: ="Fuel Tech - "&Legend!A43 -> Fuel Tech - Electricity | R12: PJ | S12: PJa | T12: DAYNITE
B13: =P11 -> FT-SRVSOL | C13: RENSOL | D13: =Legend!C42 -> SRVSOL | E13: 1 | N13: PRE | O13: =_xlfn.TEXTJOIN(",",TRUE,IF(LEFT(Regions!$C$3,1)<>"*",Regions!$C$3,""),IF(LEFT(Regions!$D$3,1)<>"*",Regions!$D$3,"")) -> IE,National | P13: ="FT-"&D15 -> FT-SRVAHT | Q13: ="Fuel Tech - "&Legend!A44 -> Fuel Tech - Ambient Heat | R13: PJ | S13: PJa
B14: =P12 -> FT-SRVELC | C14: ELCD | D14: =Legend!C43 -> SRVELC | E14: 1 | H14: 200 | I14: =+H14*0.05 -> 10 | J14: 50 | K14: 0.35 | L14: 31.536 | N14: PRE | O14: =_xlfn.TEXTJOIN(",",TRUE,IF(LEFT(Regions!$C$3,1)<>"*",Regions!$C$3,""),IF(LEFT(Regions!$D$3,1)<>"*",Regions!$D$3,"")) -> IE,National | P14: ="FT-"&D17 -> FT-SRVHET | Q14: ="Fuel Tech - "&Legend!A46 -> Fuel Tech - District heating | R14: PJ | S14: PJa | T14: DAYNITE
B15: =P13 -> FT-SRVAHT | C15: RENAHT | D15: =Legend!C44 -> SRVAHT | E15: 1 | N15: PRE | O15: =_xlfn.TEXTJOIN(",",TRUE,IF(LEFT(Regions!$C$3,1)<>"*",Regions!$C$3,""),IF(LEFT(Regions!$D$3,1)<>"*",Regions!$D$3,"")) -> IE,National | P15: ="FT-"&D18 -> FT-SRVWIN | Q15: ="Fuel Tech - "&Legend!A47 -> Fuel Tech - Wind | R15: PJ | S15: PJa
D16: =Legend!C45 -> SRVAHT2 | N16: PRE | O16: =_xlfn.TEXTJOIN(",",TRUE,IF(LEFT(Regions!$C$3,1)<>"*",Regions!$C$3,""),IF(LEFT(Regions!$D$3,1)<>"*",Regions!$D$3,"")) -> IE,National | P16: ="FT-"&D19 -> FT-SRVH2G | Q16: ="Fuel Tech - "&Legend!A48 -> Fuel Tech - Hydrogen (gaseous) | R16: PJ | S16: PJa
B17: =P14 -> FT-SRVHET | C17: HETD | D17: =Legend!C46 -> SRVHET | E17: 1 | H17: 50 | I17: =+H17*0.05 -> 2.5 | J17: 30 | K17: 0.35 | L17: 31.536 | N17: PRE | O17: =_xlfn.TEXTJOIN(",",TRUE,IF(LEFT(Regions!$C$3,1)<>"*",Regions!$C$3,""),IF(LEFT(Regions!$D$3,1)<>"*",Regions!$D$3,"")) -> IE,National | P17: ="FT-"&D20 -> FT-SRVH2L | Q17: ="Fuel Tech - "&Legend!A49 -> Fuel Tech - Hydrogen (liquid) | R17: PJ | S17: PJa
B18: =P15 -> FT-SRVWIN | C18: RENWIN | D18: =Legend!C47 -> SRVWIN | E18: 1 | N18: PRE | O18: =_xlfn.TEXTJOIN(",",TRUE,IF(LEFT(Regions!$C$3,1)<>"*",Regions!$C$3,""),IF(LEFT(Regions!$D$3,1)<>"*",Regions!$D$3,"")) -> IE,National | P18: ="FT-"&D21 -> FT-SRVBDL | Q18: ="Fuel Tech - "&Legend!A50 -> Fuel Tech - Biodiesel | R18: PJ | S18: PJa
B19: =P16 -> FT-SRVH2G | C19: SUPH2GD | D19: =Legend!C48 -> SRVH2G | E19: 1 | N19: PRE | O19: =_xlfn.TEXTJOIN(",",TRUE,IF(LEFT(Regions!$C$3,1)<>"*",Regions!$C$3,""),IF(LEFT(Regions!$D$3,1)<>"*",Regions!$D$3,"")) -> IE,National | P19: ="FT-"&D22 -> FT-SRVETH | Q19: ="Fuel Tech - "&Legend!A51 -> Fuel Tech - Ethanol | R19: PJ | S19: PJa
B20: =P17 -> FT-SRVH2L | C20: SUPH2LD | D20: =Legend!C49 -> SRVH2L | E20: 1
B21: =P18 -> FT-SRVBDL | C21: BIODST1G,BIODST2G | D21: =Legend!C50 -> SRVBDL | E21: 1
B22: =P19 -> FT-SRVETH | C22: BIOETH1G,BIOETH2G | D22: =Legend!C51 -> SRVETH | E22: 1

Sheet Building stock
B1: Characterization of Building stocks
B2: ~FI_T | L2: ~FI_Process
B3: TechName | C3: *TechDesc | D3: Comm-IN | E3: Comm-OUT | F3: PASTI | G3: Input | H3: AFA~FX | I3: AFA~FX~0 | J3: Life | L3: Sets | M3: Region | N3: TechName | O3: TechDesc | P3: Tact | Q3: Tcap | R3: Tslvl | S3: PrimaryCG | T3: Vintage
B4: *Technology name | C4: Description | D4: Input commodity | E4: Output commodity | F4: Dwelling stocks | G4: Energy intensities | H4: Fixed availability factor | I4: Interpolation rule | J4: Technical life | L4: *Process Set Membership | M4: Regions | N4: Technology name | O4: Description | P4: Activity unit | Q4: Capacity unit | R4: TimeSlice level of Process Activity | S4: Primary Commodity Group | T4: Vintage Tracking
B5: *Units | F5: Mm2 | G5: (see notes) | J5: years | L5: *
B6: ='Building stock'!N6 -> S-BLD_CS | C6: ='Building stock'!O6 -> Services Buildings - Commercial Services | D6: =Commodities!D7 -> SRVSH-CS | E6: =Commodities!D5 -> SRV-CS | F6: ='Key Inputs'!D21 -> 28.901665 | G6: =SUM(TH_Techs!$AJ$7:$AJ$14)/'Building stock'!$F$6 -> 0.32100597 | H6: 1 | I6: 3 | J6: 100 | L6: DMD | M6: =_xlfn.TEXTJOIN(",",TRUE,IF(LEFT(Regions!$C$3,1)<>"*",Regions!$C$3,""),IF(LEFT(Regions!$D$3,1)<>"*",Regions!$D$3,"")) -> IE,National | N6: =CONCATENATE(LEFT(Legend!$C$4),"-BLD_",Legend!C21) -> S-BLD_CS | O6: =CONCATENATE(Legend!$B$4," Buildings - ",Legend!A21) -> Services Buildings - Commercial Services | P6: Mm2 | Q6: Mm2 | R6: ANNUAL
D7: =Commodities!D8 -> SRVWH-CS | G7: =SUM(TH_Techs!$AJ$16:$AJ$22)/'Building stock'!$F$6 -> 0.089259606 | L7: DMD | M7: =_xlfn.TEXTJOIN(",",TRUE,IF(LEFT(Regions!$C$3,1)<>"*",Regions!$C$3,""),IF(LEFT(Regions!$D$3,1)<>"*",Regions!$D$3,"")) -> IE,National | N7: =CONCATENATE(LEFT(Legend!$C$4),"-BLD_",Legend!C22) -> S-BLD_PU | O7: =CONCATENATE(Legend!$B$4," Buildings - ",Legend!A22) -> Services Buildings - Public Services | P7: Mm2 | Q7: Mm2 | R7: ANNUAL
D8: =Commodities!D9 -> SRVSC-CS | G8: =SUM(TH_Techs!$AJ$24:$AJ$25)/'Building stock'!$F$6 -> 0.12810823
D9: =Commodities!D10 -> SRVCK-CS | G9: =SUM(CK_Techs!$AD$7:$AD$10)/'Building stock'!$F$6 -> 0.14156432
D10: =Commodities!D11 -> SRVLIG-CS | G10: =EAP_Techs!AD6/'Building stock'!$F$6 -> 0.65611068
D11: =Commodities!D12 -> SRVREF-CS | G11: =EAP_Techs!AD7/'Building stock'!$F$6 -> 3.4112422
D12: =Commodities!D13 -> SRVOEL-CS | G12: =EAP_Techs!AD8/'Building stock'!$F$6 -> 0.349503
B13: ='Building stock'!N7 -> S-BLD_PU | C13: ='Building stock'!O7 -> Services Buildings - Public Services | D13: =Commodities!D14 -> SRVSH-PU | E13: =Commodities!D6 -> SRV-PU | F13: ='Key Inputs'!D22 -> 58.151542 | G13: =SUM(TH_Techs!$AJ$27:$AJ$34)/'Building stock'!$F$13 -> 0.10255744 | H13: 1 | I13: 3 | J13: 100
D14: =Commodities!D15 -> SRVWH-PU | G14: =SUM(TH_Techs!$AJ$36:$AJ$42)/'Building stock'!$F$13 -> 0.025647153
D15: =Commodities!D16 -> SRVSC-PU | G15: =SUM(TH_Techs!$AJ$44:$AJ$45)/'Building stock'!$F$13 -> 0.018339681
D16: =Commodities!D17 -> SRVCK-PU | G16: =SUM(CK_Techs!$AD$12:$AD$15)/'Building stock'!$F$13 -> 0.029568686
D17: =Commodities!D18 -> SRVLIG-PU | G17: =EAP_Techs!AD9/'Building stock'!$F$13 -> 0.16206915
D18: =Commodities!D19 -> SRVREF-PU | G18: =EAP_Techs!AD10/'Building stock'!$F$13 -> 0.84262783
D19: =Commodities!D20 -> SRVOEL-PU | G19: =EAP_Techs!AD11/'Building stock'!$F$13 -> 0.049837987
B23: BY demands
D24: ~FI_T
B25: Region | C25: CommName | D25: Attribute | E25: 2018
B26: *Region name | C26: Commodity name | E26: Dwelling demand
B27: *Units | E27: Mm2
B28: =_xlfn.TEXTJOIN(",",TRUE,IF(LEFT(Regions!$C$3,1)<>"*",Regions!$C$3,""),IF(LEFT(Regions!$D$3,1)<>"*",Regions!$D$3,"")) -> IE,National | C28: =Commodities!D5 -> SRV-CS | D28: Demand | E28: =F6 -> 28.901665
B29: =_xlfn.TEXTJOIN(",",TRUE,IF(LEFT(Regions!$C$3,1)<>"*",Regions!$C$3,""),IF(LEFT(Regions!$D$3,1)<>"*",Regions!$D$3,"")) -> IE,National | C29: =Commodities!D6 -> SRV-PU | D29: Demand | E29: =F13 -> 58.151542

Sheet TH_Techs
B1: Characterization of thermal energy services
B2: ~FI_T | R2: ~FI_Process
B3: Region | C3: TechName | D3: *TechDesc | E3: Comm-IN | F3: Comm-IN-A | G3: Comm-OUT | H3: Stock | I3: EFF | J3: AFA | K3: Life | L3: Cap2Act | M3: ="Share-I~"&Legend!$C$44 -> Share-I~SRVAHT | N3: ="Share-I~UP~"&Legend!$C$41 -> Share-I~UP~SRVBGS | O3: ="Share-I~LO~"&Legend!$C$41 -> Share-I~LO~SRVBGS | P3: ="Share-I~LO~0~"&Legend!$C$41 -> Share-I~LO~0~SRVBGS | R3: Sets | S3: Region | T3: TechName | U3: TechDesc | V3: Tact | W3: Tcap | X3: Tslvl | Y3: PrimaryCG | Z3: Vintage | AB3: Sub-sector | AC3: Energy service | AD3: Fuel | AE3: Fuel Short name | AF3: Fuel Long name | AG3: Sub-sector short name | AH3: Energy service short name | AI3: Calibration checks
B4: *Region | C4: Technology name | D4: Description | E4: Input commodity | F4: Auxiliary input commodity | G4: Output commodity | H4: Total device stock | I4: Efficiency | J4: Availability factor | K4: Technical life | L4: Capacity to Activity Factor | N4: Maximum blending share | O4: Minimum blending share | P4: Extrapolation rule | R4: *Process Set Membership | S4: Regions | T4: Technology name | U4: Description | V4: Activity unit | W4: Capacity unit | X4: TimeSlice level of Process Activity | Y4: Primary Commodity Group | Z4: Vintage Tracking | AI4: Expected consumption | AJ4: Expected production
B5: *Units | H5: GW | I5: % | J5: % | K5: years | L5: GW to PJ | M5: PJin/PJout | N5: % | O5: % | R5: * | AI5: PJ | AJ5: PJ
B6: =IF($AE6="",R6,T6) -> *Commercial Services Space heating | D6: =IF($AE6="","",U6) | E6: =IF($AE6="","",AF6) | G6: =IF($AE6="","",CONCATENATE(Legend!$C$4,AH6,"-",AG6)) | H6: =IF($AE6="","",SUMIFS('Key Inputs'!$K$29:$K$114,'Key Inputs'!$A$29:$A$114,$AB6,'Key Inputs'!$B$29:$B$114,$AC6,'Key Inputs'!$C$29:$C$114,$AD6)) | I6: =IF($AE6="","",SUMIFS('Key Inputs'!$G$29:$G$114,'Key Inputs'!$A$29:$A$114,$AB6,'Key Inputs'!$B$29:$B$114,$AC6,'Key Inputs'!$C$29:$C$114,$AD6)) | J6: =IF($AE6="","",SUMIFS('Key Inputs'!$I$29:$I$114,'Key Inputs'!$A$29:$A$114,$AB6,'Key Inputs'!$B$29:$B$114,$AC6,'Key Inputs'!$C$29:$C$114,$AD6)/8760) | K6: =IF($AE6="","",SUMIFS('Key Inputs'!$H$29:$H$114,'Key Inputs'!$A$29:$A$114,$AB6,'Key Inputs'!$B$29:$B$114,$AC6,'Key Inputs'!$C$29:$C$114,$AD6)) | L6: =IF($AE6="","",31.536) | R6: =IF($AE6="","*"&AB7&" "&AC7,"PRE") -> *Commercial Services Space heating
B7: =IF($AE7="",Q7,S7) -> IE,National | C7: =IF($AE7="",R7,T7) -> S-SH-CS_COA_X0 | D7: =IF($AE7="","",U7) -> Commercial Services - Space heating: Solids | E7: =IF($AE7="","",AF7) -> SRVCOA | G7: =IF($AE7="","",CONCATENATE(Legend!$C$4,AH7,"-",AG7)) -> SRVSH-CS | H7: =IF($AE7="","",SUMIFS('Key Inputs'!$K$29:$K$114,'Key Inputs'!$A$29:$A$114,$AB7,'Key Inputs'!$B$29:$B$114,$AC7,'Key Inputs'!$C$29:$C$114,$AD7)) -> 0.0021527381 | I7: =IF($AE7="","",SUMIFS('Key Inputs'!$G$29:$G$114,'Key Inputs'!$A$29:$A$114,$AB7,'Key Inputs'!$B$29:$B$114,$AC7,'Key Inputs'!$C$29:$C$114,$AD7)) -> 0.33 | J7: =IF($AE7="","",SUMIFS('Key Inputs'!$I$29:$I$114,'Key Inputs'!$A$29:$A$114,$AB7,'Key Inputs'!$B$29:$B$114,$AC7,'Key Inputs'!$C$29:$C$114,$AD7)/8760) -> 0.11415525 | K7: =IF($AE7="","",SUMIFS('Key Inputs'!$H$29:$H$114,'Key Inputs'!$A$29:$A$114,$AB7,'Key Inputs'!$B$29:$B$114,$AC7,'Key Inputs'!$C$29:$C$114,$AD7)) -> 20 | L7: =IF($AE7="","",31.536) -> 31.536 | R7: =IF($AE7="","*"&AB8&" "&AC8,"PRE") -> PRE | S7: =IF($AE7="","",_xlfn.TEXTJOIN(",",TRUE,IF(LEFT(Regions!$C$3,1)<>"*",Regions!$C$3,""),IF(LEFT(Regions!$D$3,1)<>"*",Regions!$D$3,""))) -> IE,National | T7: =IF($AE7="","",CONCATENATE(LEFT(Legend!$C$4),"-",$AH7,"-",$AG7,"_",$AE7,"_X0")) -> S-SH-CS_COA_X0 | U7: =IF($AE7="","",CONCATENATE(AB7," - ",AC7,": ",AD7)) -> Commercial Services - Space heating: Solids | V7: =IF($AE7="","","PJ") -> PJ | W7: =IF($AE7="","","GW") -> GW | X7: =IF($AE7="","","ANNUAL") -> ANNUAL | AB7: =IF('Key Inputs'!A29="","",'Key Inputs'!A29) -> Commercial Services | AC7: =IF('Key Inputs'!B29="","",'Key Inputs'!B29) -> Space heating | AD7: =IF('Key Inputs'!C29="","",'Key Inputs'!C29) -> Solids | AE7: =IF('Key Inputs'!D29="","",'Key Inputs'!D29) -> COA | AF7: =IF('Key Inputs'!E29="","",'Key Inputs'!E29) -> SRVCOA | AG7: =_xlfn.XLOOKUP(AB7,Legend!$A$21:$A$22,Legend!$C$21:$C$22) -> CS | AH7: =_xlfn.XLOOKUP(AC7,Legend!$A$24:$A$34,Legend!$C$24:$C$34) -> SH | AI7: =IF($AE7="","",AJ7/I7) -> 0.023484416 | AJ7: =IF($AE7="","",H7*J7*L7) -> 0.0077498573
B8: =IF($AE8="",Q8,S8) -> IE,National | C8: =IF($AE8="",R8,T8) -> S-SH-CS_LPG_X0 | D8: =IF($AE8="","",U8) -> Commercial Services - Space heating: LPG | E8: =IF($AE8="","",AF8) -> SRVLPG | G8: =IF($AE8="","",CONCATENATE(Legend!$C$4,AH8,"-",AG8)) -> SRVSH-CS | H8: =IF($AE8="","",SUMIFS('Key Inputs'!$K$29:$K$114,'Key Inputs'!$A$29:$A$114,$AB8,'Key Inputs'!$B$29:$B$114,$AC8,'Key Inputs'!$C$29:$C$114,$AD8)) -> 0 | I8: =IF($AE8="","",SUMIFS('Key Inputs'!$G$29:$G$114,'Key Inputs'!$A$29:$A$114,$AB8,'Key Inputs'!$B$29:$B$114,$AC8,'Key Inputs'!$C$29:$C$114,$AD8)) -> 0.33 | J8: =IF($AE8="","",SUMIFS('Key Inputs'!$I$29:$I$114,'Key Inputs'!$A$29:$A$114,$AB8,'Key Inputs'!$B$29:$B$114,$AC8,'Key Inputs'!$C$29:$C$114,$AD8)/8760) -> 0.11415525 | K8: =IF($AE8="","",SUMIFS('Key Inputs'!$H$29:$H$114,'Key Inputs'!$A$29:$A$114,$AB8,'Key Inputs'!$B$29:$B$114,$AC8,'Key Inputs'!$C$29:$C$114,$AD8)) -> 20 | L8: =IF($AE8="","",31.536) -> 31.536 | R8: =IF($AE8="","*"&AB9&" "&AC9,"PRE") -> PRE | S8: =IF($AE8="","",_xlfn.TEXTJOIN(",",TRUE,IF(LEFT(Regions!$C$3,1)<>"*",Regions!$C$3,""),IF(LEFT(Regions!$D$3,1)<>"*",Regions!$D$3,""))) -> IE,National | T8: =IF($AE8="","",CONCATENATE(LEFT(Legend!$C$4),"-",$AH8,"-",$AG8,"_",$AE8,"_X0")) -> S-SH-CS_LPG_X0 | U8: =IF($AE8="","",CONCATENATE(AB8," - ",AC8,": ",AD8)) -> Commercial Services - Space heating: LPG | V8: =IF($AE8="","","PJ") -> PJ | W8: =IF($AE8="","","GW") -> GW | X8: =IF($AE8="","","ANNUAL") -> ANNUAL | AB8: =IF('Key Inputs'!A30="","",'Key Inputs'!A30) -> Commercial Services | AC8: =IF('Key Inputs'!B30="","",'Key Inputs'!B30) -> Space heating | AD8: =IF('Key Inputs'!C30="","",'Key Inputs'!C30) -> LPG | AE8: =IF('Key Inputs'!D30="","",'Key Inputs'!D30) -> LPG | AF8: =IF('Key Inputs'!E30="","",'Key Inputs'!E30) -> SRVLPG | AG8: =_xlfn.XLOOKUP(AB8,Legend!$A$21:$A$22,Legend!$C$21:$C$22) -> CS | AH8: =_xlfn.XLOOKUP(AC8,Legend!$A$24:$A$34,Legend!$C$24:$C$34) -> SH | AI8: =IF($AE8="","",AJ8/I8) -> 0 | AJ8: =IF($AE8="","",H8*J8*L8) -> 0
B9: =IF($AE9="",Q9,S9) -> IE,National | C9: =IF($AE9="",R9,T9) -> S-SH-CS_OIL_X0 | D9: =IF($AE9="","",U9) -> Commercial Services - Space heating: Oil | E9: =IF($AE9="","",AF9) -> SRVOIL | G9: =IF($AE9="","",CONCATENATE(Legend!$C$4,AH9,"-",AG9)) -> SRVSH-CS | H9: =IF($AE9="","",SUMIFS('Key Inputs'!$K$29:$K$114,'Key Inputs'!$A$29:$A$114,$AB9,'Key Inputs'!$B$29:$B$114,$AC9,'Key Inputs'!$C$29:$C$114,$AD9)) -> 0.40017313 | I9: =IF($AE9="","",SUMIFS('Key Inputs'!$G$29:$G$114,'Key Inputs'!$A$29:$A$114,$AB9,'Key Inputs'!$B$29:$B$114,$AC9,'Key Inputs'!$C$29:$C$114,$AD9)) -> 0.65835584 | J9: =IF($AE9="","",SUMIFS('Key Inputs'!$I$29:$I$114,'Key Inputs'!$A$29:$A$114,$AB9,'Key Inputs'!$B$29:$B$114,$AC9,'Key Inputs'!$C$29:$C$114,$AD9)/8760)*1.02 -> 0.11643836 | K9: =IF($AE9="","",SUMIFS('Key Inputs'!$H$29:$H$114,'Key Inputs'!$A$29:$A$114,$AB9,'Key Inputs'!$B$29:$B$114,$AC9,'Key Inputs'!$C$29:$C$114,$AD9)) -> 20 | L9: =IF($AE9="","",31.536) -> 31.536 | R9: =IF($AE9="","*"&#REF!&" "&#REF!,"PRE") -> PRE | S9: =IF($AE9="","",_xlfn.TEXTJOIN(",",TRUE,IF(LEFT(Regions!$C$3,1)<>"*",Regions!$C$3,""),IF(LEFT(Regions!$D$3,1)<>"*",Regions!$D$3,""))) -> IE,National | T9: =IF($AE9="","",CONCATENATE(LEFT(Legend!$C$4),"-",$AH9,"-",$AG9,"_",$AE9,"_X0")) -> S-SH-CS_OIL_X0 | U9: =IF($AE9="","",CONCATENATE(AB9," - ",AC9,": ",AD9)) -> Commercial Services - Space heating: Oil | V9: =IF($AE9="","","PJ") -> PJ | W9: =IF($AE9="","","GW") -> GW | X9: =IF($AE9="","","ANNUAL") -> ANNUAL | AB9: =IF('Key Inputs'!A31="","",'Key Inputs'!A31) -> Commercial Services | AC9: =IF('Key Inputs'!B31="","",'Key Inputs'!B31) -> Space heating | AD9: =IF('Key Inputs'!C31="","",'Key Inputs'!C31) -> Oil | AE9: =IF('Key Inputs'!D31="","",'Key Inputs'!D31) -> OIL | AF9: =IF('Key Inputs'!E31="","",'Key Inputs'!E31) -> SRVOIL | AG9: =_xlfn.XLOOKUP(AB9,Legend!$A$21:$A$22,Legend!$C$21:$C$22) -> CS | AH9: =_xlfn.XLOOKUP(AC9,Legend!$A$24:$A$34,Legend!$C$24:$C$34) -> SH | AI9: =IF($AE9="","",AJ9/I9) -> 2.231978 | AJ9: =IF($AE9="","",H9*J9*L9) -> 1.4694357
B10: =IF($AE10="",Q10,S10) -> IE,National | C10: =IF($AE10="",R10,T10) -> S-SH-CS_GAS_X0 | D10: =IF($AE10="","",U10) -> Commercial Services - Space heating: Natural Gas | E10: =IF($AE10="","",AF10) -> SRVGAS, SRVBGS | G10: =IF($AE10="","",CONCATENATE(Legend!$C$4,AH10,"-",AG10)) -> SRVSH-CS | H10: =IF($AE10="","",SUMIFS('Key Inputs'!$K$29:$K$114,'Key Inputs'!$A$29:$A$114,$AB10,'Key Inputs'!$B$29:$B$114,$AC10,'Key Inputs'!$C$29:$C$114,$AD10)) -> 1.1383418 | I10: =IF($AE10="","",SUMIFS('Key Inputs'!$G$29:$G$114,'Key Inputs'!$A$29:$A$114,$AB10,'Key Inputs'!$B$29:$B$114,$AC10,'Key Inputs'!$C$29:$C$114,$AD10)) -> 0.77299617 | J10: =IF($AE10="","",SUMIFS('Key Inputs'!$I$29:$I$114,'Key Inputs'!$A$29:$A$114,$AB10,'Key Inputs'!$B$29:$B$114,$AC10,'Key Inputs'!$C$29:$C$114,$AD10)/8760) -> 0.11415525 | K10: =IF($AE10="","",SUMIFS('Key Inputs'!$H$29:$H$114,'Key Inputs'!$A$29:$A$114,$AB10,'Key Inputs'!$B$29:$B$114,$AC10,'Key Inputs'!$C$29:$C$114,$AD10)) -> 20 | L10: =IF($AE10="","",31.536) -> 31.536 | N10: =EB_SRV!$G$30/'Key Inputs'!$F$32 -> 0.0063529148 | O10: =N10 -> 0.0063529148 | P10: 5 | R10: =IF($AE10="","*"&AB11&" "&AC11,"PRE") -> PRE | S10: =IF($AE10="","",_xlfn.TEXTJOIN(",",TRUE,IF(LEFT(Regions!$C$3,1)<>"*",Regions!$C$3,""),IF(LEFT(Regions!$D$3,1)<>"*",Regions!$D$3,""))) -> IE,National | T10: =IF($AE10="","",CONCATENATE(LEFT(Legend!$C$4),"-",$AH10,"-",$AG10,"_",$AE10,"_X0")) -> S-SH-CS_GAS_X0 | U10: =IF($AE10="","",CONCATENATE(AB10," - ",AC10,": ",AD10)) -> Commercial Services - Space heating: Natural Gas | V10: =IF($AE10="","","PJ") -> PJ | W10: =IF($AE10="","","GW") -> GW | X10: =IF($AE10="","","ANNUAL") -> ANNUAL | AB10: =IF('Key Inputs'!A32="","",'Key Inputs'!A32) -> Commercial Services | AC10: =IF('Key Inputs'!B32="","",'Key Inputs'!B32) -> Space heating | AD10: =IF('Key Inputs'!C32="","",'Key Inputs'!C32) -> Natural Gas | AE10: =IF('Key Inputs'!D32="","",'Key Inputs'!D32) -> GAS | AF10: =IF('Key Inputs'!E32="","",'Key Inputs'!E32) -> SRVGAS, SRVBGS | AG10: =_xlfn.XLOOKUP(AB10,Legend!$A$21:$A$22,Legend!$C$21:$C$22) -> CS | AH10: =_xlfn.XLOOKUP(AC10,Legend!$A$24:$A$34,Legend!$C$24:$C$34) -> SH | AI10: =IF($AE10="","",AJ10/I10) -> 5.3014888 | AJ10: =IF($AE10="","",H10*J10*L10) -> 4.0980305
B11: =IF($AE11="",Q11,S11) -> IE,National | C11: =IF($AE11="",R11,T11) -> S-SH-CS_BIO_X0 | D11: =IF($AE11="","",U11) -> Commercial Services - Space heating: Biomass | E11: =IF($AE11="","",AF11) -> SRVBIO | G11: =IF($AE11="","",CONCATENATE(Legend!$C$4,AH11,"-",AG11)) -> SRVSH-CS | H11: =IF($AE11="","",SUMIFS('Key Inputs'!$K$29:$K$114,'Key Inputs'!$A$29:$A$114,$AB11,'Key Inputs'!$B$29:$B$114,$AC11,'Key Inputs'!$C$29:$C$114,$AD11)) -> 0.052645404 | I11: =IF($AE11="","",SUMIFS('Key Inputs'!$G$29:$G$114,'Key Inputs'!$A$29:$A$114,$AB11,'Key Inputs'!$B$29:$B$114,$AC11,'Key Inputs'!$C$29:$C$114,$AD11)) -> 0.63490443 | J11: =IF($AE11="","",SUMIFS('Key Inputs'!$I$29:$I$114,'Key Inputs'!$A$29:$A$114,$AB11,'Key Inputs'!$B$29:$B$114,$AC11,'Key Inputs'!$C$29:$C$114,$AD11)/8760) -> 0.11415525 | K11: =IF($AE11="","",SUMIFS('Key Inputs'!$H$29:$H$114,'Key Inputs'!$A$29:$A$114,$AB11,'Key Inputs'!$B$29:$B$114,$AC11,'Key Inputs'!$C$29:$C$114,$AD11)) -> 20 | L11: =IF($AE11="","",31.536) -> 31.536 | R11: =IF($AE11="","*"&AB12&" "&AC12,"PRE") -> PRE | S11: =IF($AE11="","",_xlfn.TEXTJOIN(",",TRUE,IF(LEFT(Regions!$C$3,1)<>"*",Regions!$C$3,""),IF(LEFT(Regions!$D$3,1)<>"*",Regions!$D$3,""))) -> IE,National | T11: =IF($AE11="","",CONCATENATE(LEFT(Legend!$C$4),"-",$AH11,"-",$AG11,"_",$AE11,"_X0")) -> S-SH-CS_BIO_X0 | U11: =IF($AE11="","",CONCATENATE(AB11," - ",AC11,": ",AD11)) -> Commercial Services - Space heating: Biomass | V11: =IF($AE11="","","PJ") -> PJ | W11: =IF($AE11="","","GW") -> GW | X11: =IF($AE11="","","ANNUAL") -> ANNUAL | AB11: =IF('Key Inputs'!A33="","",'Key Inputs'!A33) -> Commercial Services | AC11: =IF('Key Inputs'!B33="","",'Key Inputs'!B33) -> Space heating | AD11: =IF('Key Inputs'!C33="","",'Key Inputs'!C33) -> Biomass | AE11: =IF('Key Inputs'!D33="","",'Key Inputs'!D33) -> BIO | AF11: =IF('Key Inputs'!E33="","",'Key Inputs'!E33) -> SRVBIO | AG11: =_xlfn.XLOOKUP(AB11,Legend!$A$21:$A$22,Legend!$C$21:$C$22) -> CS | AH11: =_xlfn.XLOOKUP(AC11,Legend!$A$24:$A$34,Legend!$C$24:$C$34) -> SH | AI11: =IF($AE11="","",AJ11/I11) -> 0.29850706 | AJ11: =IF($AE11="","",H11*J11*L11) -> 0.18952346
B12: =IF($AE12="",Q12,S12) -> IE,National | C12: =IF($AE12="",R12,T12) -> S-SH-CS_SOL_X0 | D12: =IF($AE12="","",U12) -> Commercial Services - Space heating: Solar | E12: =IF($AE12="","",AF12) -> SRVSOL | G12: =IF($AE12="","",CONCATENATE(Legend!$C$4,AH12,"-",AG12)) -> SRVSH-CS | H12: =IF($AE12="","",SUMIFS('Key Inputs'!$K$29:$K$114,'Key Inputs'!$A$29:$A$114,$AB12,'Key Inputs'!$B$29:$B$114,$AC12,'Key Inputs'!$C$29:$C$114,$AD12)) -> 0 | I12: =IF($AE12="","",SUMIFS('Key Inputs'!$G$29:$G$114,'Key Inputs'!$A$29:$A$114,$AB12,'Key Inputs'!$B$29:$B$114,$AC12,'Key Inputs'!$C$29:$C$114,$AD12)) -> 0.33 | J12: =IF($AE12="","",SUMIFS('Key Inputs'!$I$29:$I$114,'Key Inputs'!$A$29:$A$114,$AB12,'Key Inputs'!$B$29:$B$114,$AC12,'Key Inputs'!$C$29:$C$114,$AD12)/8760) -> 0.11415525 | K12: =IF($AE12="","",SUMIFS('Key Inputs'!$H$29:$H$114,'Key Inputs'!$A$29:$A$114,$AB12,'Key Inputs'!$B$29:$B$114,$AC12,'Key Inputs'!$C$29:$C$114,$AD12)) -> 15 | L12: =IF($AE12="","",31.536) -> 31.536 | R12: =IF($AE12="","*"&AB13&" "&AC13,"PRE") -> PRE | S12: =IF($AE12="","",_xlfn.TEXTJOIN(",",TRUE,IF(LEFT(Regions!$C$3,1)<>"*",Regions!$C$3,""),IF(LEFT(Regions!$D$3,1)<>"*",Regions!$D$3,""))) -> IE,National | T12: =IF($AE12="","",CONCATENATE(LEFT(Legend!$C$4),"-",$AH12,"-",$AG12,"_",$AE12,"_X0")) -> S-SH-CS_SOL_X0 | U12: =IF($AE12="","",CONCATENATE(AB12," - ",AC12,": ",AD12)) -> Commercial Services - Space heating: Solar | V12: =IF($AE12="","","PJ") -> PJ | W12: =IF($AE12="","","GW") -> GW | X12: =IF($AE12="","","ANNUAL") -> ANNUAL | AB12: =IF('Key Inputs'!A34="","",'Key Inputs'!A34) -> Commercial Services | AC12: =IF('Key Inputs'!B34="","",'Key Inputs'!B34) -> Space heating | AD12: =IF('Key Inputs'!C34="","",'Key Inputs'!C34) -> Solar | AE12: =IF('Key Inputs'!D34="","",'Key Inputs'!D34) -> SOL | AF12: =IF('Key Inputs'!E34="","",'Key Inputs'!E34) -> SRVSOL | AG12: =_xlfn.XLOOKUP(AB12,Legend!$A$21:$A$22,Legend!$C$21:$C$22) -> CS | AH12: =_xlfn.XLOOKUP(AC12,Legend!$A$24:$A$34,Legend!$C$24:$C$34) -> SH | AI12: =IF($AE12="","",AJ12/I12) -> 0 | AJ12: =IF($AE12="","",H12*J12*L12) -> 0
B13: =IF($AE13="",Q13,S13) -> IE,National | C13: =IF($AE13="",R13,T13) -> S-SH-CS_ELC-HP_X0 | D13: =IF($AE13="","",U13) -> Commercial Services - Space heating: Electricity (heat pumps) | E13: =IF($AE13="","",AF13) -> SRVELC,SRVAHT | G13: =IF($AE13="","",CONCATENATE(Legend!$C$4,AH13,"-",AG13)) -> SRVSH-CS | H13: =IF($AE13="","",SUMIFS('Key Inputs'!$K$29:$K$114,'Key Inputs'!$A$29:$A$114,$AB13,'Key Inputs'!$B$29:$B$114,$AC13,'Key Inputs'!$C$29:$C$114,$AD13)) -> 0.36416699 | I13: =IF($AE13="","",SUMIFS('Key Inputs'!$G$29:$G$114,'Key Inputs'!$A$29:$A$114,$AB13,'Key Inputs'!$B$29:$B$114,$AC13,'Key Inputs'!$C$29:$C$114,$AD13)) -> 2.1 | J13: =IF($AE13="","",SUMIFS('Key Inputs'!$I$29:$I$114,'Key Inputs'!$A$29:$A$114,$AB13,'Key Inputs'!$B$29:$B$114,$AC13,'Key Inputs'!$C$29:$C$114,$AD13)/8760) -> 0.11415525 | K13: =IF($AE13="","",SUMIFS('Key Inputs'!$H$29:$H$114,'Key Inputs'!$A$29:$A$114,$AB13,'Key Inputs'!$B$29:$B$114,$AC13,'Key Inputs'!$C$29:$C$114,$AD13)) -> 10 | L13: =IF($AE13="","",31.536) -> 31.536 | M13: ='Key Inputs'!L35/'Key Inputs'!J35 -> 0.49987511 | R13: =IF($AE13="","*"&AB14&" "&AC14,"PRE") -> PRE | S13: =IF($AE13="","",_xlfn.TEXTJOIN(",",TRUE,IF(LEFT(Regions!$C$3,1)<>"*",Regions!$C$3,""),IF(LEFT(Regions!$D$3,1)<>"*",Regions!$D$3,""))) -> IE,National | T13: =IF($AE13="","",CONCATENATE(LEFT(Legend!$C$4),"-",$AH13,"-",$AG13,"_",$AE13,"_X0")) -> S-SH-CS_ELC-HP_X0 | U13: =IF($AE13="","",CONCATENATE(AB13," - ",AC13,": ",AD13)) -> Commercial Services - Space heating: Electricity (heat pumps) | V13: =IF($AE13="","","PJ") -> PJ | W13: =IF($AE13="","","GW") -> GW | X13: =IF($AE13="","","ANNUAL") -> ANNUAL | AB13: =IF('Key Inputs'!A35="","",'Key Inputs'!A35) -> Commercial Services | AC13: =IF('Key Inputs'!B35="","",'Key Inputs'!B35) -> Space heating | AD13: =IF('Key Inputs'!C35="","",'Key Inputs'!C35) -> Electricity (heat pumps) | AE13: =IF('Key Inputs'!D35="","",'Key Inputs'!D35) -> ELC-HP | AF13: =IF('Key Inputs'!E35="","",'Key Inputs'!E35) -> SRVELC,SRVAHT | AG13: =_xlfn.XLOOKUP(AB13,Legend!$A$21:$A$22,Legend!$C$21:$C$22) -> CS | AH13: =_xlfn.XLOOKUP(AC13,Legend!$A$24:$A$34,Legend!$C$24:$C$34) -> SH | AI13: =IF($AE13="","",AJ13/I13) -> 0.62428626 | AJ13: =IF($AE13="","",H13*J13*L13) -> 1.3110012
B14: =IF($AE14="",Q14,S14) -> IE,National | C14: =IF($AE14="",R14,T14) -> S-SH-CS_ELC_X0 | D14: =IF($AE14="","",U14) -> Commercial Services - Space heating: Electricity (heaters) | E14: =IF($AE14="","",AF14) -> SRVELC | G14: =IF($AE14="","",CONCATENATE(Legend!$C$4,AH14,"-",AG14)) -> SRVSH-CS | H14: =IF($AE14="","",SUMIFS('Key Inputs'!$K$29:$K$114,'Key Inputs'!$A$29:$A$114,$AB14,'Key Inputs'!$B$29:$B$114,$AC14,'Key Inputs'!$C$29:$C$114,$AD14)) -> 0.61162945 | I14: =IF($AE14="","",SUMIFS('Key Inputs'!$G$29:$G$114,'Key Inputs'!$A$29:$A$114,$AB14,'Key Inputs'!$B$29:$B$114,$AC14,'Key Inputs'!$C$29:$C$114,$AD14)) -> 0.81595511 | J14: =IF($AE14="","",SUMIFS('Key Inputs'!$I$29:$I$114,'Key Inputs'!$A$29:$A$114,$AB14,'Key Inputs'!$B$29:$B$114,$AC14,'Key Inputs'!$C$29:$C$114,$AD14)/8760) -> 0.11415525 | K14: =IF($AE14="","",SUMIFS('Key Inputs'!$H$29:$H$114,'Key Inputs'!$A$29:$A$114,$AB14,'Key Inputs'!$B$29:$B$114,$AC14,'Key Inputs'!$C$29:$C$114,$AD14)) -> 10 | L14: =IF($AE14="","",31.536) -> 31.536 | R14: =IF($AE14="","*"&AB15&" "&AC15,"PRE") -> PRE | S14: =IF($AE14="","",_xlfn.TEXTJOIN(",",TRUE,IF(LEFT(Regions!$C$3,1)<>"*",Regions!$C$3,""),IF(LEFT(Regions!$D$3,1)<>"*",Regions!$D$3,""))) -> IE,National | T14: =IF($AE14="","",CONCATENATE(LEFT(Legend!$C$4),"-",$AH14,"-",$AG14,"_",$AE14,"_X0")) -> S-SH-CS_ELC_X0 | U14: =IF($AE14="","",CONCATENATE(AB14," - ",AC14,": ",AD14)) -> Commercial Services - Space heating: Electricity (heaters) | V14: =IF($AE14="","","PJ") -> PJ | W14: =IF($AE14="","","GW") -> GW | X14: =IF($AE14="","","ANNUAL") -> ANNUAL | AB14: =IF('Key Inputs'!A36="","",'Key Inputs'!A36) -> Commercial Services | AC14: =IF('Key Inputs'!B36="","",'Key Inputs'!B36) -> Space heating | AD14: =IF('Key Inputs'!C36="","",'Key Inputs'!C36) -> Electricity (heaters) | AE14: =IF('Key Inputs'!D36="","",'Key Inputs'!D36) -> ELC | AF14: =IF('Key Inputs'!E36="","",'Key Inputs'!E36) -> SRVELC | AG14: =_xlfn.XLOOKUP(AB14,Legend!$A$21:$A$22,Legend!$C$21:$C$22) -> CS | AH14: =_xlfn.XLOOKUP(AC14,Legend!$A$24:$A$34,Legend!$C$24:$C$34) -> SH | AI14: =IF($AE14="","",AJ14/I14) -> 2.6985137 | AJ14: =IF($AE14="","",H14*J14*L14) -> 2.201866
B15: =IF($AE15="",R15,T15) -> *Commercial Services Water heating | R15: =IF($AE15="","*"&AB16&" "&AC16,"PRE") -> *Commercial Services Water heating
B16: =IF($AE16="",Q16,S16) -> IE,National | C16: =IF($AE16="",R16,T16) -> S-WH-CS_COA_X0 | D16: =IF($AE16="","",U16) -> Commercial Services - Water heating: Solids | E16: =IF($AE16="","",AF16) -> SRVCOA | G16: =IF($AE16="","",CONCATENATE(Legend!$C$4,AH16,"-",AG16)) -> SRVWH-CS | H16: =IF($AE16="","",SUMIFS('Key Inputs'!$K$29:$K$114,'Key Inputs'!$A$29:$A$114,$AB16,'Key Inputs'!$B$29:$B$114,$AC16,'Key Inputs'!$C$29:$C$114,$AD16)) -> 0 | I16: =IF($AE16="","",SUMIFS('Key Inputs'!$G$29:$G$114,'Key Inputs'!$A$29:$A$114,$AB16,'Key Inputs'!$B$29:$B$114,$AC16,'Key Inputs'!$C$29:$C$114,$AD16)) -> 0.33 | J16: =IF($AE16="","",SUMIFS('Key Inputs'!$I$29:$I$114,'Key Inputs'!$A$29:$A$114,$AB16,'Key Inputs'!$B$29:$B$114,$AC16,'Key Inputs'!$C$29:$C$114,$AD16)/8760) -> 0.02283105 | K16: =IF($AE16="","",SUMIFS('Key Inputs'!$H$29:$H$114,'Key Inputs'!$A$29:$A$114,$AB16,'Key Inputs'!$B$29:$B$114,$AC16,'Key Inputs'!$C$29:$C$114,$AD16)) -> 20 | L16: =IF($AE16="","",31.536) -> 31.536 | R16: =IF($AE16="","*"&AB17&" "&AC17,"PRE") -> PRE | S16: =IF($AE16="","",_xlfn.TEXTJOIN(",",TRUE,IF(LEFT(Regions!$C$3,1)<>"*",Regions!$C$3,""),IF(LEFT(Regions!$D$3,1)<>"*",Regions!$D$3,""))) -> IE,National | T16: =IF($AE16="","",CONCATENATE(LEFT(Legend!$C$4),"-",$AH16,"-",$AG16,"_",$AE16,"_X0")) -> S-WH-CS_COA_X0 | U16: =IF($AE16="","",CONCATENATE(AB16," - ",AC16,": ",AD16)) -> Commercial Services - Water heating: Solids | V16: =IF($AE16="","","PJ") -> PJ | W16: =IF($AE16="","","GW") -> GW | X16: =IF($AE16="","","ANNUAL") -> ANNUAL | AB16: =IF('Key Inputs'!A38="","",'Key Inputs'!A38) -> Commercial Services | AC16: =IF('Key Inputs'!B38="","",'Key Inputs'!B38) -> Water heating | AD16: =IF('Key Inputs'!C38="","",'Key Inputs'!C38) -> Solids | AE16: =IF('Key Inputs'!D38="","",'Key Inputs'!D38) -> COA | AF16: =IF('Key Inputs'!E38="","",'Key Inputs'!E38) -> SRVCOA | AG16: =_xlfn.XLOOKUP(AB16,Legend!$A$21:$A$22,Legend!$C$21:$C$22) -> CS | AH16: =_xlfn.XLOOKUP(AC16,Legend!$A$24:$A$34,Legend!$C$24:$C$34) -> WH | AI16: =IF($AE16="","",AJ16/I16) -> 0 | AJ16: =IF($AE16="","",H16*J16*L16) -> 0
B17: =IF($AE17="",Q17,S17) -> IE,National | C17: =IF($AE17="",R17,T17) -> S-WH-CS_LPG_X0 | D17: =IF($AE17="","",U17) -> Commercial Services - Water heating: LPG | E17: =IF($AE17="","",AF17) -> SRVLPG | G17: =IF($AE17="","",CONCATENATE(Legend!$C$4,AH17,"-",AG17)) -> SRVWH-CS | H17: =IF($AE17="","",SUMIFS('Key Inputs'!$K$29:$K$114,'Key Inputs'!$A$29:$A$114,$AB17,'Key Inputs'!$B$29:$B$114,$AC17,'Key Inputs'!$C$29:$C$114,$AD17)) -> 0 | I17: =IF($AE17="","",SUMIFS('Key Inputs'!$G$29:$G$114,'Key Inputs'!$A$29:$A$114,$AB17,'Key Inputs'!$B$29:$B$114,$AC17,'Key Inputs'!$C$29:$C$114,$AD17)) -> 0.33 | J17: =IF($AE17="","",SUMIFS('Key Inputs'!$I$29:$I$114,'Key Inputs'!$A$29:$A$114,$AB17,'Key Inputs'!$B$29:$B$114,$AC17,'Key Inputs'!$C$29:$C$114,$AD17)/8760) -> 0.02283105 | K17: =IF($AE17="","",SUMIFS('Key Inputs'!$H$29:$H$114,'Key Inputs'!$A$29:$A$114,$AB17,'Key Inputs'!$B$29:$B$114,$AC17,'Key Inputs'!$C$29:$C$114,$AD17)) -> 20 | L17: =IF($AE17="","",31.536) -> 31.536 | R17: =IF($AE17="","*"&AB18&" "&AC18,"PRE") -> PRE | S17: =IF($AE17="","",_xlfn.TEXTJOIN(",",TRUE,IF(LEFT(Regions!$C$3,1)<>"*",Regions!$C$3,""),IF(LEFT(Regions!$D$3,1)<>"*",Regions!$D$3,""))) -> IE,National | T17: =IF($AE17="","",CONCATENATE(LEFT(Legend!$C$4),"-",$AH17,"-",$AG17,"_",$AE17,"_X0")) -> S-WH-CS_LPG_X0 | U17: =IF($AE17="","",CONCATENATE(AB17," - ",AC17,": ",AD17)) -> Commercial Services - Water heating: LPG | V17: =IF($AE17="","","PJ") -> PJ | W17: =IF($AE17="","","GW") -> GW | X17: =IF($AE17="","","ANNUAL") -> ANNUAL | AB17: =IF('Key Inputs'!A39="","",'Key Inputs'!A39) -> Commercial Services | AC17: =IF('Key Inputs'!B39="","",'Key Inputs'!B39) -> Water heating | AD17: =IF('Key Inputs'!C39="","",'Key Inputs'!C39) -> LPG | AE17: =IF('Key Inputs'!D39="","",'Key Inputs'!D39) -> LPG | AF17: =IF('Key Inputs'!E39="","",'Key Inputs'!E39) -> SRVLPG | AG17: =_xlfn.XLOOKUP(AB17,Legend!$A$21:$A$22,Legend!$C$21:$C$22) -> CS | AH17: =_xlfn.XLOOKUP(AC17,Legend!$A$24:$A$34,Legend!$C$24:$C$34) -> WH | AI17: =IF($AE17="","",AJ17/I17) -> 0 | AJ17: =IF($AE17="","",H17*J17*L17) -> 0
B18: =IF($AE18="",Q18,S18) -> IE,National | C18: =IF($AE18="",R18,T18) -> S-WH-CS_OIL_X0 | D18: =IF($AE18="","",U18) -> Commercial Services - Water heating: Oil | E18: =IF($AE18="","",AF18) -> SRVOIL | G18: =IF($AE18="","",CONCATENATE(Legend!$C$4,AH18,"-",AG18)) -> SRVWH-CS | H18: =IF($AE18="","",SUMIFS('Key Inputs'!$K$29:$K$114,'Key Inputs'!$A$29:$A$114,$AB18,'Key Inputs'!$B$29:$B$114,$AC18,'Key Inputs'!$C$29:$C$114,$AD18)) -> 0.538626 | I18: =IF($AE18="","",SUMIFS('Key Inputs'!$G$29:$G$114,'Key Inputs'!$A$29:$A$114,$AB18,'Key Inputs'!$B$29:$B$114,$AC18,'Key Inputs'!$C$29:$C$114,$AD18)) -> 0.59834964 | J18: =IF($AE18="","",SUMIFS('Key Inputs'!$I$29:$I$114,'Key Inputs'!$A$29:$A$114,$AB18,'Key Inputs'!$B$29:$B$114,$AC18,'Key Inputs'!$C$29:$C$114,$AD18)/8760)*1.02 -> 0.023287671 | K18: =IF($AE18="","",SUMIFS('Key Inputs'!$H$29:$H$114,'Key Inputs'!$A$29:$A$114,$AB18,'Key Inputs'!$B$29:$B$114,$AC18,'Key Inputs'!$C$29:$C$114,$AD18)) -> 20 | L18: =IF($AE18="","",31.536) -> 31.536 | R18: =IF($AE18="","*"&AB19&" "&AC19,"PRE") -> PRE | S18: =IF($AE18="","",_xlfn.TEXTJOIN(",",TRUE,IF(LEFT(Regions!$C$3,1)<>"*",Regions!$C$3,""),IF(LEFT(Regions!$D$3,1)<>"*",Regions!$D$3,""))) -> IE,National | T18: =IF($AE18="","",CONCATENATE(LEFT(Legend!$C$4),"-",$AH18,"-",$AG18,"_",$AE18,"_X0")) -> S-WH-CS_OIL_X0 | U18: =IF($AE18="","",CONCATENATE(AB18," - ",AC18,": ",AD18)) -> Commercial Services - Water heating: Oil | V18: =IF($AE18="","","PJ") -> PJ | W18: =IF($AE18="","","GW") -> GW | X18: =IF($AE18="","","ANNUAL") -> ANNUAL | AB18: =IF('Key Inputs'!A40="","",'Key Inputs'!A40) -> Commercial Services | AC18: =IF('Key Inputs'!B40="","",'Key Inputs'!B40) -> Water heating | AD18: =IF('Key Inputs'!C40="","",'Key Inputs'!C40) -> Oil | AE18: =IF('Key Inputs'!D40="","",'Key Inputs'!D40) -> OIL | AF18: =IF('Key Inputs'!E40="","",'Key Inputs'!E40) -> SRVOIL | AG18: =_xlfn.XLOOKUP(AB18,Legend!$A$21:$A$22,Legend!$C$21:$C$22) -> CS | AH18: =_xlfn.XLOOKUP(AC18,Legend!$A$24:$A$34,Legend!$C$24:$C$34) -> WH | AI18: =IF($AE18="","",AJ18/I18) -> 0.66109664 | AJ18: =IF($AE18="","",H18*J18*L18) -> 0.39556693
B19: =IF($AE19="",Q19,S19) -> IE,National | C19: =IF($AE19="",R19,T19) -> S-WH-CS_GAS_X0 | D19: =IF($AE19="","",U19) -> Commercial Services - Water heating: Natural Gas | E19: =IF($AE19="","",AF19) -> SRVGAS, SRVBGS | G19: =IF($AE19="","",CONCATENATE(Legend!$C$4,AH19,"-",AG19)) -> SRVWH-CS | H19: =IF($AE19="","",SUMIFS('Key Inputs'!$K$29:$K$114,'Key Inputs'!$A$29:$A$114,$AB19,'Key Inputs'!$B$29:$B$114,$AC19,'Key Inputs'!$C$29:$C$114,$AD19)) -> 1.3672066 | I19: =IF($AE19="","",SUMIFS('Key Inputs'!$G$29:$G$114,'Key Inputs'!$A$29:$A$114,$AB19,'Key Inputs'!$B$29:$B$114,$AC19,'Key Inputs'!$C$29:$C$114,$AD19)) -> 0.63024758 | J19: =IF($AE19="","",SUMIFS('Key Inputs'!$I$29:$I$114,'Key Inputs'!$A$29:$A$114,$AB19,'Key Inputs'!$B$29:$B$114,$AC19,'Key Inputs'!$C$29:$C$114,$AD19)/8760) -> 0.02283105 | K19: =IF($AE19="","",SUMIFS('Key Inputs'!$H$29:$H$114,'Key Inputs'!$A$29:$A$114,$AB19,'Key Inputs'!$B$29:$B$114,$AC19,'Key Inputs'!$C$29:$C$114,$AD19)) -> 20 | L19: =IF($AE19="","",31.536) -> 31.536 | N19: =EB_SRV!G41/'Key Inputs'!F41 -> 0 | O19: =N19 -> 0 | P19: 5 | R19: =IF($AE19="","*"&AB20&" "&AC20,"PRE") -> PRE | S19: =IF($AE19="","",_xlfn.TEXTJOIN(",",TRUE,IF(LEFT(Regions!$C$3,1)<>"*",Regions!$C$3,""),IF(LEFT(Regions!$D$3,1)<>"*",Regions!$D$3,""))) -> IE,National | T19: =IF($AE19="","",CONCATENATE(LEFT(Legend!$C$4),"-",$AH19,"-",$AG19,"_",$AE19,"_X0")) -> S-WH-CS_GAS_X0 | U19: =IF($AE19="","",CONCATENATE(AB19," - ",AC19,": ",AD19)) -> Commercial Services - Water heating: Natural Gas | V19: =IF($AE19="","","PJ") -> PJ | W19: =IF($AE19="","","GW") -> GW | X19: =IF($AE19="","","ANNUAL") -> ANNUAL | AB19: =IF('Key Inputs'!A41="","",'Key Inputs'!A41) -> Commercial Services | AC19: =IF('Key Inputs'!B41="","",'Key Inputs'!B41) -> Water heating | AD19: =IF('Key Inputs'!C41="","",'Key Inputs'!C41) -> Natural Gas | AE19: =IF('Key Inputs'!D41="","",'Key Inputs'!D41) -> GAS | AF19: =IF('Key Inputs'!E41="","",'Key Inputs'!E41) -> SRVGAS, SRVBGS | AG19: =_xlfn.XLOOKUP(AB19,Legend!$A$21:$A$22,Legend!$C$21:$C$22) -> CS | AH19: =_xlfn.XLOOKUP(AC19,Legend!$A$24:$A$34,Legend!$C$24:$C$34) -> WH | AI19: =IF($AE19="","",AJ19/I19) -> 1.561908 | AJ19: =IF($AE19="","",H19*J19*L19) -> 0.98438875
B20: =IF($AE20="",Q20,S20) -> IE,National | C20: =IF($AE20="",R20,T20) -> S-WH-CS_BIO_X0 | D20: =IF($AE20="","",U20) -> Commercial Services - Water heating: Biomass | E20: =IF($AE20="","",AF20) -> SRVBIO | G20: =IF($AE20="","",CONCATENATE(Legend!$C$4,AH20,"-",AG20)) -> SRVWH-CS | H20: =IF($AE20="","",SUMIFS('Key Inputs'!$K$29:$K$114,'Key Inputs'!$A$29:$A$114,$AB20,'Key Inputs'!$B$29:$B$114,$AC20,'Key Inputs'!$C$29:$C$114,$AD20)) -> 0 | I20: =IF($AE20="","",SUMIFS('Key Inputs'!$G$29:$G$114,'Key Inputs'!$A$29:$A$114,$AB20,'Key Inputs'!$B$29:$B$114,$AC20,'Key Inputs'!$C$29:$C$114,$AD20)) -> 0.33 | J20: =IF($AE20="","",SUMIFS('Key Inputs'!$I$29:$I$114,'Key Inputs'!$A$29:$A$114,$AB20,'Key Inputs'!$B$29:$B$114,$AC20,'Key Inputs'!$C$29:$C$114,$AD20)/8760) -> 0.02283105 | K20: =IF($AE20="","",SUMIFS('Key Inputs'!$H$29:$H$114,'Key Inputs'!$A$29:$A$114,$AB20,'Key Inputs'!$B$29:$B$114,$AC20,'Key Inputs'!$C$29:$C$114,$AD20)) -> 20 | L20: =IF($AE20="","",31.536) -> 31.536 | R20: =IF($AE20="","*"&AB21&" "&AC21,"PRE") -> PRE | S20: =IF($AE20="","",_xlfn.TEXTJOIN(",",TRUE,IF(LEFT(Regions!$C$3,1)<>"*",Regions!$C$3,""),IF(LEFT(Regions!$D$3,1)<>"*",Regions!$D$3,""))) -> IE,National | T20: =IF($AE20="","",CONCATENATE(LEFT(Legend!$C$4),"-",$AH20,"-",$AG20,"_",$AE20,"_X0")) -> S-WH-CS_BIO_X0 | U20: =IF($AE20="","",CONCATENATE(AB20," - ",AC20,": ",AD20)) -> Commercial Services - Water heating: Biomass | V20: =IF($AE20="","","PJ") -> PJ | W20: =IF($AE20="","","GW") -> GW | X20: =IF($AE20="","","ANNUAL") -> ANNUAL | AB20: =IF('Key Inputs'!A42="","",'Key Inputs'!A42) -> Commercial Services | AC20: =IF('Key Inputs'!B42="","",'Key Inputs'!B42) -> Water heating | AD20: =IF('Key Inputs'!C42="","",'Key Inputs'!C42) -> Biomass | AE20: =IF('Key Inputs'!D42="","",'Key Inputs'!D42) -> BIO | AF20: =IF('Key Inputs'!E42="","",'Key Inputs'!E42) -> SRVBIO | AG20: =_xlfn.XLOOKUP(AB20,Legend!$A$21:$A$22,Legend!$C$21:$C$22) -> CS | AH20: =_xlfn.XLOOKUP(AC20,Legend!$A$24:$A$34,Legend!$C$24:$C$34) -> WH | AI20: =IF($AE20="","",AJ20/I20) -> 0 | AJ20: =IF($AE20="","",H20*J20*L20) -> 0
B21: =IF($AE21="",Q21,S21) -> IE,National | C21: =IF($AE21="",R21,T21) -> S-WH-CS_ELC_X0 | D21: =IF($AE21="","",U21) -> Commercial Services - Water heating: Electricity | E21: =IF($AE21="","",AF21) -> SRVELC | G21: =IF($AE21="","",CONCATENATE(Legend!$C$4,AH21,"-",AG21)) -> SRVWH-CS | H21: =IF($AE21="","",SUMIFS('Key Inputs'!$K$29:$K$114,'Key Inputs'!$A$29:$A$114,$AB21,'Key Inputs'!$B$29:$B$114,$AC21,'Key Inputs'!$C$29:$C$114,$AD21)) -> 1.656701 | I21: =IF($AE21="","",SUMIFS('Key Inputs'!$G$29:$G$114,'Key Inputs'!$A$29:$A$114,$AB21,'Key Inputs'!$B$29:$B$114,$AC21,'Key Inputs'!$C$29:$C$114,$AD21)) -> 0.77915339 | J21: =IF($AE21="","",SUMIFS('Key Inputs'!$I$29:$I$114,'Key Inputs'!$A$29:$A$114,$AB21,'Key Inputs'!$B$29:$B$114,$AC21,'Key Inputs'!$C$29:$C$114,$AD21)/8760) -> 0.02283105 | K21: =IF($AE21="","",SUMIFS('Key Inputs'!$H$29:$H$114,'Key Inputs'!$A$29:$A$114,$AB21,'Key Inputs'!$B$29:$B$114,$AC21,'Key Inputs'!$C$29:$C$114,$AD21)) -> 10 | L21: =IF($AE21="","",31.536) -> 31.536 | R21: =IF($AE21="","*"&AB22&" "&AC22,"PRE") -> PRE | S21: =IF($AE21="","",_xlfn.TEXTJOIN(",",TRUE,IF(LEFT(Regions!$C$3,1)<>"*",Regions!$C$3,""),IF(LEFT(Regions!$D$3,1)<>"*",Regions!$D$3,""))) -> IE,National | T21: =IF($AE21="","",CONCATENATE(LEFT(Legend!$C$4),"-",$AH21,"-",$AG21,"_",$AE21,"_X0")) -> S-WH-CS_ELC_X0 | U21: =IF($AE21="","",CONCATENATE(AB21," - ",AC21,": ",AD21)) -> Commercial Services - Water heating: Electricity | V21: =IF($AE21="","","PJ") -> PJ | W21: =IF($AE21="","","GW") -> GW | X21: =IF($AE21="","","ANNUAL") -> ANNUAL | AB21: =IF('Key Inputs'!A43="","",'Key Inputs'!A43) -> Commercial Services | AC21: =IF('Key Inputs'!B43="","",'Key Inputs'!B43) -> Water heating | AD21: =IF('Key Inputs'!C43="","",'Key Inputs'!C43) -> Electricity | AE21: =IF('Key Inputs'!D43="","",'Key Inputs'!D43) -> ELC | AF21: =IF('Key Inputs'!E43="","",'Key Inputs'!E43) -> SRVELC | AG21: =_xlfn.XLOOKUP(AB21,Legend!$A$21:$A$22,Legend!$C$21:$C$22) -> CS | AH21: =_xlfn.XLOOKUP(AC21,Legend!$A$24:$A$34,Legend!$C$24:$C$34) -> WH | AI21: =IF($AE21="","",AJ21/I21) -> 1.5309241 | AJ21: =IF($AE21="","",H21*J21*L21) -> 1.1928247
B22: =IF($AE22="",Q22,S22) -> IE,National | C22: =IF($AE22="",R22,T22) -> S-WH-CS_SOL_X0 | D22: =IF($AE22="","",U22) -> Commercial Services - Water heating: Solar | E22: =IF($AE22="","",AF22) -> SRVSOL | G22: =IF($AE22="","",CONCATENATE(Legend!$C$4,AH22,"-",AG22)) -> SRVWH-CS | H22: =IF($AE22="","",SUMIFS('Key Inputs'!$K$29:$K$114,'Key Inputs'!$A$29:$A$114,$AB22,'Key Inputs'!$B$29:$B$114,$AC22,'Key Inputs'!$C$29:$C$114,$AD22)) -> 0.0096816646 | I22: =IF($AE22="","",SUMIFS('Key Inputs'!$G$29:$G$114,'Key Inputs'!$A$29:$A$114,$AB22,'Key Inputs'!$B$29:$B$114,$AC22,'Key Inputs'!$C$29:$C$114,$AD22)) -> 1 | J22: =IF($AE22="","",SUMIFS('Key Inputs'!$I$29:$I$114,'Key Inputs'!$A$29:$A$114,$AB22,'Key Inputs'!$B$29:$B$114,$AC22,'Key Inputs'!$C$29:$C$114,$AD22)/8760) -> 0.02283105 | K22: =IF($AE22="","",SUMIFS('Key Inputs'!$H$29:$H$114,'Key Inputs'!$A$29:$A$114,$AB22,'Key Inputs'!$B$29:$B$114,$AC22,'Key Inputs'!$C$29:$C$114,$AD22)) -> 15 | L22: =IF($AE22="","",31.536) -> 31.536 | R22: =IF($AE22="","*"&AB23&" "&AC23,"PRE") -> PRE | S22: =IF($AE22="","",_xlfn.TEXTJOIN(",",TRUE,IF(LEFT(Regions!$C$3,1)<>"*",Regions!$C$3,""),IF(LEFT(Regions!$D$3,1)<>"*",Regions!$D$3,""))) -> IE,National | T22: =IF($AE22="","",CONCATENATE(LEFT(Legend!$C$4),"-",$AH22,"-",$AG22,"_",$AE22,"_X0")) -> S-WH-CS_SOL_X0 | U22: =IF($AE22="","",CONCATENATE(AB22," - ",AC22,": ",AD22)) -> Commercial Services - Water heating: Solar | V22: =IF($AE22="","","PJ") -> PJ | W22: =IF($AE22="","","GW") -> GW | X22: =IF($AE22="","","ANNUAL") -> ANNUAL | AB22: =IF('Key Inputs'!A44="","",'Key Inputs'!A44) -> Commercial Services | AC22: =IF('Key Inputs'!B44="","",'Key Inputs'!B44) -> Water heating | AD22: =IF('Key Inputs'!C44="","",'Key Inputs'!C44) -> Solar | AE22: =IF('Key Inputs'!D44="","",'Key Inputs'!D44) -> SOL | AF22: =IF('Key Inputs'!E44="","",'Key Inputs'!E44) -> SRVSOL | AG22: =_xlfn.XLOOKUP(AB22,Legend!$A$21:$A$22,Legend!$C$21:$C$22) -> CS | AH22: =_xlfn.XLOOKUP(AC22,Legend!$A$24:$A$34,Legend!$C$24:$C$34) -> WH | AI22: =IF($AE22="","",AJ22/I22) -> 0.0069707985 | AJ22: =IF($AE22="","",H22*J22*L22) -> 0.0069707985
B23: =IF($AE23="",R23,T23) -> *Commercial Services Space cooling | R23: =IF($AE23="","*"&AB24&" "&AC24,"PRE") -> *Commercial Services Space cooling
B24: =IF($AE24="",Q24,S24) -> IE,National | C24: =IF($AE24="",R24,T24) -> S-SC-CS_GAS_X0 | D24: =IF($AE24="","",U24) -> Commercial Services - Space cooling: Natural Gas | E24: =IF($AE24="","",AF24) -> SRVGAS | G24: =IF($AE24="","",CONCATENATE(Legend!$C$4,AH24,"-",AG24)) -> SRVSC-CS | H24: =IF($AE24="","",SUMIFS('Key Inputs'!$K$29:$K$114,'Key Inputs'!$A$29:$A$114,$AB24,'Key Inputs'!$B$29:$B$114,$AC24,'Key Inputs'!$C$29:$C$114,$AD24)) -> 0.013041689 | I24: =IF($AE24="","",SUMIFS('Key Inputs'!$G$29:$G$114,'Key Inputs'!$A$29:$A$114,$AB24,'Key Inputs'!$B$29:$B$114,$AC24,'Key Inputs'!$C$29:$C$114,$AD24)) -> 2.7679849 | J24: =IF($AE24="","",SUMIFS('Key Inputs'!$I$29:$I$114,'Key Inputs'!$A$29:$A$114,$AB24,'Key Inputs'!$B$29:$B$114,$AC24,'Key Inputs'!$C$29:$C$114,$AD24)/8760) -> 0.034246575 | K24: =IF($AE24="","",SUMIFS('Key Inputs'!$H$29:$H$114,'Key Inputs'!$A$29:$A$114,$AB24,'Key Inputs'!$B$29:$B$114,$AC24,'Key Inputs'!$C$29:$C$114,$AD24)) -> 15 | L24: =IF($AE24="","",31.536) -> 31.536 | R24: =IF($AE24="","*"&AB25&" "&AC25,"PRE") -> PRE | S24: =IF($AE24="","",_xlfn.TEXTJOIN(",",TRUE,IF(LEFT(Regions!$C$3,1)<>"*",Regions!$C$3,""),IF(LEFT(Regions!$D$3,1)<>"*",Regions!$D$3,""))) -> IE,National | T24: =IF($AE24="","",CONCATENATE(LEFT(Legend!$C$4),"-",$AH24,"-",$AG24,"_",$AE24,"_X0")) -> S-SC-CS_GAS_X0 | U24: =IF($AE24="","",CONCATENATE(AB24," - ",AC24,": ",AD24)) -> Commercial Services - Space cooling: Natural Gas | V24: =IF($AE24="","","PJ") -> PJ | W24: =IF($AE24="","","GW") -> GW | X24: =IF($AE24="","","ANNUAL") -> ANNUAL | AB24: =IF('Key Inputs'!A46="","",'Key Inputs'!A46) -> Commercial Services | AC24: =IF('Key Inputs'!B46="","",'Key Inputs'!B46) -> Space cooling | AD24: =IF('Key Inputs'!C46="","",'Key Inputs'!C46) -> Natural Gas | AE24: =IF('Key Inputs'!D46="","",'Key Inputs'!D46) -> GAS | AF24: =IF('Key Inputs'!E46="","",'Key Inputs'!E46) -> SRVGAS | AG24: =_xlfn.XLOOKUP(AB24,Legend!$A$21:$A$22,Legend!$C$21:$C$22) -> CS | AH24: =_xlfn.XLOOKUP(AC24,Legend!$A$24:$A$34,Legend!$C$24:$C$34) -> SC | AI24: =IF($AE24="","",AJ24/I24) -> 0.005088548 | AJ24: =IF($AE24="","",H24*J24*L24) -> 0.014085024
B25: =IF($AE25="",Q25,S25) -> IE,National | C25: =IF($AE25="",R25,T25) -> S-SC-CS_ELC_X0 | D25: =IF($AE25="","",U25) -> Commercial Services - Space cooling: Electricity | E25: =IF($AE25="","",AF25) -> SRVELC | G25: =IF($AE25="","",CONCATENATE(Legend!$C$4,AH25,"-",AG25)) -> SRVSC-CS | H25: =IF($AE25="","",SUMIFS('Key Inputs'!$K$29:$K$114,'Key Inputs'!$A$29:$A$114,$AB25,'Key Inputs'!$B$29:$B$114,$AC25,'Key Inputs'!$C$29:$C$114,$AD25)) -> 3.4152372 | I25: =IF($AE25="","",SUMIFS('Key Inputs'!$G$29:$G$114,'Key Inputs'!$A$29:$A$114,$AB25,'Key Inputs'!$B$29:$B$114,$AC25,'Key Inputs'!$C$29:$C$114,$AD25)) -> 2.7466472 | J25: =IF($AE25="","",SUMIFS('Key Inputs'!$I$29:$I$114,'Key Inputs'!$A$29:$A$114,$AB25,'Key Inputs'!$B$29:$B$114,$AC25,'Key Inputs'!$C$29:$C$114,$AD25)/8760) -> 0.034246575 | K25: =IF($AE25="","",SUMIFS('Key Inputs'!$H$29:$H$114,'Key Inputs'!$A$29:$A$114,$AB25,'Key Inputs'!$B$29:$B$114,$AC25,'Key Inputs'!$C$29:$C$114,$AD25)) -> 15 | L25: =IF($AE25="","",31.536) -> 31.536 | R25: =IF($AE25="","*"&AB26&" "&AC26,"PRE") -> PRE | S25: =IF($AE25="","",_xlfn.TEXTJOIN(",",TRUE,IF(LEFT(Regions!$C$3,1)<>"*",Regions!$C$3,""),IF(LEFT(Regions!$D$3,1)<>"*",Regions!$D$3,""))) -> IE,National | T25: =IF($AE25="","",CONCATENATE(LEFT(Legend!$C$4),"-",$AH25,"-",$AG25,"_",$AE25,"_X0")) -> S-SC-CS_ELC_X0 | U25: =IF($AE25="","",CONCATENATE(AB25," - ",AC25,": ",AD25)) -> Commercial Services - Space cooling: Electricity | V25: =IF($AE25="","","PJ") -> PJ | W25: =IF($AE25="","","GW") -> GW | X25: =IF($AE25="","","ANNUAL") -> ANNUAL | AB25: =IF('Key Inputs'!A47="","",'Key Inputs'!A47) -> Commercial Services | AC25: =IF('Key Inputs'!B47="","",'Key Inputs'!B47) -> Space cooling | AD25: =IF('Key Inputs'!C47="","",'Key Inputs'!C47) -> Electricity | AE25: =IF('Key Inputs'!D47="","",'Key Inputs'!D47) -> ELC | AF25: =IF('Key Inputs'!E47="","",'Key Inputs'!E47) -> SRVELC | AG25: =_xlfn.XLOOKUP(AB25,Legend!$A$21:$A$22,Legend!$C$21:$C$22) -> CS | AH25: =_xlfn.XLOOKUP(AC25,Legend!$A$24:$A$34,Legend!$C$24:$C$34) -> SC | AI25: =IF($AE25="","",AJ25/I25) -> 1.3428941 | AJ25: =IF($AE25="","",H25*J25*L25) -> 3.6884562
B26: =IF($AE26="",R26,T26) -> *Public Services Space heating | R26: =IF($AE26="","*"&AB27&" "&AC27,"PRE") -> *Public Services Space heating
B27: =IF($AE27="",Q27,S27) -> IE,National | C27: =IF($AE27="",R27,T27) -> S-SH-PU_COA_X0 | D27: =IF($AE27="","",U27) -> Public Services - Space heating: Solids | E27: =IF($AE27="","",AF27) -> SRVCOA | G27: =IF($AE27="","",CONCATENATE(Legend!$C$4,AH27,"-",AG27)) -> SRVSH-PU | H27: =IF($AE27="","",SUMIFS('Key Inputs'!$K$29:$K$114,'Key Inputs'!$A$29:$A$114,$AB27,'Key Inputs'!$B$29:$B$114,$AC27,'Key Inputs'!$C$29:$C$114,$AD27)) -> 7.6746457e-06 | I27: =IF($AE27="","",SUMIFS('Key Inputs'!$G$29:$G$114,'Key Inputs'!$A$29:$A$114,$AB27,'Key Inputs'!$B$29:$B$114,$AC27,'Key Inputs'!$C$29:$C$114,$AD27)) -> 0.33 | J27: =IF($AE27="","",SUMIFS('Key Inputs'!$I$29:$I$114,'Key Inputs'!$A$29:$A$114,$AB27,'Key Inputs'!$B$29:$B$114,$AC27,'Key Inputs'!$C$29:$C$114,$AD27)/8760) -> 0.11415525 | K27: =IF($AE27="","",SUMIFS('Key Inputs'!$H$29:$H$114,'Key Inputs'!$A$29:$A$114,$AB27,'Key Inputs'!$B$29:$B$114,$AC27,'Key Inputs'!$C$29:$C$114,$AD27)) -> 20 | L27: =IF($AE27="","",31.536) -> 31.536 | R27: =IF($AE27="","*"&AB28&" "&AC28,"PRE") -> PRE | S27: =IF($AE27="","",_xlfn.TEXTJOIN(",",TRUE,IF(LEFT(Regions!$C$3,1)<>"*",Regions!$C$3,""),IF(LEFT(Regions!$D$3,1)<>"*",Regions!$D$3,""))) -> IE,National | T27: =IF($AE27="","",CONCATENATE(LEFT(Legend!$C$4),"-",$AH27,"-",$AG27,"_",$AE27,"_X0")) -> S-SH-PU_COA_X0 | U27: =IF($AE27="","",CONCATENATE(AB27," - ",AC27,": ",AD27)) -> Public Services - Space heating: Solids | V27: =IF($AE27="","","PJ") -> PJ | W27: =IF($AE27="","","GW") -> GW | X27: =IF($AE27="","","ANNUAL") -> ANNUAL | AB27: =IF('Key Inputs'!A49="","",'Key Inputs'!A49) -> Public Services | AC27: =IF('Key Inputs'!B49="","",'Key Inputs'!B49) -> Space heating | AD27: =IF('Key Inputs'!C49="","",'Key Inputs'!C49) -> Solids | AE27: =IF('Key Inputs'!D49="","",'Key Inputs'!D49) -> COA | AF27: =IF('Key Inputs'!E49="","",'Key Inputs'!E49) -> SRVCOA | AG27: =_xlfn.XLOOKUP(AB27,Legend!$A$21:$A$22,Legend!$C$21:$C$22) -> PU | AH27: =_xlfn.XLOOKUP(AC27,Legend!$A$24:$A$34,Legend!$C$24:$C$34) -> SH | AI27: =IF($AE27="","",AJ27/I27) -> 8.3723408e-05 | AJ27: =IF($AE27="","",H27*J27*L27) -> 2.7628725e-05
B28: =IF($AE28="",Q28,S28) -> IE,National | C28: =IF($AE28="",R28,T28) -> S-SH-PU_LPG_X0 | D28: =IF($AE28="","",U28) -> Public Services - Space heating: LPG | E28: =IF($AE28="","",AF28) -> SRVLPG | G28: =IF($AE28="","",CONCATENATE(Legend!$C$4,AH28,"-",AG28)) -> SRVSH-PU | H28: =IF($AE28="","",SUMIFS('Key Inputs'!$K$29:$K$114,'Key Inputs'!$A$29:$A$114,$AB28,'Key Inputs'!$B$29:$B$114,$AC28,'Key Inputs'!$C$29:$C$114,$AD28)) -> 0 | I28: =IF($AE28="","",SUMIFS('Key Inputs'!$G$29:$G$114,'Key Inputs'!$A$29:$A$114,$AB28,'Key Inputs'!$B$29:$B$114,$AC28,'Key Inputs'!$C$29:$C$114,$AD28)) -> 0.33 | J28: =IF($AE28="","",SUMIFS('Key Inputs'!$I$29:$I$114,'Key Inputs'!$A$29:$A$114,$AB28,'Key Inputs'!$B$29:$B$114,$AC28,'Key Inputs'!$C$29:$C$114,$AD28)/8760) -> 0.11415525 | K28: =IF($AE28="","",SUMIFS('Key Inputs'!$H$29:$H$114,'Key Inputs'!$A$29:$A$114,$AB28,'Key Inputs'!$B$29:$B$114,$AC28,'Key Inputs'!$C$29:$C$114,$AD28)) -> 20 | L28: =IF($AE28="","",31.536) -> 31.536 | R28: =IF($AE28="","*"&AB29&" "&AC29,"PRE") -> PRE | S28: =IF($AE28="","",_xlfn.TEXTJOIN(",",TRUE,IF(LEFT(Regions!$C$3,1)<>"*",Regions!$C$3,""),IF(LEFT(Regions!$D$3,1)<>"*",Regions!$D$3,""))) -> IE,National | T28: =IF($AE28="","",CONCATENATE(LEFT(Legend!$C$4),"-",$AH28,"-",$AG28,"_",$AE28,"_X0")) -> S-SH-PU_LPG_X0 | U28: =IF($AE28="","",CONCATENATE(AB28," - ",AC28,": ",AD28)) -> Public Services - Space heating: LPG | V28: =IF($AE28="","","PJ") -> PJ | W28: =IF($AE28="","","GW") -> GW | X28: =IF($AE28="","","ANNUAL") -> ANNUAL | AB28: =IF('Key Inputs'!A50="","",'Key Inputs'!A50) -> Public Services | AC28: =IF('Key Inputs'!B50="","",'Key Inputs'!B50) -> Space heating | AD28: =IF('Key Inputs'!C50="","",'Key Inputs'!C50) -> LPG | AE28: =IF('Key Inputs'!D50="","",'Key Inputs'!D50) -> LPG | AF28: =IF('Key Inputs'!E50="","",'Key Inputs'!E50) -> SRVLPG | AG28: =_xlfn.XLOOKUP(AB28,Legend!$A$21:$A$22,Legend!$C$21:$C$22) -> PU | AH28: =_xlfn.XLOOKUP(AC28,Legend!$A$24:$A$34,Legend!$C$24:$C$34) -> SH | AI28: =IF($AE28="","",AJ28/I28) -> 0 | AJ28: =IF($AE28="","",H28*J28*L28) -> 0
B29: =IF($AE29="",Q29,S29) -> IE,National | C29: =IF($AE29="",R29,T29) -> S-SH-PU_OIL_X0 | D29: =IF($AE29="","",U29) -> Public Services - Space heating: Oil | E29: =IF($AE29="","",AF29) -> SRVOIL | G29: =IF($AE29="","",CONCATENATE(Legend!$C$4,AH29,"-",AG29)) -> SRVSH-PU | H29: =IF($AE29="","",SUMIFS('Key Inputs'!$K$29:$K$114,'Key Inputs'!$A$29:$A$114,$AB29,'Key Inputs'!$B$29:$B$114,$AC29,'Key Inputs'!$C$29:$C$114,$AD29)) -> 0.59300199 | I29: =IF($AE29="","",SUMIFS('Key Inputs'!$G$29:$G$114,'Key Inputs'!$A$29:$A$114,$AB29,'Key Inputs'!$B$29:$B$114,$AC29,'Key Inputs'!$C$29:$C$114,$AD29)) -> 0.65835584 | J29: =IF($AE29="","",SUMIFS('Key Inputs'!$I$29:$I$114,'Key Inputs'!$A$29:$A$114,$AB29,'Key Inputs'!$B$29:$B$114,$AC29,'Key Inputs'!$C$29:$C$114,$AD29)/8760) -> 0.11415525 | K29: =IF($AE29="","",SUMIFS('Key Inputs'!$H$29:$H$114,'Key Inputs'!$A$29:$A$114,$AB29,'Key Inputs'!$B$29:$B$114,$AC29,'Key Inputs'!$C$29:$C$114,$AD29)) -> 20 | L29: =IF($AE29="","",31.536) -> 31.536 | R29: =IF($AE29="","*"&#REF!&" "&#REF!,"PRE") -> PRE | S29: =IF($AE29="","",_xlfn.TEXTJOIN(",",TRUE,IF(LEFT(Regions!$C$3,1)<>"*",Regions!$C$3,""),IF(LEFT(Regions!$D$3,1)<>"*",Regions!$D$3,""))) -> IE,National | T29: =IF($AE29="","",CONCATENATE(LEFT(Legend!$C$4),"-",$AH29,"-",$AG29,"_",$AE29,"_X0")) -> S-SH-PU_OIL_X0 | U29: =IF($AE29="","",CONCATENATE(AB29," - ",AC29,": ",AD29)) -> Public Services - Space heating: Oil | V29: =IF($AE29="","","PJ") -> PJ | W29: =IF($AE29="","","GW") -> GW | X29: =IF($AE29="","","ANNUAL") -> ANNUAL | AB29: =IF('Key Inputs'!A51="","",'Key Inputs'!A51) -> Public Services | AC29: =IF('Key Inputs'!B51="","",'Key Inputs'!B51) -> Space heating | AD29: =IF('Key Inputs'!C51="","",'Key Inputs'!C51) -> Oil | AE29: =IF('Key Inputs'!D51="","",'Key Inputs'!D51) -> OIL | AF29: =IF('Key Inputs'!E51="","",'Key Inputs'!E51) -> SRVOIL | AG29: =_xlfn.XLOOKUP(AB29,Legend!$A$21:$A$22,Legend!$C$21:$C$22) -> PU | AH29: =_xlfn.XLOOKUP(AC29,Legend!$A$24:$A$34,Legend!$C$24:$C$34) -> SH | AI29: =IF($AE29="","",AJ29/I29) -> 3.2426342 | AJ29: =IF($AE29="","",H29*J29*L29) -> 2.1348072
B30: =IF($AE30="",Q30,S30) -> IE,National | C30: =IF($AE30="",R30,T30) -> S-SH-PU_GAS_X0 | D30: =IF($AE30="","",U30) -> Public Services - Space heating: Natural Gas | E30: =IF($AE30="","",AF30) -> SRVGAS, SRVBGS | G30: =IF($AE30="","",CONCATENATE(Legend!$C$4,AH30,"-",AG30)) -> SRVSH-PU | H30: =IF($AE30="","",SUMIFS('Key Inputs'!$K$29:$K$114,'Key Inputs'!$A$29:$A$114,$AB30,'Key Inputs'!$B$29:$B$114,$AC30,'Key Inputs'!$C$29:$C$114,$AD30)) -> 0.7034399 | I30: =IF($AE30="","",SUMIFS('Key Inputs'!$G$29:$G$114,'Key Inputs'!$A$29:$A$114,$AB30,'Key Inputs'!$B$29:$B$114,$AC30,'Key Inputs'!$C$29:$C$114,$AD30)) -> 0.77299617 | J30: =IF($AE30="","",SUMIFS('Key Inputs'!$I$29:$I$114,'Key Inputs'!$A$29:$A$114,$AB30,'Key Inputs'!$B$29:$B$114,$AC30,'Key Inputs'!$C$29:$C$114,$AD30)/8760) -> 0.11415525 | K30: =IF($AE30="","",SUMIFS('Key Inputs'!$H$29:$H$114,'Key Inputs'!$A$29:$A$114,$AB30,'Key Inputs'!$B$29:$B$114,$AC30,'Key Inputs'!$C$29:$C$114,$AD30)) -> 20 | L30: =IF($AE30="","",31.536) -> 31.536 | N30: =EB_SRV!G69/'Key Inputs'!F52 -> 0.06156516 | O30: =N30 -> 0.06156516 | P30: 5 | R30: =IF($AE30="","*"&AB31&" "&AC31,"PRE") -> PRE | S30: =IF($AE30="","",_xlfn.TEXTJOIN(",",TRUE,IF(LEFT(Regions!$C$3,1)<>"*",Regions!$C$3,""),IF(LEFT(Regions!$D$3,1)<>"*",Regions!$D$3,""))) -> IE,National | T30: =IF($AE30="","",CONCATENATE(LEFT(Legend!$C$4),"-",$AH30,"-",$AG30,"_",$AE30,"_X0")) -> S-SH-PU_GAS_X0 | U30: =IF($AE30="","",CONCATENATE(AB30," - ",AC30,": ",AD30)) -> Public Services - Space heating: Natural Gas | V30: =IF($AE30="","","PJ") -> PJ | W30: =IF($AE30="","","GW") -> GW | X30: =IF($AE30="","","ANNUAL") -> ANNUAL | AB30: =IF('Key Inputs'!A52="","",'Key Inputs'!A52) -> Public Services | AC30: =IF('Key Inputs'!B52="","",'Key Inputs'!B52) -> Space heating | AD30: =IF('Key Inputs'!C52="","",'Key Inputs'!C52) -> Natural Gas | AE30: =IF('Key Inputs'!D52="","",'Key Inputs'!D52) -> GAS | AF30: =IF('Key Inputs'!E52="","",'Key Inputs'!E52) -> SRVGAS, SRVBGS | AG30: =_xlfn.XLOOKUP(AB30,Legend!$A$21:$A$22,Legend!$C$21:$C$22) -> PU | AH30: =_xlfn.XLOOKUP(AC30,Legend!$A$24:$A$34,Legend!$C$24:$C$34) -> SH | AI30: =IF($AE30="","",AJ30/I30) -> 3.2760623 | AJ30: =IF($AE30="","",H30*J30*L30) -> 2.5323836
B31: =IF($AE31="",Q31,S31) -> IE,National | C31: =IF($AE31="",R31,T31) -> S-SH-PU_BIO_X0 | D31: =IF($AE31="","",U31) -> Public Services - Space heating: Biomass | E31: =IF($AE31="","",AF31) -> SRVBIO | G31: =IF($AE31="","",CONCATENATE(Legend!$C$4,AH31,"-",AG31)) -> SRVSH-PU | H31: =IF($AE31="","",SUMIFS('Key Inputs'!$K$29:$K$114,'Key Inputs'!$A$29:$A$114,$AB31,'Key Inputs'!$B$29:$B$114,$AC31,'Key Inputs'!$C$29:$C$114,$AD31)) -> 0.080214712 | I31: =IF($AE31="","",SUMIFS('Key Inputs'!$G$29:$G$114,'Key Inputs'!$A$29:$A$114,$AB31,'Key Inputs'!$B$29:$B$114,$AC31,'Key Inputs'!$C$29:$C$114,$AD31)) -> 0.63490443 | J31: =IF($AE31="","",SUMIFS('Key Inputs'!$I$29:$I$114,'Key Inputs'!$A$29:$A$114,$AB31,'Key Inputs'!$B$29:$B$114,$AC31,'Key Inputs'!$C$29:$C$114,$AD31)/8760) -> 0.11415525 | K31: =IF($AE31="","",SUMIFS('Key Inputs'!$H$29:$H$114,'Key Inputs'!$A$29:$A$114,$AB31,'Key Inputs'!$B$29:$B$114,$AC31,'Key Inputs'!$C$29:$C$114,$AD31)) -> 20 | L31: =IF($AE31="","",31.536) -> 31.536 | R31: =IF($AE31="","*"&AB32&" "&AC32,"PRE") -> PRE | S31: =IF($AE31="","",_xlfn.TEXTJOIN(",",TRUE,IF(LEFT(Regions!$C$3,1)<>"*",Regions!$C$3,""),IF(LEFT(Regions!$D$3,1)<>"*",Regions!$D$3,""))) -> IE,National | T31: =IF($AE31="","",CONCATENATE(LEFT(Legend!$C$4),"-",$AH31,"-",$AG31,"_",$AE31,"_X0")) -> S-SH-PU_BIO_X0 | U31: =IF($AE31="","",CONCATENATE(AB31," - ",AC31,": ",AD31)) -> Public Services - Space heating: Biomass | V31: =IF($AE31="","","PJ") -> PJ | W31: =IF($AE31="","","GW") -> GW | X31: =IF($AE31="","","ANNUAL") -> ANNUAL | AB31: =IF('Key Inputs'!A53="","",'Key Inputs'!A53) -> Public Services | AC31: =IF('Key Inputs'!B53="","",'Key Inputs'!B53) -> Space heating | AD31: =IF('Key Inputs'!C53="","",'Key Inputs'!C53) -> Biomass | AE31: =IF('Key Inputs'!D53="","",'Key Inputs'!D53) -> BIO | AF31: =IF('Key Inputs'!E53="","",'Key Inputs'!E53) -> SRVBIO | AG31: =_xlfn.XLOOKUP(AB31,Legend!$A$21:$A$22,Legend!$C$21:$C$22) -> PU | AH31: =_xlfn.XLOOKUP(AC31,Legend!$A$24:$A$34,Legend!$C$24:$C$34) -> SH | AI31: =IF($AE31="","",AJ31/I31) -> 0.45482902 | AJ31: =IF($AE31="","",H31*J31*L31) -> 0.28877296
B32: =IF($AE32="",Q32,S32) -> IE,National | C32: =IF($AE32="",R32,T32) -> S-SH-PU_SOL_X0 | D32: =IF($AE32="","",U32) -> Public Services - Space heating: Solar | E32: =IF($AE32="","",AF32) -> SRVSOL | G32: =IF($AE32="","",CONCATENATE(Legend!$C$4,AH32,"-",AG32)) -> SRVSH-PU | H32: =IF($AE32="","",SUMIFS('Key Inputs'!$K$29:$K$114,'Key Inputs'!$A$29:$A$114,$AB32,'Key Inputs'!$B$29:$B$114,$AC32,'Key Inputs'!$C$29:$C$114,$AD32)) -> 0 | I32: =IF($AE32="","",SUMIFS('Key Inputs'!$G$29:$G$114,'Key Inputs'!$A$29:$A$114,$AB32,'Key Inputs'!$B$29:$B$114,$AC32,'Key Inputs'!$C$29:$C$114,$AD32)) -> 0.33 | J32: =IF($AE32="","",SUMIFS('Key Inputs'!$I$29:$I$114,'Key Inputs'!$A$29:$A$114,$AB32,'Key Inputs'!$B$29:$B$114,$AC32,'Key Inputs'!$C$29:$C$114,$AD32)/8760) -> 0.11415525 | K32: =IF($AE32="","",SUMIFS('Key Inputs'!$H$29:$H$114,'Key Inputs'!$A$29:$A$114,$AB32,'Key Inputs'!$B$29:$B$114,$AC32,'Key Inputs'!$C$29:$C$114,$AD32)) -> 15 | L32: =IF($AE32="","",31.536) -> 31.536 | R32: =IF($AE32="","*"&AB33&" "&AC33,"PRE") -> PRE | S32: =IF($AE32="","",_xlfn.TEXTJOIN(",",TRUE,IF(LEFT(Regions!$C$3,1)<>"*",Regions!$C$3,""),IF(LEFT(Regions!$D$3,1)<>"*",Regions!$D$3,""))) -> IE,National | T32: =IF($AE32="","",CONCATENATE(LEFT(Legend!$C$4),"-",$AH32,"-",$AG32,"_",$AE32,"_X0")) -> S-SH-PU_SOL_X0 | U32: =IF($AE32="","",CONCATENATE(AB32," - ",AC32,": ",AD32)) -> Public Services - Space heating: Solar | V32: =IF($AE32="","","PJ") -> PJ | W32: =IF($AE32="","","GW") -> GW | X32: =IF($AE32="","","ANNUAL") -> ANNUAL | AB32: =IF('Key Inputs'!A54="","",'Key Inputs'!A54) -> Public Services | AC32: =IF('Key Inputs'!B54="","",'Key Inputs'!B54) -> Space heating | AD32: =IF('Key Inputs'!C54="","",'Key Inputs'!C54) -> Solar | AE32: =IF('Key Inputs'!D54="","",'Key Inputs'!D54) -> SOL | AF32: =IF('Key Inputs'!E54="","",'Key Inputs'!E54) -> SRVSOL | AG32: =_xlfn.XLOOKUP(AB32,Legend!$A$21:$A$22,Legend!$C$21:$C$22) -> PU | AH32: =_xlfn.XLOOKUP(AC32,Legend!$A$24:$A$34,Legend!$C$24:$C$34) -> SH | AI32: =IF($AE32="","",AJ32/I32) -> 0 | AJ32: =IF($AE32="","",H32*J32*L32) -> 0
B33: =IF($AE33="",Q33,S33) -> IE,National | C33: =IF($AE33="",R33,T33) -> S-SH-PU_ELC-HP_X0 | D33: =IF($AE33="","",U33) -> Public Services - Space heating: Electricity (heat pumps) | E33: =IF($AE33="","",AF33) -> SRVELC,SRVAHT | G33: =IF($AE33="","",CONCATENATE(Legend!$C$4,AH33,"-",AG33)) -> SRVSH-PU | H33: =IF($AE33="","",SUMIFS('Key Inputs'!$K$29:$K$114,'Key Inputs'!$A$29:$A$114,$AB33,'Key Inputs'!$B$29:$B$114,$AC33,'Key Inputs'!$C$29:$C$114,$AD33)) -> 0.1044837 | I33: =IF($AE33="","",SUMIFS('Key Inputs'!$G$29:$G$114,'Key Inputs'!$A$29:$A$114,$AB33,'Key Inputs'!$B$29:$B$114,$AC33,'Key Inputs'!$C$29:$C$114,$AD33)) -> 2.1 | J33: =IF($AE33="","",SUMIFS('Key Inputs'!$I$29:$I$114,'Key Inputs'!$A$29:$A$114,$AB33,'Key Inputs'!$B$29:$B$114,$AC33,'Key Inputs'!$C$29:$C$114,$AD33)/8760) -> 0.11415525 | K33: =IF($AE33="","",SUMIFS('Key Inputs'!$H$29:$H$114,'Key Inputs'!$A$29:$A$114,$AB33,'Key Inputs'!$B$29:$B$114,$AC33,'Key Inputs'!$C$29:$C$114,$AD33)) -> 10 | L33: =IF($AE33="","",31.536) -> 31.536 | M33: =M13 -> 0.49987511 | R33: =IF($AE33="","*"&AB34&" "&AC34,"PRE") -> PRE | S33: =IF($AE33="","",_xlfn.TEXTJOIN(",",TRUE,IF(LEFT(Regions!$C$3,1)<>"*",Regions!$C$3,""),IF(LEFT(Regions!$D$3,1)<>"*",Regions!$D$3,""))) -> IE,National | T33: =IF($AE33="","",CONCATENATE(LEFT(Legend!$C$4),"-",$AH33,"-",$AG33,"_",$AE33,"_X0")) -> S-SH-PU_ELC-HP_X0 | U33: =IF($AE33="","",CONCATENATE(AB33," - ",AC33,": ",AD33)) -> Public Services - Space heating: Electricity (heat pumps) | V33: =IF($AE33="","","PJ") -> PJ | W33: =IF($AE33="","","GW") -> GW | X33: =IF($AE33="","","ANNUAL") -> ANNUAL | AB33: =IF('Key Inputs'!A55="","",'Key Inputs'!A55) -> Public Services | AC33: =IF('Key Inputs'!B55="","",'Key Inputs'!B55) -> Space heating | AD33: =IF('Key Inputs'!C55="","",'Key Inputs'!C55) -> Electricity (heat pumps) | AE33: =IF('Key Inputs'!D55="","",'Key Inputs'!D55) -> ELC-HP | AF33: =IF('Key Inputs'!E55="","",'Key Inputs'!E55) -> SRVELC,SRVAHT | AG33: =_xlfn.XLOOKUP(AB33,Legend!$A$21:$A$22,Legend!$C$21:$C$22) -> PU | AH33: =_xlfn.XLOOKUP(AC33,Legend!$A$24:$A$34,Legend!$C$24:$C$34) -> SH | AI33: =IF($AE33="","",AJ33/I33) -> 0.17911491 | AJ33: =IF($AE33="","",H33*J33*L33) -> 0.37614131
B34: =IF($AE34="",Q34,S34) -> IE,National | C34: =IF($AE34="",R34,T34) -> S-SH-PU_ELC_X0 | D34: =IF($AE34="","",U34) -> Public Services - Space heating: Electricity (heaters) | E34: =IF($AE34="","",AF34) -> SRVELC | G34: =IF($AE34="","",CONCATENATE(Legend!$C$4,AH34,"-",AG34)) -> SRVSH-PU | H34: =IF($AE34="","",SUMIFS('Key Inputs'!$K$29:$K$114,'Key Inputs'!$A$29:$A$114,$AB34,'Key Inputs'!$B$29:$B$114,$AC34,'Key Inputs'!$C$29:$C$114,$AD34)) -> 0.17548353 | I34: =IF($AE34="","",SUMIFS('Key Inputs'!$G$29:$G$114,'Key Inputs'!$A$29:$A$114,$AB34,'Key Inputs'!$B$29:$B$114,$AC34,'Key Inputs'!$C$29:$C$114,$AD34)) -> 0.81595511 | J34: =IF($AE34="","",SUMIFS('Key Inputs'!$I$29:$I$114,'Key Inputs'!$A$29:$A$114,$AB34,'Key Inputs'!$B$29:$B$114,$AC34,'Key Inputs'!$C$29:$C$114,$AD34)/8760) -> 0.11415525 | K34: =IF($AE34="","",SUMIFS('Key Inputs'!$H$29:$H$114,'Key Inputs'!$A$29:$A$114,$AB34,'Key Inputs'!$B$29:$B$114,$AC34,'Key Inputs'!$C$29:$C$114,$AD34)) -> 10 | L34: =IF($AE34="","",31.536) -> 31.536 | R34: =IF($AE34="","*"&AB35&" "&AC35,"PRE") -> PRE | S34: =IF($AE34="","",_xlfn.TEXTJOIN(",",TRUE,IF(LEFT(Regions!$C$3,1)<>"*",Regions!$C$3,""),IF(LEFT(Regions!$D$3,1)<>"*",Regions!$D$3,""))) -> IE,National | T34: =IF($AE34="","",CONCATENATE(LEFT(Legend!$C$4),"-",$AH34,"-",$AG34,"_",$AE34,"_X0")) -> S-SH-PU_ELC_X0 | U34: =IF($AE34="","",CONCATENATE(AB34," - ",AC34,": ",AD34)) -> Public Services - Space heating: Electricity (heaters) | V34: =IF($AE34="","","PJ") -> PJ | W34: =IF($AE34="","","GW") -> GW | X34: =IF($AE34="","","ANNUAL") -> ANNUAL | AB34: =IF('Key Inputs'!A56="","",'Key Inputs'!A56) -> Public Services | AC34: =IF('Key Inputs'!B56="","",'Key Inputs'!B56) -> Space heating | AD34: =IF('Key Inputs'!C56="","",'Key Inputs'!C56) -> Electricity (heaters) | AE34: =IF('Key Inputs'!D56="","",'Key Inputs'!D56) -> ELC | AF34: =IF('Key Inputs'!E56="","",'Key Inputs'!E56) -> SRVELC | AG34: =_xlfn.XLOOKUP(AB34,Legend!$A$21:$A$22,Legend!$C$21:$C$22) -> PU | AH34: =_xlfn.XLOOKUP(AC34,Legend!$A$24:$A$34,Legend!$C$24:$C$34) -> SH | AI34: =IF($AE34="","",AJ34/I34) -> 0.77423462 | AJ34: =IF($AE34="","",H34*J34*L34) -> 0.63174069
B35: =IF($AE35="",R35,T35) -> *Public Services Water heating | R35: =IF($AE35="","*"&AB36&" "&AC36,"PRE") -> *Public Services Water heating
B36: =IF($AE36="",Q36,S36) -> IE,National | C36: =IF($AE36="",R36,T36) -> S-WH-PU_COA_X0 | D36: =IF($AE36="","",U36) -> Public Services - Water heating: Solids | E36: =IF($AE36="","",AF36) -> SRVCOA | G36: =IF($AE36="","",CONCATENATE(Legend!$C$4,AH36,"-",AG36)) -> SRVWH-PU | H36: =IF($AE36="","",SUMIFS('Key Inputs'!$K$29:$K$114,'Key Inputs'!$A$29:$A$114,$AB36,'Key Inputs'!$B$29:$B$114,$AC36,'Key Inputs'!$C$29:$C$114,$AD36)) -> 0 | I36: =IF($AE36="","",SUMIFS('Key Inputs'!$G$29:$G$114,'Key Inputs'!$A$29:$A$114,$AB36,'Key Inputs'!$B$29:$B$114,$AC36,'Key Inputs'!$C$29:$C$114,$AD36)) -> 0.33 | J36: =IF($AE36="","",SUMIFS('Key Inputs'!$I$29:$I$114,'Key Inputs'!$A$29:$A$114,$AB36,'Key Inputs'!$B$29:$B$114,$AC36,'Key Inputs'!$C$29:$C$114,$AD36)/8760) -> 0.02283105 | K36: =IF($AE36="","",SUMIFS('Key Inputs'!$H$29:$H$114,'Key Inputs'!$A$29:$A$114,$AB36,'Key Inputs'!$B$29:$B$114,$AC36,'Key Inputs'!$C$29:$C$114,$AD36)) -> 20 | L36: =IF($AE36="","",31.536) -> 31.536 | R36: =IF($AE36="","*"&AB37&" "&AC37,"PRE") -> PRE | S36: =IF($AE36="","",_xlfn.TEXTJOIN(",",TRUE,IF(LEFT(Regions!$C$3,1)<>"*",Regions!$C$3,""),IF(LEFT(Regions!$D$3,1)<>"*",Regions!$D$3,""))) -> IE,National | T36: =IF($AE36="","",CONCATENATE(LEFT(Legend!$C$4),"-",$AH36,"-",$AG36,"_",$AE36,"_X0")) -> S-WH-PU_COA_X0 | U36: =IF($AE36="","",CONCATENATE(AB36," - ",AC36,": ",AD36)) -> Public Services - Water heating: Solids | V36: =IF($AE36="","","PJ") -> PJ | W36: =IF($AE36="","","GW") -> GW | X36: =IF($AE36="","","ANNUAL") -> ANNUAL | AB36: =IF('Key Inputs'!A58="","",'Key Inputs'!A58) -> Public Services | AC36: =IF('Key Inputs'!B58="","",'Key Inputs'!B58) -> Water heating | AD36: =IF('Key Inputs'!C58="","",'Key Inputs'!C58) -> Solids | AE36: =IF('Key Inputs'!D58="","",'Key Inputs'!D58) -> COA | AF36: =IF('Key Inputs'!E58="","",'Key Inputs'!E58) -> SRVCOA | AG36: =_xlfn.XLOOKUP(AB36,Legend!$A$21:$A$22,Legend!$C$21:$C$22) -> PU | AH36: =_xlfn.XLOOKUP(AC36,Legend!$A$24:$A$34,Legend!$C$24:$C$34) -> WH | AI36: =IF($AE36="","",AJ36/I36) -> 0 | AJ36: =IF($AE36="","",H36*J36*L36) -> 0
B37: =IF($AE37="",Q37,S37) -> IE,National | C37: =IF($AE37="",R37,T37) -> S-WH-PU_LPG_X0 | D37: =IF($AE37="","",U37) -> Public Services - Water heating: LPG | E37: =IF($AE37="","",AF37) -> SRVLPG | G37: =IF($AE37="","",CONCATENATE(Legend!$C$4,AH37,"-",AG37)) -> SRVWH-PU | H37: =IF($AE37="","",SUMIFS('Key Inputs'!$K$29:$K$114,'Key Inputs'!$A$29:$A$114,$AB37,'Key Inputs'!$B$29:$B$114,$AC37,'Key Inputs'!$C$29:$C$114,$AD37)) -> 0 | I37: =IF($AE37="","",SUMIFS('Key Inputs'!$G$29:$G$114,'Key Inputs'!$A$29:$A$114,$AB37,'Key Inputs'!$B$29:$B$114,$AC37,'Key Inputs'!$C$29:$C$114,$AD37)) -> 0.33 | J37: =IF($AE37="","",SUMIFS('Key Inputs'!$I$29:$I$114,'Key Inputs'!$A$29:$A$114,$AB37,'Key Inputs'!$B$29:$B$114,$AC37,'Key Inputs'!$C$29:$C$114,$AD37)/8760) -> 0.02283105 | K37: =IF($AE37="","",SUMIFS('Key Inputs'!$H$29:$H$114,'Key Inputs'!$A$29:$A$114,$AB37,'Key Inputs'!$B$29:$B$114,$AC37,'Key Inputs'!$C$29:$C$114,$AD37)) -> 20 | L37: =IF($AE37="","",31.536) -> 31.536 | R37: =IF($AE37="","*"&AB38&" "&AC38,"PRE") -> PRE | S37: =IF($AE37="","",_xlfn.TEXTJOIN(",",TRUE,IF(LEFT(Regions!$C$3,1)<>"*",Regions!$C$3,""),IF(LEFT(Regions!$D$3,1)<>"*",Regions!$D$3,""))) -> IE,National | T37: =IF($AE37="","",CONCATENATE(LEFT(Legend!$C$4),"-",$AH37,"-",$AG37,"_",$AE37,"_X0")) -> S-WH-PU_LPG_X0 | U37: =IF($AE37="","",CONCATENATE(AB37," - ",AC37,": ",AD37)) -> Public Services - Water heating: LPG | V37: =IF($AE37="","","PJ") -> PJ | W37: =IF($AE37="","","GW") -> GW | X37: =IF($AE37="","","ANNUAL") -> ANNUAL | AB37: =IF('Key Inputs'!A59="","",'Key Inputs'!A59) -> Public Services | AC37: =IF('Key Inputs'!B59="","",'Key Inputs'!B59) -> Water heating | AD37: =IF('Key Inputs'!C59="","",'Key Inputs'!C59) -> LPG | AE37: =IF('Key Inputs'!D59="","",'Key Inputs'!D59) -> LPG | AF37: =IF('Key Inputs'!E59="","",'Key Inputs'!E59) -> SRVLPG | AG37: =_xlfn.XLOOKUP(AB37,Legend!$A$21:$A$22,Legend!$C$21:$C$22) -> PU | AH37: =_xlfn.XLOOKUP(AC37,Legend!$A$24:$A$34,Legend!$C$24:$C$34) -> WH | AI37: =IF($AE37="","",AJ37/I37) -> 0 | AJ37: =IF($AE37="","",H37*J37*L37) -> 0
B38: =IF($AE38="",Q38,S38) -> IE,National | C38: =IF($AE38="",R38,T38) -> S-WH-PU_OIL_X0 | D38: =IF($AE38="","",U38) -> Public Services - Water heating: Oil | E38: =IF($AE38="","",AF38) -> SRVOIL | G38: =IF($AE38="","",CONCATENATE(Legend!$C$4,AH38,"-",AG38)) -> SRVWH-PU | H38: =IF($AE38="","",SUMIFS('Key Inputs'!$K$29:$K$114,'Key Inputs'!$A$29:$A$114,$AB38,'Key Inputs'!$B$29:$B$114,$AC38,'Key Inputs'!$C$29:$C$114,$AD38)) -> 0.79817024 | I38: =IF($AE38="","",SUMIFS('Key Inputs'!$G$29:$G$114,'Key Inputs'!$A$29:$A$114,$AB38,'Key Inputs'!$B$29:$B$114,$AC38,'Key Inputs'!$C$29:$C$114,$AD38)) -> 0.59834964 | J38: =IF($AE38="","",SUMIFS('Key Inputs'!$I$29:$I$114,'Key Inputs'!$A$29:$A$114,$AB38,'Key Inputs'!$B$29:$B$114,$AC38,'Key Inputs'!$C$29:$C$114,$AD38)/8760) -> 0.02283105 | K38: =IF($AE38="","",SUMIFS('Key Inputs'!$H$29:$H$114,'Key Inputs'!$A$29:$A$114,$AB38,'Key Inputs'!$B$29:$B$114,$AC38,'Key Inputs'!$C$29:$C$114,$AD38)) -> 20 | L38: =IF($AE38="","",31.536) -> 31.536 | R38: =IF($AE38="","*"&AB39&" "&AC39,"PRE") -> PRE | S38: =IF($AE38="","",_xlfn.TEXTJOIN(",",TRUE,IF(LEFT(Regions!$C$3,1)<>"*",Regions!$C$3,""),IF(LEFT(Regions!$D$3,1)<>"*",Regions!$D$3,""))) -> IE,National | T38: =IF($AE38="","",CONCATENATE(LEFT(Legend!$C$4),"-",$AH38,"-",$AG38,"_",$AE38,"_X0")) -> S-WH-PU_OIL_X0 | U38: =IF($AE38="","",CONCATENATE(AB38," - ",AC38,": ",AD38)) -> Public Services - Water heating: Oil | V38: =IF($AE38="","","PJ") -> PJ | W38: =IF($AE38="","","GW") -> GW | X38: =IF($AE38="","","ANNUAL") -> ANNUAL | AB38: =IF('Key Inputs'!A60="","",'Key Inputs'!A60) -> Public Services | AC38: =IF('Key Inputs'!B60="","",'Key Inputs'!B60) -> Water heating | AD38: =IF('Key Inputs'!C60="","",'Key Inputs'!C60) -> Oil | AE38: =IF('Key Inputs'!D60="","",'Key Inputs'!D60) -> OIL | AF38: =IF('Key Inputs'!E60="","",'Key Inputs'!E60) -> SRVOIL | AG38: =_xlfn.XLOOKUP(AB38,Legend!$A$21:$A$22,Legend!$C$21:$C$22) -> PU | AH38: =_xlfn.XLOOKUP(AC38,Legend!$A$24:$A$34,Legend!$C$24:$C$34) -> WH | AI38: =IF($AE38="","",AJ38/I38) -> 0.9604461 | AJ38: =IF($AE38="","",H38*J38*L38) -> 0.57468257
B39: =IF($AE39="",Q39,S39) -> IE,National | C39: =IF($AE39="",R39,T39) -> S-WH-PU_GAS_X0 | D39: =IF($AE39="","",U39) -> Public Services - Water heating: Natural Gas | E39: =IF($AE39="","",AF39) -> SRVGAS, SRVBGS | G39: =IF($AE39="","",CONCATENATE(Legend!$C$4,AH39,"-",AG39)) -> SRVWH-PU | H39: =IF($AE39="","",SUMIFS('Key Inputs'!$K$29:$K$114,'Key Inputs'!$A$29:$A$114,$AB39,'Key Inputs'!$B$29:$B$114,$AC39,'Key Inputs'!$C$29:$C$114,$AD39)) -> 0.79792195 | I39: =IF($AE39="","",SUMIFS('Key Inputs'!$G$29:$G$114,'Key Inputs'!$A$29:$A$114,$AB39,'Key Inputs'!$B$29:$B$114,$AC39,'Key Inputs'!$C$29:$C$114,$AD39)) -> 0.63024758 | J39: =IF($AE39="","",SUMIFS('Key Inputs'!$I$29:$I$114,'Key Inputs'!$A$29:$A$114,$AB39,'Key Inputs'!$B$29:$B$114,$AC39,'Key Inputs'!$C$29:$C$114,$AD39)/8760) -> 0.02283105 | K39: =IF($AE39="","",SUMIFS('Key Inputs'!$H$29:$H$114,'Key Inputs'!$A$29:$A$114,$AB39,'Key Inputs'!$B$29:$B$114,$AC39,'Key Inputs'!$C$29:$C$114,$AD39)) -> 20 | L39: =IF($AE39="","",31.536) -> 31.536 | N39: =EB_SRV!G80/'Key Inputs'!F61 -> 0 | O39: =N39 -> 0 | P39: 5 | R39: =IF($AE39="","*"&AB40&" "&AC40,"PRE") -> PRE | S39: =IF($AE39="","",_xlfn.TEXTJOIN(",",TRUE,IF(LEFT(Regions!$C$3,1)<>"*",Regions!$C$3,""),IF(LEFT(Regions!$D$3,1)<>"*",Regions!$D$3,""))) -> IE,National | T39: =IF($AE39="","",CONCATENATE(LEFT(Legend!$C$4),"-",$AH39,"-",$AG39,"_",$AE39,"_X0")) -> S-WH-PU_GAS_X0 | U39: =IF($AE39="","",CONCATENATE(AB39," - ",AC39,": ",AD39)) -> Public Services - Water heating: Natural Gas | V39: =IF($AE39="","","PJ") -> PJ | W39: =IF($AE39="","","GW") -> GW | X39: =IF($AE39="","","ANNUAL") -> ANNUAL | AB39: =IF('Key Inputs'!A61="","",'Key Inputs'!A61) -> Public Services | AC39: =IF('Key Inputs'!B61="","",'Key Inputs'!B61) -> Water heating | AD39: =IF('Key Inputs'!C61="","",'Key Inputs'!C61) -> Natural Gas | AE39: =IF('Key Inputs'!D61="","",'Key Inputs'!D61) -> GAS | AF39: =IF('Key Inputs'!E61="","",'Key Inputs'!E61) -> SRVGAS, SRVBGS | AG39: =_xlfn.XLOOKUP(AB39,Legend!$A$21:$A$22,Legend!$C$21:$C$22) -> PU | AH39: =_xlfn.XLOOKUP(AC39,Legend!$A$24:$A$34,Legend!$C$24:$C$34) -> WH | AI39: =IF($AE39="","",AJ39/I39) -> 0.91155257 | AJ39: =IF($AE39="","",H39*J39*L39) -> 0.5745038
B40: =IF($AE40="",Q40,S40) -> IE,National | C40: =IF($AE40="",R40,T40) -> S-WH-PU_BIO_X0 | D40: =IF($AE40="","",U40) -> Public Services - Water heating: Biomass | E40: =IF($AE40="","",AF40) -> SRVBIO | G40: =IF($AE40="","",CONCATENATE(Legend!$C$4,AH40,"-",AG40)) -> SRVWH-PU | H40: =IF($AE40="","",SUMIFS('Key Inputs'!$K$29:$K$114,'Key Inputs'!$A$29:$A$114,$AB40,'Key Inputs'!$B$29:$B$114,$AC40,'Key Inputs'!$C$29:$C$114,$AD40)) -> 0 | I40: =IF($AE40="","",SUMIFS('Key Inputs'!$G$29:$G$114,'Key Inputs'!$A$29:$A$114,$AB40,'Key Inputs'!$B$29:$B$114,$AC40,'Key Inputs'!$C$29:$C$114,$AD40)) -> 0.33 | J40: =IF($AE40="","",SUMIFS('Key Inputs'!$I$29:$I$114,'Key Inputs'!$A$29:$A$114,$AB40,'Key Inputs'!$B$29:$B$114,$AC40,'Key Inputs'!$C$29:$C$114,$AD40)/8760) -> 0.02283105 | K40: =IF($AE40="","",SUMIFS('Key Inputs'!$H$29:$H$114,'Key Inputs'!$A$29:$A$114,$AB40,'Key Inputs'!$B$29:$B$114,$AC40,'Key Inputs'!$C$29:$C$114,$AD40)) -> 20 | L40: =IF($AE40="","",31.536) -> 31.536 | R40: =IF($AE40="","*"&AB41&" "&AC41,"PRE") -> PRE | S40: =IF($AE40="","",_xlfn.TEXTJOIN(",",TRUE,IF(LEFT(Regions!$C$3,1)<>"*",Regions!$C$3,""),IF(LEFT(Regions!$D$3,1)<>"*",Regions!$D$3,""))) -> IE,National | T40: =IF($AE40="","",CONCATENATE(LEFT(Legend!$C$4),"-",$AH40,"-",$AG40,"_",$AE40,"_X0")) -> S-WH-PU_BIO_X0 | U40: =IF($AE40="","",CONCATENATE(AB40," - ",AC40,": ",AD40)) -> Public Services - Water heating: Biomass | V40: =IF($AE40="","","PJ") -> PJ | W40: =IF($AE40="","","GW") -> GW | X40: =IF($AE40="","","ANNUAL") -> ANNUAL | AB40: =IF('Key Inputs'!A62="","",'Key Inputs'!A62) -> Public Services | AC40: =IF('Key Inputs'!B62="","",'Key Inputs'!B62) -> Water heating | AD40: =IF('Key Inputs'!C62="","",'Key Inputs'!C62) -> Biomass | AE40: =IF('Key Inputs'!D62="","",'Key Inputs'!D62) -> BIO | AF40: =IF('Key Inputs'!E62="","",'Key Inputs'!E62) -> SRVBIO | AG40: =_xlfn.XLOOKUP(AB40,Legend!$A$21:$A$22,Legend!$C$21:$C$22) -> PU | AH40: =_xlfn.XLOOKUP(AC40,Legend!$A$24:$A$34,Legend!$C$24:$C$34) -> WH | AI40: =IF($AE40="","",AJ40/I40) -> 0 | AJ40: =IF($AE40="","",H40*J40*L40) -> 0
B41: =IF($AE41="",Q41,S41) -> IE,National | C41: =IF($AE41="",R41,T41) -> S-WH-PU_ELC_X0 | D41: =IF($AE41="","",U41) -> Public Services - Water heating: Electricity | E41: =IF($AE41="","",AF41) -> SRVELC | G41: =IF($AE41="","",CONCATENATE(Legend!$C$4,AH41,"-",AG41)) -> SRVWH-PU | H41: =IF($AE41="","",SUMIFS('Key Inputs'!$K$29:$K$114,'Key Inputs'!$A$29:$A$114,$AB41,'Key Inputs'!$B$29:$B$114,$AC41,'Key Inputs'!$C$29:$C$114,$AD41)) -> 0.47532658 | I41: =IF($AE41="","",SUMIFS('Key Inputs'!$G$29:$G$114,'Key Inputs'!$A$29:$A$114,$AB41,'Key Inputs'!$B$29:$B$114,$AC41,'Key Inputs'!$C$29:$C$114,$AD41)) -> 0.77915339 | J41: =IF($AE41="","",SUMIFS('Key Inputs'!$I$29:$I$114,'Key Inputs'!$A$29:$A$114,$AB41,'Key Inputs'!$B$29:$B$114,$AC41,'Key Inputs'!$C$29:$C$114,$AD41)/8760) -> 0.02283105 | K41: =IF($AE41="","",SUMIFS('Key Inputs'!$H$29:$H$114,'Key Inputs'!$A$29:$A$114,$AB41,'Key Inputs'!$B$29:$B$114,$AC41,'Key Inputs'!$C$29:$C$114,$AD41)) -> 10 | L41: =IF($AE41="","",31.536) -> 31.536 | R41: =IF($AE41="","*"&AB42&" "&AC42,"PRE") -> PRE | S41: =IF($AE41="","",_xlfn.TEXTJOIN(",",TRUE,IF(LEFT(Regions!$C$3,1)<>"*",Regions!$C$3,""),IF(LEFT(Regions!$D$3,1)<>"*",Regions!$D$3,""))) -> IE,National | T41: =IF($AE41="","",CONCATENATE(LEFT(Legend!$C$4),"-",$AH41,"-",$AG41,"_",$AE41,"_X0")) -> S-WH-PU_ELC_X0 | U41: =IF($AE41="","",CONCATENATE(AB41," - ",AC41,": ",AD41)) -> Public Services - Water heating: Electricity | V41: =IF($AE41="","","PJ") -> PJ | W41: =IF($AE41="","","GW") -> GW | X41: =IF($AE41="","","ANNUAL") -> ANNUAL | AB41: =IF('Key Inputs'!A63="","",'Key Inputs'!A63) -> Public Services | AC41: =IF('Key Inputs'!B63="","",'Key Inputs'!B63) -> Water heating | AD41: =IF('Key Inputs'!C63="","",'Key Inputs'!C63) -> Electricity | AE41: =IF('Key Inputs'!D63="","",'Key Inputs'!D63) -> ELC | AF41: =IF('Key Inputs'!E63="","",'Key Inputs'!E63) -> SRVELC | AG41: =_xlfn.XLOOKUP(AB41,Legend!$A$21:$A$22,Legend!$C$21:$C$22) -> PU | AH41: =_xlfn.XLOOKUP(AC41,Legend!$A$24:$A$34,Legend!$C$24:$C$34) -> WH | AI41: =IF($AE41="","",AJ41/I41) -> 0.43923975 | AJ41: =IF($AE41="","",H41*J41*L41) -> 0.34223514
B42: =IF($AE42="",Q42,S42) -> IE,National | C42: =IF($AE42="",R42,T42) -> S-WH-PU_SOL_X0 | D42: =IF($AE42="","",U42) -> Public Services - Water heating: Solar | E42: =IF($AE42="","",AF42) -> SRVSOL | G42: =IF($AE42="","",CONCATENATE(Legend!$C$4,AH42,"-",AG42)) -> SRVWH-PU | H42: =IF($AE42="","",SUMIFS('Key Inputs'!$K$29:$K$114,'Key Inputs'!$A$29:$A$114,$AB42,'Key Inputs'!$B$29:$B$114,$AC42,'Key Inputs'!$C$29:$C$114,$AD42)) -> 0 | I42: =IF($AE42="","",SUMIFS('Key Inputs'!$G$29:$G$114,'Key Inputs'!$A$29:$A$114,$AB42,'Key Inputs'!$B$29:$B$114,$AC42,'Key Inputs'!$C$29:$C$114,$AD42)) -> 1 | J42: =IF($AE42="","",SUMIFS('Key Inputs'!$I$29:$I$114,'Key Inputs'!$A$29:$A$114,$AB42,'Key Inputs'!$B$29:$B$114,$AC42,'Key Inputs'!$C$29:$C$114,$AD42)/8760) -> 0.02283105 | K42: =IF($AE42="","",SUMIFS('Key Inputs'!$H$29:$H$114,'Key Inputs'!$A$29:$A$114,$AB42,'Key Inputs'!$B$29:$B$114,$AC42,'Key Inputs'!$C$29:$C$114,$AD42)) -> 15 | L42: =IF($AE42="","",31.536) -> 31.536 | R42: =IF($AE42="","*"&AB43&" "&AC43,"PRE") -> PRE | S42: =IF($AE42="","",_xlfn.TEXTJOIN(",",TRUE,IF(LEFT(Regions!$C$3,1)<>"*",Regions!$C$3,""),IF(LEFT(Regions!$D$3,1)<>"*",Regions!$D$3,""))) -> IE,National | T42: =IF($AE42="","",CONCATENATE(LEFT(Legend!$C$4),"-",$AH42,"-",$AG42,"_",$AE42,"_X0")) -> S-WH-PU_SOL_X0 | U42: =IF($AE42="","",CONCATENATE(AB42," - ",AC42,": ",AD42)) -> Public Services - Water heating: Solar | V42: =IF($AE42="","","PJ") -> PJ | W42: =IF($AE42="","","GW") -> GW | X42: =IF($AE42="","","ANNUAL") -> ANNUAL | AB42: =IF('Key Inputs'!A64="","",'Key Inputs'!A64) -> Public Services | AC42: =IF('Key Inputs'!B64="","",'Key Inputs'!B64) -> Water heating | AD42: =IF('Key Inputs'!C64="","",'Key Inputs'!C64) -> Solar | AE42: =IF('Key Inputs'!D64="","",'Key Inputs'!D64) -> SOL | AF42: =IF('Key Inputs'!E64="","",'Key Inputs'!E64) -> SRVSOL | AG42: =_xlfn.XLOOKUP(AB42,Legend!$A$21:$A$22,Legend!$C$21:$C$22) -> PU | AH42: =_xlfn.XLOOKUP(AC42,Legend!$A$24:$A$34,Legend!$C$24:$C$34) -> WH | AI42: =IF($AE42="","",AJ42/I42) -> 0 | AJ42: =IF($AE42="","",H42*J42*L42) -> 0
B43: =IF($AE43="",R43,T43) -> *Public Services Space cooling | R43: =IF($AE43="","*"&AB44&" "&AC44,"PRE") -> *Public Services Space cooling
B44: =IF($AE44="",Q44,S44) -> IE,National | C44: =IF($AE44="",R44,T44) -> S-SC-PU_GAS_X0 | D44: =IF($AE44="","",U44) -> Public Services - Space cooling: Natural Gas | E44: =IF($AE44="","",AF44) -> SRVGAS | G44: =IF($AE44="","",CONCATENATE(Legend!$C$4,AH44,"-",AG44)) -> SRVSC-PU | H44: =IF($AE44="","",SUMIFS('Key Inputs'!$K$29:$K$114,'Key Inputs'!$A$29:$A$114,$AB44,'Key Inputs'!$B$29:$B$114,$AC44,'Key Inputs'!$C$29:$C$114,$AD44)) -> 0.0076113222 | I44: =IF($AE44="","",SUMIFS('Key Inputs'!$G$29:$G$114,'Key Inputs'!$A$29:$A$114,$AB44,'Key Inputs'!$B$29:$B$114,$AC44,'Key Inputs'!$C$29:$C$114,$AD44)) -> 2.7679849 | J44: =IF($AE44="","",SUMIFS('Key Inputs'!$I$29:$I$114,'Key Inputs'!$A$29:$A$114,$AB44,'Key Inputs'!$B$29:$B$114,$AC44,'Key Inputs'!$C$29:$C$114,$AD44)/8760) -> 0.034246575 | K44: =IF($AE44="","",SUMIFS('Key Inputs'!$H$29:$H$114,'Key Inputs'!$A$29:$A$114,$AB44,'Key Inputs'!$B$29:$B$114,$AC44,'Key Inputs'!$C$29:$C$114,$AD44)) -> 15 | L44: =IF($AE44="","",31.536) -> 31.536 | R44: =IF($AE44="","*"&AB45&" "&AC45,"PRE") -> PRE | S44: =IF($AE44="","",_xlfn.TEXTJOIN(",",TRUE,IF(LEFT(Regions!$C$3,1)<>"*",Regions!$C$3,""),IF(LEFT(Regions!$D$3,1)<>"*",Regions!$D$3,""))) -> IE,National | T44: =IF($AE44="","",CONCATENATE(LEFT(Legend!$C$4),"-",$AH44,"-",$AG44,"_",$AE44,"_X0")) -> S-SC-PU_GAS_X0 | U44: =IF($AE44="","",CONCATENATE(AB44," - ",AC44,": ",AD44)) -> Public Services - Space cooling: Natural Gas | V44: =IF($AE44="","","PJ") -> PJ | W44: =IF($AE44="","","GW") -> GW | X44: =IF($AE44="","","ANNUAL") -> ANNUAL | AB44: =IF('Key Inputs'!A66="","",'Key Inputs'!A66) -> Public Services | AC44: =IF('Key Inputs'!B66="","",'Key Inputs'!B66) -> Space cooling | AD44: =IF('Key Inputs'!C66="","",'Key Inputs'!C66) -> Natural Gas | AE44: =IF('Key Inputs'!D66="","",'Key Inputs'!D66) -> GAS | AF44: =IF('Key Inputs'!E66="","",'Key Inputs'!E66) -> SRVGAS | AG44: =_xlfn.XLOOKUP(AB44,Legend!$A$21:$A$22,Legend!$C$21:$C$22) -> PU | AH44: =_xlfn.XLOOKUP(AC44,Legend!$A$24:$A$34,Legend!$C$24:$C$34) -> SC | AI44: =IF($AE44="","",AJ44/I44) -> 0.0029697517 | AJ44: =IF($AE44="","",H44*J44*L44) -> 0.0082202279
B45: =IF($AE45="",Q45,S45) -> IE,National | C45: =IF($AE45="",R45,T45) -> S-SC-PU_ELC_X0 | D45: =IF($AE45="","",U45) -> Public Services - Space cooling: Electricity | E45: =IF($AE45="","",AF45) -> SRVELC | G45: =IF($AE45="","",CONCATENATE(Legend!$C$4,AH45,"-",AG45)) -> SRVSC-PU | H45: =IF($AE45="","",SUMIFS('Key Inputs'!$K$29:$K$114,'Key Inputs'!$A$29:$A$114,$AB45,'Key Inputs'!$B$29:$B$114,$AC45,'Key Inputs'!$C$29:$C$114,$AD45)) -> 0.97987085 | I45: =IF($AE45="","",SUMIFS('Key Inputs'!$G$29:$G$114,'Key Inputs'!$A$29:$A$114,$AB45,'Key Inputs'!$B$29:$B$114,$AC45,'Key Inputs'!$C$29:$C$114,$AD45)) -> 2.7466472 | J45: =IF($AE45="","",SUMIFS('Key Inputs'!$I$29:$I$114,'Key Inputs'!$A$29:$A$114,$AB45,'Key Inputs'!$B$29:$B$114,$AC45,'Key Inputs'!$C$29:$C$114,$AD45)/8760) -> 0.034246575 | K45: =IF($AE45="","",SUMIFS('Key Inputs'!$H$29:$H$114,'Key Inputs'!$A$29:$A$114,$AB45,'Key Inputs'!$B$29:$B$114,$AC45,'Key Inputs'!$C$29:$C$114,$AD45)) -> 15 | L45: =IF($AE45="","",31.536) -> 31.536 | R45: =IF($AE45="","*"&#REF!&" "&#REF!,"PRE") -> PRE | S45: =IF($AE45="","",_xlfn.TEXTJOIN(",",TRUE,IF(LEFT(Regions!$C$3,1)<>"*",Regions!$C$3,""),IF(LEFT(Regions!$D$3,1)<>"*",Regions!$D$3,""))) -> IE,National | T45: =IF($AE45="","",CONCATENATE(LEFT(Legend!$C$4),"-",$AH45,"-",$AG45,"_",$AE45,"_X0")) -> S-SC-PU_ELC_X0 | U45: =IF($AE45="","",CONCATENATE(AB45," - ",AC45,": ",AD45)) -> Public Services - Space cooling: Electricity | V45: =IF($AE45="","","PJ") -> PJ | W45: =IF($AE45="","","GW") -> GW | X45: =IF($AE45="","","ANNUAL") -> ANNUAL | AB45: =IF('Key Inputs'!A67="","",'Key Inputs'!A67) -> Public Services | AC45: =IF('Key Inputs'!B67="","",'Key Inputs'!B67) -> Space cooling | AD45: =IF('Key Inputs'!C67="","",'Key Inputs'!C67) -> Electricity | AE45: =IF('Key Inputs'!D67="","",'Key Inputs'!D67) -> ELC | AF45: =IF('Key Inputs'!E67="","",'Key Inputs'!E67) -> SRVELC | AG45: =_xlfn.XLOOKUP(AB45,Legend!$A$21:$A$22,Legend!$C$21:$C$22) -> PU | AH45: =_xlfn.XLOOKUP(AC45,Legend!$A$24:$A$34,Legend!$C$24:$C$34) -> SC | AI45: =IF($AE45="","",AJ45/I45) -> 0.38529176 | AJ45: =IF($AE45="","",H45*J45*L45) -> 1.0582605
G47: Tot | H47: =SUM(H7:H45) -> 14.285136 | AI47: =SUM(AI7:AI45) -> 26.913599 | AJ47: =SUM(AJ7:AJ45) -> 24.081675

Sheet CK_Techs
B1: Characterization of Cooking technologies
B2: ~FI_T | L2: ~FI_Process
B3: TechName | C3: *TechDesc | D3: Comm-IN | E3: Comm-OUT | F3: Stock | G3: EFF | H3: AFA | I3: Life | J3: Cap2Act | L3: Sets | M3: Region | N3: TechName | O3: TechDesc | P3: Tact | Q3: Tcap | R3: Tslvl | S3: PrimaryCG | T3: Vintage | V3: Sub-sector | W3: Energy service | X3: Fuel | Y3: Fuel Short name | Z3: Fuel Long name | AA3: Sub-sector short name | AB3: Energy service short name | AC3: Calibration checks
B4: *Technology name | C4: Description | D4: Input commodity | E4: Output commodity | F4: Total device stock | G4: Efficiency | H4: Availability factor | I4: Technical life | J4: Capacity to Activity Factor | L4: *Process Set Membership | M4: Regions | N4: Technology name | O4: Description | P4: Activity unit | Q4: Capacity unit | R4: TimeSlice level of Process Activity | S4: Primary Commodity Group | T4: Vintage Tracking | AC4: Expected consumption | AD4: Expected production
B5: *Units | F5: =Q7 -> kunits | G5: % | H5: % | I5: years | J5: kunits to PJ | L5: * | AC5: PJ | AD5: PJ
B6: =IF($Y6="",L6,N6) -> *Commercial Services Cooking | L6: =IF($Y6="","*"&V7&" "&W7,"PRE") -> *Commercial Services Cooking | V6: =IF('Key Inputs'!A74="","",'Key Inputs'!A74) | W6: =IF('Key Inputs'!B74="","",'Key Inputs'!B74) | X6: =IF('Key Inputs'!C74="","",'Key Inputs'!C74) | Y6: =IF('Key Inputs'!D74="","",'Key Inputs'!D74) | Z6: =IF('Key Inputs'!E74="","",'Key Inputs'!E74) | AC6: =IF($Y6="","",AD6/G6) | AD6: =IF($Y6="","",F6*H6*J6)
B7: =IF($Y7="",L7,N7) -> S-CK-CS_LPG_X0 | C7: =IF($Y7="","",O7) -> Commercial Services - Cooking: LPG | D7: =IF($Y7="","",Z7) -> SRVLPG | E7: =IF($Y7="","",CONCATENATE(Legend!$C$4,AB7,"-",AA7)) -> SRVCK-CS | F7: =IF($Y7="","",SUMIFS('Key Inputs'!$L$29:$L$114,'Key Inputs'!$A$29:$A$114,$V7,'Key Inputs'!$B$29:$B$114,$W7,'Key Inputs'!$C$29:$C$114,$X7)) -> 20.936221 | G7: =IF($Y7="","",SUMIFS('Key Inputs'!$G$29:$G$114,'Key Inputs'!$A$29:$A$114,$V7,'Key Inputs'!$B$29:$B$114,$W7,'Key Inputs'!$C$29:$C$114,$X7)) -> 0.48571821 | H7: =IF($Y7="","",SUMIFS('Key Inputs'!$I$29:$I$114,'Key Inputs'!$A$29:$A$114,$V7,'Key Inputs'!$B$29:$B$114,$W7,'Key Inputs'!$C$29:$C$114,$X7)/8760)*1.01 -> 0.092237443 | I7: =IF($Y7="","",SUMIFS('Key Inputs'!$H$29:$H$114,'Key Inputs'!$A$29:$A$114,$V7,'Key Inputs'!$B$29:$B$114,$W7,'Key Inputs'!$C$29:$C$114,$X7)) -> 15 | J7: =IF($Y7="","",SUMIFS('Key Inputs'!$J$29:$J$114,'Key Inputs'!$A$29:$A$114,$V7,'Key Inputs'!$B$29:$B$114,$W7,'Key Inputs'!$C$29:$C$114,$X7)/1000*31.536) -> 0.47304 | L7: =IF($Y7="","*"&V8&" "&W8,"PRE") -> PRE | M7: =IF($AB7="","",_xlfn.TEXTJOIN(",",TRUE,IF(LEFT(Regions!$C$3,1)<>"*",Regions!$C$3,""),IF(LEFT(Regions!$D$3,1)<>"*",Regions!$D$3,""))) -> IE,National | N7: =IF($Y7="","",CONCATENATE(LEFT(Legend!$C$4),"-",$AB7,"-",$AA7,"_",$Y7,"_X0")) -> S-CK-CS_LPG_X0 | O7: =IF($Y7="","",CONCATENATE(V7," - ",W7,": ",X7)) -> Commercial Services - Cooking: LPG | P7: =IF($Y7="","","PJ") -> PJ | Q7: =IF($Y7="","","kunits") -> kunits | R7: =IF($Y7="","","ANNUAL") -> ANNUAL | V7: =IF('Key Inputs'!A75="","",'Key Inputs'!A75) -> Commercial Services | W7: =IF('Key Inputs'!B75="","",'Key Inputs'!B75) -> Cooking | X7: =IF('Key Inputs'!C75="","",'Key Inputs'!C75) -> LPG | Y7: =IF('Key Inputs'!D75="","",'Key Inputs'!D75) -> LPG | Z7: =IF('Key Inputs'!E75="","",'Key Inputs'!E75) -> SRVLPG | AA7: =_xlfn.XLOOKUP(V7,Legend!$A$21:$A$22,Legend!$C$21:$C$22) -> CS | AB7: =_xlfn.XLOOKUP(W7,Legend!$A$24:$A$34,Legend!$C$24:$C$34) -> CK | AC7: =IF($Y7="","",AD7/G7) -> 1.8806978 | AD7: =IF($Y7="","",F7*H7*J7) -> 0.91348918
B8: =IF($Y8="",L8,N8) -> S-CK-CS_GAS_X0 | C8: =IF($Y8="","",O8) -> Commercial Services - Cooking: Natural Gas | D8: =IF($Y8="","",Z8) -> SRVGAS | E8: =IF($Y8="","",CONCATENATE(Legend!$C$4,AB8,"-",AA8)) -> SRVCK-CS | F8: =IF($Y8="","",SUMIFS('Key Inputs'!$L$29:$L$114,'Key Inputs'!$A$29:$A$114,$V8,'Key Inputs'!$B$29:$B$114,$W8,'Key Inputs'!$C$29:$C$114,$X8)) -> 27.719129 | G8: =IF($Y8="","",SUMIFS('Key Inputs'!$G$29:$G$114,'Key Inputs'!$A$29:$A$114,$V8,'Key Inputs'!$B$29:$B$114,$W8,'Key Inputs'!$C$29:$C$114,$X8)) -> 0.52998828 | H8: =IF($Y8="","",SUMIFS('Key Inputs'!$I$29:$I$114,'Key Inputs'!$A$29:$A$114,$V8,'Key Inputs'!$B$29:$B$114,$W8,'Key Inputs'!$C$29:$C$114,$X8)/8760) -> 0.091324201 | I8: =IF($Y8="","",SUMIFS('Key Inputs'!$H$29:$H$114,'Key Inputs'!$A$29:$A$114,$V8,'Key Inputs'!$B$29:$B$114,$W8,'Key Inputs'!$C$29:$C$114,$X8)) -> 15 | J8: =IF($Y8="","",SUMIFS('Key Inputs'!$J$29:$J$114,'Key Inputs'!$A$29:$A$114,$V8,'Key Inputs'!$B$29:$B$114,$W8,'Key Inputs'!$C$29:$C$114,$X8)/1000*31.536) -> 0.47304 | L8: =IF($Y8="","*"&V9&" "&W9,"PRE") -> PRE | M8: =IF($AB8="","",_xlfn.TEXTJOIN(",",TRUE,IF(LEFT(Regions!$C$3,1)<>"*",Regions!$C$3,""),IF(LEFT(Regions!$D$3,1)<>"*",Regions!$D$3,""))) -> IE,National | N8: =IF($Y8="","",CONCATENATE(LEFT(Legend!$C$4),"-",$AB8,"-",$AA8,"_",$Y8,"_X0")) -> S-CK-CS_GAS_X0 | O8: =IF($Y8="","",CONCATENATE(V8," - ",W8,": ",X8)) -> Commercial Services - Cooking: Natural Gas | P8: =IF($Y8="","","PJ") -> PJ | Q8: =IF($Y8="","","kunits") -> kunits | R8: =IF($Y8="","","ANNUAL") -> ANNUAL | V8: =IF('Key Inputs'!A76="","",'Key Inputs'!A76) -> Commercial Services | W8: =IF('Key Inputs'!B76="","",'Key Inputs'!B76) -> Cooking | X8: =IF('Key Inputs'!C76="","",'Key Inputs'!C76) -> Natural Gas | Y8: =IF('Key Inputs'!D76="","",'Key Inputs'!D76) -> GAS | Z8: =IF('Key Inputs'!E76="","",'Key Inputs'!E76) -> SRVGAS | AA8: =_xlfn.XLOOKUP(V8,Legend!$A$21:$A$22,Legend!$C$21:$C$22) -> CS | AB8: =_xlfn.XLOOKUP(W8,Legend!$A$24:$A$34,Legend!$C$24:$C$34) -> CK | AC8: =IF($Y8="","",AD8/G8) -> 2.2594205 | AD8: =IF($Y8="","",F8*H8*J8) -> 1.1974664
B9: =IF($Y9="",L9,N9) -> S-CK-CS_BIO_X0 | C9: =IF($Y9="","",O9) -> Commercial Services - Cooking: Biomass | D9: =IF($Y9="","",Z9) -> SRVBIO | E9: =IF($Y9="","",CONCATENATE(Legend!$C$4,AB9,"-",AA9)) -> SRVCK-CS | F9: =IF($Y9="","",SUMIFS('Key Inputs'!$L$29:$L$114,'Key Inputs'!$A$29:$A$114,$V9,'Key Inputs'!$B$29:$B$114,$W9,'Key Inputs'!$C$29:$C$114,$X9)) -> 0 | G9: =IF($Y9="","",SUMIFS('Key Inputs'!$G$29:$G$114,'Key Inputs'!$A$29:$A$114,$V9,'Key Inputs'!$B$29:$B$114,$W9,'Key Inputs'!$C$29:$C$114,$X9)) -> 0.33 | H9: =IF($Y9="","",SUMIFS('Key Inputs'!$I$29:$I$114,'Key Inputs'!$A$29:$A$114,$V9,'Key Inputs'!$B$29:$B$114,$W9,'Key Inputs'!$C$29:$C$114,$X9)/8760) -> 0.091324201 | I9: =IF($Y9="","",SUMIFS('Key Inputs'!$H$29:$H$114,'Key Inputs'!$A$29:$A$114,$V9,'Key Inputs'!$B$29:$B$114,$W9,'Key Inputs'!$C$29:$C$114,$X9)) -> 15 | J9: =IF($Y9="","",SUMIFS('Key Inputs'!$J$29:$J$114,'Key Inputs'!$A$29:$A$114,$V9,'Key Inputs'!$B$29:$B$114,$W9,'Key Inputs'!$C$29:$C$114,$X9)/1000*31.536) -> 0.47304 | L9: =IF($Y9="","*"&V10&" "&W10,"PRE") -> PRE | M9: =IF($AB9="","",_xlfn.TEXTJOIN(",",TRUE,IF(LEFT(Regions!$C$3,1)<>"*",Regions!$C$3,""),IF(LEFT(Regions!$D$3,1)<>"*",Regions!$D$3,""))) -> IE,National | N9: =IF($Y9="","",CONCATENATE(LEFT(Legend!$C$4),"-",$AB9,"-",$AA9,"_",$Y9,"_X0")) -> S-CK-CS_BIO_X0 | O9: =IF($Y9="","",CONCATENATE(V9," - ",W9,": ",X9)) -> Commercial Services - Cooking: Biomass | P9: =IF($Y9="","","PJ") -> PJ | Q9: =IF($Y9="","","kunits") -> kunits | R9: =IF($Y9="","","ANNUAL") -> ANNUAL | V9: =IF('Key Inputs'!A77="","",'Key Inputs'!A77) -> Commercial Services | W9: =IF('Key Inputs'!B77="","",'Key Inputs'!B77) -> Cooking | X9: =IF('Key Inputs'!C77="","",'Key Inputs'!C77) -> Biomass | Y9: =IF('Key Inputs'!D77="","",'Key Inputs'!D77) -> BIO | Z9: =IF('Key Inputs'!E77="","",'Key Inputs'!E77) -> SRVBIO | AA9: =_xlfn.XLOOKUP(V9,Legend!$A$21:$A$22,Legend!$C$21:$C$22) -> CS | AB9: =_xlfn.XLOOKUP(W9,Legend!$A$24:$A$34,Legend!$C$24:$C$34) -> CK | AC9: =IF($Y9="","",AD9/G9) -> 0 | AD9: =IF($Y9="","",F9*H9*J9) -> 0
B10: =IF($Y10="",L10,N10) -> S-CK-CS_ELC_X0 | C10: =IF($Y10="","",O10) -> Commercial Services - Cooking: Electricity | D10: =IF($Y10="","",Z10) -> SRVELC | E10: =IF($Y10="","",CONCATENATE(Legend!$C$4,AB10,"-",AA10)) -> SRVCK-CS | F10: =IF($Y10="","",SUMIFS('Key Inputs'!$L$29:$L$114,'Key Inputs'!$A$29:$A$114,$V10,'Key Inputs'!$B$29:$B$114,$W10,'Key Inputs'!$C$29:$C$114,$X10)) -> 45.844649 | G10: =IF($Y10="","",SUMIFS('Key Inputs'!$G$29:$G$114,'Key Inputs'!$A$29:$A$114,$V10,'Key Inputs'!$B$29:$B$114,$W10,'Key Inputs'!$C$29:$C$114,$X10)) -> 0.67758189 | H10: =IF($Y10="","",SUMIFS('Key Inputs'!$I$29:$I$114,'Key Inputs'!$A$29:$A$114,$V10,'Key Inputs'!$B$29:$B$114,$W10,'Key Inputs'!$C$29:$C$114,$X10)/8760) -> 0.091324201 | I10: =IF($Y10="","",SUMIFS('Key Inputs'!$H$29:$H$114,'Key Inputs'!$A$29:$A$114,$V10,'Key Inputs'!$B$29:$B$114,$W10,'Key Inputs'!$C$29:$C$114,$X10)) -> 15 | J10: =IF($Y10="","",SUMIFS('Key Inputs'!$J$29:$J$114,'Key Inputs'!$A$29:$A$114,$V10,'Key Inputs'!$B$29:$B$114,$W10,'Key Inputs'!$C$29:$C$114,$X10)/1000*31.536) -> 0.47304 | L10: =IF($Y10="","*"&V11&" "&W11,"PRE") -> PRE | M10: =IF($AB10="","",_xlfn.TEXTJOIN(",",TRUE,IF(LEFT(Regions!$C$3,1)<>"*",Regions!$C$3,""),IF(LEFT(Regions!$D$3,1)<>"*",Regions!$D$3,""))) -> IE,National | N10: =IF($Y10="","",CONCATENATE(LEFT(Legend!$C$4),"-",$AB10,"-",$AA10,"_",$Y10,"_X0")) -> S-CK-CS_ELC_X0 | O10: =IF($Y10="","",CONCATENATE(V10," - ",W10,": ",X10)) -> Commercial Services - Cooking: Electricity | P10: =IF($Y10="","","PJ") -> PJ | Q10: =IF($Y10="","","kunits") -> kunits | R10: =IF($Y10="","","ANNUAL") -> ANNUAL | V10: =IF('Key Inputs'!A78="","",'Key Inputs'!A78) -> Commercial Services | W10: =IF('Key Inputs'!B78="","",'Key Inputs'!B78) -> Cooking | X10: =IF('Key Inputs'!C78="","",'Key Inputs'!C78) -> Electricity | Y10: =IF('Key Inputs'!D78="","",'Key Inputs'!D78) -> ELC | Z10: =IF('Key Inputs'!E78="","",'Key Inputs'!E78) -> SRVELC | AA10: =_xlfn.XLOOKUP(V10,Legend!$A$21:$A$22,Legend!$C$21:$C$22) -> CS | AB10: =_xlfn.XLOOKUP(W10,Legend!$A$24:$A$34,Legend!$C$24:$C$34) -> CK | AC10: =IF($Y10="","",AD10/G10) -> 2.9228774 | AD10: =IF($Y10="","",F10*H10*J10) -> 1.9804888
B11: =IF($Y11="",L11,N11) -> *Public Services Cooking | L11: =IF($Y11="","*"&V12&" "&W12,"PRE") -> *Public Services Cooking | V11: =IF('Key Inputs'!A79="","",'Key Inputs'!A79) -> Commercial Services | W11: =IF('Key Inputs'!B79="","",'Key Inputs'!B79) -> Cooking | X11: =IF('Key Inputs'!C79="","",'Key Inputs'!C79) -> All fuels | Y11: =IF('Key Inputs'!D79="","",'Key Inputs'!D79) | Z11: =IF('Key Inputs'!E79="","",'Key Inputs'!E79) | AA11: =_xlfn.XLOOKUP(V11,Legend!$A$21:$A$22,Legend!$C$21:$C$22) -> CS | AB11: =_xlfn.XLOOKUP(W11,Legend!$A$24:$A$34,Legend!$C$24:$C$34) -> CK | AC11: =IF($Y11="","",AD11/G11) | AD11: =IF($Y11="","",F11*H11*J11)
B12: =IF($Y12="",L12,N12) -> S-CK-PU_LPG_X0 | C12: =IF($Y12="","",O12) -> Public Services - Cooking: LPG | D12: =IF($Y12="","",Z12) -> SRVLPG | E12: =IF($Y12="","",CONCATENATE(Legend!$C$4,AB12,"-",AA12)) -> SRVCK-PU | F12: =IF($Y12="","",SUMIFS('Key Inputs'!$L$29:$L$114,'Key Inputs'!$A$29:$A$114,$V12,'Key Inputs'!$B$29:$B$114,$W12,'Key Inputs'!$C$29:$C$114,$X12)) -> 10.368092 | G12: =IF($Y12="","",SUMIFS('Key Inputs'!$G$29:$G$114,'Key Inputs'!$A$29:$A$114,$V12,'Key Inputs'!$B$29:$B$114,$W12,'Key Inputs'!$C$29:$C$114,$X12)) -> 0.48571821 | H12: =IF($Y12="","",SUMIFS('Key Inputs'!$I$29:$I$114,'Key Inputs'!$A$29:$A$114,$V12,'Key Inputs'!$B$29:$B$114,$W12,'Key Inputs'!$C$29:$C$114,$X12)/8760)*1.01 -> 0.092237443 | I12: =IF($Y12="","",SUMIFS('Key Inputs'!$H$29:$H$114,'Key Inputs'!$A$29:$A$114,$V12,'Key Inputs'!$B$29:$B$114,$W12,'Key Inputs'!$C$29:$C$114,$X12)) -> 15 | J12: =IF($Y12="","",SUMIFS('Key Inputs'!$J$29:$J$114,'Key Inputs'!$A$29:$A$114,$V12,'Key Inputs'!$B$29:$B$114,$W12,'Key Inputs'!$C$29:$C$114,$X12)/1000*31.536) -> 0.47304 | L12: =IF($Y12="","*"&V13&" "&W13,"PRE") -> PRE | M12: =IF($AB12="","",_xlfn.TEXTJOIN(",",TRUE,IF(LEFT(Regions!$C$3,1)<>"*",Regions!$C$3,""),IF(LEFT(Regions!$D$3,1)<>"*",Regions!$D$3,""))) -> IE,National | N12: =IF($Y12="","",CONCATENATE(LEFT(Legend!$C$4),"-",$AB12,"-",$AA12,"_",$Y12,"_X0")) -> S-CK-PU_LPG_X0 | O12: =IF($Y12="","",CONCATENATE(V12," - ",W12,": ",X12)) -> Public Services - Cooking: LPG | P12: =IF($Y12="","","PJ") -> PJ | Q12: =IF($Y12="","","kunits") -> kunits | R12: =IF($Y12="","","ANNUAL") -> ANNUAL | V12: =IF('Key Inputs'!A80="","",'Key Inputs'!A80) -> Public Services | W12: =IF('Key Inputs'!B80="","",'Key Inputs'!B80) -> Cooking | X12: =IF('Key Inputs'!C80="","",'Key Inputs'!C80) -> LPG | Y12: =IF('Key Inputs'!D80="","",'Key Inputs'!D80) -> LPG | Z12: =IF('Key Inputs'!E80="","",'Key Inputs'!E80) -> SRVLPG | AA12: =_xlfn.XLOOKUP(V12,Legend!$A$21:$A$22,Legend!$C$21:$C$22) -> PU | AB12: =_xlfn.XLOOKUP(W12,Legend!$A$24:$A$34,Legend!$C$24:$C$34) -> CK | AC12: =IF($Y12="","",AD12/G12) -> 0.93136427 | AD12: =IF($Y12="","",F12*H12*J12) -> 0.45238059
B13: =IF($Y13="",L13,N13) -> S-CK-PU_GAS_X0 | C13: =IF($Y13="","",O13) -> Public Services - Cooking: Natural Gas | D13: =IF($Y13="","",Z13) -> SRVGAS | E13: =IF($Y13="","",CONCATENATE(Legend!$C$4,AB13,"-",AA13)) -> SRVCK-PU | F13: =IF($Y13="","",SUMIFS('Key Inputs'!$L$29:$L$114,'Key Inputs'!$A$29:$A$114,$V13,'Key Inputs'!$B$29:$B$114,$W13,'Key Inputs'!$C$29:$C$114,$X13)) -> 16.177293 | G13: =IF($Y13="","",SUMIFS('Key Inputs'!$G$29:$G$114,'Key Inputs'!$A$29:$A$114,$V13,'Key Inputs'!$B$29:$B$114,$W13,'Key Inputs'!$C$29:$C$114,$X13)) -> 0.52998828 | H13: =IF($Y13="","",SUMIFS('Key Inputs'!$I$29:$I$114,'Key Inputs'!$A$29:$A$114,$V13,'Key Inputs'!$B$29:$B$114,$W13,'Key Inputs'!$C$29:$C$114,$X13)/8760) -> 0.091324201 | I13: =IF($Y13="","",SUMIFS('Key Inputs'!$H$29:$H$114,'Key Inputs'!$A$29:$A$114,$V13,'Key Inputs'!$B$29:$B$114,$W13,'Key Inputs'!$C$29:$C$114,$X13)) -> 15 | J13: =IF($Y13="","",SUMIFS('Key Inputs'!$J$29:$J$114,'Key Inputs'!$A$29:$A$114,$V13,'Key Inputs'!$B$29:$B$114,$W13,'Key Inputs'!$C$29:$C$114,$X13)/1000*31.536) -> 0.47304 | L13: =IF($Y13="","*"&V14&" "&W14,"PRE") -> PRE | M13: =IF($AB13="","",_xlfn.TEXTJOIN(",",TRUE,IF(LEFT(Regions!$C$3,1)<>"*",Regions!$C$3,""),IF(LEFT(Regions!$D$3,1)<>"*",Regions!$D$3,""))) -> IE,National | N13: =IF($Y13="","",CONCATENATE(LEFT(Legend!$C$4),"-",$AB13,"-",$AA13,"_",$Y13,"_X0")) -> S-CK-PU_GAS_X0 | O13: =IF($Y13="","",CONCATENATE(V13," - ",W13,": ",X13)) -> Public Services - Cooking: Natural Gas | P13: =IF($Y13="","","PJ") -> PJ | Q13: =IF($Y13="","","kunits") -> kunits | R13: =IF($Y13="","","ANNUAL") -> ANNUAL | V13: =IF('Key Inputs'!A81="","",'Key Inputs'!A81) -> Public Services | W13: =IF('Key Inputs'!B81="","",'Key Inputs'!B81) -> Cooking | X13: =IF('Key Inputs'!C81="","",'Key Inputs'!C81) -> Natural Gas | Y13: =IF('Key Inputs'!D81="","",'Key Inputs'!D81) -> GAS | Z13: =IF('Key Inputs'!E81="","",'Key Inputs'!E81) -> SRVGAS | AA13: =_xlfn.XLOOKUP(V13,Legend!$A$21:$A$22,Legend!$C$21:$C$22) -> PU | AB13: =_xlfn.XLOOKUP(W13,Legend!$A$24:$A$34,Legend!$C$24:$C$34) -> CK | AC13: =IF($Y13="","",AD13/G13) -> 1.3186311 | AD13: =IF($Y13="","",F13*H13*J13) -> 0.69885904
B14: =IF($Y14="",L14,N14) -> S-CK-PU_BIO_X0 | C14: =IF($Y14="","",O14) -> Public Services - Cooking: Biomass | D14: =IF($Y14="","",Z14) -> SRVBIO | E14: =IF($Y14="","",CONCATENATE(Legend!$C$4,AB14,"-",AA14)) -> SRVCK-PU | F14: =IF($Y14="","",SUMIFS('Key Inputs'!$L$29:$L$114,'Key Inputs'!$A$29:$A$114,$V14,'Key Inputs'!$B$29:$B$114,$W14,'Key Inputs'!$C$29:$C$114,$X14)) -> 0 | G14: =IF($Y14="","",SUMIFS('Key Inputs'!$G$29:$G$114,'Key Inputs'!$A$29:$A$114,$V14,'Key Inputs'!$B$29:$B$114,$W14,'Key Inputs'!$C$29:$C$114,$X14)) -> 0.33 | H14: =IF($Y14="","",SUMIFS('Key Inputs'!$I$29:$I$114,'Key Inputs'!$A$29:$A$114,$V14,'Key Inputs'!$B$29:$B$114,$W14,'Key Inputs'!$C$29:$C$114,$X14)/8760) -> 0.091324201 | I14: =IF($Y14="","",SUMIFS('Key Inputs'!$H$29:$H$114,'Key Inputs'!$A$29:$A$114,$V14,'Key Inputs'!$B$29:$B$114,$W14,'Key Inputs'!$C$29:$C$114,$X14)) -> 15 | J14: =IF($Y14="","",SUMIFS('Key Inputs'!$J$29:$J$114,'Key Inputs'!$A$29:$A$114,$V14,'Key Inputs'!$B$29:$B$114,$W14,'Key Inputs'!$C$29:$C$114,$X14)/1000*31.536) -> 0.47304 | L14: =IF($Y14="","*"&V15&" "&W15,"PRE") -> PRE | M14: =IF($AB14="","",_xlfn.TEXTJOIN(",",TRUE,IF(LEFT(Regions!$C$3,1)<>"*",Regions!$C$3,""),IF(LEFT(Regions!$D$3,1)<>"*",Regions!$D$3,""))) -> IE,National | N14: =IF($Y14="","",CONCATENATE(LEFT(Legend!$C$4),"-",$AB14,"-",$AA14,"_",$Y14,"_X0")) -> S-CK-PU_BIO_X0 | O14: =IF($Y14="","",CONCATENATE(V14," - ",W14,": ",X14)) -> Public Services - Cooking: Biomass | P14: =IF($Y14="","","PJ") -> PJ | Q14: =IF($Y14="","","kunits") -> kunits | R14: =IF($Y14="","","ANNUAL") -> ANNUAL | V14: =IF('Key Inputs'!A82="","",'Key Inputs'!A82) -> Public Services | W14: =IF('Key Inputs'!B82="","",'Key Inputs'!B82) -> Cooking | X14: =IF('Key Inputs'!C82="","",'Key Inputs'!C82) -> Biomass | Y14: =IF('Key Inputs'!D82="","",'Key Inputs'!D82) -> BIO | Z14: =IF('Key Inputs'!E82="","",'Key Inputs'!E82) -> SRVBIO | AA14: =_xlfn.XLOOKUP(V14,Legend!$A$21:$A$22,Legend!$C$21:$C$22) -> PU | AB14: =_xlfn.XLOOKUP(W14,Legend!$A$24:$A$34,Legend!$C$24:$C$34) -> CK | AC14: =IF($Y14="","",AD14/G14) -> 0 | AD14: =IF($Y14="","",F14*H14*J14) -> 0
B15: =IF($Y15="",L15,N15) -> S-CK-PU_ELC_X0 | C15: =IF($Y15="","",O15) -> Public Services - Cooking: Electricity | D15: =IF($Y15="","",Z15) -> SRVELC | E15: =IF($Y15="","",CONCATENATE(Legend!$C$4,AB15,"-",AA15)) -> SRVCK-PU | F15: =IF($Y15="","",SUMIFS('Key Inputs'!$L$29:$L$114,'Key Inputs'!$A$29:$A$114,$V15,'Key Inputs'!$B$29:$B$114,$W15,'Key Inputs'!$C$29:$C$114,$X15)) -> 13.153357 | G15: =IF($Y15="","",SUMIFS('Key Inputs'!$G$29:$G$114,'Key Inputs'!$A$29:$A$114,$V15,'Key Inputs'!$B$29:$B$114,$W15,'Key Inputs'!$C$29:$C$114,$X15)) -> 0.67758189 | H15: =IF($Y15="","",SUMIFS('Key Inputs'!$I$29:$I$114,'Key Inputs'!$A$29:$A$114,$V15,'Key Inputs'!$B$29:$B$114,$W15,'Key Inputs'!$C$29:$C$114,$X15)/8760) -> 0.091324201 | I15: =IF($Y15="","",SUMIFS('Key Inputs'!$H$29:$H$114,'Key Inputs'!$A$29:$A$114,$V15,'Key Inputs'!$B$29:$B$114,$W15,'Key Inputs'!$C$29:$C$114,$X15)) -> 15 | J15: =IF($Y15="","",SUMIFS('Key Inputs'!$J$29:$J$114,'Key Inputs'!$A$29:$A$114,$V15,'Key Inputs'!$B$29:$B$114,$W15,'Key Inputs'!$C$29:$C$114,$X15)/1000*31.536) -> 0.47304 | L15: =IF($Y15="","*"&V16&" "&W16,"PRE") -> PRE | M15: =IF($AB15="","",_xlfn.TEXTJOIN(",",TRUE,IF(LEFT(Regions!$C$3,1)<>"*",Regions!$C$3,""),IF(LEFT(Regions!$D$3,1)<>"*",Regions!$D$3,""))) -> IE,National | N15: =IF($Y15="","",CONCATENATE(LEFT(Legend!$C$4),"-",$AB15,"-",$AA15,"_",$Y15,"_X0")) -> S-CK-PU_ELC_X0 | O15: =IF($Y15="","",CONCATENATE(V15," - ",W15,": ",X15)) -> Public Services - Cooking: Electricity | P15: =IF($Y15="","","PJ") -> PJ | Q15: =IF($Y15="","","kunits") -> kunits | R15: =IF($Y15="","","ANNUAL") -> ANNUAL | V15: =IF('Key Inputs'!A83="","",'Key Inputs'!A83) -> Public Services | W15: =IF('Key Inputs'!B83="","",'Key Inputs'!B83) -> Cooking | X15: =IF('Key Inputs'!C83="","",'Key Inputs'!C83) -> Electricity | Y15: =IF('Key Inputs'!D83="","",'Key Inputs'!D83) -> ELC | Z15: =IF('Key Inputs'!E83="","",'Key Inputs'!E83) -> SRVELC | AA15: =_xlfn.XLOOKUP(V15,Legend!$A$21:$A$22,Legend!$C$21:$C$22) -> PU | AB15: =_xlfn.XLOOKUP(W15,Legend!$A$24:$A$34,Legend!$C$24:$C$34) -> CK | AC15: =IF($Y15="","",AD15/G15) -> 0.83860716 | AD15: =IF($Y15="","",F15*H15*J15) -> 0.56822503
E17: Tot | F17: =SUM(F7:F15) -> 134.19874 | V17: =IF('Key Inputs'!A85="","",'Key Inputs'!A85) | AC17: =SUM(AC7:AC15) -> 10.151598 | AD17: =SUM(AD7:AD15) -> 5.810909
H21: =+F12*H12*J12 -> 0.45238059 | I21: =+H21/G12 -> 0.93136427

Sheet EAP_Techs
B1: Characterization of Electric appliances
B2: ~FI_T | L2: ~FI_Process
B3: TechName | C3: *TechDesc | D3: Comm-IN | E3: Comm-OUT | F3: Stock | G3: EFF | H3: AFA | I3: Life | J3: Cap2Act | L3: Sets | M3: Region | N3: TechName | O3: TechDesc | P3: Tact | Q3: Tcap | R3: Tslvl | S3: PrimaryCG | T3: Vintage | V3: Sub-sector | W3: Energy service | X3: Fuel | Y3: Fuel Short name | Z3: Fuel Long name | AA3: Sub-sector short name | AB3: Energy service short name | AC3: Calibration checks
B4: *Technology name | C4: Description | D4: Input commodity | E4: Output commodity | F4: Total device stock | G4: Efficiency | H4: Availability factor | I4: Technical life | J4: Capacity to Activity Factor | L4: *Process Set Membership | M4: Regions | N4: Technology name | O4: Description | P4: Activity unit | Q4: Capacity unit | R4: TimeSlice level of Process Activity | S4: Primary Commodity Group | T4: Vintage Tracking | AC4: Expected consumption | AD4: Expected production
B5: *Units | F5: (see notes) | G5: output unit/PJ | H5: % | I5: years | J5: capacity to output unit | L5: * | AC5: PJ | AD5: (see notes)
B6: =IF($Y6="",L6,N6) -> S-LIG-CS_ELC_X0 | C6: =IF($Y6="","",O6) -> Commercial Services - Building lighting: Electricity | D6: =IF($Y6="","",Z6) -> SRVELC | E6: =IF($Y6="","",CONCATENATE(Legend!$C$4,AB6,"-",AA6)) -> SRVLIG-CS | F6: =IF($Y6="","",SUMIFS('Key Inputs'!$J$29:$J$114,'Key Inputs'!$A$29:$A$114,$V6,'Key Inputs'!$B$29:$B$114,$W6,'Key Inputs'!$C$29:$C$114,$X6)) -> 18.962691 | G6: =IF($Y6="","",SUMIFS('Key Inputs'!$G$29:$G$114,'Key Inputs'!$A$29:$A$114,$V6,'Key Inputs'!$B$29:$B$114,$W6,'Key Inputs'!$C$29:$C$114,$X6)) -> 2.4973572 | H6: =IF($Y6="","",1) -> 1 | I6: =IF($Y6="","",SUMIFS('Key Inputs'!$H$29:$H$114,'Key Inputs'!$A$29:$A$114,$V6,'Key Inputs'!$B$29:$B$114,$W6,'Key Inputs'!$C$29:$C$114,$X6)) -> 10 | J6: =IF($Y6="","",1) -> 1 | L6: =IF($Y6="","*"&V7&" "&W7,"PRE") -> PRE | M6: =IF($AB6="","",_xlfn.TEXTJOIN(",",TRUE,IF(LEFT(Regions!$C$3,1)<>"*",Regions!$C$3,""),IF(LEFT(Regions!$D$3,1)<>"*",Regions!$D$3,""))) -> IE,National | N6: =IF($Y6="","",CONCATENATE(LEFT(Legend!$C$4),"-",$AB6,"-",$AA6,"_",$Y6,"_X0")) -> S-LIG-CS_ELC_X0 | O6: =IF($Y6="","",CONCATENATE(V6," - ",W6,": ",X6)) -> Commercial Services - Building lighting: Electricity | P6: =IF($Y6="","","Munits") -> Munits | Q6: =IF($Y6="","","Munits") -> Munits | R6: =IF($Y6="","","ANNUAL") -> ANNUAL | V6: =IF('Key Inputs'!A91="","",'Key Inputs'!A91) -> Commercial Services | W6: =IF('Key Inputs'!B91="","",'Key Inputs'!B91) -> Building lighting | X6: =IF('Key Inputs'!C91="","",'Key Inputs'!C91) -> Electricity | Y6: =IF('Key Inputs'!D91="","",'Key Inputs'!D91) -> ELC | Z6: =IF('Key Inputs'!E91="","",'Key Inputs'!E91) -> SRVELC | AA6: =_xlfn.XLOOKUP(V6,Legend!$A$21:$A$22,Legend!$C$21:$C$22) -> CS | AB6: =_xlfn.XLOOKUP(W6,Legend!$A$24:$A$34,Legend!$C$24:$C$34) -> LIG | AC6: =IF($Y6="","",AD6/G6) -> 7.5931031 | AD6: =IF($Y6="","",F6*H6*J6) -> 18.962691
B7: =IF($Y7="",L7,N7) -> S-REF-CS_ELC_X0 | C7: =IF($Y7="","",O7) -> Commercial Services - Refrigeration: Electricity | D7: =IF($Y7="","",Z7) -> SRVELC | E7: =IF($Y7="","",CONCATENATE(Legend!$C$4,AB7,"-",AA7)) -> SRVREF-CS | F7: =IF($Y7="","",SUMIFS('Key Inputs'!$J$29:$J$114,'Key Inputs'!$A$29:$A$114,$V7,'Key Inputs'!$B$29:$B$114,$W7,'Key Inputs'!$C$29:$C$114,$X7)) -> 98.590578 | G7: =IF($Y7="","",SUMIFS('Key Inputs'!$G$29:$G$114,'Key Inputs'!$A$29:$A$114,$V7,'Key Inputs'!$B$29:$B$114,$W7,'Key Inputs'!$C$29:$C$114,$X7)) -> 33.491554 | H7: =IF($Y7="","",1) -> 1 | I7: =IF($Y7="","",SUMIFS('Key Inputs'!$H$29:$H$114,'Key Inputs'!$A$29:$A$114,$V7,'Key Inputs'!$B$29:$B$114,$W7,'Key Inputs'!$C$29:$C$114,$X7)) -> 10 | J7: =IF($Y7="","",1) -> 1 | L7: =IF($Y7="","*"&V8&" "&W8,"PRE") -> PRE | M7: =IF($AB7="","",_xlfn.TEXTJOIN(",",TRUE,IF(LEFT(Regions!$C$3,1)<>"*",Regions!$C$3,""),IF(LEFT(Regions!$D$3,1)<>"*",Regions!$D$3,""))) -> IE,National | N7: =IF($Y7="","",CONCATENATE(LEFT(Legend!$C$4),"-",$AB7,"-",$AA7,"_",$Y7,"_X0")) -> S-REF-CS_ELC_X0 | O7: =IF($Y7="","",CONCATENATE(V7," - ",W7,": ",X7)) -> Commercial Services - Refrigeration: Electricity | P7: =IF($Y7="","","kunits") -> kunits | Q7: =IF($Y7="","","kunits") -> kunits | R7: =IF($Y7="","","ANNUAL") -> ANNUAL | V7: =IF('Key Inputs'!A92="","",'Key Inputs'!A92) -> Commercial Services | W7: =IF('Key Inputs'!B92="","",'Key Inputs'!B92) -> Refrigeration | X7: =IF('Key Inputs'!C92="","",'Key Inputs'!C92) -> Electricity | Y7: =IF('Key Inputs'!D92="","",'Key Inputs'!D92) -> ELC | Z7: =IF('Key Inputs'!E92="","",'Key Inputs'!E92) -> SRVELC | AA7: =_xlfn.XLOOKUP(V7,Legend!$A$21:$A$22,Legend!$C$21:$C$22) -> CS | AB7: =_xlfn.XLOOKUP(W7,Legend!$A$24:$A$34,Legend!$C$24:$C$34) -> REF | AC7: =IF($Y7="","",AD7/G7) -> 2.9437445 | AD7: =IF($Y7="","",F7*H7*J7) -> 98.590578
B8: =IF($Y8="",L8,N8) -> S-OEL-CS_ELC_X0 | C8: =IF($Y8="","",O8) -> Commercial Services - Other appliances: Electricity | D8: =IF($Y8="","",Z8) -> SRVELC | E8: =IF($Y8="","",CONCATENATE(Legend!$C$4,AB8,"-",AA8)) -> SRVOEL-CS | F8: =IF($Y8="","",SUMIFS('Key Inputs'!$J$29:$J$114,'Key Inputs'!$A$29:$A$114,$V8,'Key Inputs'!$B$29:$B$114,$W8,'Key Inputs'!$C$29:$C$114,$X8)) -> 0.32030753 | G8: =IF($Y8="","",SUMIFS('Key Inputs'!$G$29:$G$114,'Key Inputs'!$A$29:$A$114,$V8,'Key Inputs'!$B$29:$B$114,$W8,'Key Inputs'!$C$29:$C$114,$X8)) -> 1 | H8: 1 | I8: =IF($Y8="","",SUMIFS('Key Inputs'!$H$29:$H$114,'Key Inputs'!$A$29:$A$114,$V8,'Key Inputs'!$B$29:$B$114,$W8,'Key Inputs'!$C$29:$C$114,$X8)) -> 10 | J8: 31.536 | L8: =IF($Y8="","*"&V9&" "&W9,"PRE") -> PRE | M8: =IF($AB8="","",_xlfn.TEXTJOIN(",",TRUE,IF(LEFT(Regions!$C$3,1)<>"*",Regions!$C$3,""),IF(LEFT(Regions!$D$3,1)<>"*",Regions!$D$3,""))) -> IE,National | N8: =IF($Y8="","",CONCATENATE(LEFT(Legend!$C$4),"-",$AB8,"-",$AA8,"_",$Y8,"_X0")) -> S-OEL-CS_ELC_X0 | O8: =IF($Y8="","",CONCATENATE(V8," - ",W8,": ",X8)) -> Commercial Services - Other appliances: Electricity | P8: =IF($Y8="","","PJ") -> PJ | Q8: GW | R8: =IF($Y8="","","ANNUAL") -> ANNUAL | V8: =IF('Key Inputs'!A93="","",'Key Inputs'!A93) -> Commercial Services | W8: =IF('Key Inputs'!B93="","",'Key Inputs'!B93) -> Other appliances | X8: =IF('Key Inputs'!C93="","",'Key Inputs'!C93) -> Electricity | Y8: =IF('Key Inputs'!D93="","",'Key Inputs'!D93) -> ELC | Z8: =IF('Key Inputs'!E93="","",'Key Inputs'!E93) -> SRVELC | AA8: =_xlfn.XLOOKUP(V8,Legend!$A$21:$A$22,Legend!$C$21:$C$22) -> CS | AB8: =_xlfn.XLOOKUP(W8,Legend!$A$24:$A$34,Legend!$C$24:$C$34) -> OEL | AC8: =IF($Y8="","",AD8/G8) -> 10.101218 | AD8: =IF($Y8="","",F8*H8*J8) -> 10.101218
B9: =IF($Y9="",L9,N9) -> S-LIG-PU_ELC_X0 | C9: =IF($Y9="","",O9) -> Public Services - Building lighting: Electricity | D9: =IF($Y9="","",Z9) -> SRVELC | E9: =IF($Y9="","",CONCATENATE(Legend!$C$4,AB9,"-",AA9)) -> SRVLIG-PU | F9: =IF($Y9="","",SUMIFS('Key Inputs'!$J$29:$J$114,'Key Inputs'!$A$29:$A$114,$V9,'Key Inputs'!$B$29:$B$114,$W9,'Key Inputs'!$C$29:$C$114,$X9)) -> 9.4245708 | G9: =IF($Y9="","",SUMIFS('Key Inputs'!$G$29:$G$114,'Key Inputs'!$A$29:$A$114,$V9,'Key Inputs'!$B$29:$B$114,$W9,'Key Inputs'!$C$29:$C$114,$X9)) -> 4.3260777 | H9: =IF($Y9="","",1) -> 1 | I9: =IF($Y9="","",SUMIFS('Key Inputs'!$H$29:$H$114,'Key Inputs'!$A$29:$A$114,$V9,'Key Inputs'!$B$29:$B$114,$W9,'Key Inputs'!$C$29:$C$114,$X9)) -> 10 | J9: =IF($Y9="","",1) -> 1 | L9: =IF($Y9="","*"&V10&" "&W10,"PRE") -> PRE | M9: =IF($AB9="","",_xlfn.TEXTJOIN(",",TRUE,IF(LEFT(Regions!$C$3,1)<>"*",Regions!$C$3,""),IF(LEFT(Regions!$D$3,1)<>"*",Regions!$D$3,""))) -> IE,National | N9: =IF($Y9="","",CONCATENATE(LEFT(Legend!$C$4),"-",$AB9,"-",$AA9,"_",$Y9,"_X0")) -> S-LIG-PU_ELC_X0 | O9: =IF($Y9="","",CONCATENATE(V9," - ",W9,": ",X9)) -> Public Services - Building lighting: Electricity | P9: =IF($Y9="","","Munits") -> Munits | Q9: =IF($Y9="","","Munits") -> Munits | R9: =IF($Y9="","","ANNUAL") -> ANNUAL | V9: =IF('Key Inputs'!A94="","",'Key Inputs'!A94) -> Public Services | W9: =IF('Key Inputs'!B94="","",'Key Inputs'!B94) -> Building lighting | X9: =IF('Key Inputs'!C94="","",'Key Inputs'!C94) -> Electricity | Y9: =IF('Key Inputs'!D94="","",'Key Inputs'!D94) -> ELC | Z9: =IF('Key Inputs'!E94="","",'Key Inputs'!E94) -> SRVELC | AA9: =_xlfn.XLOOKUP(V9,Legend!$A$21:$A$22,Legend!$C$21:$C$22) -> PU | AB9: =_xlfn.XLOOKUP(W9,Legend!$A$24:$A$34,Legend!$C$24:$C$34) -> LIG | AC9: =IF($Y9="","",AD9/G9) -> 2.1785487 | AD9: =IF($Y9="","",F9*H9*J9) -> 9.4245708
B10: =IF($Y10="",L10,N10) -> S-REF-PU_ELC_X0 | C10: =IF($Y10="","",O10) -> Public Services - Refrigeration: Electricity | D10: =IF($Y10="","",Z10) -> SRVELC | E10: =IF($Y10="","",CONCATENATE(Legend!$C$4,AB10,"-",AA10)) -> SRVREF-PU | F10: =IF($Y10="","",SUMIFS('Key Inputs'!$J$29:$J$114,'Key Inputs'!$A$29:$A$114,$V10,'Key Inputs'!$B$29:$B$114,$W10,'Key Inputs'!$C$29:$C$114,$X10)) -> 49.000108 | G10: =IF($Y10="","",SUMIFS('Key Inputs'!$G$29:$G$114,'Key Inputs'!$A$29:$A$114,$V10,'Key Inputs'!$B$29:$B$114,$W10,'Key Inputs'!$C$29:$C$114,$X10)) -> 58.016156 | H10: =IF($Y10="","",1) -> 1 | I10: =IF($Y10="","",SUMIFS('Key Inputs'!$H$29:$H$114,'Key Inputs'!$A$29:$A$114,$V10,'Key Inputs'!$B$29:$B$114,$W10,'Key Inputs'!$C$29:$C$114,$X10)) -> 10 | J10: =IF($Y10="","",1) -> 1 | L10: =IF($Y10="","*"&V11&" "&W11,"PRE") -> PRE | M10: =IF($AB10="","",_xlfn.TEXTJOIN(",",TRUE,IF(LEFT(Regions!$C$3,1)<>"*",Regions!$C$3,""),IF(LEFT(Regions!$D$3,1)<>"*",Regions!$D$3,""))) -> IE,National | N10: =IF($Y10="","",CONCATENATE(LEFT(Legend!$C$4),"-",$AB10,"-",$AA10,"_",$Y10,"_X0")) -> S-REF-PU_ELC_X0 | O10: =IF($Y10="","",CONCATENATE(V10," - ",W10,": ",X10)) -> Public Services - Refrigeration: Electricity | P10: =IF($Y10="","","kunits") -> kunits | Q10: =IF($Y10="","","kunits") -> kunits | R10: =IF($Y10="","","ANNUAL") -> ANNUAL | V10: =IF('Key Inputs'!A95="","",'Key Inputs'!A95) -> Public Services | W10: =IF('Key Inputs'!B95="","",'Key Inputs'!B95) -> Refrigeration | X10: =IF('Key Inputs'!C95="","",'Key Inputs'!C95) -> Electricity | Y10: =IF('Key Inputs'!D95="","",'Key Inputs'!D95) -> ELC | Z10: =IF('Key Inputs'!E95="","",'Key Inputs'!E95) -> SRVELC | AA10: =_xlfn.XLOOKUP(V10,Legend!$A$21:$A$22,Legend!$C$21:$C$22) -> PU | AB10: =_xlfn.XLOOKUP(W10,Legend!$A$24:$A$34,Legend!$C$24:$C$34) -> REF | AC10: =IF($Y10="","",AD10/G10) -> 0.84459418 | AD10: =IF($Y10="","",F10*H10*J10) -> 49.000108
B11: =IF($Y11="",L11,N11) -> S-OEL-PU_ELC_X0 | C11: =IF($Y11="","",O11) -> Public Services - Other appliances: Electricity | D11: =IF($Y11="","",Z11) -> SRVELC | E11: =IF($Y11="","",CONCATENATE(Legend!$C$4,AB11,"-",AA11)) -> SRVOEL-PU | F11: =IF($Y11="","",SUMIFS('Key Inputs'!$J$29:$J$114,'Key Inputs'!$A$29:$A$114,$V11,'Key Inputs'!$B$29:$B$114,$W11,'Key Inputs'!$C$29:$C$114,$X11)) -> 0.091899917 | G11: =IF($Y11="","",SUMIFS('Key Inputs'!$G$29:$G$114,'Key Inputs'!$A$29:$A$114,$V11,'Key Inputs'!$B$29:$B$114,$W11,'Key Inputs'!$C$29:$C$114,$X11)) -> 1 | H11: 1 | I11: =IF($Y11="","",SUMIFS('Key Inputs'!$H$29:$H$114,'Key Inputs'!$A$29:$A$114,$V11,'Key Inputs'!$B$29:$B$114,$W11,'Key Inputs'!$C$29:$C$114,$X11)) -> 10 | J11: 31.536 | L11: =IF($Y11="","*"&#REF!&" "&#REF!,"PRE") -> PRE | M11: =IF($AB11="","",_xlfn.TEXTJOIN(",",TRUE,IF(LEFT(Regions!$C$3,1)<>"*",Regions!$C$3,""),IF(LEFT(Regions!$D$3,1)<>"*",Regions!$D$3,""))) -> IE,National | N11: =IF($Y11="","",CONCATENATE(LEFT(Legend!$C$4),"-",$AB11,"-",$AA11,"_",$Y11,"_X0")) -> S-OEL-PU_ELC_X0 | O11: =IF($Y11="","",CONCATENATE(V11," - ",W11,": ",X11)) -> Public Services - Other appliances: Electricity | P11: =IF($Y11="","","PJ") -> PJ | Q11: GW | R11: =IF($Y11="","","ANNUAL") -> ANNUAL | V11: =IF('Key Inputs'!A96="","",'Key Inputs'!A96) -> Public Services | W11: =IF('Key Inputs'!B96="","",'Key Inputs'!B96) -> Other appliances | X11: =IF('Key Inputs'!C96="","",'Key Inputs'!C96) -> Electricity | Y11: =IF('Key Inputs'!D96="","",'Key Inputs'!D96) -> ELC | Z11: =IF('Key Inputs'!E96="","",'Key Inputs'!E96) -> SRVELC | AA11: =_xlfn.XLOOKUP(V11,Legend!$A$21:$A$22,Legend!$C$21:$C$22) -> PU | AB11: =_xlfn.XLOOKUP(W11,Legend!$A$24:$A$34,Legend!$C$24:$C$34) -> OEL | AC11: =IF($Y11="","",AD11/G11) -> 2.8981558 | AD11: =IF($Y11="","",F11*H11*J11) -> 2.8981558
E13: Tot | F13: =SUM(F6:F11) -> 176.39016 | AC13: =SUM(AC6:AC11) -> 26.559365 | AD13: =SUM(AD6:AD11) -> 188.97732

Sheet PLIG_Techs
B1: Characterization of Public lighting
B2: ~FI_T | L2: ~FI_Process
B3: TechName | C3: *TechDesc | D3: Comm-IN | E3: Comm-OUT | F3: Stock | G3: EFF | H3: AFA | I3: Life | J3: Cap2Act | L3: Sets | M3: Region | N3: TechName | O3: TechDesc | P3: Tact | Q3: Tcap | R3: Tslvl | S3: PrimaryCG | T3: Vintage | V3: Sub-sector | W3: Energy service | X3: Fuel | Y3: Fuel Short name | Z3: Fuel Long name | AA3: Sub-sector short name | AB3: Energy service short name | AC3: Calibration checks
B4: *Technology name | C4: Description | D4: Input commodity | E4: Output commodity | F4: Total device stock | G4: Efficiency | H4: Availability factor | I4: Technical life | J4: Capacity to Activity Factor | L4: *Process Set Membership | M4: Regions | N4: Technology name | O4: Description | P4: Activity unit | Q4: Capacity unit | R4: TimeSlice level of Process Activity | S4: Primary Commodity Group | T4: Vintage Tracking | AC4: Expected consumption | AD4: Expected production
B5: *Units | F5: =Q7 -> Mlamps | G5: Mlamps/PJ | H5: % | I5: years | J5: kunits to PJ | L5: * | AC5: PJ | AD5: PJ
B6: =IF($Y6="",L6,N6) -> *Public Services Public lighting | L6: =IF($Y6="","*"&V7&" "&W7,"DMD") -> *Public Services Public lighting | V6: =IF('Key Inputs'!A102="","",'Key Inputs'!A102) | W6: =IF('Key Inputs'!B102="","",'Key Inputs'!B102) | X6: =IF('Key Inputs'!C102="","",'Key Inputs'!C102) | Y6: =IF('Key Inputs'!D102="","",'Key Inputs'!D102) | AC6: =IF($Y6="","",AD6/G6) | AD6: =IF($Y6="","",F6*H6*J6)
B7: =IF($Y7="",L7,N7) -> S-PLIG-PU_X1 | C7: =IF($Y7="","",O7) -> Public Services - Public lighting: Sodium vapor lamp | D7: =IF($Y7="","",Z7) -> SRVELC | E7: =IF($Y7="","",CONCATENATE(Legend!$C$4,AB7,"-",Legend!$C$22)) -> SRVPLIG-PU | F7: =IF($Y7="","",SUMIFS('Key Inputs'!$M$29:$M$114,'Key Inputs'!$A$29:$A$114,$V7,'Key Inputs'!$B$29:$B$114,$W7,'Key Inputs'!$C$29:$C$114,$X7)) -> 0.0192 | G7: =IF($Y7="","",1/SUMIFS('Key Inputs'!$L$29:$L$114,'Key Inputs'!$A$29:$A$114,$V7,'Key Inputs'!$B$29:$B$114,$W7,'Key Inputs'!$C$29:$C$114,$X7)) -> 0.48784295 | H7: =IF($Y7="","",1) -> 1 | I7: =IF($Y7="","",SUMIFS('Key Inputs'!$K$29:$K$114,'Key Inputs'!$A$29:$A$114,$V7,'Key Inputs'!$B$29:$B$114,$W7,'Key Inputs'!$C$29:$C$114,$X7)) -> 20 | J7: =IF($Y7="","",1) -> 1 | L7: =IF($Y7="","*"&V8&" "&W8,"DMD") -> DMD | M7: =IF($AB7="","",_xlfn.TEXTJOIN(",",TRUE,IF(LEFT(Regions!$C$3,1)<>"*",Regions!$C$3,""),IF(LEFT(Regions!$D$3,1)<>"*",Regions!$D$3,""))) -> IE,National | N7: =IF($Y7="","",CONCATENATE(LEFT(Legend!$C$4),"-",$AB7,"-",$AA7,"_",$Y7)) -> S-PLIG-PU_X1 | O7: =IF($Y7="","",CONCATENATE(V7," - ",W7,": ",X7)) -> Public Services - Public lighting: Sodium vapor lamp | P7: =IF($Y7="","",'Key Inputs'!$M$102) -> Mlamps | Q7: =IF($Y7="","",'Key Inputs'!$M$102) -> Mlamps | V7: =IF('Key Inputs'!A103="","",'Key Inputs'!A103) -> Public Services | W7: =IF('Key Inputs'!B103="","",'Key Inputs'!B103) -> Public lighting | X7: =IF('Key Inputs'!C103="","",'Key Inputs'!C103) -> Sodium vapor lamp | Y7: X1 | Z7: =IF('Key Inputs'!E103="","",'Key Inputs'!E103) -> SRVELC | AA7: =_xlfn.XLOOKUP(V7,Legend!$A$21:$A$22,Legend!$C$21:$C$22) -> PU | AB7: =_xlfn.XLOOKUP(W7,Legend!$A$24:$A$34,Legend!$C$24:$C$34) -> PLIG | AC7: =IF($Y7="","",AD7/G7) -> 0.039356928 | AD7: =IF($Y7="","",F7*H7*J7) -> 0.0192
B8: =IF($Y8="",L8,N8) -> S-PLIG-PU_X2 | C8: =IF($Y8="","",O8) -> Public Services - Public lighting: Mercury lamps | D8: =IF($Y8="","",Z8) -> SRVELC | E8: =IF($Y8="","",CONCATENATE(Legend!$C$4,AB8,"-",Legend!$C$22)) -> SRVPLIG-PU | F8: =IF($Y8="","",SUMIFS('Key Inputs'!$M$29:$M$114,'Key Inputs'!$A$29:$A$114,$V8,'Key Inputs'!$B$29:$B$114,$W8,'Key Inputs'!$C$29:$C$114,$X8)) -> 0.072 | G8: =IF($Y8="","",1/SUMIFS('Key Inputs'!$L$29:$L$114,'Key Inputs'!$A$29:$A$114,$V8,'Key Inputs'!$B$29:$B$114,$W8,'Key Inputs'!$C$29:$C$114,$X8)) -> 0.37305638 | H8: =IF($Y8="","",1) -> 1 | I8: =IF($Y8="","",SUMIFS('Key Inputs'!$K$29:$K$114,'Key Inputs'!$A$29:$A$114,$V8,'Key Inputs'!$B$29:$B$114,$W8,'Key Inputs'!$C$29:$C$114,$X8)) -> 20 | J8: =IF($Y8="","",1) -> 1 | L8: =IF($Y8="","*"&V9&" "&W9,"DMD") -> DMD | M8: =IF($AB8="","",_xlfn.TEXTJOIN(",",TRUE,IF(LEFT(Regions!$C$3,1)<>"*",Regions!$C$3,""),IF(LEFT(Regions!$D$3,1)<>"*",Regions!$D$3,""))) -> IE,National | N8: =IF($Y8="","",CONCATENATE(LEFT(Legend!$C$4),"-",$AB8,"-",$AA8,"_",$Y8)) -> S-PLIG-PU_X2 | O8: =IF($Y8="","",CONCATENATE(V8," - ",W8,": ",X8)) -> Public Services - Public lighting: Mercury lamps | P8: =IF($Y8="","",'Key Inputs'!$M$102) -> Mlamps | Q8: =IF($Y8="","",'Key Inputs'!$M$102) -> Mlamps | V8: =IF('Key Inputs'!A104="","",'Key Inputs'!A104) -> Public Services | W8: =IF('Key Inputs'!B104="","",'Key Inputs'!B104) -> Public lighting | X8: =IF('Key Inputs'!C104="","",'Key Inputs'!C104) -> Mercury lamps | Y8: X2 | Z8: =IF('Key Inputs'!E104="","",'Key Inputs'!E104) -> SRVELC | AA8: =_xlfn.XLOOKUP(V8,Legend!$A$21:$A$22,Legend!$C$21:$C$22) -> PU | AB8: =_xlfn.XLOOKUP(W8,Legend!$A$24:$A$34,Legend!$C$24:$C$34) -> PLIG | AC8: =IF($Y8="","",AD8/G8) -> 0.19300032 | AD8: =IF($Y8="","",F8*H8*J8) -> 0.072
B9: =IF($Y9="",L9,N9) -> S-PLIG-PU_X3 | C9: =IF($Y9="","",O9) -> Public Services - Public lighting: Others | D9: =IF($Y9="","",Z9) -> SRVELC | E9: =IF($Y9="","",CONCATENATE(Legend!$C$4,AB9,"-",Legend!$C$22)) -> SRVPLIG-PU | F9: =IF($Y9="","",SUMIFS('Key Inputs'!$M$29:$M$114,'Key Inputs'!$A$29:$A$114,$V9,'Key Inputs'!$B$29:$B$114,$W9,'Key Inputs'!$C$29:$C$114,$X9)) -> 0.384 | G9: =IF($Y9="","",1/SUMIFS('Key Inputs'!$L$29:$L$114,'Key Inputs'!$A$29:$A$114,$V9,'Key Inputs'!$B$29:$B$114,$W9,'Key Inputs'!$C$29:$C$114,$X9)) -> 0.31709792 | H9: =IF($Y9="","",1) -> 1 | I9: =IF($Y9="","",SUMIFS('Key Inputs'!$K$29:$K$114,'Key Inputs'!$A$29:$A$114,$V9,'Key Inputs'!$B$29:$B$114,$W9,'Key Inputs'!$C$29:$C$114,$X9)) -> 20 | J9: =IF($Y9="","",1) -> 1 | L9: =IF($Y9="","*"&V10&" "&W10,"DMD") -> DMD | M9: =IF($AB9="","",_xlfn.TEXTJOIN(",",TRUE,IF(LEFT(Regions!$C$3,1)<>"*",Regions!$C$3,""),IF(LEFT(Regions!$D$3,1)<>"*",Regions!$D$3,""))) -> IE,National | N9: =IF($Y9="","",CONCATENATE(LEFT(Legend!$C$4),"-",$AB9,"-",$AA9,"_",$Y9)) -> S-PLIG-PU_X3 | O9: =IF($Y9="","",CONCATENATE(V9," - ",W9,": ",X9)) -> Public Services - Public lighting: Others | P9: =IF($Y9="","",'Key Inputs'!$M$102) -> Mlamps | Q9: =IF($Y9="","",'Key Inputs'!$M$102) -> Mlamps | V9: =IF('Key Inputs'!A105="","",'Key Inputs'!A105) -> Public Services | W9: =IF('Key Inputs'!B105="","",'Key Inputs'!B105) -> Public lighting | X9: =IF('Key Inputs'!C105="","",'Key Inputs'!C105) -> Others | Y9: X3 | Z9: =IF('Key Inputs'!E105="","",'Key Inputs'!E105) -> SRVELC | AA9: =_xlfn.XLOOKUP(V9,Legend!$A$21:$A$22,Legend!$C$21:$C$22) -> PU | AB9: =_xlfn.XLOOKUP(W9,Legend!$A$24:$A$34,Legend!$C$24:$C$34) -> PLIG | AC9: =IF($Y9="","",AD9/G9) -> 1.2109824 | AD9: =IF($Y9="","",F9*H9*J9) -> 0.384
B10: =IF($Y10="",L10,N10) -> S-PLIG-PU_X4 | C10: =IF($Y10="","",O10) -> Public Services - Public lighting: LED | D10: =IF($Y10="","",Z10) -> SRVELC | E10: =IF($Y10="","",CONCATENATE(Legend!$C$4,AB10,"-",Legend!$C$22)) -> SRVPLIG-PU | F10: =IF($Y10="","",SUMIFS('Key Inputs'!$M$29:$M$114,'Key Inputs'!$A$29:$A$114,$V10,'Key Inputs'!$B$29:$B$114,$W10,'Key Inputs'!$C$29:$C$114,$X10)) -> 0.0048 | G10: =IF($Y10="","",1/SUMIFS('Key Inputs'!$L$29:$L$114,'Key Inputs'!$A$29:$A$114,$V10,'Key Inputs'!$B$29:$B$114,$W10,'Key Inputs'!$C$29:$C$114,$X10)) -> 1.2683917 | H10: =IF($Y10="","",1) -> 1 | I10: =IF($Y10="","",SUMIFS('Key Inputs'!$K$29:$K$114,'Key Inputs'!$A$29:$A$114,$V10,'Key Inputs'!$B$29:$B$114,$W10,'Key Inputs'!$C$29:$C$114,$X10)) -> 20 | J10: =IF($Y10="","",1) -> 1 | L10: =IF($Y10="","*"&V11&" "&W11,"DMD") -> DMD | M10: =IF($AB10="","",_xlfn.TEXTJOIN(",",TRUE,IF(LEFT(Regions!$C$3,1)<>"*",Regions!$C$3,""),IF(LEFT(Regions!$D$3,1)<>"*",Regions!$D$3,""))) -> IE,National | N10: =IF($Y10="","",CONCATENATE(LEFT(Legend!$C$4),"-",$AB10,"-",$AA10,"_",$Y10)) -> S-PLIG-PU_X4 | O10: =IF($Y10="","",CONCATENATE(V10," - ",W10,": ",X10)) -> Public Services - Public lighting: LED | P10: =IF($Y10="","",'Key Inputs'!$M$102) -> Mlamps | Q10: =IF($Y10="","",'Key Inputs'!$M$102) -> Mlamps | V10: =IF('Key Inputs'!A106="","",'Key Inputs'!A106) -> Public Services | W10: =IF('Key Inputs'!B106="","",'Key Inputs'!B106) -> Public lighting | X10: =IF('Key Inputs'!C106="","",'Key Inputs'!C106) -> LED | Y10: X4 | Z10: =IF('Key Inputs'!E106="","",'Key Inputs'!E106) -> SRVELC | AA10: =_xlfn.XLOOKUP(V10,Legend!$A$21:$A$22,Legend!$C$21:$C$22) -> PU | AB10: =_xlfn.XLOOKUP(W10,Legend!$A$24:$A$34,Legend!$C$24:$C$34) -> PLIG | AC10: =IF($Y10="","",AD10/G10) -> 0.00378432 | AD10: =IF($Y10="","",F10*H10*J10) -> 0.0048
E12: Tot | F12: =SUM(F6:F10) -> 0.48 | AC12: =SUM(AC6:AC10) -> 1.447124 | AD12: =SUM(AD6:AD10) -> 0.48
B14: BY demands
D15: ~FI_T
B16: Region | C16: CommName | D16: Attribute | E16: 2018
B17: *Region name | C17: Commodity name | E17: Energy Service Demand
B18: *Units | E18: =P10 -> Mlamps
B19: =_xlfn.TEXTJOIN(",",TRUE,IF(LEFT(Regions!$C$3,1)<>"*",Regions!$C$3,""),IF(LEFT(Regions!$D$3,1)<>"*",Regions!$D$3,"")) -> IE,National | C19: =E7 -> SRVPLIG-PU | D19: Demand | E19: =$AD$12 -> 0.48

Sheet DCE_Techs
B1: Characterization of Data centers
B2: ~FI_T | L2: ~FI_Process
B3: TechName | C3: *TechDesc | D3: Comm-IN | E3: Comm-OUT | F3: PASTI | G3: EFF | H3: AFA | I3: Life | J3: Cap2Act | L3: Sets | M3: Region | N3: TechName | O3: TechDesc | P3: Tact | Q3: Tcap | R3: Tslvl | S3: PrimaryCG | T3: Vintage | V3: Sub-sector | W3: Energy service | X3: Fuel | Y3: Fuel Short name | Z3: Fuel Long name | AA3: Sub-sector short name | AB3: Energy service short name | AC3: Calibration checks
B4: *Technology name | C4: Description | D4: Input commodity | E4: Output commodity | F4: Total BY stock | G4: Efficiency | H4: Availability factor | I4: Technical life | J4: Capacity to Activity Factor | L4: *Process Set Membership | M4: Regions | N4: Technology name | O4: Description | P4: Activity unit | Q4: Capacity unit | R4: TimeSlice level of Process Activity | S4: Primary Commodity Group | T4: Vintage Tracking | AC4: Expected consumption | AD4: Expected production
B5: *Units | F5: =Q7 -> GW | G5: output unit/PJ | H5: % | I5: years | J5: kunits to PJ | L5: * | AC5: PJ | AD5: PJ
B6: =IF($Y6="",L6,N6) -> *Commercial Services Data centers | L6: =IF($Y6="","*"&V7&" "&W7,"DMD") -> *Commercial Services Data centers | V6: =IF('Key Inputs'!A113="","",'Key Inputs'!A113) | W6: =IF('Key Inputs'!B113="","",'Key Inputs'!B113) | X6: =IF('Key Inputs'!C113="","",'Key Inputs'!C113) | Y6: =IF('Key Inputs'!D113="","",'Key Inputs'!D113) | Z6: =IF('Key Inputs'!E113="","",'Key Inputs'!E113) | AC6: =IF($Y6="","",AD6/G6) | AD6: =IF($Y6="","",F6*H6*J6)
B7: =IF($Y7="",L7,N7) -> S-DCE-CS | C7: =IF($Y7="","",O7) -> Commercial Services - Data centers | D7: =IF($Y7="","",Z7) -> SRVELC | E7: =IF($Y7="","",CONCATENATE(Legend!$C$4,AB7,"-",AA7)) -> SRVDCE-CS | F7: =IF($Y7="","",SUMIFS('Key Inputs'!$F$29:$F$114,'Key Inputs'!$A$29:$A$114,$V7,'Key Inputs'!$B$29:$B$114,$W7,'Key Inputs'!$C$29:$C$114,$X7)) -> 0.51 | G7: =IF($Y7="","",1) -> 1 | H7: =IF($Y7="","",SUMIFS('Key Inputs'!$G$29:$G$114,'Key Inputs'!$A$29:$A$114,$V7,'Key Inputs'!$B$29:$B$114,$W7,'Key Inputs'!$C$29:$C$114,$X7)) -> 0.35 | I7: =IF($Y7="","",SUMIFS('Key Inputs'!$H$29:$H$114,'Key Inputs'!$A$29:$A$114,$V7,'Key Inputs'!$B$29:$B$114,$W7,'Key Inputs'!$C$29:$C$114,$X7)) -> 20 | J7: =IF($Y7="","",31.536) -> 31.536 | L7: =IF($Y7="","*"&V8&" "&W8,"DMD") -> DMD | M7: =IF($AB7="","",_xlfn.TEXTJOIN(",",TRUE,IF(LEFT(Regions!$C$3,1)<>"*",Regions!$C$3,""),IF(LEFT(Regions!$D$3,1)<>"*",Regions!$D$3,""))) -> IE,National | N7: =IF($Y7="","",CONCATENATE(LEFT(Legend!$C$4),"-",$AB7,"-",$AA7)) -> S-DCE-CS | O7: =IF($Y7="","",CONCATENATE(V7," - ",W7)) -> Commercial Services - Data centers | P7: =IF($Y7="","","PJ") -> PJ | Q7: =IF($Y7="","","GW") -> GW | R7: =IF($Y7="","","ANNUAL") -> ANNUAL | V7: =IF('Key Inputs'!A114="","",'Key Inputs'!A114) -> Commercial Services | W7: =IF('Key Inputs'!B114="","",'Key Inputs'!B114) -> Data centers | X7: =IF('Key Inputs'!C114="","",'Key Inputs'!C114) -> Electricity | Y7: =IF('Key Inputs'!D114="","",'Key Inputs'!D114) -> ELC | Z7: =IF('Key Inputs'!E114="","",'Key Inputs'!E114) -> SRVELC | AA7: =_xlfn.XLOOKUP(V7,Legend!$A$21:$A$22,Legend!$C$21:$C$22) -> CS | AB7: =_xlfn.XLOOKUP(W7,Legend!$A$24:$A$34,Legend!$C$24:$C$34) -> DCE | AC7: =IF($Y7="","",AD7/G7) -> 5.629176 | AD7: =IF($Y7="","",F7*H7*J7) -> 5.629176
E9: Tot | F9: =SUM(F6:F7) -> 0.51 | AC9: =SUM(AC6:AC7) -> 5.629176 | AD9: =SUM(AD6:AD7) -> 5.629176
B11: BY demands
D12: ~FI_T
B13: Region | C13: CommName | D13: Attribute | E13: 2018
B14: *Region name | C14: Commodity name | E14: Energy Service Demand
B15: *Units | E15: =P7 -> PJ
B16: =_xlfn.TEXTJOIN(",",TRUE,IF(LEFT(Regions!$C$3,1)<>"*",Regions!$C$3,""),IF(LEFT(Regions!$D$3,1)<>"*",Regions!$D$3,"")) -> IE,National | C16: =E7 -> SRVDCE-CS | D16: Demand | E16: =$AD$9 -> 5.629176

Sheet Emissions
B1: Emission coefficients for Non-Residential sector
B2: ~COMEMI
B3: CommName | C3: =Commodities!D23 -> SRVCOA | D3: =Commodities!D24 -> SRVLPG | E3: =Commodities!D25 -> SRVOIL | F3: =Commodities!D26 -> SRVGAS | G3: =Commodities!D27 -> SRVBIO | H3: =Commodities!D29 -> SRVSOL
B4: *Commodity name | C4: =Commodities!E23 -> Solids (SRV) | D4: =Commodities!E24 -> LPG (SRV) | E4: =Commodities!E25 -> Oil (SRV) | F4: =Commodities!E26 -> Natural Gas (SRV) | G4: =Commodities!E27 -> Biomass (SRV) | H4: =Commodities!E29 -> Solar (SRV)
B5: *Units | C5: kt/PJ | D5: kt/PJ | E5: kt/PJ | F5: kt/PJ | G5: kt/PJ | H5: kt/PJ
B6: =Commodities!D38 -> SRVCO2N | C6: 94.6 | D6: 63.7 | E6: =SUMPRODUCT(C17:C19,'Fuel Techs'!F7:F9) -> 73.306776 | F6: 55.74 | G6: 0 | H6: 0
B7: =Commodities!D39 -> SRVCH4N
B8: =Commodities!D40 -> SRVSO2N
B9: =Commodities!D41 -> SRVNOXN
B10: =Commodities!D42 -> SRVPM10
B11: =Commodities!D43 -> SRVPM25
B16: kt/PJ | C16: =B6 -> SRVCO2N
B17: OILKER | C17: 71.9
B18: OILDST | C18: 74.1
B19: OILHFO | C19: 77.4

Sheet EB2018
A1: 2018 Units = ktoe | B1: NACE (Rev 2) | C1: Coal | D1: Bituminous Coal | E1: Anthracite + Manufactured Ovoids | F1: Coke | G1: Lignite \ Brown Coal Briquettes | H1: Peat | I1: Milled Peat | J1: Sod Peat | K1: Briquettes | L1: Oil | M1: Crude | N1: Refinery Feedstocks | O1: Refinery Gas | P1: Gasoline | Q1: Kerosene | R1: Jet Kerosene | S1: Fueloil | T1: LPG | U1: Gasoil / Diesel /DERV | V1: Petroleum Coke | W1: Naphta | X1: Bitumen | Y1: White Spirit | Z1: Lubricants | AA1: Natural Gas | AB1: Renewables | AC1: Hydro | AD1: Wind | AE1: Biomass | AF1: Renewable Waste | AG1: Landfill Gas | AH1: Biogas | AI1: Biodiesel | AJ1: Bioethanol | AK1: Solar Photovoltaic | AL1: Solar Thermal | AM1: Ambient Heat | AN1: Non-Renewable Waste | AO1: Electricity | AP1: Heat | AQ1: TOTAL
A2: Indigenous Production | C2: 0 | D2: 0 | H2: 815.92435 | I2: 688.22035 | J2: 127.704 | L2: 0 | AA2: 2751.9192 | AB2: 1334.822 | AC2: 59.691709 | AD2: 743.01992 | AE2: 248.90728 | AF2: 139.99993 | AG2: 33.531819 | AH2: 16.813133 | AI2: 31.064468 | AJ2: 2.6691993 | AK2: 1.5674557 | AL2: 13.546086 | AM2: 44.011032 | AN2: 145.4371 | AQ2: 5048.1027
A3: Imports | C3: 903.49466 | D3: 829.5746 | E3: 61.722868 | G3: 12.197194 | H3: 0 | L3: 9138.5578 | M3: 3053.4743 | N3: 16.633377 | O3: 0 | P3: 564.23641 | Q3: 369.14639 | R3: 1542.2444 | S3: 82.827949 | T3: 157.54636 | U3: 2932.6956 | V3: 166.37648 | W3: 7.5616539 | X3: 200.83222 | Y3: 1.228147 | Z3: 43.754533 | AA3: 1728.3381 | AB3: 151.93356 | AE3: 24.282116 | AI3: 104.81441 | AJ3: 22.83703 | AO3: 139.45062 | AQ3: 12061.775
A4: Exports | C4: 15.186581 | D4: 0 | E4: 14.097722 | G4: 1.0888587 | H4: 7.033068 | K4: 7.033068 | L4: 1717.0625 | M4: 0 | N4: 0 | P4: 364.52222 | Q4: 21.672508 | R4: 156.2938 | S4: 986.60612 | T4: 35.289733 | U4: 102.14625 | V4: 0.0029088438 | W4: 36.297317 | X4: 5.469469 | Y4: 0.018500298 | Z4: 8.7436483 | AA4: 0 | AB4: 9.4476585 | AE4: 0.4126464 | AI4: 9.0350121 | AJ4: 0 | AO4: 141.83539 | AQ4: 1890.5652
A5: Mar. Bunkers | C5: 0 | H5: 0 | L5: 172.71259 | S5: 15.730078 | U5: 156.98251 | AB5: 0 | AQ5: 172.71259
A6: Stock Change | C6: -101.25635 | D6: -101.86989 | E6: -0.80797667 | G6: 1.421516 | H6: -122.93905 | I6: -136.53827 | J6: 0 | K6: 13.599214 | L6: 137.25718 | M6: 38.730965 | N6: -8.875152 | P6: -9.6980083 | Q6: -1.1994301 | R6: 82.120249 | S6: 23.6376 | T6: 1.4659197 | U6: 8.3874136 | V6: 3.2040911 | W6: -0.51646779 | X6: 0 | Y6: 0 | Z6: 0 | AA6: 0 | AB6: 4.4601014 | AE6: 0.26707428 | AI6: 1.7828522 | AJ6: 2.410175 | AQ6: -82.47812
A7: Primary Energy Supply (incl non-energy) | C7: 787.05173 | D7: 727.70471 | E7: 46.817169 | F7: 0 | G7: 12.529851 | H7: 685.95223 | I7: 551.68208 | J7: 127.704 | K7: 6.566146 | L7: 7386.0399 | M7: 3092.2053 | N7: 7.7582255 | O7: 0 | P7: 190.01618 | Q7: 346.27445 | R7: 1468.0709 | S7: -895.87065 | T7: 123.72255 | U7: 2681.9542 | V7: 169.57766 | W7: -29.252131 | X7: 195.36275 | Y7: 1.2096467 | Z7: 35.010885 | AA7: 4480.2573 | AB7: 1481.768 | AC7: 59.691709 | AD7: 743.01992 | AE7: 273.04383 | AF7: 139.99993 | AG7: 33.531819 | AH7: 16.813133 | AI7: 128.62672 | AJ7: 27.916405 | AK7: 1.5674557 | AL7: 13.546086 | AM7: 44.011032 | AN7: 145.4371 | AO7: -2.384774 | AP7: 0 | AQ7: 14964.121
A8: Primary Energy Requirement (excl. non-energy) | C8: 787.05173 | D8: 727.70471 | E8: 46.817169 | F8: 0 | G8: 12.529851 | H8: 685.95223 | I8: 551.68208 | J8: 127.704 | K8: 6.566146 | L8: 7154.4566 | M8: 3092.2053 | N8: 7.7582255 | O8: 0 | P8: 190.01618 | Q8: 346.27445 | R8: 1468.0709 | S8: -895.87065 | T8: 123.72255 | U8: 2681.9542 | V8: 169.57766 | W8: -29.252131 | X8: 0 | Y8: 0 | Z8: 0 | AA8: 4480.2573 | AB8: 1481.768 | AC8: 59.691709 | AD8: 743.01992 | AE8: 273.04383 | AF8: 139.99993 | AG8: 33.531819 | AH8: 16.813133 | AI8: 128.62672 | AJ8: 27.916405 | AK8: 1.5674557 | AL8: 13.546086 | AM8: 44.011032 | AN8: 145.4371 | AO8: -2.384774 | AP8: 0 | AQ8: 14732.538
A9: Transformation Input | C9: 489.1342 | D9: 489.1342 | E9: 0 | F9: 0 | G9: 0 | H9: 541.02658 | I9: 541.02658 | J9: 0 | K9: 0 | L9: 3165.7216 | M9: 3092.2053 | N9: 38.786602 | O9: 0 | P9: 0 | Q9: 0 | R9: 0 | S9: 25.868327 | T9: 0.63499472 | U9: 8.2264622 | V9: 0 | W9: 0 | X9: 0 | Y9: 0 | Z9: 0 | AA9: 2501.2994 | AB9: 215.90353 | AC9: 0 | AD9: 0 | AE9: 76.028616 | AF9: 99.307023 | AG9: 33.531819 | AH9: 7.0360715 | AI9: 0 | AJ9: 0 | AK9: 0 | AL9: 0 | AM9: 0 | AN9: 90.714163 | AO9: 54.384532 | AP9: 0 | AQ9: 7058.1841
A10: Public Thermal Power Plants (Input) | C10: 489.1342 | D10: 489.1342 | H10: 467.10846 | I10: 467.10846 | J10: 0 | L10: 34.094789 | S10: 25.868327 | U10: 8.2264622 | AA10: 2187.6034 | AB10: 205.3059 | AE10: 72.46706 | AF10: 99.307023 | AG10: 33.531819 | AN10: 90.714163 | AQ10: 3473.9609
A11: Combined Heat and Power Plants (Input) | C11: 0 | D11: 0 | H11: 5.8425469 | I11: 5.8425469 | L11: 0.63499472 | O11: 0 | S11: 0 | T11: 0.63499472 | U11: 0 | AA11: 272.96145 | AB11: 10.597627 | AE11: 3.561556 | AH11: 7.0360715 | AQ11: 290.03662
A12: Pumped Storage Consumption (Input) | AO12: 42.94206 | AQ12: 42.94206
A13: Briquetting Plants (Input) | C13: 0 | H13: 68.075577 | I13: 68.075577 | L13: 0 | AB13: 0 | AQ13: 68.075577
A14: Oil Refineries & other energy sector (Input) | C14: 0 | H14: 0 | L14: 3130.9919 | M14: 3092.2053 | N14: 38.786602 | AA14: 40.734585 | AB14: 0 | AO14: 11.442472 | AQ14: 3183.1689
A15: Transformation Output | C15: 0 | D15: 0 | E15: 0 | F15: 0 | G15: 0 | H15: 64.671798 | I15: 0 | J15: 0 | K15: 64.671798 | L15: 3166.7859 | M15: 0 | N15: 0 | O15: 90.017984 | P15: 640.5368 | Q15: 226.77459 | R15: 0 | S15: 960.95018 | T15: 64.797463 | U15: 1146.9502 | V15: 0 | W15: 36.758644 | X15: 0 | Y15: 0 | Z15: 0 | AA15: 0 | AB15: 0 | AC15: 0 | AD15: 0 | AE15: 0 | AF15: 0 | AG15: 0 | AH15: 0 | AI15: 0 | AJ15: 0 | AK15: 0 | AL15: 0 | AM15: 0 | AN15: 0 | AO15: 1873.3615 | AP15: 0 | AQ15: 5104.8192
A16: Public Thermal Power Plants (Output) | C16: 0 | H16: 0 | L16: 0 | AB16: 0 | AO16: 1667.7866 | AQ16: 1667.7866
A17: Combined Heat and Power Plants (Output) | C17: 0 | H17: 0 | L17: 0 | AB17: 0 | AO17: 185.14396 | AQ17: 185.14396
A18: Pumped Storage Generation (Output) | AO18: 20.430939 | AQ18: 20.430939
A19: Briquetting Plants (Output) | H19: 64.671798 | K19: 64.671798 | L19: 0 | AB19: 0 | AQ19: 64.671798
A20: Oil Refineries & other energy sector (Output) | H20: 0 | L20: 3166.7859 | O20: 90.017984 | P20: 640.5368 | Q20: 226.77459 | R20: 0 | S20: 960.95018 | T20: 64.797463 | U20: 1146.9502 | W20: 36.758644 | AB20: 0 | AQ20: 3166.7859
A21: Exchanges and transfers | C21: 22.240062 | D21: -17.141361 | E21: 39.381423 | F21: 0 | G21: 0 | H21: 0 | I21: 0 | J21: 0 | K21: 0 | L21: -24.684016 | M21: 0 | N21: 30.880435 | O21: 0 | P21: -31.331711 | Q21: 361.9108 | R21: -361.12225 | S21: -0.17168421 | T21: 0 | U21: -2.6095464 | V21: -22.240062 | W21: 0 | X21: 0 | Y21: 0 | Z21: 0 | AA21: 0 | AB21: -804.27909 | AC21: -59.691709 | AD21: -743.01992 | AE21: 0 | AF21: 0 | AG21: 0 | AH21: 0 | AI21: 0 | AJ21: 0 | AK21: -1.5674557 | AL21: 0 | AM21: 0 | AN21: 0 | AO21: 804.27909 | AP21: 0 | AQ21: -2.4439548
A22: Electricity Exchange & Transfers | AB22: -804.27909 | AC22: -59.691709 | AD22: -743.01992 | AK22: -1.5674557 | AO22: 804.27909 | AQ22: 0
A23: Heat Exchange & Transfers | AQ23: 0
A24: Other Exchange & Transfers | C24: 22.240062 | D24: -17.141361 | E24: 39.381423 | G24: 0 | L24: -24.684016 | N24: 30.880435 | P24: -31.331711 | Q24: 361.9108 | R24: -361.12225 | S24: -0.17168421 | U24: -2.6095464 | V24: -22.240062 | W24: 0 | AB24: 0 | AH24: 0 | AQ24: -2.4439548
A25: Own Use and Distribution Losses | C25: 0 | H25: 10.283248 | I25: 10.283248 | L25: 98.284658 | O25: 95.274692 | S25: 0 | T25: 0.0041693256 | U25: 3.0057963 | AA25: 57.5286 | AB25: 0 | AO25: 259.46681 | AQ25: 425.56332
A26: Available Final Energy Consumption | C26: 320.1576 | D26: 221.42916 | E26: 86.198592 | F26: 0 | G26: 12.529851 | H26: 199.3142 | I26: 0.37225107 | J26: 127.704 | K26: 71.237944 | L26: 7264.1355 | M26: 0 | N26: -0.14794175 | O26: -5.2567081 | P26: 799.22127 | Q26: 934.95984 | R26: 1106.9486 | S26: 39.039521 | T26: 187.88085 | U26: 3815.0626 | V26: 147.3376 | W26: 7.5065127 | X26: 195.36275 | Y26: 1.2096467 | Z26: 35.010885 | AA26: 1921.4292 | AB26: 461.58542 | AC26: 0 | AD26: 0 | AE26: 197.01521 | AF26: 40.692904 | AG26: 0 | AH26: 9.7770611 | AI26: 128.62672 | AJ26: 27.916405 | AK26: 0 | AL26: 13.546086 | AM26: 44.011032 | AN26: 54.72294 | AO26: 2361.4045 | AP26: 0 | AQ26: 12582.749
A27: Non-Energy Consumption | C27: 0 | D27: 0 | E27: 0 | F27: 0 | G27: 0 | H27: 0 | I27: 0 | J27: 0 | K27: 0 | L27: 231.58328 | M27: 0 | N27: 0 | O27: 0 | P27: 0 | Q27: 0 | R27: 0 | S27: 0 | T27: 0 | U27: 0 | V27: 0 | X27: 195.36275 | Y27: 1.2096467 | Z27: 35.010885 | AA27: 0 | AB27: 0 | AC27: 0 | AD27: 0 | AE27: 0 | AF27: 0 | AG27: 0 | AH27: 0 | AI27: 0 | AJ27: 0 | AK27: 0 | AL27: 0 | AM27: 0 | AN27: 0 | AO27: 0 | AP27: 0 | AQ27: 231.58328
A28: Final non-Energy Consumption (Feedstocks) | C28: 0 | H28: 0 | L28: 231.58328 | X28: 195.36275 | Y28: 1.2096467 | Z28: 35.010885 | AA28: 0 | AB28: 0 | AQ28: 231.58328
A29: Total Final Energy Consumption | C29: 322.73713 | D29: 221.25198 | E29: 89.64728 | F29: 0 | G29: 11.837385 | H29: 197.36847 | I29: 0.82966372 | J29: 127.704 | K29: 68.834806 | L29: 7068.2622 | M29: 0 | N29: 0 | O29: 0 | P29: 821.48003 | Q29: 934.32541 | R29: 1102.8442 | S29: 31.039401 | T29: 181.32382 | U29: 3850.7371 | V29: 146.51227 | W29: 0 | X29: 0 | Y29: 0 | Z29: 0 | AA29: 1961.7039 | AB29: 464.00157 | AC29: 0 | AD29: 0 | AE29: 201.73488 | AF29: 40.692904 | AG29: 0 | AH29: 9.7770611 | AI29: 126.96835 | AJ29: 27.271253 | AK29: 0 | AL29: 13.546086 | AM29: 44.011032 | AN29: 54.72294 | AO29: 2397.7152 | AP29: 0 | AQ29: 12466.511
A30: Industry* | C30: 105.42503 | D30: 105.42455 | E30: 0 | H30: 0.82966372 | I30: 0.82966372 | J30: 0 | K30: 0 | L30: 336.13486 | M30: 0 | N30: 0 | O30: 0 | P30: 0 | Q30: 5.7874807 | R30: 0 | S30: 30.396553 | T30: 59.130271 | U30: 99.712154 | V30: 141.1084 | W30: 0 | X30: 0 | Y30: 0 | Z30: 0 | AA30: 991.07205 | AB30: 198.81521 | AC30: 0 | AD30: 0 | AE30: 153.96699 | AF30: 40.692904 | AG30: 0 | AH30: 4.1553164 | AI30: 0 | AJ30: 0 | AK30: 0 | AL30: 0 | AM30: 0 | AN30: 54.72294 | AO30: 557.4297 | AP30: 0 | AQ30: 2244.4294
A31: Non-Energy Mining | B31: 05-09 | C31: 0 | D31: 0 | H31: 0 | L31: 15.144242 | Q31: 0.253 | S31: 0 | T31: 0.093242085 | U31: 14.798 | V31: 0 | AA31: 11.682132 | AB31: 0 | AO31: 18.596553 | AQ31: 45.422927
A32: Food & beverages | B32: 10-11 | C32: 18.505816 | D32: 18.505816 | H32: 0.82966372 | I32: 0.82966372 | L32: 67.219658 | Q32: 1.521 | S32: 22.968462 | T32: 31.589196 | U32: 11.141 | V32: 0 | AA32: 279.36698 | AB32: 27.983335 | AE32: 23.828019 | AH32: 4.1553164 | AO32: 98.157749 | AQ32: 492.0632
A33: Textiles and textile products | B33: 13-14 | C33: 0 | D33: 0 | H33: 0 | L33: 4.5600652 | Q33: 0.077 | S33: 0 | T33: 4.2050652 | U33: 0.278 | V33: 0 | AA33: 3.595446 | AB33: 0 | AO33: 2.6274549 | AQ33: 10.782966
A34: Wood and wood products | B34: 16 | C34: 0 | D34: 0 | H34: 0 | L34: 3.2351234 | Q34: 0.165 | S34: 0 | T34: 0.62212342 | U34: 2.448 | V34: 0 | AA34: 9.6798897 | AB34: 127.9132 | AE34: 127.9132 | AO34: 26.470824 | AQ34: 167.29903
A35: Pulp, paper, publishing and printing | B35: 17-18 | C35: 0 | D35: 0 | H35: 0 | L35: 1.6907943 | Q35: 0.099 | S35: 0 | T35: 0.68479433 | U35: 0.907 | V35: 0 | AA35: 14.321792 | AB35: 0 | AO35: 10.235642 | AQ35: 26.248228
A36: Chemicals & man-made fibres | B36: 20-21 | C36: 0 | D36: 0 | H36: 0 | L36: 21.325649 | Q36: 0.261 | S36: 2.7458234 | T36: 4.2570362 | U36: 4.244 | V36: 9.8177897 | AA36: 114.31732 | AB36: 0 | AE36: 0 | AO36: 77.212978 | AQ36: 212.85595
A37: Rubber and plastic products | B37: 22 | C37: 0 | D37: 0 | H37: 0 | L37: 4.2371809 | Q37: 0.532 | S37: 0 | T37: 2.3111809 | U37: 1.394 | V37: 0 | AA37: 11.346039 | AB37: 0 | AO37: 24.015363 | AQ37: 39.598582
A38: Other non-metallic mineral products | B38: 23 | C38: 86.919212 | D38: 86.919212 | H38: 0 | L38: 159.53533 | Q38: 1.141 | S38: 0 | T38: 2.9287186 | U38: 24.175 | V38: 131.29061 | AA38: 33.258899 | AB38: 42.918678 | AE38: 2.2257741 | AF38: 40.692904 | AN38: 54.72294 | AO38: 68.484809 | AQ38: 445.83987
A39: Basic metals and fabricated metal products | B39: 24-25 | C39: 0 | D39: 0 | H39: 0 | L39: 5.840119 | Q39: 0.343 | S39: 1.0397615 | T39: 1.6783575 | U39: 2.779 | V39: 0 | AA39: 424.33967 | AB39: 0 | AO39: 66.436062 | AQ39: 496.61585
A40: Machinery and equipment n.e.c. | B40: 28 | C40: 0 | D40: 0 | H40: 0 | L40: 4.2439089 | Q40: 0.146 | S40: 0 | T40: 2.3769089 | U40: 1.721 | V40: 0 | AA40: 12.302507 | AB40: 0 | AO40: 16.760269 | AQ40: 33.306684
A41: Electrical and optical equipment | B41: 26-27 | C41: 0 | D41: 0 | H41: 0 | L41: 2.4740157 | Q41: 0.185 | S41: 0 | T41: 1.5530157 | U41: 0.736 | V41: 0 | AA41: 21.979669 | AB41: 0 | AO41: 86.522889 | AQ41: 110.97657
A42: Transport equipment manufacture | B42: 29-30 | C42: 0 | D42: 0 | H42: 0 | L42: 1.2825632 | Q42: 0.066 | S42: 0 | T42: 0.99356321 | U42: 0.223 | V42: 0 | AA42: 0.9401062 | AB42: 0 | AO42: 2.5384229 | AQ42: 4.7610923
A43: Other manufacturing | B43: 31-33, 12 & 15 | C43: 0 | D43: 0 | H43: 0 | K43: 0 | L43: 12.439747 | Q43: 0.298 | S43: 3.6425061 | T43: 5.3652413 | U43: 3.134 | V43: 0 | AA43: 49.776544 | AB43: 0 | AO43: 49.272114 | AQ43: 111.48841
A44: Construction | B44: 41-43 | C44: 0 | D44: 0 | H44: 0 | L44: 32.906462 | Q44: 0.70048072 | S44: 0 | T44: 0.47182756 | U44: 31.734154 | V44: 0 | AA44: 4.165061 | AB44: 0 | AO44: 10.098568 | AQ44: 47.170091
A45: Transport | C45: 0 | D45: 0 | E45: 0 | F45: 0 | G45: 0 | H45: 0 | I45: 0 | J45: 0 | K45: 0 | L45: 5036.6371 | M45: 0 | N45: 0 | O45: 0 | P45: 821.48003 | Q45: 0 | R45: 1102.8442 | S45: 0 | T45: 1.8520724 | U45: 3110.4608 | V45: 0 | W45: 0 | X45: 0 | Y45: 0 | Z45: 0 | AA45: 22.560835 | AB45: 154.2396 | AC45: 0 | AD45: 0 | AE45: 0 | AF45: 0 | AG45: 0 | AH45: 0 | AI45: 126.96835 | AJ45: 27.271253 | AK45: 0 | AL45: 0 | AM45: 0 | AN45: 0 | AO45: 5.6677405 | AP45: 0 | AQ45: 5219.1052
