Workbook
Name FID_1: [1]AGR_Fuels!$A$2

Sheet Cover
A16: TIMES-Ireland Model
A19: Document type: | B19: New Technologies - Transformation
A20: Sector(s): | B20: Residential sector (RSD)
A21: Purpose: | B21: Assigns new technology data (AF and EFF), relative to base year data.
A23: Original developer(s): | B23: Jason Mc Guire ( MaREI, jason.mcguire@ucc.ie)
B24: Alessandro Chiodi ( E4SMA, alessandro.chiodi@e4sma.com)
B25: Olexandr Balyk ( MaREI, olexandr.balyk@ucc.ie)
A26: Current maintainer(s): | B26: Jason Mc Guire ( MaREI, jason.mcguire@ucc.ie)
B27: Olexandr Balyk ( MaREI, olexandr.balyk@ucc.ie)
A29: Part of TIM version: | B29: 1
A30: Model repository: | B30: https://github.com/MaREI-EPMG/TIMES-Ireland-model
A31: Licence: | B31: CC BY-NC-SA 4.0 (unless specified otherwise)
B32: https://creativecommons.org/licenses/by-nc-sa/4.0/

Sheet LOG
A3: Date | B3: Name | C3: Sheet Name | D3: Cells | E3: Comments
A4: 44237 | B4: Ale | C4: AF,EFF | E4: Corrected issues and enabled
A5: 44232 | B5: Olex | C5: AF | D5: =ADDRESS(ROW(AF!A3),COLUMN(AF!A3),4,1)&","&ADDRESS(ROW(AF!J3),COLUMN(AF!J3),4,1)&","&ADDRESS(ROW(AF!J17),COLUMN(AF!J17),4,1) -> A3,J3,J17 | E5: Disabled these tables, because commodity group is not specified

Sheet Regions
C3: {=INDEX(C5:C7,$A$4)} -> IE | D3: {=INDEX(D5:D7,$A$4)} -> National | E3: {=INDEX(E5:E7,$A$4)} -> IE-CW | F3: {=INDEX(F5:F7,$A$4)} -> IE-D | G3: {=INDEX(G5:G7,$A$4)} -> IE-KE | H3: {=INDEX(H5:H7,$A$4)} -> IE-KK | I3: {=INDEX(I5:I7,$A$4)} -> IE-LS | J3: {=INDEX(J5:J7,$A$4)} -> IE-LD | ... AD3: {=INDEX(AD5:AD7,$A$4)} -> IE-MN
A4: 1
A5: Development | C5: IE | D5: National | E5: =Regions!A11 -> IE-CW | F5: =Regions!A16 -> IE-D | G5: =Regions!A19 -> IE-KE | H5: =Regions!A20 -> IE-KK | I5: =Regions!A21 -> IE-LS | J5: =Regions!A24 -> IE-LD | K5: =Regions!A25 -> IE-LH | L5: =Regions!A27 -> IE-MH | M5: =Regions!A29 -> IE-OY | N5: =Regions!A34 -> IE-WH | O5: =Regions!A35 -> IE-WX | P5: =Regions!A36 -> IE-WW | Q5: =Regions!A13 -> IE-CE | R5: =Regions!A14 -> IE-CO | S5: =Regions!A18 -> IE-KY | T5: =Regions!A23 -> IE-LK | U5: =Regions!A32 -> IE-TA | V5: =Regions!A33 -> IE-WD | W5: =Regions!A17 -> IE-G | X5: =Regions!A22 -> IE-LM | Y5: =Regions!A26 -> IE-MO | Z5: =Regions!A30 -> IE-RN | AA5: =Regions!A31 -> IE-SO | AB5: =Regions!A12 -> IE-CN | AC5: =Regions!A15 -> IE-DL | AD5: =Regions!A28 -> IE-MN
A6: Single-region | C6: =C5 -> IE | D6: ="*"&D5 -> *National | E6: ="*"&E5 -> *IE-CW | F6: ="*"&F5 -> *IE-D | G6: ="*"&G5 -> *IE-KE | H6: ="*"&H5 -> *IE-KK | I6: ="*"&I5 -> *IE-LS | J6: ="*"&J5 -> *IE-LD | K6: ="*"&K5 -> *IE-LH | ... AD6: ="*"&AD5 -> *IE-MN
A7: Multi-region | C7: ="*"&C5 -> *IE | D7: =D5 -> National | E7: =E5 -> IE-CW | F7: =F5 -> IE-D | G7: =G5 -> IE-KE | H7: =H5 -> IE-KK | I7: =I5 -> IE-LS | J7: =J5 -> IE-LD | K7: =K5 -> IE-LH | ... AD7: =AD5 -> IE-MN
A10: Code | B10: County name
A11: IE-CW | B11: Carlow
A12: IE-CN | B12: Cavan
A13: IE-CE | B13: Clare
A14: IE-CO | B14: Cork
A15: IE-DL | B15: Donegal
A16: IE-D | B16: Dublin
A17: IE-G | B17: Galway
A18: IE-KY | B18: Kerry
A19: IE-KE | B19: Kildare
A20: IE-KK | B20: Kilkenny
A21: IE-LS | B21: Laois
... A36: IE-WW | B36: Wicklow
A37: Source: https://en.wikipedia.org/wiki/ISO_3166-2:IE

Sheet TechSelection
B3: ~TFM_AVA
B4: PSET_SET | C4: PSET_PN | D4: PSET_PD | E4: PSET_CO | F4: PSET_CI | G4: Allregions | H4: =Regions!C3 -> IE | I4: =Regions!D3 -> National
C5: * | G5: 0 | H5: 1 | I5: 1

Sheet FillTable
B1: Fill Table to capture Base-Year Availability | L1: Fill Table to capture Base-Year Availability | V1: Update Table to capture Base-Year Efficiency
B3: ~TFM_Fill-R: w=BY-RSD-SH_AF; Hcol=Region | L3: ~TFM_Fill-R: w=BY-RSD-RF; Hcol=Region | V3: ~TFM_Fill-R: w=BY-RSD-EFF; Hcol=Region
B4: Scenario | C4: LimType | D4: Attribute | E4: Year | F4: AllRegions | G4: Pset_CI | H4: Pset_PN | I4: Pset_CO | J4: Cset_CN | L4: Scenario | M4: LimType | N4: Attribute | O4: Year | P4: AllRegions | Q4: Pset_CI | R4: Pset_PN | S4: Pset_CO | T4: Cset_CN | V4: Scenario | W4: LimType | X4: Attribute | Y4: Year | Z4: AllRegions | AA4: Pset_CI | AB4: Pset_PN | AC4: Pset_CO | AD4: Cset_CN
B5: BASE | D5: AFA | E5: 2018 | F5: 1 | H5: R-S* | L5: BASE | N5: AFA | O5: 2018 | P5: 1 | R5: R-RSDRF* | V5: BASE | X5: EFF | Y5: 2018 | Z5: 1 | AB5: R-SH*
V6: BASE | X6: EFF | Y6: 2018 | Z6: 1 | AB6: R-WH*
B8: ~TFM_Fill-R: w=BY-RSD-WH_AF; Hcol=Region | L8: ~TFM_Fill-R: w=BY-RSD-CK; Hcol=Region
B9: Scenario | C9: LimType | D9: Attribute | E9: Year | F9: AllRegions | G9: Pset_CI | H9: Pset_PN | I9: Pset_CO | J9: Cset_CN | L9: Scenario | M9: LimType | N9: Attribute | O9: Year | P9: AllRegions | Q9: Pset_CI | R9: Pset_PN | S9: Pset_CO | T9: Cset_CN
B10: BASE | D10: AFA | E10: 2018 | F10: 1 | H10: R-WH* | L10: BASE | N10: AFA | O10: 2018 | P10: 1 | R10: R-RSDCK*
B13: **~TFM_Fill-R: w=BY-RSD-SC_AF; Hcol=Region | L13: ~TFM_Fill-R: w=BY-RSD-CW; Hcol=Region
B14: Scenario | C14: LimType | D14: Attribute | E14: Year | F14: AllRegions | G14: Pset_CI | H14: Pset_PN | I14: Pset_CO | J14: Cset_CN | L14: Scenario | M14: LimType | N14: Attribute | O14: Year | P14: AllRegions | Q14: Pset_CI | R14: Pset_PN | S14: Pset_CO | T14: Cset_CN
B15: BASE | D15: AFA | E15: 2018 | F15: 1 | H15: R-?C* | L15: BASE | N15: AFA | O15: 2018 | P15: 1 | R15: R-RSDCW*
B18: ~TFM_Fill-R: w=BY-RSD-LT; Hcol=Region | L18: ~TFM_Fill-R: w=BY-RSD-CD; Hcol=Region
B19: Scenario | C19: LimType | D19: Attribute | E19: Year | F19: AllRegions | G19: Pset_CI | H19: Pset_PN | I19: Pset_CO | J19: Cset_CN | L19: Scenario | M19: LimType | N19: Attribute | O19: Year | P19: AllRegions | Q19: Pset_CI | R19: Pset_PN | S19: Pset_CO | T19: Cset_CN
B20: BASE | D20: AFA | E20: 2018 | F20: 1 | H20: R-LT* | L20: BASE | N20: AFA | O20: 2018 | P20: 1 | R20: R-RSDCD*
B23: ~TFM_Fill-R: w=BY-RSD-PF; Hcol=Region | L23: ~TFM_Fill-R: w=BY-RSD-DW; Hcol=Region
B24: Scenario | C24: LimType | D24: Attribute | E24: Year | F24: AllRegions | G24: Pset_CI | H24: Pset_PN | I24: Pset_CO | J24: Cset_CN | L24: Scenario | M24: LimType | N24: Attribute | O24: Year | P24: AllRegions | Q24: Pset_CI | R24: Pset_PN | S24: Pset_CO | T24: Cset_CN
B25: BASE | D25: AFA | E25: 2018 | F25: 1 | H25: R-PF* | L25: BASE | N25: AFA | O25: 2018 | P25: 1 | R25: R-RSDDW*
L28: ~TFM_Fill-R: w=BY-RSD-OE; Hcol=Region
L29: Scenario | M29: LimType | N29: Attribute | O29: Year | P29: AllRegions | Q29: Pset_CI | R29: Pset_PN | S29: Pset_CO | T29: Cset_CN
L30: BASE | N30: AFA | O30: 2018 | P30: 1 | R30: R-RSDOE*
L33: **~TFM_Fill-R: w=BY-RSD-OA; Hcol=Region
L34: Scenario | M34: LimType | N34: Attribute | O34: Year | P34: AllRegions | Q34: Pset_CI | R34: Pset_PN | S34: Pset_CO | T34: Cset_CN
L35: BASE | N35: AFA | O35: 2018 | P35: 1 | R35: R-RSDOA*

Sheet AF
A1: AFA for RSD techs
A3: ~TFM_INS | J3: ~TFM_INS
A4: Attribute | B4: PSet_PN | C4: Cset_CN | D4: AllRegions | F4: Type | G4: Fuel | H4: Reference Tech | J4: Attribute | K4: PSet_PN | L4: AllRegions
A5: *Apartment Space Heat | J5: *Appliances
A6: * | B6: ="R-SH*"&F6&"_"&G6&"*" -> R-SH*Apt_COA* | D6: =AVERAGEIFS('BY-RSD-SH_AF'!$L$2:$L$100,'BY-RSD-SH_AF'!$C$2:$C$100,B6,'BY-RSD-SH_AF'!$A$2:$A$100,"BASE") -> 0.12 | F6: Apt | G6: COA | H6: ="R-S*_"&F6&"_"&G6&"*" -> R-S*_Apt_COA* | J6: AFA | K6: =FillTable!R5 -> R-RSDRF* | L6: =AVERAGEIFS('BY-RSD-RF'!$L$2:$L$100,'BY-RSD-RF'!$C$2:$C$100,AF!K6,'BY-RSD-RF'!$A$2:$A$100,"BASE") -> 0.11719939
A7: * | B7: ="R-SH*"&F7&"_"&G7&"*" -> R-SH*Apt_BDL* | D7: =AVERAGEIFS('BY-RSD-SH_AF'!$L$2:$L$100,'BY-RSD-SH_AF'!$C$2:$C$100,B7,'BY-RSD-SH_AF'!$A$2:$A$100,"BASE") -> 0.12 | F7: Apt | G7: BDL | H7: ="R-S*_"&F7&"_"&G7&"*" -> R-S*_Apt_BDL* | J7: AFA | K7: =FillTable!R10&"ELC*" -> R-RSDCK*ELC* | L7: =AVERAGEIFS('BY-RSD-CK'!$L$2:$L$100,'BY-RSD-CK'!$C$2:$C$100,AF!K7,'BY-RSD-CK'!$A$2:$A$100,"BASE") -> 0.012186512
A8: * | B8: ="R-SH*"&F8&"_"&G8&"*" -> R-SH*Apt_ETH* | D8: =AVERAGEIFS('BY-RSD-SH_AF'!$L$2:$L$100,'BY-RSD-SH_AF'!$C$2:$C$100,B8,'BY-RSD-SH_AF'!$A$2:$A$100,"BASE") -> 0.12 | F8: Apt | G8: ETH | H8: ="R-S*_"&F8&"_"&G8&"*" -> R-S*_Apt_ETH* | J8: AFA | K8: =FillTable!R10&"GAS*" -> R-RSDCK*GAS* | L8: =AVERAGEIFS('BY-RSD-CK'!$L$2:$L$100,'BY-RSD-CK'!$C$2:$C$100,AF!K8,'BY-RSD-CK'!$A$2:$A$100,"BASE") -> 0.010445598
A9: NCAP_AFA | B9: ="R-SH*"&F9&"_"&G9&"*" -> R-SH*Apt_LPG* | D9: =AVERAGEIFS('BY-RSD-SH_AF'!$L$2:$L$100,'BY-RSD-SH_AF'!$C$2:$C$100,B9,'BY-RSD-SH_AF'!$A$2:$A$100,"BASE") -> 0.12 | F9: Apt | G9: LPG | H9: ="R-S*_"&F9&"_"&G9&"*" -> R-S*_Apt_LPG* | J9: AFA | K9: =FillTable!R10&"LPG*" -> R-RSDCK*LPG* | L9: =AVERAGEIFS('BY-RSD-CK'!$L$2:$L$100,'BY-RSD-CK'!$C$2:$C$100,AF!K9,'BY-RSD-CK'!$A$2:$A$100,"BASE") -> 0.010445583
A10: NCAP_AFA | B10: ="R-*_"&F10&"*"&"HPN*" -> R-*_Apt*HPN* | D10: =AVERAGEIFS('BY-RSD-SH_AF'!$L$2:$L$100,'BY-RSD-SH_AF'!$C$2:$C$100,H10,'BY-RSD-SH_AF'!$A$2:$A$100,"BASE") -> 0.1813027 | F10: Apt | G10: ELC | H10: ="R-SH*"&F10&"_"&G10&"*X1" -> R-SH*Apt_ELC*X1 | J10: AFA | K10: =FillTable!R15 -> R-RSDCW* | L10: =AVERAGEIFS('BY-RSD-CW'!$L$2:$L$100,'BY-RSD-CW'!$C$2:$C$100,AF!K10,'BY-RSD-RF'!$A$2:$A$100,"BASE") -> 0.0067195932
A11: NCAP_AFA | B11: ="R-S*_"&F11&"_"&G11&"_N1"&",-R-SC*" -> R-S*_Apt_ELC_N1,-R-SC* | D11: =AVERAGEIFS('BY-RSD-SH_AF'!$L$2:$L$100,'BY-RSD-SH_AF'!$C$2:$C$100,H11,'BY-RSD-SH_AF'!$A$2:$A$100,"BASE") -> 0.013931119 | F11: Apt | G11: ELC | H11: ="R-SH*"&F10&"_"&G10&"*X0" -> R-SH*Apt_ELC*X0 | J11: AFA | K11: =FillTable!R20 -> R-RSDCD* | L11: =AVERAGEIFS('BY-RSD-CD'!$L$2:$L$100,'BY-RSD-CD'!$C$2:$C$100,AF!K11,'BY-RSD-CD'!$A$2:$A$100,"BASE") -> 0.011863014
A12: NCAP_AFA | B12: ="R-SH*"&F12&"_"&G12&"*" -> R-SH*Apt_KER* | D12: =AVERAGEIFS('BY-RSD-SH_AF'!$L$2:$L$100,'BY-RSD-SH_AF'!$C$2:$C$100,B12,'BY-RSD-SH_AF'!$A$2:$A$100,"BASE") -> 0.066604255 | F12: Apt | G12: KER | H12: ="R-S*_"&F12&"_"&G12&"*" -> R-S*_Apt_KER* | J12: AFA | K12: =FillTable!R25 -> R-RSDDW* | L12: =AVERAGEIFS('BY-RSD-DW'!$L$2:$L$100,'BY-RSD-DW'!$C$2:$C$100,AF!K12,'BY-RSD-DW'!$A$2:$A$100,"BASE") -> 0.010896638
A13: NCAP_AFA | B13: ="R-SH*"&F13&"_"&G13&"*" -> R-SH*Apt_GAS* | D13: =AVERAGEIFS('BY-RSD-SH_AF'!$L$2:$L$100,'BY-RSD-SH_AF'!$C$2:$C$100,B13,'BY-RSD-SH_AF'!$A$2:$A$100,"BASE") -> 0.025618486 | F13: Apt | G13: GAS | H13: ="R-S*_"&F12&"_"&G13&"*" -> R-S*_Apt_GAS* | J13: AFA | K13: =FillTable!R30 -> R-RSDOE* | L13: =AVERAGEIFS('BY-RSD-OE'!$L$2:$L$100,'BY-RSD-OE'!$C$2:$C$100,AF!K13,'BY-RSD-OE'!$A$2:$A$100,"BASE") -> 0.93569571
A14: * | B14: ="R-SH*"&F14&"_"&G14&"*" -> R-SH*Apt_PEA* | D14: =AVERAGEIFS('BY-RSD-SH_AF'!$L$2:$L$100,'BY-RSD-SH_AF'!$C$2:$C$100,B14,'BY-RSD-SH_AF'!$A$2:$A$100,"BASE") -> 0.16174375 | F14: Apt | G14: PEA | H14: ="R-S*_"&F14&"_"&G14&"*" -> R-S*_Apt_PEA* | J14: * | K14: =FillTable!R35 -> R-RSDOA* | L14: =AVERAGEIFS('BY-RSD-RF'!$L$2:$L$100,'BY-RSD-RF'!$C$2:$C$100,AF!K14,'BY-RSD-RF'!$A$2:$A$100,"BASE") -> #DIV/0!
A15: * | B15: ="R-SH*"&F15&"_"&G15&"*" -> R-SH*Apt_SMF* | D15: =AVERAGEIFS('BY-RSD-SH_AF'!$L$2:$L$100,'BY-RSD-SH_AF'!$C$2:$C$100,B15,'BY-RSD-SH_AF'!$A$2:$A$100,"BASE") -> 0.12 | F15: Apt | G15: SMF | H15: ="R-S*_"&F15&"_"&G15&"*" -> R-S*_Apt_SMF*
A16: NCAP_AFA | B16: ="R-SH*"&F16&"_"&G16&"*" -> R-SH*Apt_WOO* | D16: =AVERAGEIFS('BY-RSD-SH_AF'!$L$2:$L$100,'BY-RSD-SH_AF'!$C$2:$C$100,B16,'BY-RSD-SH_AF'!$A$2:$A$100,"BASE") -> 0.12 | F16: Apt | G16: WOO | H16: ="R-S*_"&F16&"_"&G16&"*" -> R-S*_Apt_WOO*
A17: * | B17: ="R-SH*"&F17&"_"&G17&"*" -> R-SH*Apt_HET* | D17: =AVERAGEIFS('BY-RSD-SH_AF'!$L$2:$L$100,'BY-RSD-SH_AF'!$C$2:$C$100,B17,'BY-RSD-SH_AF'!$A$2:$A$100,"BASE") -> 0.12 | F17: Apt | G17: HET | H17: ="R-S*_"&F17&"_"&G17&"*" -> R-S*_Apt_HET* | J17: ~TFM_INS
A18: *Attached Space Heat | J18: Attribute | K18: PSet_PN | L18: AllRegions
A19: * | B19: ="R-SH*"&F19&"_"&G19&"*" -> R-SH*Att_COA* | D19: =AVERAGEIFS('BY-RSD-SH_AF'!$L$2:$L$100,'BY-RSD-SH_AF'!$C$2:$C$100,H19,'BY-RSD-SH_AF'!$A$2:$A$100,"BASE") -> 0.30984485 | F19: Att | G19: COA | H19: ="R-S*_"&F19&"_"&G19&"*" -> R-S*_Att_COA* | J19: *Appliances
A20: * | B20: ="R-SH*"&F20&"_"&G20&"*" -> R-SH*Att_BDL* | D20: =AVERAGEIFS('BY-RSD-SH_AF'!$L$2:$L$100,'BY-RSD-SH_AF'!$C$2:$C$100,H20,'BY-RSD-SH_AF'!$A$2:$A$100,"BASE") -> 0.12 | F20: Att | G20: BDL | H20: ="R-S*_"&F20&"_"&G20&"*" -> R-S*_Att_BDL* | J20: AFA | K20: R-LT_Apt* | L20: =AVERAGEIFS('BY-RSD-LT'!$L$2:$L$100,'BY-RSD-LT'!$C$2:$C$100,AF!K20,'BY-RSD-LT'!$A$2:$A$100,"BASE") -> 0.21098595
A21: * | B21: ="R-SH*"&F21&"_"&G21&"*" -> R-SH*Att_ETH* | D21: =AVERAGEIFS('BY-RSD-SH_AF'!$L$2:$L$100,'BY-RSD-SH_AF'!$C$2:$C$100,H21,'BY-RSD-SH_AF'!$A$2:$A$100,"BASE") -> 0.12 | F21: Att | G21: ETH | H21: ="R-S*_"&F21&"_"&G21&"*" -> R-S*_Att_ETH* | J21: AFA | K21: R-LT_Att* | L21: =AVERAGEIFS('BY-RSD-LT'!$L$2:$L$100,'BY-RSD-LT'!$C$2:$C$100,AF!K21,'BY-RSD-LT'!$A$2:$A$100,"BASE") -> 0.29847129
A22: NCAP_AFA | B22: ="R-SH*"&F22&"_"&G22&"*" -> R-SH*Att_LPG* | D22: =AVERAGEIFS('BY-RSD-SH_AF'!$L$2:$L$100,'BY-RSD-SH_AF'!$C$2:$C$100,H22,'BY-RSD-SH_AF'!$A$2:$A$100,"BASE") -> 0.048109166 | F22: Att | G22: LPG | H22: ="R-S*_"&F22&"_"&G22&"*" -> R-S*_Att_LPG* | J22: AFA | K22: R-LT_Det* | L22: =AVERAGEIFS('BY-RSD-LT'!$L$2:$L$100,'BY-RSD-LT'!$C$2:$C$100,AF!K22,'BY-RSD-LT'!$A$2:$A$100,"BASE") -> 0.49065562
A23: NCAP_AFA | B23: ="R-*_"&F23&"*"&"HPN*" -> R-*_Att*HPN* | D23: =AVERAGEIFS('BY-RSD-SH_AF'!$L$2:$L$100,'BY-RSD-SH_AF'!$C$2:$C$100,H23,'BY-RSD-SH_AF'!$A$2:$A$100,"BASE") -> 0.11404304 | F23: Att | G23: ELC | H23: ="R-SH*"&F23&"_"&G23&"*X1" -> R-SH*Att_ELC*X1 | J23: AFA | K23: R-PF_Apt* | L23: =AVERAGEIFS('BY-RSD-PF'!$L$2:$L$100,'BY-RSD-PF'!$C$2:$C$100,AF!K23,'BY-RSD-PF'!$A$2:$A$100,"BASE") -> 0.12716586
A24: NCAP_AFA | B24: ="R-S*_"&F24&"_"&G24&"_N1"&",-R-SC*" -> R-S*_Att_ELC_N1,-R-SC* | D24: =AVERAGEIFS('BY-RSD-SH_AF'!$L$2:$L$100,'BY-RSD-SH_AF'!$C$2:$C$100,H24,'BY-RSD-SH_AF'!$A$2:$A$100,"BASE") -> 0.035156391 | F24: Att | G24: ELC | H24: ="R-SH*"&F23&"_"&G23&"*X0" -> R-SH*Att_ELC*X0 | J24: AFA | K24: R-PF_Att* | L24: =AVERAGEIFS('BY-RSD-PF'!$L$2:$L$100,'BY-RSD-PF'!$C$2:$C$100,AF!K24,'BY-RSD-PF'!$A$2:$A$100,"BASE") -> 0.24175609
A25: NCAP_AFA | B25: ="R-SH*"&F25&"_"&G25&"*" -> R-SH*Att_KER* | D25: =AVERAGEIFS('BY-RSD-SH_AF'!$L$2:$L$100,'BY-RSD-SH_AF'!$C$2:$C$100,H25,'BY-RSD-SH_AF'!$A$2:$A$100,"BASE") -> 0.047079298 | F25: Att | G25: KER | H25: ="R-S*_"&F25&"_"&G25&"*" -> R-S*_Att_KER* | J25: AFA | K25: R-PF_Det* | L25: =AVERAGEIFS('BY-RSD-PF'!$L$2:$L$100,'BY-RSD-PF'!$C$2:$C$100,AF!K25,'BY-RSD-PF'!$A$2:$A$100,"BASE") -> 0.29872123
A26: NCAP_AFA | B26: R-SH_Att_HVO* | D26: =D25 -> 0.047079298
A27: NCAP_AFA | B27: ="R-SH*"&F27&"_"&G27&"*" -> R-SH*Att_GAS* | D27: =AVERAGEIFS('BY-RSD-SH_AF'!$L$2:$L$100,'BY-RSD-SH_AF'!$C$2:$C$100,H27,'BY-RSD-SH_AF'!$A$2:$A$100,"BASE") -> 0.035964558 | F27: Att | G27: GAS | H27: ="R-S*_"&F25&"_"&G27&"*" -> R-S*_Att_GAS*
A28: * | B28: ="R-SH*"&F28&"_"&G28&"*" -> R-SH*Att_PEA* | D28: =AVERAGEIFS('BY-RSD-SH_AF'!$L$2:$L$100,'BY-RSD-SH_AF'!$C$2:$C$100,H28,'BY-RSD-SH_AF'!$A$2:$A$100,"BASE") -> 0.072779079 | F28: Att | G28: PEA | H28: ="R-S*_"&F28&"_"&G28&"*" -> R-S*_Att_PEA*
A29: * | B29: ="R-SH*"&F29&"_"&G29&"*" -> R-SH*Att_SMF* | D29: =AVERAGEIFS('BY-RSD-SH_AF'!$L$2:$L$100,'BY-RSD-SH_AF'!$C$2:$C$100,H29,'BY-RSD-SH_AF'!$A$2:$A$100,"BASE") -> 0.072438724 | F29: Att | G29: SMF | H29: ="R-S*_"&F29&"_"&G29&"*" -> R-S*_Att_SMF*
A30: NCAP_AFA | B30: ="R-SH*"&F30&"_"&G30&"*" -> R-SH*Att_WOO* | D30: =AVERAGEIFS('BY-RSD-SH_AF'!$L$2:$L$100,'BY-RSD-SH_AF'!$C$2:$C$100,H30,'BY-RSD-SH_AF'!$A$2:$A$100,"BASE") -> 0.12 | F30: Att | G30: WOO | H30: ="R-S*_"&F30&"_"&G30&"*" -> R-S*_Att_WOO*
A31: NCAP_AFA | B31: R-SH_Att_FPL* | D31: =D30 -> 0.12
A32: * | B32: ="R-SH*"&F32&"_"&G32&"*" -> R-SH*Att_HET* | D32: =AVERAGEIFS('BY-RSD-SH_AF'!$L$2:$L$100,'BY-RSD-SH_AF'!$C$2:$C$100,H32,'BY-RSD-SH_AF'!$A$2:$A$100,"BASE") -> 0.12 | F32: Att | G32: HET | H32: ="R-S*_"&F32&"_"&G32&"*" -> R-S*_Att_HET*
A33: *Detached Space Heat
A34: * | B34: ="R-SH*"&F34&"_"&G34&"*" -> R-SH*Det_COA* | D34: =AVERAGEIFS('BY-RSD-SH_AF'!$L$2:$L$100,'BY-RSD-SH_AF'!$C$2:$C$100,H34,'BY-RSD-SH_AF'!$A$2:$A$100,"BASE") -> 0.46414376 | F34: Det | G34: COA | H34: ="R-S*_"&F34&"_"&G34&"*" -> R-S*_Det_COA*
A35: * | B35: ="R-SH*"&F35&"_"&G35&"*" -> R-SH*Det_BDL* | D35: =AVERAGEIFS('BY-RSD-SH_AF'!$L$2:$L$100,'BY-RSD-SH_AF'!$C$2:$C$100,H35,'BY-RSD-SH_AF'!$A$2:$A$100,"BASE") -> 0.069794672 | F35: Det | G35: BDL | H35: ="R-S*_"&F35&"_"&G35&"*" -> R-S*_Det_BDL*
A36: * | B36: ="R-SH*"&F36&"_"&G36&"*" -> R-SH*Det_ETH* | D36: =AVERAGEIFS('BY-RSD-SH_AF'!$L$2:$L$100,'BY-RSD-SH_AF'!$C$2:$C$100,H36,'BY-RSD-SH_AF'!$A$2:$A$100,"BASE") -> 0.069794672 | F36: Det | G36: ETH | H36: ="R-S*_"&F36&"_"&G36&"*" -> R-S*_Det_ETH*
A37: NCAP_AFA | B37: ="R-SH*"&F37&"_"&G37&"*" -> R-SH*Det_LPG* | D37: =AVERAGEIFS('BY-RSD-SH_AF'!$L$2:$L$100,'BY-RSD-SH_AF'!$C$2:$C$100,H37,'BY-RSD-SH_AF'!$A$2:$A$100,"BASE") -> 0.069794672 | F37: Det | G37: LPG | H37: ="R-S*_"&F37&"_"&G37&"*" -> R-S*_Det_LPG*
A38: NCAP_AFA | B38: ="R-*_"&F38&"*"&"HPN*" -> R-*_Det*HPN* | D38: =AVERAGEIFS('BY-RSD-SH_AF'!$L$2:$L$100,'BY-RSD-SH_AF'!$C$2:$C$100,H38,'BY-RSD-SH_AF'!$A$2:$A$100,"BASE") -> 0.13831907 | F38: Det | G38: ELC | H38: ="R-SH*"&F38&"_"&G38&"*X1" -> R-SH*Det_ELC*X1
A39: NCAP_AFA | B39: ="R-S*_"&F39&"_"&G39&"_N1"&",-R-SC*" -> R-S*_Det_ELC_N1,-R-SC* | D39: =AVERAGEIFS('BY-RSD-SH_AF'!$L$2:$L$100,'BY-RSD-SH_AF'!$C$2:$C$100,H39,'BY-RSD-SH_AF'!$A$2:$A$100,"BASE") -> 0.043843218 | F39: Det | G39: ELC | H39: ="R-SH*"&F38&"_"&G38&"*X0" -> R-SH*Det_ELC*X0
A40: NCAP_AFA | B40: ="R-SH*"&F40&"_"&G40&"*" -> R-SH*Det_KER* | D40: =AVERAGEIFS('BY-RSD-SH_AF'!$L$2:$L$100,'BY-RSD-SH_AF'!$C$2:$C$100,H40,'BY-RSD-SH_AF'!$A$2:$A$100,"BASE") -> 0.053753547 | F40: Det | G40: KER | H40: ="R-S*_"&F40&"_"&G40&"*" -> R-S*_Det_KER*
A41: NCAP_AFA | B41: R-SH_Det_HVO* | D41: =D40 -> 0.053753547
A42: NCAP_AFA | B42: ="R-SH*"&F42&"_"&G42&"*" -> R-SH*Det_GAS* | D42: =AVERAGEIFS('BY-RSD-SH_AF'!$L$2:$L$100,'BY-RSD-SH_AF'!$C$2:$C$100,H42,'BY-RSD-SH_AF'!$A$2:$A$100,"BASE") -> 0.039672004 | F42: Det | G42: GAS | H42: ="R-S*_"&F40&"_"&G42&"*" -> R-S*_Det_GAS*
A43: * | B43: ="R-SH*"&F43&"_"&G43&"*" -> R-SH*Det_PEA* | D43: =AVERAGEIFS('BY-RSD-SH_AF'!$L$2:$L$100,'BY-RSD-SH_AF'!$C$2:$C$100,H43,'BY-RSD-SH_AF'!$A$2:$A$100,"BASE") -> 0.10153947 | F43: Det | G43: PEA | H43: ="R-S*_"&F43&"_"&G43&"*" -> R-S*_Det_PEA*
A44: * | B44: ="R-SH*"&F44&"_"&G44&"*" -> R-SH*Det_SMF* | D44: =AVERAGEIFS('BY-RSD-SH_AF'!$L$2:$L$100,'BY-RSD-SH_AF'!$C$2:$C$100,H44,'BY-RSD-SH_AF'!$A$2:$A$100,"BASE") -> 0.13495609 | F44: Det | G44: SMF | H44: ="R-S*_"&F44&"_"&G44&"*" -> R-S*_Det_SMF*
A45: NCAP_AFA | B45: ="R-SH*"&F45&"_"&G45&"*" -> R-SH*Det_WOO* | D45: =AVERAGEIFS('BY-RSD-SH_AF'!$L$2:$L$100,'BY-RSD-SH_AF'!$C$2:$C$100,H45,'BY-RSD-SH_AF'!$A$2:$A$100,"BASE") -> 0.094687204 | F45: Det | G45: WOO | H45: ="R-S*_"&F45&"_"&G45&"*" -> R-S*_Det_WOO*
A46: NCAP_AFA | B46: R-SH_Det_FPL* | D46: =D45 -> 0.094687204
A47: * | B47: ="R-SH*"&F47&"_"&G47&"*" -> R-SH*Det_HET* | D47: =AVERAGEIFS('BY-RSD-SH_AF'!$L$2:$L$100,'BY-RSD-SH_AF'!$C$2:$C$100,H47,'BY-RSD-SH_AF'!$A$2:$A$100,"BASE") -> 0.12 | F47: Det | G47: HET | H47: ="R-S*_"&F47&"_"&G47&"*" -> R-S*_Det_HET*
A48: *Apartment Space Heat (dual techs)
A49: * | B49: ="R-SW*"&F49&"_"&G49&"*" -> R-SW*Apt_COA* | C49: RSDSH_Apt-AB,RSDSH_Apt-C,RSDSH_Apt-D,RSDSH_Apt-E,RSDSH_Apt-F,RSDSH_Apt-G,RSDWH_Apt | D49: =D6 -> 0.12 | F49: Apt | G49: COA | H49: ="R-S*_"&F49&"_"&G49&"*" -> R-S*_Apt_COA*
A50: * | B50: ="R-SW*"&F50&"_"&G50&"*" -> R-SW*Apt_BDL* | C50: RSDSH_Apt-AB,RSDSH_Apt-C,RSDSH_Apt-D,RSDSH_Apt-E,RSDSH_Apt-F,RSDSH_Apt-G,RSDWH_Apt | D50: =D7 -> 0.12 | F50: Apt | G50: BDL | H50: ="R-S*_"&F50&"_"&G50&"*" -> R-S*_Apt_BDL*
A51: * | B51: ="R-SW*"&F51&"_"&G51&"*" -> R-SW*Apt_ETH* | C51: RSDSH_Apt-AB,RSDSH_Apt-C,RSDSH_Apt-D,RSDSH_Apt-E,RSDSH_Apt-F,RSDSH_Apt-G,RSDWH_Apt | D51: =D8 -> 0.12 | F51: Apt | G51: ETH | H51: ="R-S*_"&F51&"_"&G51&"*" -> R-S*_Apt_ETH*
A52: NCAP_AFC | B52: ="R-SW*"&F52&"_"&G52&"*" -> R-SW*Apt_LPG* | C52: RSDSH_Apt-AB,RSDSH_Apt-C,RSDSH_Apt-D,RSDSH_Apt-E,RSDSH_Apt-F,RSDSH_Apt-G,RSDWH_Apt | D52: =D9 -> 0.12 | F52: Apt | G52: LPG | H52: ="R-S*_"&F52&"_"&G52&"*" -> R-S*_Apt_LPG*
A53: NCAP_AFC | B53: ="R-*_"&F53&"*"&"HPN*" -> R-*_Apt*HPN* | C53: RSDSH_Apt-AB,RSDSH_Apt-C,RSDSH_Apt-D,RSDSH_Apt-E,RSDSH_Apt-F,RSDSH_Apt-G,RSDWH_Apt | D53: =D10 -> 0.1813027 | F53: Apt | G53: ELC | H53: ="R-SW*"&F53&"_"&G53&"*X1" -> R-SW*Apt_ELC*X1
A54: NCAP_AFC | B54: ="R-S*_"&F54&"_"&G54&"_N1"&",-R-SC*" -> R-S*_Apt_ELC_N1,-R-SC* | C54: RSDSH_Apt-AB,RSDSH_Apt-C,RSDSH_Apt-D,RSDSH_Apt-E,RSDSH_Apt-F,RSDSH_Apt-G,RSDWH_Apt | D54: =D11 -> 0.013931119 | F54: Apt | G54: ELC | H54: ="R-SW*"&F53&"_"&G53&"*X0" -> R-SW*Apt_ELC*X0
A55: NCAP_AFC | B55: ="R-SW*"&F55&"_"&G55&"*" -> R-SW*Apt_KER* | C55: RSDSH_Apt-AB,RSDSH_Apt-C,RSDSH_Apt-D,RSDSH_Apt-E,RSDSH_Apt-F,RSDSH_Apt-G,RSDWH_Apt | D55: =D12 -> 0.066604255 | F55: Apt | G55: KER | H55: ="R-S*_"&F55&"_"&G55&"*" -> R-S*_Apt_KER*
A56: NCAP_AFC | B56: ="R-SW*"&F56&"_"&G56&"*" -> R-SW*Apt_GAS* | C56: RSDSH_Apt-AB,RSDSH_Apt-C,RSDSH_Apt-D,RSDSH_Apt-E,RSDSH_Apt-F,RSDSH_Apt-G,RSDWH_Apt | D56: =D13 -> 0.025618486 | F56: Apt | G56: GAS | H56: ="R-S*_"&F55&"_"&G56&"*" -> R-S*_Apt_GAS*
A57: * | B57: ="R-SW*"&F57&"_"&G57&"*" -> R-SW*Apt_PEA* | C57: RSDSH_Apt-AB,RSDSH_Apt-C,RSDSH_Apt-D,RSDSH_Apt-E,RSDSH_Apt-F,RSDSH_Apt-G,RSDWH_Apt | D57: =D14 -> 0.16174375 | F57: Apt | G57: PEA | H57: ="R-S*_"&F57&"_"&G57&"*" -> R-S*_Apt_PEA*
A58: * | B58: ="R-SW*"&F58&"_"&G58&"*" -> R-SW*Apt_SMF* | C58: RSDSH_Apt-AB,RSDSH_Apt-C,RSDSH_Apt-D,RSDSH_Apt-E,RSDSH_Apt-F,RSDSH_Apt-G,RSDWH_Apt | D58: =D15 -> 0.12 | F58: Apt | G58: SMF | H58: ="R-S*_"&F58&"_"&G58&"*" -> R-S*_Apt_SMF*
A59: NCAP_AFC | B59: ="R-SW*"&F59&"_"&G59&"*" -> R-SW*Apt_WOO* | C59: RSDSH_Apt-AB,RSDSH_Apt-C,RSDSH_Apt-D,RSDSH_Apt-E,RSDSH_Apt-F,RSDSH_Apt-G,RSDWH_Apt | D59: =D16 -> 0.12 | F59: Apt | G59: WOO | H59: ="R-S*_"&F59&"_"&G59&"*" -> R-S*_Apt_WOO*
A60: NCAP_AFC | B60: ="R-SW*"&F60&"_"&G60&"*" -> R-SW*Apt_HET* | C60: RSDSH_Apt-AB,RSDSH_Apt-C,RSDSH_Apt-D,RSDSH_Apt-E,RSDSH_Apt-F,RSDSH_Apt-G,RSDWH_Apt | D60: =D17 -> 0.12 | F60: Apt | G60: HET | H60: ="R-S*_"&F60&"_"&G60&"*" -> R-S*_Apt_HET*
A61: *Attached Space Heat (dual techs)
A62: * | B62: ="R-SW*"&F62&"_"&G62&"*" -> R-SW*Att_COA* | C62: RSDSH_Att-AB,RSDSH_Att-C,RSDSH_Att-D,RSDSH_Att-E,RSDSH_Att-F,RSDSH_Att-G,RSDWH_Att | D62: =D19 -> 0.30984485 | F62: Att | G62: COA | H62: ="R-S*_"&F62&"_"&G62&"*" -> R-S*_Att_COA*
A63: * | B63: ="R-SW*"&F63&"_"&G63&"*" -> R-SW*Att_BDL* | C63: RSDSH_Att-AB,RSDSH_Att-C,RSDSH_Att-D,RSDSH_Att-E,RSDSH_Att-F,RSDSH_Att-G,RSDWH_Att | D63: =D20 -> 0.12 | F63: Att | G63: BDL | H63: ="R-S*_"&F63&"_"&G63&"*" -> R-S*_Att_BDL*
A64: * | B64: ="R-SW*"&F64&"_"&G64&"*" -> R-SW*Att_ETH* | C64: RSDSH_Att-AB,RSDSH_Att-C,RSDSH_Att-D,RSDSH_Att-E,RSDSH_Att-F,RSDSH_Att-G,RSDWH_Att | D64: =D21 -> 0.12 | F64: Att | G64: ETH | H64: ="R-S*_"&F64&"_"&G64&"*" -> R-S*_Att_ETH*
A65: NCAP_AFC | B65: ="R-SW*"&F65&"_"&G65&"*" -> R-SW*Att_LPG* | C65: RSDSH_Att-AB,RSDSH_Att-C,RSDSH_Att-D,RSDSH_Att-E,RSDSH_Att-F,RSDSH_Att-G,RSDWH_Att | D65: =D22 -> 0.048109166 | F65: Att | G65: LPG | H65: ="R-S*_"&F65&"_"&G65&"*" -> R-S*_Att_LPG*
A66: NCAP_AFC | B66: ="R-*_"&F66&"*"&"HPN*" -> R-*_Att*HPN* | C66: RSDSH_Att-AB,RSDSH_Att-C,RSDSH_Att-D,RSDSH_Att-E,RSDSH_Att-F,RSDSH_Att-G,RSDWH_Att | D66: =D23 -> 0.11404304 | F66: Att | G66: ELC | H66: ="R-SW*"&F53&"_"&G53&"*X1" -> R-SW*Apt_ELC*X1
A67: NCAP_AFC | B67: ="R-S*_"&F67&"_"&G67&"_N1"&",-R-SC*" -> R-S*_Att_ELC_N1,-R-SC* | C67: RSDSH_Att-AB,RSDSH_Att-C,RSDSH_Att-D,RSDSH_Att-E,RSDSH_Att-F,RSDSH_Att-G,RSDWH_Att | D67: =D24 -> 0.035156391 | F67: Att | G67: ELC | H67: ="R-SW*"&F53&"_"&G53&"*X0" -> R-SW*Apt_ELC*X0
A68: NCAP_AFC | B68: ="R-SW*"&F68&"_"&G68&"*" -> R-SW*Att_KER* | C68: RSDSH_Att-AB,RSDSH_Att-C,RSDSH_Att-D,RSDSH_Att-E,RSDSH_Att-F,RSDSH_Att-G,RSDWH_Att | D68: =D25 -> 0.047079298 | F68: Att | G68: KER | H68: ="R-S*_"&F68&"_"&G68&"*" -> R-S*_Att_KER*
A69: NCAP_AFC | B69: R-SW_Att_HVO* | C69: RSDSH_Att-AB,RSDSH_Att-C,RSDSH_Att-D,RSDSH_Att-E,RSDSH_Att-F,RSDSH_Att-G,RSDWH_Att | D69: =D26 -> 0.047079298
A70: NCAP_AFC | B70: ="R-SW*"&F70&"_"&G70&"*" -> R-SW*Att_GAS* | C70: RSDSH_Att-AB,RSDSH_Att-C,RSDSH_Att-D,RSDSH_Att-E,RSDSH_Att-F,RSDSH_Att-G,RSDWH_Att | D70: =D27 -> 0.035964558 | F70: Att | G70: GAS | H70: ="R-S*_"&F68&"_"&G70&"*" -> R-S*_Att_GAS*
A71: * | B71: ="R-SW*"&F71&"_"&G71&"*" -> R-SW*Att_PEA* | C71: RSDSH_Att-AB,RSDSH_Att-C,RSDSH_Att-D,RSDSH_Att-E,RSDSH_Att-F,RSDSH_Att-G,RSDWH_Att | D71: =D28 -> 0.072779079 | F71: Att | G71: PEA | H71: ="R-S*_"&F71&"_"&G71&"*" -> R-S*_Att_PEA*
A72: * | B72: ="R-SW*"&F72&"_"&G72&"*" -> R-SW*Att_SMF* | C72: RSDSH_Att-AB,RSDSH_Att-C,RSDSH_Att-D,RSDSH_Att-E,RSDSH_Att-F,RSDSH_Att-G,RSDWH_Att | D72: =D29 -> 0.072438724 | F72: Att | G72: SMF | H72: ="R-S*_"&F72&"_"&G72&"*" -> R-S*_Att_SMF*
A73: NCAP_AFC | B73: ="R-SW*"&F73&"_"&G73&"*" -> R-SW*Att_WOO* | C73: RSDSH_Att-AB,RSDSH_Att-C,RSDSH_Att-D,RSDSH_Att-E,RSDSH_Att-F,RSDSH_Att-G,RSDWH_Att | D73: =D30 -> 0.12 | F73: Att | G73: WOO | H73: ="R-S*_"&F73&"_"&G73&"*" -> R-S*_Att_WOO*
A74: NCAP_AFC | B74: R-SW_Att_FPL* | C74: RSDSH_Att-AB,RSDSH_Att-C,RSDSH_Att-D,RSDSH_Att-E,RSDSH_Att-F,RSDSH_Att-G,RSDWH_Att | D74: =D31 -> 0.12
A75: NCAP_AFC | B75: ="R-SW*"&F75&"_"&G75&"*" -> R-SW*Att_HET* | C75: RSDSH_Att-AB,RSDSH_Att-C,RSDSH_Att-D,RSDSH_Att-E,RSDSH_Att-F,RSDSH_Att-G,RSDWH_Att | D75: =D32 -> 0.12 | F75: Att | G75: HET | H75: ="R-S*_"&F75&"_"&G75&"*" -> R-S*_Att_HET*
A76: *Detached Space Heat (dual techs)
A77: * | B77: ="R-SW*"&F77&"_"&G77&"*" -> R-SW*Det_COA* | C77: RSDSH_Det-AB,RSDSH_Det-C,RSDSH_Det-D,RSDSH_Det-E,RSDSH_Det-F,RSDSH_Det-G,RSDWH_Det | D77: =D34 -> 0.46414376 | F77: Det | G77: COA | H77: ="R-S*_"&F77&"_"&G77&"*" -> R-S*_Det_COA*
A78: * | B78: ="R-SW*"&F78&"_"&G78&"*" -> R-SW*Det_BDL* | C78: RSDSH_Det-AB,RSDSH_Det-C,RSDSH_Det-D,RSDSH_Det-E,RSDSH_Det-F,RSDSH_Det-G,RSDWH_Det | D78: =D35 -> 0.069794672 | F78: Det | G78: BDL | H78: ="R-S*_"&F78&"_"&G78&"*" -> R-S*_Det_BDL*
A79: * | B79: ="R-SW*"&F79&"_"&G79&"*" -> R-SW*Det_ETH* | C79: RSDSH_Det-AB,RSDSH_Det-C,RSDSH_Det-D,RSDSH_Det-E,RSDSH_Det-F,RSDSH_Det-G,RSDWH_Det | D79: =D36 -> 0.069794672 | F79: Det | G79: ETH | H79: ="R-S*_"&F79&"_"&G79&"*" -> R-S*_Det_ETH*
A80: NCAP_AFC | B80: ="R-SW*"&F80&"_"&G80&"*" -> R-SW*Det_LPG* | C80: RSDSH_Det-AB,RSDSH_Det-C,RSDSH_Det-D,RSDSH_Det-E,RSDSH_Det-F,RSDSH_Det-G,RSDWH_Det | D80: =D37 -> 0.069794672 | F80: Det | G80: LPG | H80: ="R-S*_"&F80&"_"&G80&"*" -> R-S*_Det_LPG*
A81: NCAP_AFC | B81: ="R-*_"&F81&"*"&"HPN*" -> R-*_Det*HPN* | C81: RSDSH_Det-AB,RSDSH_Det-C,RSDSH_Det-D,RSDSH_Det-E,RSDSH_Det-F,RSDSH_Det-G,RSDWH_Det | D81: =D38 -> 0.13831907 | F81: Det | G81: ELC | H81: ="R-SW*"&F81&"_"&G81&"*X1" -> R-SW*Det_ELC*X1
A82: NCAP_AFC | B82: ="R-S*_"&F82&"_"&G82&"_N1"&",-R-SC*" -> R-S*_Det_ELC_N1,-R-SC* | C82: RSDSH_Det-AB,RSDSH_Det-C,RSDSH_Det-D,RSDSH_Det-E,RSDSH_Det-F,RSDSH_Det-G,RSDWH_Det | D82: =D39 -> 0.043843218 | F82: Det | G82: ELC | H82: ="R-SW*"&F82&"_"&G82&"*X0" -> R-SW*Det_ELC*X0
A83: NCAP_AFC | B83: ="R-SW*"&F83&"_"&G83&"*" -> R-SW*Det_KER* | C83: RSDSH_Det-AB,RSDSH_Det-C,RSDSH_Det-D,RSDSH_Det-E,RSDSH_Det-F,RSDSH_Det-G,RSDWH_Det | D83: =D40 -> 0.053753547 | F83: Det | G83: KER | H83: ="R-S*_"&F83&"_"&G83&"*" -> R-S*_Det_KER*
A84: NCAP_AFC | B84: R-SW_Det_HVO* | C84: RSDSH_Det-AB,RSDSH_Det-C,RSDSH_Det-D,RSDSH_Det-E,RSDSH_Det-F,RSDSH_Det-G,RSDWH_Det | D84: =D41 -> 0.053753547
A85: NCAP_AFC | B85: ="R-SW*"&F85&"_"&G85&"*" -> R-SW*Det_GAS* | C85: RSDSH_Det-AB,RSDSH_Det-C,RSDSH_Det-D,RSDSH_Det-E,RSDSH_Det-F,RSDSH_Det-G,RSDWH_Det | D85: =D42 -> 0.039672004 | F85: Det | G85: GAS | H85: ="R-S*_"&F83&"_"&G85&"*" -> R-S*_Det_GAS*
A86: * | B86: ="R-SW*"&F86&"_"&G86&"*" -> R-SW*Det_PEA* | C86: RSDSH_Det-AB,RSDSH_Det-C,RSDSH_Det-D,RSDSH_Det-E,RSDSH_Det-F,RSDSH_Det-G,RSDWH_Det | D86: =D43 -> 0.10153947 | F86: Det | G86: PEA | H86: ="R-S*_"&F86&"_"&G86&"*" -> R-S*_Det_PEA*
A87: * | B87: ="R-SW*"&F87&"_"&G87&"*" -> R-SW*Det_SMF* | C87: RSDSH_Det-AB,RSDSH_Det-C,RSDSH_Det-D,RSDSH_Det-E,RSDSH_Det-F,RSDSH_Det-G,RSDWH_Det | D87: =D44 -> 0.13495609 | F87: Det | G87: SMF | H87: ="R-S*_"&F87&"_"&G87&"*" -> R-S*_Det_SMF*
A88: NCAP_AFC | B88: ="R-SW*"&F88&"_"&G88&"*" -> R-SW*Det_WOO* | C88: RSDSH_Det-AB,RSDSH_Det-C,RSDSH_Det-D,RSDSH_Det-E,RSDSH_Det-F,RSDSH_Det-G,RSDWH_Det | D88: =D45 -> 0.094687204 | F88: Det | G88: WOO | H88: ="R-S*_"&F88&"_"&G88&"*" -> R-S*_Det_WOO*
A89: NCAP_AFC | B89: R-SW_Det_FPL* | C89: RSDSH_Det-AB,RSDSH_Det-C,RSDSH_Det-D,RSDSH_Det-E,RSDSH_Det-F,RSDSH_Det-G,RSDWH_Det | D89: =D46 -> 0.094687204
A90: NCAP_AFC | B90: ="R-SW*"&F90&"_"&G90&"*" -> R-SW*Det_HET* | C90: RSDSH_Det-AB,RSDSH_Det-C,RSDSH_Det-D,RSDSH_Det-E,RSDSH_Det-F,RSDSH_Det-G,RSDWH_Det | D90: =D47 -> 0.12 | F90: Det | G90: HET | H90: ="R-S*_"&F90&"_"&G90&"*" -> R-S*_Det_HET*
A91: *Apartment Water Heat
A92: * | B92: ="R-WH_"&F92&"_"&G92&"*" -> R-WH_Apt_COA* | D92: =AVERAGEIFS('BY-RSD-WH_AF'!$L$2:$L$100,'BY-RSD-WH_AF'!$C$2:$C$100,H92,'BY-RSD-WH_AF'!$A$2:$A$100,"BASE") -> 0.12 | F92: Apt | G92: COA | H92: ="R-WH_"&F92&"_"&G92&"*" -> R-WH_Apt_COA*
A93: * | B93: ="R-WH_"&F93&"_"&G93&"*" -> R-WH_Apt_BDL* | D93: =AVERAGEIFS('BY-RSD-WH_AF'!$L$2:$L$100,'BY-RSD-WH_AF'!$C$2:$C$100,H93,'BY-RSD-WH_AF'!$A$2:$A$100,"BASE") -> 0.12 | F93: Apt | G93: BDL | H93: ="R-WH_"&F93&"_"&G93&"*" -> R-WH_Apt_BDL*
A94: * | B94: ="R-WH_"&F94&"_"&G94&"*" -> R-WH_Apt_ETH* | D94: =AVERAGEIFS('BY-RSD-WH_AF'!$L$2:$L$100,'BY-RSD-WH_AF'!$C$2:$C$100,H94,'BY-RSD-WH_AF'!$A$2:$A$100,"BASE") -> 0.12 | F94: Apt | G94: ETH | H94: ="R-WH_"&F94&"_"&G94&"*" -> R-WH_Apt_ETH*
A95: * | B95: ="R-WH_"&F95&"_"&G95&"*" -> R-WH_Apt_LPG* | D95: =AVERAGEIFS('BY-RSD-WH_AF'!$L$2:$L$100,'BY-RSD-WH_AF'!$C$2:$C$100,H95,'BY-RSD-WH_AF'!$A$2:$A$100,"BASE") -> 0.12 | F95: Apt | G95: LPG | H95: ="R-WH_"&F95&"_"&G95&"*" -> R-WH_Apt_LPG*
A96: NCAP_AFA | B96: ="R-WH_"&F96&"_"&G96&"*" -> R-WH_Apt_ELC* | D96: =AVERAGEIFS('BY-RSD-WH_AF'!$L$2:$L$100,'BY-RSD-WH_AF'!$C$2:$C$100,H96,'BY-RSD-WH_AF'!$A$2:$A$100,"BASE") -> 0.053377456 | F96: Apt | G96: ELC | H96: ="R-WH_"&F96&"_"&G96&"*X0" -> R-WH_Apt_ELC*X0
A97: * | B97: ="R-WH_"&F97&"_"&G97&"*" -> R-WH_Apt_KER* | D97: =AVERAGEIFS('BY-RSD-WH_AF'!$L$2:$L$100,'BY-RSD-WH_AF'!$C$2:$C$100,H97,'BY-RSD-WH_AF'!$A$2:$A$100,"BASE") -> 0.12 | F97: Apt | G97: KER | H97: ="R-WH_"&F97&"_"&G97&"*" -> R-WH_Apt_KER*
A98: * | B98: ="R-WH_"&F98&"_"&G98&"*" -> R-WH_Apt_GAS* | D98: =AVERAGEIFS('BY-RSD-WH_AF'!$L$2:$L$100,'BY-RSD-WH_AF'!$C$2:$C$100,H98,'BY-RSD-WH_AF'!$A$2:$A$100,"BASE") -> 0.060645497 | F98: Apt | G98: GAS | H98: ="R-WH_"&F97&"_"&G98&"*" -> R-WH_Apt_GAS*
A99: * | B99: ="R-WH_"&F99&"_"&G99&"*" -> R-WH_Apt_PEA* | D99: =AVERAGEIFS('BY-RSD-WH_AF'!$L$2:$L$100,'BY-RSD-WH_AF'!$C$2:$C$100,H99,'BY-RSD-WH_AF'!$A$2:$A$100,"BASE") -> 0.12 | F99: Apt | G99: PEA | H99: ="R-WH_"&F99&"_"&G99&"*" -> R-WH_Apt_PEA*
A100: * | B100: ="R-WH_"&F100&"_"&G100&"*" -> R-WH_Apt_SMF* | D100: =AVERAGEIFS('BY-RSD-WH_AF'!$L$2:$L$100,'BY-RSD-WH_AF'!$C$2:$C$100,H100,'BY-RSD-WH_AF'!$A$2:$A$100,"BASE") -> 0.12 | F100: Apt | G100: SMF | H100: ="R-WH_"&F100&"_"&G100&"*" -> R-WH_Apt_SMF*
A101: * | B101: ="R-WH_"&F101&"_"&G101&"*" -> R-WH_Apt_WOO* | D101: =AVERAGEIFS('BY-RSD-WH_AF'!$L$2:$L$100,'BY-RSD-WH_AF'!$C$2:$C$100,H101,'BY-RSD-WH_AF'!$A$2:$A$100,"BASE") -> 0.12 | F101: Apt | G101: WOO | H101: ="R-WH_"&F101&"_"&G101&"*" -> R-WH_Apt_WOO*
...

Sheet EFF
A1: EFF for RSD techs
E3: ~TFM_UPD
A4: Type | B4: Fuel | C4: Reference Tech | E4: Attribute | F4: PSet_PN | G4: AllRegions
E5: *Apartment Heat
A6: Apt | B6: COA | C6: ="R-SH_"&A6&"_"&B6&"*" -> R-SH_Apt_COA* | E6: CEFF | F6: ="R-S*"&A6&"_"&B6&"*" -> R-S*Apt_COA* | G6: =IFERROR("*"&AVERAGEIFS('BY-RSD-EFF'!$L$2:$L$100,'BY-RSD-EFF'!$C$2:$C$100,EFF!C6,'BY-RSD-EFF'!$A$2:$A$100,"BASE"),"") -> *0.590188034188034
A7: Apt | B7: BDL | C7: ="R-SH_"&A7&"_"&B7&"*" -> R-SH_Apt_BDL* | E7: CEFF | F7: ="R-S*_"&A7&"_"&B7&"*" -> R-S*_Apt_BDL* | G7: *0.8
A8: Apt | B8: ETH | C8: ="R-SH_"&A8&"_"&B8&"*" -> R-SH_Apt_ETH* | E8: CEFF | F8: ="R-S*_"&A8&"_"&B8&"*" -> R-S*_Apt_ETH* | G8: *0.8
A9: Apt | B9: LPG | C9: ="R-SH_"&A9&"_"&B9&"*" -> R-SH_Apt_LPG* | E9: CEFF | F9: ="R-S*_"&A9&"_"&B9&"*" -> R-S*_Apt_LPG* | G9: =IFERROR("*"&AVERAGEIFS('BY-RSD-EFF'!$L$2:$L$100,'BY-RSD-EFF'!$C$2:$C$100,EFF!C9,'BY-RSD-EFF'!$A$2:$A$100,"BASE"),"") -> *0.806779026217228
A10: Apt | B10: ELC | C10: ="R-SH_"&A10&"_"&B10&"*X1" -> R-SH_Apt_ELC*X1 | E10: CEFF | F10: ="R-*_"&A10&"*"&"HPN*"&",-*GAS*" -> R-*_Apt*HPN*,-*GAS* | G10: =IFERROR("*"&AVERAGEIFS('BY-RSD-EFF'!$L$2:$L$100,'BY-RSD-EFF'!$C$2:$C$100,EFF!C10,'BY-RSD-EFF'!$A$2:$A$100,"BASE"),"") -> *3.07019607843137
A11: Apt | B11: KER | C11: ="R-SH_"&A11&"_"&B11&"*" -> R-SH_Apt_KER* | E11: CEFF | F11: ="R-S*_"&A11&"_"&B11&"*" -> R-S*_Apt_KER* | G11: =IFERROR("*"&AVERAGEIFS('BY-RSD-EFF'!$L$2:$L$100,'BY-RSD-EFF'!$C$2:$C$100,EFF!C11,'BY-RSD-EFF'!$A$2:$A$100,"BASE"),"") -> *0.810162162162162
A12: Apt | B12: GAS | C12: ="R-SH_"&A12&"_"&B12&"*" -> R-SH_Apt_GAS* | E12: CEFF | F12: ="R-S*_"&A12&"_"&B12&"*" -> R-S*_Apt_GAS* | G12: =IFERROR("*"&AVERAGEIFS('BY-RSD-EFF'!$L$2:$L$100,'BY-RSD-EFF'!$C$2:$C$100,EFF!C12,'BY-RSD-EFF'!$A$2:$A$100,"BASE"),"") -> *0.810268817204301
A13: Apt | B13: PEA | C13: ="R-SH_"&A13&"_"&B13&"*" -> R-SH_Apt_PEA* | E13: CEFF | F13: ="R-S*_"&A13&"_"&B13&"*" -> R-S*_Apt_PEA* | G13: =IFERROR("*"&AVERAGEIFS('BY-RSD-EFF'!$L$2:$L$100,'BY-RSD-EFF'!$C$2:$C$100,EFF!C13,'BY-RSD-EFF'!$A$2:$A$100,"BASE"),"") -> *0.525
A14: Apt | B14: SMF | C14: ="R-SH_"&A14&"_"&B14&"*" -> R-SH_Apt_SMF* | E14: CEFF | F14: ="R-S*_"&A14&"_"&B14&"*" -> R-S*_Apt_SMF* | G14: =IFERROR("*"&AVERAGEIFS('BY-RSD-EFF'!$L$2:$L$100,'BY-RSD-EFF'!$C$2:$C$100,EFF!C14,'BY-RSD-EFF'!$A$2:$A$100,"BASE"),"") -> *0.581777777777778
A15: Apt | B15: WOO | C15: ="R-SH_"&A15&"_"&B15&"*" -> R-SH_Apt_WOO* | E15: CEFF | F15: ="R-S*_"&A15&"_"&B15&"*" -> R-S*_Apt_WOO* | G15: =IFERROR("*"&AVERAGEIFS('BY-RSD-EFF'!$L$2:$L$100,'BY-RSD-EFF'!$C$2:$C$100,EFF!C15,'BY-RSD-EFF'!$A$2:$A$100,"BASE"),"") -> *0.688045112781955
A16: Apt | B16: HET | C16: ="R-SH_"&A16&"_"&B16&"*" -> R-SH_Apt_HET* | E16: CEFF | F16: ="R-S*_"&A16&"_*"&B16&"*" -> R-S*_Apt_*HET* | G16: *1
A17: Apt | B17: ELC | C17: ="R-SH_"&A17&"_"&B17&"*X0" -> R-SH_Apt_ELC*X0 | E17: CEFF | F17: ="R-S*_"&A17&"_"&B17&"_N1"&",-R-SC*" -> R-S*_Apt_ELC_N1,-R-SC* | G17: =IFERROR("*"&AVERAGEIFS('BY-RSD-EFF'!$L$2:$L$100,'BY-RSD-EFF'!$C$2:$C$100,EFF!C17,'BY-RSD-EFF'!$A$2:$A$100,"BASE"),"") -> *1
E18: *Attached Space Heat
A19: Att | B19: COA | C19: ="R-SH_"&A19&"_"&B19&"*" -> R-SH_Att_COA* | E19: CEFF | F19: ="R-S*_"&A19&"_"&B19&"*" -> R-S*_Att_COA* | G19: =IFERROR("*"&AVERAGEIFS('BY-RSD-EFF'!$L$2:$L$100,'BY-RSD-EFF'!$C$2:$C$100,EFF!C19,'BY-RSD-EFF'!$A$2:$A$100,"BASE"),"") -> *0.557980879057327
A20: Att | B20: BDL | C20: ="R-SH_"&A20&"_"&B20&"*" -> R-SH_Att_BDL* | E20: CEFF | F20: ="R-S*_"&A20&"_"&B20&"*" -> R-S*_Att_BDL* | G20: *0.8
A21: Att | B21: ETH | C21: ="R-SH_"&A21&"_"&B21&"*" -> R-SH_Att_ETH* | E21: CEFF | F21: ="R-S*_"&A21&"_"&B21&"*" -> R-S*_Att_ETH* | G21: *0.8
A22: Att | B22: LPG | C22: ="R-SH_"&A22&"_"&B22&"*" -> R-SH_Att_LPG* | E22: CEFF | F22: ="R-S*_"&A22&"_"&B22&"*" -> R-S*_Att_LPG* | G22: =IFERROR("*"&AVERAGEIFS('BY-RSD-EFF'!$L$2:$L$100,'BY-RSD-EFF'!$C$2:$C$100,EFF!C22,'BY-RSD-EFF'!$A$2:$A$100,"BASE"),"") -> *0.807075774336283
A23: Att | B23: ELC | C23: ="R-SH_"&A23&"_"&B23&"*X1" -> R-SH_Att_ELC*X1 | E23: CEFF | F23: ="R-*_"&A23&"*"&"HPN*"&",-*GAS*" -> R-*_Att*HPN*,-*GAS* | G23: =IFERROR("*"&AVERAGEIFS('BY-RSD-EFF'!$L$2:$L$100,'BY-RSD-EFF'!$C$2:$C$100,EFF!C23,'BY-RSD-EFF'!$A$2:$A$100,"BASE"),"") -> *3.11576271186441
A24: Att | B24: KER | C24: ="R-SH_"&A24&"_"&B24&"*" -> R-SH_Att_KER* | E24: CEFF | F24: ="R-S*_"&A24&"_"&B24&"*" -> R-S*_Att_KER* | G24: =IFERROR("*"&AVERAGEIFS('BY-RSD-EFF'!$L$2:$L$100,'BY-RSD-EFF'!$C$2:$C$100,EFF!C24,'BY-RSD-EFF'!$A$2:$A$100,"BASE"),"") -> *0.819415584415584
A25: Att | B25: GAS | C25: ="R-SH_"&A25&"_"&B25&"*" -> R-SH_Att_GAS* | E25: CEFF | F25: ="R-S*_"&A25&"_"&B25&"*" -> R-S*_Att_GAS* | G25: =IFERROR("*"&AVERAGEIFS('BY-RSD-EFF'!$L$2:$L$100,'BY-RSD-EFF'!$C$2:$C$100,EFF!C25,'BY-RSD-EFF'!$A$2:$A$100,"BASE"),"") -> *0.817294117647059
A26: Att | B26: PEA | C26: ="R-SH_"&A26&"_"&B26&"*" -> R-SH_Att_PEA* | E26: CEFF | F26: ="R-S*_"&A26&"_"&B26&"*" -> R-S*_Att_PEA* | G26: =IFERROR("*"&AVERAGEIFS('BY-RSD-EFF'!$L$2:$L$100,'BY-RSD-EFF'!$C$2:$C$100,EFF!C26,'BY-RSD-EFF'!$A$2:$A$100,"BASE"),"") -> *0.550929487179487
A27: Att | B27: SMF | C27: ="R-SH_"&A27&"_"&B27&"*" -> R-SH_Att_SMF* | E27: CEFF | F27: ="R-S*_"&A27&"_"&B27&"*" -> R-S*_Att_SMF* | G27: =IFERROR("*"&AVERAGEIFS('BY-RSD-EFF'!$L$2:$L$100,'BY-RSD-EFF'!$C$2:$C$100,EFF!C27,'BY-RSD-EFF'!$A$2:$A$100,"BASE"),"") -> *0.571137724550898
A28: Att | B28: WOO | C28: ="R-SH_"&A28&"_"&B28&"*" -> R-SH_Att_WOO* | E28: CEFF | F28: ="R-S*_"&A28&"_"&B28&"*" -> R-S*_Att_WOO* | G28: =IFERROR("*"&AVERAGEIFS('BY-RSD-EFF'!$L$2:$L$100,'BY-RSD-EFF'!$C$2:$C$100,EFF!C28,'BY-RSD-EFF'!$A$2:$A$100,"BASE"),"") -> *0.704006568144499
A29: Att | B29: HET | C29: ="R-SH_"&A29&"_"&B29&"*" -> R-SH_Att_HET* | E29: CEFF | F29: ="R-S*_"&A29&"_*"&B29&"*" -> R-S*_Att_*HET* | G29: *1
A30: Att | B30: ELC | C30: ="R-SH_"&A30&"_"&B30&"*X0" -> R-SH_Att_ELC*X0 | E30: CEFF | F30: ="R-S*_"&A30&"_"&B30&"_N1"&",-R-SC*" -> R-S*_Att_ELC_N1,-R-SC* | G30: =IFERROR("*"&AVERAGEIFS('BY-RSD-EFF'!$L$2:$L$100,'BY-RSD-EFF'!$C$2:$C$100,EFF!C30,'BY-RSD-EFF'!$A$2:$A$100,"BASE"),"") -> *1
E31: *Detached Space Heat
A32: Det | B32: COA | C32: ="R-SH_"&A32&"_"&B32&"*" -> R-SH_Det_COA* | E32: CEFF | F32: ="R-S*_"&A32&"_"&B32&"*" -> R-S*_Det_COA* | G32: =IFERROR("*"&AVERAGEIFS('BY-RSD-EFF'!$L$2:$L$100,'BY-RSD-EFF'!$C$2:$C$100,EFF!C32,'BY-RSD-EFF'!$A$2:$A$100,"BASE"),"") -> *0.619863294600137
A33: Det | B33: BDL | C33: ="R-SH_"&A33&"_"&B33&"*" -> R-SH_Det_BDL* | E33: CEFF | F33: ="R-S*_"&A33&"_"&B33&"*" -> R-S*_Det_BDL* | G33: *0.8
A34: Det | B34: ETH | C34: ="R-SH_"&A34&"_"&B34&"*" -> R-SH_Det_ETH* | E34: CEFF | F34: ="R-S*_"&A34&"_"&B34&"*" -> R-S*_Det_ETH* | G34: *0.8
A35: Det | B35: LPG | C35: ="R-SH_"&A35&"_"&B35&"*" -> R-SH_Det_LPG* | E35: CEFF | F35: ="R-S*_"&A35&"_"&B35&"*" -> R-S*_Det_LPG* | G35: =IFERROR("*"&AVERAGEIFS('BY-RSD-EFF'!$L$2:$L$100,'BY-RSD-EFF'!$C$2:$C$100,EFF!C35,'BY-RSD-EFF'!$A$2:$A$100,"BASE"),"") -> *0.826617747626993
A36: Det | B36: ELC | C36: ="R-SH_"&A36&"_"&B36&"*X1" -> R-SH_Det_ELC*X1 | E36: CEFF | F36: ="R-*_"&A36&"*"&"HPN*"&",-*GAS*" -> R-*_Det*HPN*,-*GAS* | G36: =IFERROR("*"&AVERAGEIFS('BY-RSD-EFF'!$L$2:$L$100,'BY-RSD-EFF'!$C$2:$C$100,EFF!C36,'BY-RSD-EFF'!$A$2:$A$100,"BASE"),"") -> *3.08978378378378
A37: Det | B37: KER | C37: ="R-SH_"&A37&"_"&B37&"*" -> R-SH_Det_KER* | E37: CEFF | F37: ="R-S*_"&A37&"_"&B37&"*" -> R-S*_Det_KER* | G37: =IFERROR("*"&AVERAGEIFS('BY-RSD-EFF'!$L$2:$L$100,'BY-RSD-EFF'!$C$2:$C$100,EFF!C37,'BY-RSD-EFF'!$A$2:$A$100,"BASE"),"") -> *0.822803738317757
A38: Det | B38: GAS | C38: ="R-SH_"&A38&"_"&B38&"*" -> R-SH_Det_GAS* | E38: CEFF | F38: ="R-S*_"&A38&"_"&B38&"*" -> R-S*_Det_GAS* | G38: =IFERROR("*"&AVERAGEIFS('BY-RSD-EFF'!$L$2:$L$100,'BY-RSD-EFF'!$C$2:$C$100,EFF!C38,'BY-RSD-EFF'!$A$2:$A$100,"BASE"),"") -> *0.827287581699346
A39: Det | B39: PEA | C39: ="R-SH_"&A39&"_"&B39&"*" -> R-SH_Det_PEA* | E39: CEFF | F39: ="R-S*_"&A39&"_"&B39&"*" -> R-S*_Det_PEA* | G39: =IFERROR("*"&AVERAGEIFS('BY-RSD-EFF'!$L$2:$L$100,'BY-RSD-EFF'!$C$2:$C$100,EFF!C39,'BY-RSD-EFF'!$A$2:$A$100,"BASE"),"") -> *0.545789473684211
A40: Det | B40: SMF | C40: ="R-SH_"&A40&"_"&B40&"*" -> R-SH_Det_SMF* | E40: CEFF | F40: ="R-S*_"&A40&"_"&B40&"*" -> R-S*_Det_SMF* | G40: =IFERROR("*"&AVERAGEIFS('BY-RSD-EFF'!$L$2:$L$100,'BY-RSD-EFF'!$C$2:$C$100,EFF!C40,'BY-RSD-EFF'!$A$2:$A$100,"BASE"),"") -> *0.614742268041237
A41: Det | B41: WOO | C41: ="R-SH_"&A41&"_"&B41&"*" -> R-SH_Det_WOO* | E41: CEFF | F41: ="R-S*_"&A41&"_"&B41&"*" -> R-S*_Det_WOO* | G41: =IFERROR("*"&AVERAGEIFS('BY-RSD-EFF'!$L$2:$L$100,'BY-RSD-EFF'!$C$2:$C$100,EFF!C41,'BY-RSD-EFF'!$A$2:$A$100,"BASE"),"") -> *0.729286096921694
A42: Det | B42: HET | C42: ="R-SH_"&A42&"_"&B42&"*" -> R-SH_Det_HET* | E42: CEFF | F42: ="R-S*_"&A42&"_*"&B42&"*" -> R-S*_Det_*HET* | G42: *1
A43: Det | B43: ELC | C43: ="R-SH_"&A43&"_"&B43&"*X0" -> R-SH_Det_ELC*X0 | E43: CEFF | F43: ="R-S*_"&A43&"_"&B43&"_N1"&",-R-SC*" -> R-S*_Det_ELC_N1,-R-SC* | G43: =IFERROR("*"&AVERAGEIFS('BY-RSD-EFF'!$L$2:$L$100,'BY-RSD-EFF'!$C$2:$C$100,EFF!C43,'BY-RSD-EFF'!$A$2:$A$100,"BASE"),"") -> *0.999520958083832
E44: *Space Cooling
A45: Apt | B45: ELC | C45: ="R-SH_"&A45&"_"&B45&"*X1" -> R-SH_Apt_ELC*X1 | E45: CEFF | F45: ="R-SC_"&A45&"_"&B45&"_N1" -> R-SC_Apt_ELC_N1 | G45: =IFERROR("*"&AVERAGEIFS('BY-RSD-EFF'!$L$2:$L$100,'BY-RSD-EFF'!$C$2:$C$100,EFF!C45,'BY-RSD-EFF'!$A$2:$A$100,"BASE"),"") -> *3.07019607843137
A46: Att | B46: ELC | C46: ="R-SH_"&A46&"_"&B46&"*X1" -> R-SH_Att_ELC*X1 | E46: CEFF | F46: ="R-SC_"&A46&"_"&B46&"_N1" -> R-SC_Att_ELC_N1 | G46: =IFERROR("*"&AVERAGEIFS('BY-RSD-EFF'!$L$2:$L$100,'BY-RSD-EFF'!$C$2:$C$100,EFF!C46,'BY-RSD-EFF'!$A$2:$A$100,"BASE"),"") -> *3.11576271186441
A47: Det | B47: ELC | C47: ="R-SH_"&A47&"_"&B47&"*X1" -> R-SH_Det_ELC*X1 | E47: CEFF | F47: ="R-SC_"&A47&"_"&B47&"_N1" -> R-SC_Det_ELC_N1 | G47: =IFERROR("*"&AVERAGEIFS('BY-RSD-EFF'!$L$2:$L$100,'BY-RSD-EFF'!$C$2:$C$100,EFF!C47,'BY-RSD-EFF'!$A$2:$A$100,"BASE"),"") -> *3.08978378378378
E48: *Apartment Water Heat
A49: Apt | B49: COA | C49: ="R-WH_"&A49&"_"&B49&"*" -> R-WH_Apt_COA* | E49: CEFF | F49: ="R-WH_"&A49&"_"&B49&"*" -> R-WH_Apt_COA* | G49: =IFERROR("*"&AVERAGEIFS('BY-RSD-EFF'!$L$2:$L$100,'BY-RSD-EFF'!$C$2:$C$100,EFF!C49,'BY-RSD-EFF'!$A$2:$A$100,"BASE"),"") -> *0.590188034188034
A50: Apt | B50: BDL | C50: ="R-WH_"&A50&"_"&B50&"*" -> R-WH_Apt_BDL* | E50: CEFF | F50: ="R-WH_"&A50&"_"&B50&"*" -> R-WH_Apt_BDL* | G50: *0.8
A51: Apt | B51: ETH | C51: ="R-WH_"&A51&"_"&B51&"*" -> R-WH_Apt_ETH* | E51: CEFF | F51: ="R-WH_"&A51&"_"&B51&"*" -> R-WH_Apt_ETH* | G51: *0.8
A52: Apt | B52: LPG | C52: ="R-WH_"&A52&"_"&B52&"*" -> R-WH_Apt_LPG* | E52: CEFF | F52: ="R-WH_"&A52&"_"&B52&"*" -> R-WH_Apt_LPG* | G52: =IFERROR("*"&AVERAGEIFS('BY-RSD-EFF'!$L$2:$L$100,'BY-RSD-EFF'!$C$2:$C$100,EFF!C52,'BY-RSD-EFF'!$A$2:$A$100,"BASE"),"") -> *0.806779026217228
A53: Apt | B53: ELC | C53: ="R-WH_"&A53&"_"&B53&"*X0" -> R-WH_Apt_ELC*X0 | E53: CEFF | F53: ="R-WH_"&A53&"_"&B53&"*" -> R-WH_Apt_ELC* | G53: =IFERROR("*"&AVERAGEIFS('BY-RSD-EFF'!$L$2:$L$100,'BY-RSD-EFF'!$C$2:$C$100,EFF!C53,'BY-RSD-EFF'!$A$2:$A$100,"BASE"),"") -> *1
A54: Apt | B54: ELC | C54: ="R-WH_"&A54&"_"&B54&"*X1" -> R-WH_Apt_ELC*X1 | E54: CEFF | F54: ="R-WH_"&A54&"_"&B54&"*" -> R-WH_Apt_ELC* | G54: =IFERROR("*"&AVERAGEIFS('BY-RSD-EFF'!$L$2:$L$100,'BY-RSD-EFF'!$C$2:$C$100,EFF!C54,'BY-RSD-EFF'!$A$2:$A$100,"BASE"),"") -> *3.07019607843137
A55: Apt | B55: KER | C55: ="R-WH_"&A55&"_"&B55&"*" -> R-WH_Apt_KER* | E55: CEFF | F55: ="R-WH_"&A55&"_"&B55&"*" -> R-WH_Apt_KER* | G55: =IFERROR("*"&AVERAGEIFS('BY-RSD-EFF'!$L$2:$L$100,'BY-RSD-EFF'!$C$2:$C$100,EFF!C55,'BY-RSD-EFF'!$A$2:$A$100,"BASE"),"") -> *0.810162162162162
A56: Apt | B56: GAS | C56: ="R-WH_"&A56&"_"&B56&"*" -> R-WH_Apt_GAS* | E56: CEFF | F56: ="R-WH_"&A56&"_"&B56&",-*HPN*" -> R-WH_Apt_GAS,-*HPN* | G56: =IFERROR("*"&AVERAGEIFS('BY-RSD-EFF'!$L$2:$L$100,'BY-RSD-EFF'!$C$2:$C$100,EFF!C56,'BY-RSD-EFF'!$A$2:$A$100,"BASE"),"") -> *0.810268817204301
A57: Apt | B57: PEA | C57: ="R-WH_"&A57&"_"&B57&"*" -> R-WH_Apt_PEA* | E57: CEFF | F57: ="R-WH_"&A57&"_"&B57&"*" -> R-WH_Apt_PEA* | G57: =IFERROR("*"&AVERAGEIFS('BY-RSD-EFF'!$L$2:$L$100,'BY-RSD-EFF'!$C$2:$C$100,EFF!C57,'BY-RSD-EFF'!$A$2:$A$100,"BASE"),"") -> *0.525
A58: Apt | B58: SMF | C58: ="R-WH_"&A58&"_"&B58&"*" -> R-WH_Apt_SMF* | E58: CEFF | F58: ="R-WH_"&A58&"_"&B58&"*" -> R-WH_Apt_SMF* | G58: =IFERROR("*"&AVERAGEIFS('BY-RSD-EFF'!$L$2:$L$100,'BY-RSD-EFF'!$C$2:$C$100,EFF!C58,'BY-RSD-EFF'!$A$2:$A$100,"BASE"),"") -> *0.581777777777778
A59: Apt | B59: WOO | C59: ="R-WH_"&A59&"_"&B59&"*" -> R-WH_Apt_WOO* | E59: CEFF | F59: ="R-WH_"&A59&"_"&B59&"*" -> R-WH_Apt_WOO* | G59: =IFERROR("*"&AVERAGEIFS('BY-RSD-EFF'!$L$2:$L$100,'BY-RSD-EFF'!$C$2:$C$100,EFF!C59,'BY-RSD-EFF'!$A$2:$A$100,"BASE"),"") -> *0.688045112781955
A60: Apt | B60: HET | C60: ="R-WH_"&A60&"_"&B60&"*" -> R-WH_Apt_HET* | E60: CEFF | F60: ="R-WH_"&A60&"_"&B60&"*" -> R-WH_Apt_HET* | G60: *1
A61: Apt | B61: SOL | C61: ="R-WH_"&A61&"_"&B61&"*" -> R-WH_Apt_SOL* | E61: CEFF | F61: ="R-WH_"&A61&"_"&B61&"*" -> R-WH_Apt_SOL* | G61: =IFERROR("*"&AVERAGEIFS('BY-RSD-EFF'!$L$2:$L$100,'BY-RSD-EFF'!$C$2:$C$100,EFF!C61,'BY-RSD-EFF'!$A$2:$A$100,"BASE"),"") -> *1
E62: *Attached Water Heat
A63: Att | B63: COA | C63: ="R-WH_"&A63&"_"&B63&"*" -> R-WH_Att_COA* | E63: CEFF | F63: ="R-WH_"&A63&"_"&B63&"*" -> R-WH_Att_COA* | G63: =IFERROR("*"&AVERAGEIFS('BY-RSD-EFF'!$L$2:$L$100,'BY-RSD-EFF'!$C$2:$C$100,EFF!C63,'BY-RSD-EFF'!$A$2:$A$100,"BASE"),"") -> *0.557980879057327
A64: Att | B64: BDL | C64: ="R-WH_"&A64&"_"&B64&"*" -> R-WH_Att_BDL* | E64: CEFF | F64: ="R-WH_"&A64&"_"&B64&"*" -> R-WH_Att_BDL* | G64: *0.8
A65: Att | B65: ETH | C65: ="R-WH_"&A65&"_"&B65&"*" -> R-WH_Att_ETH* | E65: CEFF | F65: ="R-WH_"&A65&"_"&B65&"*" -> R-WH_Att_ETH* | G65: *0.8
A66: Att | B66: LPG | C66: ="R-WH_"&A66&"_"&B66&"*" -> R-WH_Att_LPG* | E66: CEFF | F66: ="R-WH_"&A66&"_"&B66&"*" -> R-WH_Att_LPG* | G66: =IFERROR("*"&AVERAGEIFS('BY-RSD-EFF'!$L$2:$L$100,'BY-RSD-EFF'!$C$2:$C$100,EFF!C66,'BY-RSD-EFF'!$A$2:$A$100,"BASE"),"") -> *0.807075774336283
A67: Att | B67: ELC | C67: ="R-WH_"&A67&"_"&B67&"*X0" -> R-WH_Att_ELC*X0 | E67: CEFF | F67: ="R-WH_"&A67&"_"&B67&"*" -> R-WH_Att_ELC* | G67: =IFERROR("*"&AVERAGEIFS('BY-RSD-EFF'!$L$2:$L$100,'BY-RSD-EFF'!$C$2:$C$100,EFF!C67,'BY-RSD-EFF'!$A$2:$A$100,"BASE"),"") -> *1
A68: Att | B68: ELC | C68: ="R-WH_"&A68&"_"&B68&"*X1" -> R-WH_Att_ELC*X1 | E68: CEFF | F68: ="R-WH_"&A68&"_"&B68&"*" -> R-WH_Att_ELC* | G68: =IFERROR("*"&AVERAGEIFS('BY-RSD-EFF'!$L$2:$L$100,'BY-RSD-EFF'!$C$2:$C$100,EFF!C68,'BY-RSD-EFF'!$A$2:$A$100,"BASE"),"") -> *3.11576271186441
A69: Att | B69: KER | C69: ="R-WH_"&A69&"_"&B69&"*" -> R-WH_Att_KER* | E69: CEFF | F69: ="R-WH_"&A69&"_"&B69&"*" -> R-WH_Att_KER* | G69: =IFERROR("*"&AVERAGEIFS('BY-RSD-EFF'!$L$2:$L$100,'BY-RSD-EFF'!$C$2:$C$100,EFF!C69,'BY-RSD-EFF'!$A$2:$A$100,"BASE"),"") -> *0.819415584415584
A70: Att | B70: GAS | C70: ="R-WH_"&A70&"_"&B70&"*" -> R-WH_Att_GAS* | E70: CEFF | F70: ="R-WH_"&A70&"_"&B70&",-*HPN*" -> R-WH_Att_GAS,-*HPN* | G70: =IFERROR("*"&AVERAGEIFS('BY-RSD-EFF'!$L$2:$L$100,'BY-RSD-EFF'!$C$2:$C$100,EFF!C70,'BY-RSD-EFF'!$A$2:$A$100,"BASE"),"") -> *0.817294117647059
A71: Att | B71: PEA | C71: ="R-WH_"&A71&"_"&B71&"*" -> R-WH_Att_PEA* | E71: CEFF | F71: ="R-WH_"&A71&"_"&B71&"*" -> R-WH_Att_PEA* | G71: =IFERROR("*"&AVERAGEIFS('BY-RSD-EFF'!$L$2:$L$100,'BY-RSD-EFF'!$C$2:$C$100,EFF!C71,'BY-RSD-EFF'!$A$2:$A$100,"BASE"),"") -> *0.550929487179487
A72: Att | B72: SMF | C72: ="R-WH_"&A72&"_"&B72&"*" -> R-WH_Att_SMF* | E72: CEFF | F72: ="R-WH_"&A72&"_"&B72&"*" -> R-WH_Att_SMF* | G72: =IFERROR("*"&AVERAGEIFS('BY-RSD-EFF'!$L$2:$L$100,'BY-RSD-EFF'!$C$2:$C$100,EFF!C72,'BY-RSD-EFF'!$A$2:$A$100,"BASE"),"") -> *0.571137724550898
A73: Att | B73: WOO | C73: ="R-WH_"&A73&"_"&B73&"*" -> R-WH_Att_WOO* | E73: CEFF | F73: ="R-WH_"&A73&"_"&B73&"*" -> R-WH_Att_WOO* | G73: =IFERROR("*"&AVERAGEIFS('BY-RSD-EFF'!$L$2:$L$100,'BY-RSD-EFF'!$C$2:$C$100,EFF!C73,'BY-RSD-EFF'!$A$2:$A$100,"BASE"),"") -> *0.704006568144499
A74: Att | B74: HET | C74: ="R-WH_"&A74&"_"&B74&"*" -> R-WH_Att_HET* | E74: CEFF | F74: ="R-WH_"&A74&"_"&B74&"*" -> R-WH_Att_HET* | G74: *1
A75: Att | B75: SOL | C75: ="R-WH_"&A75&"_"&B75&"*" -> R-WH_Att_SOL* | E75: CEFF | F75: ="R-WH_"&A75&"_"&B75&"*" -> R-WH_Att_SOL* | G75: =IFERROR("*"&AVERAGEIFS('BY-RSD-EFF'!$L$2:$L$100,'BY-RSD-EFF'!$C$2:$C$100,EFF!C75,'BY-RSD-EFF'!$A$2:$A$100,"BASE"),"") -> *1
E76: *Detached Water Heat
A77: Det | B77: COA | C77: ="R-WH_"&A77&"_"&B77&"*" -> R-WH_Det_COA* | E77: CEFF | F77: ="R-WH_"&A77&"_"&B77&"*" -> R-WH_Det_COA* | G77: =IFERROR("*"&AVERAGEIFS('BY-RSD-EFF'!$L$2:$L$100,'BY-RSD-EFF'!$C$2:$C$100,EFF!C77,'BY-RSD-EFF'!$A$2:$A$100,"BASE"),"") -> *0.619863294600137
A78: Det | B78: BDL | C78: ="R-WH_"&A78&"_"&B78&"*" -> R-WH_Det_BDL* | E78: CEFF | F78: ="R-WH_"&A78&"_"&B78&"*" -> R-WH_Det_BDL* | G78: *0.8
A79: Det | B79: ETH | C79: ="R-WH_"&A79&"_"&B79&"*" -> R-WH_Det_ETH* | E79: CEFF | F79: ="R-WH_"&A79&"_"&B79&"*" -> R-WH_Det_ETH* | G79: *0.8
A80: Det | B80: LPG | C80: ="R-WH_"&A80&"_"&B80&"*" -> R-WH_Det_LPG* | E80: CEFF | F80: ="R-WH_"&A80&"_"&B80&"*" -> R-WH_Det_LPG* | G80: =IFERROR("*"&AVERAGEIFS('BY-RSD-EFF'!$L$2:$L$100,'BY-RSD-EFF'!$C$2:$C$100,EFF!C80,'BY-RSD-EFF'!$A$2:$A$100,"BASE"),"") -> *0.826617747626993
A81: Det | B81: ELC | C81: ="R-WH_"&A81&"_"&B81&"*X0" -> R-WH_Det_ELC*X0 | E81: CEFF | F81: ="R-WH_"&A81&"_"&B81&"*" -> R-WH_Det_ELC* | G81: =IFERROR("*"&AVERAGEIFS('BY-RSD-EFF'!$L$2:$L$100,'BY-RSD-EFF'!$C$2:$C$100,EFF!C81,'BY-RSD-EFF'!$A$2:$A$100,"BASE"),"") -> *0.999520958083832
A82: Det | B82: ELC | C82: ="R-WH_"&A82&"_"&B82&"*X1" -> R-WH_Det_ELC*X1 | E82: CEFF | F82: ="R-WH_"&A82&"_"&B82&"*" -> R-WH_Det_ELC* | G82: =IFERROR("*"&AVERAGEIFS('BY-RSD-EFF'!$L$2:$L$100,'BY-RSD-EFF'!$C$2:$C$100,EFF!C82,'BY-RSD-EFF'!$A$2:$A$100,"BASE"),"") -> *3.08978378378378
A83: Det | B83: KER | C83: ="R-WH_"&A83&"_"&B83&"*" -> R-WH_Det_KER* | E83: CEFF | F83: ="R-WH_"&A83&"_"&B83&"*" -> R-WH_Det_KER* | G83: =IFERROR("*"&AVERAGEIFS('BY-RSD-EFF'!$L$2:$L$100,'BY-RSD-EFF'!$C$2:$C$100,EFF!C83,'BY-RSD-EFF'!$A$2:$A$100,"BASE"),"") -> *0.822803738317757
A84: Det | B84: GAS | C84: ="R-WH_"&A84&"_"&B84&"*" -> R-WH_Det_GAS* | E84: CEFF | F84: ="R-WH_"&A84&"_"&B84&",-*HPN*" -> R-WH_Det_GAS,-*HPN* | G84: =IFERROR("*"&AVERAGEIFS('BY-RSD-EFF'!$L$2:$L$100,'BY-RSD-EFF'!$C$2:$C$100,EFF!C84,'BY-RSD-EFF'!$A$2:$A$100,"BASE"),"") -> *0.827287581699346
A85: Det | B85: PEA | C85: ="R-WH_"&A85&"_"&B85&"*" -> R-WH_Det_PEA* | E85: CEFF | F85: ="R-WH_"&A85&"_"&B85&"*" -> R-WH_Det_PEA* | G85: =IFERROR("*"&AVERAGEIFS('BY-RSD-EFF'!$L$2:$L$100,'BY-RSD-EFF'!$C$2:$C$100,EFF!C85,'BY-RSD-EFF'!$A$2:$A$100,"BASE"),"") -> *0.545789473684211
A86: Det | B86: SMF | C86: ="R-WH_"&A86&"_"&B86&"*" -> R-WH_Det_SMF* | E86: CEFF | F86: ="R-WH_"&A86&"_"&B86&"*" -> R-WH_Det_SMF* | G86: =IFERROR("*"&AVERAGEIFS('BY-RSD-EFF'!$L$2:$L$100,'BY-RSD-EFF'!$C$2:$C$100,EFF!C86,'BY-RSD-EFF'!$A$2:$A$100,"BASE"),"") -> *0.614742268041237
A87: Det | B87: WOO | C87: ="R-WH_"&A87&"_"&B87&"*" -> R-WH_Det_WOO* | E87: CEFF | F87: ="R-WH_"&A87&"_"&B87&"*" -> R-WH_Det_WOO* | G87: =IFERROR("*"&AVERAGEIFS('BY-RSD-EFF'!$L$2:$L$100,'BY-RSD-EFF'!$C$2:$C$100,EFF!C87,'BY-RSD-EFF'!$A$2:$A$100,"BASE"),"") -> *0.729286096921694
A88: Det | B88: HET | C88: ="R-WH_"&A88&"_"&B88&"*" -> R-WH_Det_HET* | E88: CEFF | F88: ="R-WH_"&A88&"_"&B88&"*" -> R-WH_Det_HET* | G88: *1
A89: Det | B89: SOL | C89: ="R-WH_"&A89&"_"&B89&"*" -> R-WH_Det_SOL* | E89: CEFF | F89: ="R-WH_"&A89&"_"&B89&"*" -> R-WH_Det_SOL* | G89: =IFERROR("*"&AVERAGEIFS('BY-RSD-EFF'!$L$2:$L$100,'BY-RSD-EFF'!$C$2:$C$100,EFF!C89,'BY-RSD-EFF'!$A$2:$A$100,"BASE"),"") -> *1

Sheet BY-RSD-WH_AF
A1: scenario | B1: attribute | C1: process | D1: commodity | E1: lim_type | F1: time_slice | G1: year | H1: commodity_group | I1: currency | J1: stage | K1: sow | L1: IE | M1: National
A2: BASE | B2: AFA | C2: R-WH_Apt_BDL_X0 | D2: - | E2: UP | F2: - | G2: 2018 | H2: - | I2: - | J2: - | K2: - | L2: 0.12 | M2: 0.12
A3: BASE | B3: AFA | C3: R-WH_Apt_COA_X0 | D3: - | E3: UP | F3: - | G3: 2018 | H3: - | I3: - | J3: - | K3: - | L3: 0.12 | M3: 0.12
A4: BASE | B4: AFA | C4: R-WH_Apt_ELC_X0 | D4: - | E4: UP | F4: - | G4: 2018 | H4: - | I4: - | J4: - | K4: - | L4: 0.053377456 | M4: 0.053377456
A5: BASE | B5: AFA | C5: R-WH_Apt_ELC_X1 | D5: - | E5: UP | F5: - | G5: 2018 | H5: - | I5: - | J5: - | K5: - | L5: 0.49058779 | M5: 0.49058779
A6: BASE | B6: AFA | C6: R-WH_Apt_ETH_X0 | D6: - | E6: UP | F6: - | G6: 2018 | H6: - | I6: - | J6: - | K6: - | L6: 0.12 | M6: 0.12
A7: BASE | B7: AFA | C7: R-WH_Apt_GAS_X0 | D7: - | E7: UP | F7: - | G7: 2018 | H7: - | I7: - | J7: - | K7: - | L7: 0.060645497 | M7: 0.060645497
A8: BASE | B8: AFA | C8: R-WH_Apt_HET_X0 | D8: - | E8: UP | F8: - | G8: 2018 | H8: - | I8: - | J8: - | K8: - | L8: 0.12 | M8: 0.12
A9: BASE | B9: AFA | C9: R-WH_Apt_KER_X0 | D9: - | E9: UP | F9: - | G9: 2018 | H9: - | I9: - | J9: - | K9: - | L9: 0.12 | M9: 0.12
A10: BASE | B10: AFA | C10: R-WH_Apt_LPG_X0 | D10: - | E10: UP | F10: - | G10: 2018 | H10: - | I10: - | J10: - | K10: - | L10: 0.12 | M10: 0.12
A11: BASE | B11: AFA | C11: R-WH_Apt_PEA_X0 | D11: - | E11: UP | F11: - | G11: 2018 | H11: - | I11: - | J11: - | K11: - | L11: 0.12 | M11: 0.12
A12: BASE | B12: AFA | C12: R-WH_Apt_SMF_X0 | D12: - | E12: UP | F12: - | G12: 2018 | H12: - | I12: - | J12: - | K12: - | L12: 0.12 | M12: 0.12
A13: BASE | B13: AFA | C13: R-WH_Apt_SOL_X0 | D13: - | E13: UP | F13: - | G13: 2018 | H13: - | I13: - | J13: - | K13: - | L13: 0.13976566 | M13: 0.13976566
... A40: BASE | B40: AFA | C40: R-WH_Det_WOO_X0 | D40: - | E40: UP | F40: - | G40: 2018 | H40: - | I40: - | J40: - | K40: - | L40: 0.12 | M40: 0.12

Sheet BY-RSD-SH_AF
A1: scenario | B1: attribute | C1: process | D1: commodity | E1: lim_type | F1: time_slice | G1: year | H1: commodity_group | I1: currency | J1: stage | K1: sow | L1: IE | M1: National
A2: BASE | B2: AFA | C2: R-SH_Apt_BDL_X0 | D2: - | E2: UP | F2: - | G2: 2018 | H2: - | I2: - | J2: - | K2: - | L2: 0.12 | M2: 0.12
A3: BASE | B3: AFA | C3: R-SH_Apt_COA_X0 | D3: - | E3: UP | F3: - | G3: 2018 | H3: - | I3: - | J3: - | K3: - | L3: 0.12 | M3: 0.12
A4: BASE | B4: AFA | C4: R-SH_Apt_ELC_X0 | D4: - | E4: UP | F4: - | G4: 2018 | H4: - | I4: - | J4: - | K4: - | L4: 0.013931119 | M4: 0.013931119
A5: BASE | B5: AFA | C5: R-SH_Apt_ELC_X1 | D5: - | E5: UP | F5: - | G5: 2018 | H5: - | I5: - | J5: - | K5: - | L5: 0.1813027 | M5: 0.1813027
A6: BASE | B6: AFA | C6: R-SH_Apt_ETH_X0 | D6: - | E6: UP | F6: - | G6: 2018 | H6: - | I6: - | J6: - | K6: - | L6: 0.12 | M6: 0.12
A7: BASE | B7: AFA | C7: R-SH_Apt_GAS_X0 | D7: - | E7: UP | F7: - | G7: 2018 | H7: - | I7: - | J7: - | K7: - | L7: 0.025618486 | M7: 0.025618486
A8: BASE | B8: AFA | C8: R-SH_Apt_HET_X0 | D8: - | E8: UP | F8: - | G8: 2018 | H8: - | I8: - | J8: - | K8: - | L8: 0.12 | M8: 0.12
A9: BASE | B9: AFA | C9: R-SH_Apt_KER_X0 | D9: - | E9: UP | F9: - | G9: 2018 | H9: - | I9: - | J9: - | K9: - | L9: 0.066604255 | M9: 0.066604255
A10: BASE | B10: AFA | C10: R-SH_Apt_LPG_X0 | D10: - | E10: UP | F10: - | G10: 2018 | H10: - | I10: - | J10: - | K10: - | L10: 0.12 | M10: 0.12
A11: BASE | B11: AFA | C11: R-SH_Apt_PEA_X0 | D11: - | E11: UP | F11: - | G11: 2018 | H11: - | I11: - | J11: - | K11: - | L11: 0.16174375 | M11: 0.16174375
A12: BASE | B12: AFA | C12: R-SH_Apt_SMF_X0 | D12: - | E12: UP | F12: - | G12: 2018 | H12: - | I12: - | J12: - | K12: - | L12: 0.12 | M12: 0.12
A13: BASE | B13: AFA | C13: R-SH_Apt_WOO_X0 | D13: - | E13: UP | F13: - | G13: 2018 | H13: - | I13: - | J13: - | K13: - | L13: 0.12 | M13: 0.12
... A37: BASE | B37: AFA | C37: R-SH_Det_WOO_X0 | D37: - | E37: UP | F37: - | G37: 2018 | H37: - | I37: - | J37: - | K37: - | L37: 0.094687204 | M37: 0.094687204

Sheet BY-RSD-EFF
A1: scenario | B1: attribute | C1: process | D1: commodity | E1: lim_type | F1: time_slice | G1: year | H1: commodity_group | I1: currency | J1: stage | K1: sow | L1: IE | M1: National
A2: BASE | B2: EFF | C2: R-SH_Apt_BDL_X0 | D2: - | E2: - | F2: ANNUAL | G2: 2018 | H2: - | I2: - | J2: - | K2: - | L2: 0.9 | M2: 0.9
A3: BASE | B3: EFF | C3: R-SH_Apt_COA_X0 | D3: - | E3: - | F3: ANNUAL | G3: 2018 | H3: - | I3: - | J3: - | K3: - | L3: 0.59018803 | M3: 0.59018803
A4: BASE | B4: EFF | C4: R-SH_Apt_ELC_X0 | D4: - | E4: - | F4: ANNUAL | G4: 2018 | H4: - | I4: - | J4: - | K4: - | L4: 1 | M4: 1
A5: BASE | B5: EFF | C5: R-SH_Apt_ELC_X1 | D5: - | E5: - | F5: ANNUAL | G5: 2018 | H5: - | I5: - | J5: - | K5: - | L5: 3.0701961 | M5: 3.0701961
A6: BASE | B6: EFF | C6: R-SH_Apt_ETH_X0 | D6: - | E6: - | F6: ANNUAL | G6: 2018 | H6: - | I6: - | J6: - | K6: - | L6: 0.9 | M6: 0.9
A7: BASE | B7: EFF | C7: R-SH_Apt_GAS_X0 | D7: - | E7: - | F7: ANNUAL | G7: 2018 | H7: - | I7: - | J7: - | K7: - | L7: 0.81026882 | M7: 0.81026882
A8: BASE | B8: EFF | C8: R-SH_Apt_HET_X0 | D8: - | E8: - | F8: ANNUAL | G8: 2018 | H8: - | I8: - | J8: - | K8: - | L8: 0.39838442 | M8: 0.39838442
A9: BASE | B9: EFF | C9: R-SH_Apt_KER_X0 | D9: - | E9: - | F9: ANNUAL | G9: 2018 | H9: - | I9: - | J9: - | K9: - | L9: 0.81016216 | M9: 0.81016216
A10: BASE | B10: EFF | C10: R-SH_Apt_LPG_X0 | D10: - | E10: - | F10: ANNUAL | G10: 2018 | H10: - | I10: - | J10: - | K10: - | L10: 0.80677903 | M10: 0.80677903
A11: BASE | B11: EFF | C11: R-SH_Apt_PEA_X0 | D11: - | E11: - | F11: ANNUAL | G11: 2018 | H11: - | I11: - | J11: - | K11: - | L11: 0.525 | M11: 0.525
A12: BASE | B12: EFF | C12: R-SH_Apt_SMF_X0 | D12: - | E12: - | F12: ANNUAL | G12: 2018 | H12: - | I12: - | J12: - | K12: - | L12: 0.58177778 | M12: 0.58177778
A13: BASE | B13: EFF | C13: R-SH_Apt_WOO_X0 | D13: - | E13: - | F13: ANNUAL | G13: 2018 | H13: - | I13: - | J13: - | K13: - | L13: 0.68804511 | M13: 0.68804511
... A76: BASE | B76: EFF | C76: R-WH_Det_WOO_X0 | D76: - | E76: - | F76: ANNUAL | G76: 2018 | H76: - | I76: - | J76: - | K76: - | L76: 0.7292861 | M76: 0.7292861

Sheet BY-RSD-DW
A1: scenario | B1: attribute | C1: process | D1: commodity | E1: lim_type | F1: time_slice | G1: year | H1: commodity_group | I1: currency | J1: stage | K1: sow | L1: IE | M1: National
A2: BASE | B2: AFA | C2: R-RSDDW_X0 | D2: - | E2: UP | F2: - | G2: 2018 | H2: - | I2: - | J2: - | K2: - | L2: 0.010896638 | M2: 0.010896638

Sheet BY-RSD-PF
A1: scenario | B1: attribute | C1: process | D1: commodity | E1: lim_type | F1: time_slice | G1: year | H1: commodity_group | I1: currency | J1: stage | K1: sow | L1: IE | M1: National
A2: BASE | B2: AFA | C2: R-PF_Apt_X0 | D2: - | E2: UP | F2: - | G2: 2018 | H2: - | I2: - | J2: - | K2: - | L2: 0.12716586 | M2: 0.12716586
A3: BASE | B3: AFA | C3: R-PF_Att_X0 | D3: - | E3: UP | F3: - | G3: 2018 | H3: - | I3: - | J3: - | K3: - | L3: 0.24175609 | M3: 0.24175609
A4: BASE | B4: AFA | C4: R-PF_Det_X0 | D4: - | E4: UP | F4: - | G4: 2018 | H4: - | I4: - | J4: - | K4: - | L4: 0.29872123 | M4: 0.29872123

Sheet BY-RSD-CD
A1: scenario | B1: attribute | C1: process | D1: commodity | E1: lim_type | F1: time_slice | G1: year | H1: commodity_group | I1: currency | J1: stage | K1: sow | L1: IE | M1: National
A2: BASE | B2: AFA | C2: R-RSDCD_X0 | D2: - | E2: UP | F2: - | G2: 2018 | H2: - | I2: - | J2: - | K2: - | L2: 0.011863014 | M2: 0.011863014

Sheet BY-RSD-LT
A1: scenario | B1: attribute | C1: process | D1: commodity | E1: lim_type | F1: time_slice | G1: year | H1: commodity_group | I1: currency | J1: stage | K1: sow | L1: IE | M1: National
A2: BASE | B2: AFA | C2: R-LT_Apt_X0 | D2: - | E2: UP | F2: - | G2: 2018 | H2: - | I2: - | J2: - | K2: - | L2: 0.21098595 | M2: 0.21098595
A3: BASE | B3: AFA | C3: R-LT_Att_X0 | D3: - | E3: UP | F3: - | G3: 2018 | H3: - | I3: - | J3: - | K3: - | L3: 0.29847129 | M3: 0.29847129
A4: BASE | B4: AFA | C4: R-LT_Det_X0 | D4: - | E4: UP | F4: - | G4: 2018 | H4: - | I4: - | J4: - | K4: - | L4: 0.49065562 | M4: 0.49065562

Sheet BY-RSD-CW
A1: scenario | B1: attribute | C1: process | D1: commodity | E1: lim_type | F1: time_slice | G1: year | H1: commodity_group | I1: currency | J1: stage | K1: sow | L1: IE | M1: National
A2: BASE | B2: AFA | C2: R-RSDCW_X0 | D2: - | E2: UP | F2: - | G2: 2018 | H2: - | I2: - | J2: - | K2: - | L2: 0.0067195932 | M2: 0.0067195932

Sheet BY-RSD-CK
A1: scenario | B1: attribute | C1: process | D1: commodity | E1: lim_type | F1: time_slice | G1: year | H1: commodity_group | I1: currency | J1: stage | K1: sow | L1: IE | M1: National
A2: BASE | B2: AFA | C2: R-RSDCK_ELC_X0 | D2: - | E2: UP | F2: - | G2: 2018 | H2: - | I2: - | J2: - | K2: - | L2: 0.012186512 | M2: 0.012186512
A3: BASE | B3: AFA | C3: R-RSDCK_GAS_X0 | D3: - | E3: UP | F3: - | G3: 2018 | H3: - | I3: - | J3: - | K3: - | L3: 0.010445598 | M3: 0.010445598
A4: BASE | B4: AFA | C4: R-RSDCK_LPG_X0 | D4: - | E4: UP | F4: - | G4: 2018 | H4: - | I4: - | J4: - | K4: - | L4: 0.010445583 | M4: 0.010445583

Sheet BY-RSD-RF
A1: scenario | B1: attribute | C1: process | D1: commodity | E1: lim_type | F1: time_slice | G1: year | H1: commodity_group | I1: currency | J1: stage | K1: sow | L1: IE | M1: National
A2: BASE | B2: AFA | C2: R-RSDRF_X0 | D2: - | E2: UP | F2: - | G2: 2018 | H2: - | I2: - | J2: - | K2: - | L2: 0.11719939 | M2: 0.11719939

Sheet BY-RSD-OE
A1: scenario | B1: attribute | C1: process | D1: commodity | E1: lim_type | F1: time_slice | G1: year | H1: commodity_group | I1: currency | J1: stage | K1: sow | L1: IE | M1: National
A2: BASE | B2: AFA | C2: R-RSDOE_X0 | D2: - | E2: UP | F2: - | G2: 2018 | H2: - | I2: - | J2: - | K2: - | L2: 0.93569571 | M2: 0.93569571
