Workbook
Name CAGR: DEMANDS!$U$5
Name I_alku: "1.1."
Name I_loppu: "31.3."
Name II_alku: "1.4."
Name II_loppu: "30.6."
Name III_alku: "1.7."
Name III_loppu: "30.9."
Name IV_alku: "1.10."
Name IV_loppu: "31.12."

Sheet Cover
A16: TIMES-Ireland Model
A19: Document type: | B19: Scenario
A20: Sector(s): | B20: All end-use sectors
A21: Purpose: | B21: Specify end-use demand projections
A23: Original developer(s): | B23: Ankita Gaur (UCC, agaur@ucc.ie)
B24: Vahid Aryanpur (UCC, vahid.aryanpur@ucc.ie)
B25: Olexandr Balyk (UCC, olexandr.balyk@ucc.ie)
A26: Current maintainer(s): | B26: Ankita Gaur (UCC, agaur@ucc.ie)
B27: Vahid Aryanpur (UCC, vahid.aryanpur@ucc.ie)
B28: Olexandr Balyk (UCC, olexandr.balyk@ucc.ie)
A29: Part of TIM version: | B29: 1
A30: Model repository: | B30: https://github.com/MaREI-EPMG/TIMES-Ireland-model
A31: Licence: | B31: CC BY-NC-SA 4.0 (unless specified otherwise)
B32: https://creativecommons.org/licenses/by-nc-sa/4.0/

Sheet BY-Demands
C4: ~TFM_FILL
C5: Operation_Sum_Avg_Count | D5: Scenario Name | E5: TimeSlice | F5: LimType | G5: Attribute | H5: Year | I5: Cset_CN | J5: =Regions!C$3 -> IE | K5: =Regions!D$3 -> National | L5: =Regions!E$3 -> IE-CW | M5: =Regions!F$3 -> IE-D | N5: =Regions!G$3 -> IE-KE | O5: =Regions!H$3 -> IE-KK | P5: =Regions!I$3 -> IE-LS | Q5: =Regions!J$3 -> IE-LD | ... AK5: =Regions!AD$3 -> IE-MN
C6: A | D6: BASE | G6: COM_PROJ | H6: 2018 | I6: TRAPS | J6: 14.556561 | L6: 0.19075815 | M6: 3.8137078 | N6: 0.70334338 | O6: 0.32630593 | P6: 0.25725946 | Q6: 0.12926411 | R6: 0.37066642 | S6: 0.61012643 | T6: 0.25256358 | U6: 0.28627809 | V6: 0.49824919 | W6: 0.44072765 | X6: 0.38789418 | Y6: 1.6403529 | Z6: 0.50223766 | AA6: 0.59887773 | AB6: 0.54597893 | AC6: 0.36254755 | AD6: 0.81031809 | AE6: 0.10399822 | AF6: 0.43396473 | AG6: 0.2270113 | AH6: 0.20014422 | AI6: 0.22324074 | AJ6: 0.43304853 | AK6: 0.20769619
C7: A | D7: BASE | G7: COM_PROJ | H7: 2018 | I7: TRAPM | J7: 31.276119 | L7: 0.43519149 | M7: 7.6211536 | N7: 1.5519094 | O7: 0.73703192 | P7: 0.55451714 | Q7: 0.28568437 | R7: 0.76950577 | S7: 1.33595 | T7: 0.5661632 | U7: 0.63911186 | V7: 1.1334816 | W7: 0.96185938 | X7: 0.87235861 | Y7: 3.5254749 | Z7: 1.153887 | AA7: 1.2995737 | AB7: 1.2604325 | AC7: 0.79517788 | AD7: 1.7803554 | AE7: 0.23333731 | AF7: 0.98601598 | AG7: 0.5309014 | AH7: 0.43310683 | AI7: 0.47060177 | AJ7: 0.8666893 | AK7: 0.47664625
C8: A | D8: BASE | G8: COM_PROJ | H8: 2018 | I8: TRAPL | J8: 27.131578 | L8: 0.37389749 | M8: 6.6607449 | N8: 1.3457958 | O8: 0.64805463 | P8: 0.48149947 | Q8: 0.24792998 | R8: 0.67368746 | S8: 1.1456149 | T8: 0.49378011 | U8: 0.54722173 | V8: 0.97262647 | W8: 0.83286416 | X8: 0.74674766 | Y8: 3.0449423 | Z8: 1.0126394 | AA8: 1.1217785 | AB8: 1.0852428 | AC8: 0.68342924 | AD8: 1.5527405 | AE8: 0.20031586 | AF8: 0.86102306 | AG8: 0.4513161 | AH8: 0.37617526 | AI8: 0.40231788 | AJ8: 0.7410989 | AK8: 0.42809299
C9: A | D9: BASE | G9: COM_PROJ | H9: 2018 | I9: TRAF | J9: 10.702591 | L9: 0.177941 | M9: 2.6576908 | N9: 0.48228404 | O9: 0.31014967 | P9: 0.22090468 | Q9: 0.10660398 | R9: 0.27935991 | S9: 0.43225128 | T9: 0.20333601 | U9: 0.23152778 | V9: 0.46795619 | W9: 0.30871043 | X9: 0.30378727 | Y9: 1.6254277 | Z9: 0.44225677 | AA9: 0.49831114 | AB9: 0.40793969 | AC9: 0.37892083 | AD9: 0.60506097 | AE9: 0.08069347 | AF9: 0.3407838 | AG9: 0.15133441 | AH9: 0.16503079 | AI9: 0.19182704 | AJ9: 0.40087863 | AK9: 0.15458274
C10: A | D10: BASE | G10: COM_PROJ | H10: 2018 | I10: TTURS | J10: 7.7105748 | L10: 0.092186243 | M10: 2.1816898 | N10: 0.36028609 | O10: 0.16067985 | P10: 0.13714428 | Q10: 0.066182961 | R10: 0.20869339 | S10: 0.31582192 | T10: 0.12623712 | U10: 0.14373942 | V10: 0.24243499 | W10: 0.23061944 | X10: 0.19239255 | Y10: 0.87903045 | Z10: 0.23917223 | AA10: 0.31558713 | AB10: 0.25835368 | AC10: 0.18811616 | AD10: 0.41785635 | AE10: 0.051886742 | AF10: 0.2113214 | AG10: 0.10451185 | AH10: 0.10611652 | AI10: 0.12334679 | AJ10: 0.25776914 | AK10: 0.099398313
C11: A | D11: BASE | G11: COM_PROJ | H11: 2018 | I11: TNAV | J11: 3.5132998 | L11: 0.04200438 | M11: 0.99408029 | N11: 0.16416326 | O11: 0.073213282 | P11: 0.062489372 | Q11: 0.030156063 | R11: 0.095090502 | S11: 0.14390329 | T11: 0.057519557 | U11: 0.065494428 | V11: 0.11046476 | W11: 0.10508104 | X11: 0.087663078 | Y11: 0.40052753 | Z11: 0.10897809 | AA11: 0.14379631 | AB11: 0.11771806 | AC11: 0.085714551 | AD11: 0.19039497 | AE11: 0.023642035 | AF11: 0.09628795 | AG11: 0.047620506 | AH11: 0.048351665 | AI11: 0.056202586 | AJ11: 0.11745172 | AK11: 0.045290537
C12: A | D12: BASE | G12: COM_PROJ | H12: 2018 | I12: TOTH | J12: 20.831455 | L12: 0.24905712 | M12: 5.8942134 | N12: 0.97337536 | O12: 0.43410448 | P12: 0.37051906 | Q12: 0.17880474 | R12: 0.56382137 | S12: 0.85324769 | T12: 0.34105147 | U12: 0.38833698 | V12: 0.65498016 | W12: 0.6230584 | X12: 0.51978185 | Y12: 2.3748532 | Z12: 0.64616525 | AA12: 0.85261336 | AB12: 0.69798726 | AC12: 0.50822842 | AD12: 1.1289114 | AE12: 0.14018103 | AF12: 0.57092141 | AG12: 0.2823569 | AH12: 0.28669217 | AI12: 0.33324273 | AJ12: 0.69640802 | AK12: 0.26854178
C13: A | D13: BASE | G13: COM_PROJ | H13: 2018 | I13: TAVIDOM | J13: 0.2334932 | L13: 0 | M13: 0.13599128 | N13: 0 | O13: 0 | P13: 0 | Q13: 0 | R13: 0 | S13: 0 | T13: 0 | U13: 0 | V13: 0 | W13: 0 | X13: 0.047489541 | Y13: 0.00047056268 | Z13: 0.047235779 | AA13: 0 | AB13: 0 | AC13: 0 | AD13: 0 | AE13: 0 | AF13: 9.4112535e-05 | AG13: 0 | AH13: 0 | AI13: 0 | AJ13: 0 | AK13: 0
C14: A | D14: BASE | G14: COM_PROJ | H14: 2018 | I14: TAVIINT | J14: 45.968364 | L14: 0 | M14: 40.440163 | N14: 0 | O14: 0 | P14: 0 | Q14: 0 | R14: 0 | S14: 0 | T14: 0 | U14: 0 | V14: 0 | W14: 0 | X14: 2.3945076 | Y14: 2.214007 | Z14: 0.24127325 | AA14: 0 | AB14: 0 | AC14: 0 | AD14: 0 | AE14: 0 | AF14: 0.68881549 | AG14: 0 | AH14: 0 | AI14: 0 | AJ14: 0 | AK14: 0
C15: A | D15: BASE | G15: COM_PROJ | H15: 2018 | I15: RSDRF | J15: 1.1544546 | K15: 1.1544546
C16: A | D16: BASE | G16: COM_PROJ | H16: 2018 | I16: RSDCK | J16: 2.0006898 | K16: 2.0006898
C17: A | D17: BASE | G17: COM_PROJ | H17: 2018 | I17: RSDCW | J17: 0.788768 | K17: 0.788768
C18: A | D18: BASE | G18: COM_PROJ | H18: 2018 | I18: RSDCD | J18: 1.0516932 | K18: 1.0516932
C19: A | D19: BASE | G19: COM_PROJ | H19: 2018 | I19: RSDDW | J19: 0.84878652 | K19: 0.84878652
C20: A | D20: BASE | G20: COM_PROJ | H20: 2018 | I20: RSDOE | J20: 9.2169271 | K20: 9.2169271
C21: A | D21: BASE | G21: COM_PROJ | H21: 2018 | I21: RSDOA | J21: 0 | K21: 0
C22: A | D22: BASE | G22: COM_PROJ | H22: 2018 | I22: RSD_Apt | J22: 211.81988 | K22: 211.81988
C23: A | D23: BASE | G23: COM_PROJ | H23: 2018 | I23: RSD_Att | J23: 788.06472 | K23: 788.06472
C24: A | D24: BASE | G24: COM_PROJ | H24: 2018 | I24: RSD_Det | J24: 735.40673 | K24: 735.40673
C25: A | D25: BASE | G25: COM_PROJ | H25: 2018 | I25: INEM
C26: A | D26: BASE | G26: COM_PROJ | H26: 2018 | I26: IFAB
C27: A | D27: BASE | G27: COM_PROJ | H27: 2018 | I27: ITAP
C28: A | D28: BASE | G28: COM_PROJ | H28: 2018 | I28: IWAP | J28: 5 | K28: 5
C29: A | D29: BASE | G29: COM_PROJ | H29: 2018 | I29: IPX4
C30: A | D30: BASE | G30: COM_PROJ | H30: 2018 | I30: ICAF | J30: 5.7 | K30: 5.7
C31: A | D31: BASE | G31: COM_PROJ | H31: 2018 | I31: IRAP
C32: A | D32: BASE | G32: COM_PROJ | H32: 2018 | I32: IONM | J32: 2.4 | K32: 2.4
C33: A | D33: BASE | G33: COM_PROJ | H33: 2018 | I33: IMAP | J33: 16.5 | K33: 16.5
C34: A | D34: BASE | G34: COM_PROJ | H34: 2018 | I34: IMAE
C35: A | D35: BASE | G35: COM_PROJ | H35: 2018 | I35: IEOE
C36: A | D36: BASE | G36: COM_PROJ | H36: 2018 | I36: ITEM
C37: A | D37: BASE | G37: COM_PROJ | H37: 2018 | I37: IOMA | J37: 3.8 | K37: 3.8
C38: A | D38: BASE | G38: COM_PROJ | H38: 2018 | I38: ICON
C39: A | D39: BASE | G39: COM_PROJ | H39: 2018 | I39: SRV-CS | J39: 28.901665 | K39: 28.901665
C40: A | D40: BASE | G40: COM_PROJ | H40: 2018 | I40: SRV-PU | J40: 58.151542 | K40: 58.151542
C41: A | D41: BASE | G41: COM_PROJ | H41: 2018 | I41: SRVDCE-CS | J41: 5.629176 | K41: 5.629176
C42: A | D42: BASE | G42: COM_PROJ | H42: 2018 | I42: SRVPLIG-PU | J42: 0.48 | K42: 0.48
C47: Table 1 Metered Electricity Consumption 2015-2022
F48: GWh | G48: % of Total
C49: Year | D49: Data Centre | E49: Other Metered Customers | F49: Total | G49: % Data Centre
C50: 2015 | D50: 1236 | E50: 23364 | F50: 24600 | G50: 5
C51: 2016 | D51: 1477 | E51: 23879 | F51: 25356 | G51: 6
C52: 2017 | D52: 1755 | E52: 23970 | F52: 25725 | G52: 7
C53: 2018 | D53: 2172 | E53: 24558 | F53: 26730 | G53: 8
C54: 2019 | D54: 2478 | E54: 24027 | F54: 26505 | G54: 9
C55: 2020 | D55: 3019 | E55: 24037 | F55: 27056 | G55: 11
C56: 2021 | D56: 4001 | E56: 24505 | F56: 28506 | G56: 14
C57: 2022 | D57: 5252 | E57: 24248 | F57: 29500 | G57: 18
D59: Data Centre
C60: Year | D60: GWh | E60: PJ
C61: 2015 | D61: 1236 | E61: =D61*3.6/1000 -> 4.4496
C62: 2016 | D62: 1477 | E62: =D62*3.6/1000 -> 5.3172
C63: 2017 | D63: 1755 | E63: =D63*3.6/1000 -> 6.318
C64: 2018 | D64: 2172 | E64: =D64*3.6/1000 -> 7.8192
C65: 2019 | D65: 2478 | E65: =D65*3.6/1000 -> 8.9208
C66: 2020 | D66: 3019 | E66: =D66*3.6/1000 -> 10.8684
C67: 2021 | D67: 4001 | E67: =D67*3.6/1000 -> 14.4036
C68: 2022 | D68: 5252 | E68: =D68*3.6/1000 -> 18.9072

Sheet REG_TRA_DEMANDS
B2: ~TFM_DINS
B3: TimeSlice | C3: LimType | D3: Attribute | E3: Cset_CN | F3: Year | G3: =Regions!E$3 -> IE-CW | H3: =Regions!F$3 -> IE-D | I3: =Regions!G$3 -> IE-KE | J3: =Regions!H$3 -> IE-KK | K3: =Regions!I$3 -> IE-LS | L3: =Regions!J$3 -> IE-LD | M3: =Regions!K$3 -> IE-LH | N3: =Regions!L$3 -> IE-MH | ... AF3: =Regions!AD$3 -> IE-MN
D4: COM_PROJ | E4: =DEMANDS!$E$17 -> TRAPS | F4: 2020 | G4: =HLOOKUP(REG_TRA_DEMANDS!G$3,'BY-Demands'!$J$5:$AK$14,MATCH($E4,'BY-Demands'!$I$5:$I$14,0),FALSE)*HLOOKUP(REG_TRA_DEMANDS!$F4,DEMANDS!$G$2:$CK$25,MATCH($E4,DEMANDS!$E$2:$E$25,0),FALSE)/HLOOKUP(2018,DEMANDS!$G$2:$CK$25,MATCH($E4,DEMANDS!$E$2:$E$25,0),FALSE) -> 0.1410226 | H4: =HLOOKUP(REG_TRA_DEMANDS!H$3,'BY-Demands'!$J$5:$AK$14,MATCH($E4,'BY-Demands'!$I$5:$I$14,0),FALSE)*HLOOKUP(REG_TRA_DEMANDS!$F4,DEMANDS!$G$2:$CK$25,MATCH($E4,DEMANDS!$E$2:$E$25,0),FALSE)/HLOOKUP(2018,DEMANDS!$G$2:$CK$25,MATCH($E4,DEMANDS!$E$2:$E$25,0),FALSE) -> 2.8193762 | I4: =HLOOKUP(REG_TRA_DEMANDS!I$3,'BY-Demands'!$J$5:$AK$14,MATCH($E4,'BY-Demands'!$I$5:$I$14,0),FALSE)*HLOOKUP(REG_TRA_DEMANDS!$F4,DEMANDS!$G$2:$CK$25,MATCH($E4,DEMANDS!$E$2:$E$25,0),FALSE)/HLOOKUP(2018,DEMANDS!$G$2:$CK$25,MATCH($E4,DEMANDS!$E$2:$E$25,0),FALSE) -> 0.5199637 | J4: =HLOOKUP(REG_TRA_DEMANDS!J$3,'BY-Demands'!$J$5:$AK$14,MATCH($E4,'BY-Demands'!$I$5:$I$14,0),FALSE)*HLOOKUP(REG_TRA_DEMANDS!$F4,DEMANDS!$G$2:$CK$25,MATCH($E4,DEMANDS!$E$2:$E$25,0),FALSE)/HLOOKUP(2018,DEMANDS!$G$2:$CK$25,MATCH($E4,DEMANDS!$E$2:$E$25,0),FALSE) -> 0.2412296 | K4: =HLOOKUP(REG_TRA_DEMANDS!K$3,'BY-Demands'!$J$5:$AK$14,MATCH($E4,'BY-Demands'!$I$5:$I$14,0),FALSE)*HLOOKUP(REG_TRA_DEMANDS!$F4,DEMANDS!$G$2:$CK$25,MATCH($E4,DEMANDS!$E$2:$E$25,0),FALSE)/HLOOKUP(2018,DEMANDS!$G$2:$CK$25,MATCH($E4,DEMANDS!$E$2:$E$25,0),FALSE) -> 0.19018531 | L4: =HLOOKUP(REG_TRA_DEMANDS!L$3,'BY-Demands'!$J$5:$AK$14,MATCH($E4,'BY-Demands'!$I$5:$I$14,0),FALSE)*HLOOKUP(REG_TRA_DEMANDS!$F4,DEMANDS!$G$2:$CK$25,MATCH($E4,DEMANDS!$E$2:$E$25,0),FALSE)/HLOOKUP(2018,DEMANDS!$G$2:$CK$25,MATCH($E4,DEMANDS!$E$2:$E$25,0),FALSE) -> 0.095561634 | M4: =HLOOKUP(REG_TRA_DEMANDS!M$3,'BY-Demands'!$J$5:$AK$14,MATCH($E4,'BY-Demands'!$I$5:$I$14,0),FALSE)*HLOOKUP(REG_TRA_DEMANDS!$F4,DEMANDS!$G$2:$CK$25,MATCH($E4,DEMANDS!$E$2:$E$25,0),FALSE)/HLOOKUP(2018,DEMANDS!$G$2:$CK$25,MATCH($E4,DEMANDS!$E$2:$E$25,0),FALSE) -> 0.27402417 | N4: =HLOOKUP(REG_TRA_DEMANDS!N$3,'BY-Demands'!$J$5:$AK$14,MATCH($E4,'BY-Demands'!$I$5:$I$14,0),FALSE)*HLOOKUP(REG_TRA_DEMANDS!$F4,DEMANDS!$G$2:$CK$25,MATCH($E4,DEMANDS!$E$2:$E$25,0),FALSE)/HLOOKUP(2018,DEMANDS!$G$2:$CK$25,MATCH($E4,DEMANDS!$E$2:$E$25,0),FALSE) -> 0.4510508 | ... AF4: =HLOOKUP(REG_TRA_DEMANDS!AF$3,'BY-Demands'!$J$5:$AK$14,MATCH($E4,'BY-Demands'!$I$5:$I$14,0),FALSE)*HLOOKUP(REG_TRA_DEMANDS!$F4,DEMANDS!$G$2:$CK$25,MATCH($E4,DEMANDS!$E$2:$E$25,0),FALSE)/HLOOKUP(2018,DEMANDS!$G$2:$CK$25,MATCH($E4,DEMANDS!$E$2:$E$25,0),FALSE) -> 0.15354446
D5: COM_PROJ | E5: =DEMANDS!$E$17 -> TRAPS | F5: 2021 | G5: =HLOOKUP(REG_TRA_DEMANDS!G$3,'BY-Demands'!$J$5:$AK$14,MATCH($E5,'BY-Demands'!$I$5:$I$14,0),FALSE)*HLOOKUP(REG_TRA_DEMANDS!$F5,DEMANDS!$G$2:$CK$25,MATCH($E5,DEMANDS!$E$2:$E$25,0),FALSE)/HLOOKUP(2018,DEMANDS!$G$2:$CK$25,MATCH($E5,DEMANDS!$E$2:$E$25,0),FALSE) -> 0.17786262 | H5: =HLOOKUP(REG_TRA_DEMANDS!H$3,'BY-Demands'!$J$5:$AK$14,MATCH($E5,'BY-Demands'!$I$5:$I$14,0),FALSE)*HLOOKUP(REG_TRA_DEMANDS!$F5,DEMANDS!$G$2:$CK$25,MATCH($E5,DEMANDS!$E$2:$E$25,0),FALSE)/HLOOKUP(2018,DEMANDS!$G$2:$CK$25,MATCH($E5,DEMANDS!$E$2:$E$25,0),FALSE) -> 3.5558955 | I5: =HLOOKUP(REG_TRA_DEMANDS!I$3,'BY-Demands'!$J$5:$AK$14,MATCH($E5,'BY-Demands'!$I$5:$I$14,0),FALSE)*HLOOKUP(REG_TRA_DEMANDS!$F5,DEMANDS!$G$2:$CK$25,MATCH($E5,DEMANDS!$E$2:$E$25,0),FALSE)/HLOOKUP(2018,DEMANDS!$G$2:$CK$25,MATCH($E5,DEMANDS!$E$2:$E$25,0),FALSE) -> 0.65579632 | J5: =HLOOKUP(REG_TRA_DEMANDS!J$3,'BY-Demands'!$J$5:$AK$14,MATCH($E5,'BY-Demands'!$I$5:$I$14,0),FALSE)*HLOOKUP(REG_TRA_DEMANDS!$F5,DEMANDS!$G$2:$CK$25,MATCH($E5,DEMANDS!$E$2:$E$25,0),FALSE)/HLOOKUP(2018,DEMANDS!$G$2:$CK$25,MATCH($E5,DEMANDS!$E$2:$E$25,0),FALSE) -> 0.30424717 | K5: =HLOOKUP(REG_TRA_DEMANDS!K$3,'BY-Demands'!$J$5:$AK$14,MATCH($E5,'BY-Demands'!$I$5:$I$14,0),FALSE)*HLOOKUP(REG_TRA_DEMANDS!$F5,DEMANDS!$G$2:$CK$25,MATCH($E5,DEMANDS!$E$2:$E$25,0),FALSE)/HLOOKUP(2018,DEMANDS!$G$2:$CK$25,MATCH($E5,DEMANDS!$E$2:$E$25,0),FALSE) -> 0.23986834 | L5: =HLOOKUP(REG_TRA_DEMANDS!L$3,'BY-Demands'!$J$5:$AK$14,MATCH($E5,'BY-Demands'!$I$5:$I$14,0),FALSE)*HLOOKUP(REG_TRA_DEMANDS!$F5,DEMANDS!$G$2:$CK$25,MATCH($E5,DEMANDS!$E$2:$E$25,0),FALSE)/HLOOKUP(2018,DEMANDS!$G$2:$CK$25,MATCH($E5,DEMANDS!$E$2:$E$25,0),FALSE) -> 0.12052566 | M5: =HLOOKUP(REG_TRA_DEMANDS!M$3,'BY-Demands'!$J$5:$AK$14,MATCH($E5,'BY-Demands'!$I$5:$I$14,0),FALSE)*HLOOKUP(REG_TRA_DEMANDS!$F5,DEMANDS!$G$2:$CK$25,MATCH($E5,DEMANDS!$E$2:$E$25,0),FALSE)/HLOOKUP(2018,DEMANDS!$G$2:$CK$25,MATCH($E5,DEMANDS!$E$2:$E$25,0),FALSE) -> 0.34560882 | N5: =HLOOKUP(REG_TRA_DEMANDS!N$3,'BY-Demands'!$J$5:$AK$14,MATCH($E5,'BY-Demands'!$I$5:$I$14,0),FALSE)*HLOOKUP(REG_TRA_DEMANDS!$F5,DEMANDS!$G$2:$CK$25,MATCH($E5,DEMANDS!$E$2:$E$25,0),FALSE)/HLOOKUP(2018,DEMANDS!$G$2:$CK$25,MATCH($E5,DEMANDS!$E$2:$E$25,0),FALSE) -> 0.56888097 | ... AF5: =HLOOKUP(REG_TRA_DEMANDS!AF$3,'BY-Demands'!$J$5:$AK$14,MATCH($E5,'BY-Demands'!$I$5:$I$14,0),FALSE)*HLOOKUP(REG_TRA_DEMANDS!$F5,DEMANDS!$G$2:$CK$25,MATCH($E5,DEMANDS!$E$2:$E$25,0),FALSE)/HLOOKUP(2018,DEMANDS!$G$2:$CK$25,MATCH($E5,DEMANDS!$E$2:$E$25,0),FALSE) -> 0.19365562
D6: COM_PROJ | E6: =DEMANDS!$E$17 -> TRAPS | F6: 2022 | G6: =HLOOKUP(REG_TRA_DEMANDS!G$3,'BY-Demands'!$J$5:$AK$14,MATCH($E6,'BY-Demands'!$I$5:$I$14,0),FALSE)*HLOOKUP(REG_TRA_DEMANDS!$F6,DEMANDS!$G$2:$CK$25,MATCH($E6,DEMANDS!$E$2:$E$25,0),FALSE)/HLOOKUP(2018,DEMANDS!$G$2:$CK$25,MATCH($E6,DEMANDS!$E$2:$E$25,0),FALSE) -> 0.18420818 | H6: =HLOOKUP(REG_TRA_DEMANDS!H$3,'BY-Demands'!$J$5:$AK$14,MATCH($E6,'BY-Demands'!$I$5:$I$14,0),FALSE)*HLOOKUP(REG_TRA_DEMANDS!$F6,DEMANDS!$G$2:$CK$25,MATCH($E6,DEMANDS!$E$2:$E$25,0),FALSE)/HLOOKUP(2018,DEMANDS!$G$2:$CK$25,MATCH($E6,DEMANDS!$E$2:$E$25,0),FALSE) -> 3.6827582 | I6: =HLOOKUP(REG_TRA_DEMANDS!I$3,'BY-Demands'!$J$5:$AK$14,MATCH($E6,'BY-Demands'!$I$5:$I$14,0),FALSE)*HLOOKUP(REG_TRA_DEMANDS!$F6,DEMANDS!$G$2:$CK$25,MATCH($E6,DEMANDS!$E$2:$E$25,0),FALSE)/HLOOKUP(2018,DEMANDS!$G$2:$CK$25,MATCH($E6,DEMANDS!$E$2:$E$25,0),FALSE) -> 0.679193 | J6: =HLOOKUP(REG_TRA_DEMANDS!J$3,'BY-Demands'!$J$5:$AK$14,MATCH($E6,'BY-Demands'!$I$5:$I$14,0),FALSE)*HLOOKUP(REG_TRA_DEMANDS!$F6,DEMANDS!$G$2:$CK$25,MATCH($E6,DEMANDS!$E$2:$E$25,0),FALSE)/HLOOKUP(2018,DEMANDS!$G$2:$CK$25,MATCH($E6,DEMANDS!$E$2:$E$25,0),FALSE) -> 0.31510171 | K6: =HLOOKUP(REG_TRA_DEMANDS!K$3,'BY-Demands'!$J$5:$AK$14,MATCH($E6,'BY-Demands'!$I$5:$I$14,0),FALSE)*HLOOKUP(REG_TRA_DEMANDS!$F6,DEMANDS!$G$2:$CK$25,MATCH($E6,DEMANDS!$E$2:$E$25,0),FALSE)/HLOOKUP(2018,DEMANDS!$G$2:$CK$25,MATCH($E6,DEMANDS!$E$2:$E$25,0),FALSE) -> 0.24842606 | L6: =HLOOKUP(REG_TRA_DEMANDS!L$3,'BY-Demands'!$J$5:$AK$14,MATCH($E6,'BY-Demands'!$I$5:$I$14,0),FALSE)*HLOOKUP(REG_TRA_DEMANDS!$F6,DEMANDS!$G$2:$CK$25,MATCH($E6,DEMANDS!$E$2:$E$25,0),FALSE)/HLOOKUP(2018,DEMANDS!$G$2:$CK$25,MATCH($E6,DEMANDS!$E$2:$E$25,0),FALSE) -> 0.12482562 | M6: =HLOOKUP(REG_TRA_DEMANDS!M$3,'BY-Demands'!$J$5:$AK$14,MATCH($E6,'BY-Demands'!$I$5:$I$14,0),FALSE)*HLOOKUP(REG_TRA_DEMANDS!$F6,DEMANDS!$G$2:$CK$25,MATCH($E6,DEMANDS!$E$2:$E$25,0),FALSE)/HLOOKUP(2018,DEMANDS!$G$2:$CK$25,MATCH($E6,DEMANDS!$E$2:$E$25,0),FALSE) -> 0.35793902 | N6: =HLOOKUP(REG_TRA_DEMANDS!N$3,'BY-Demands'!$J$5:$AK$14,MATCH($E6,'BY-Demands'!$I$5:$I$14,0),FALSE)*HLOOKUP(REG_TRA_DEMANDS!$F6,DEMANDS!$G$2:$CK$25,MATCH($E6,DEMANDS!$E$2:$E$25,0),FALSE)/HLOOKUP(2018,DEMANDS!$G$2:$CK$25,MATCH($E6,DEMANDS!$E$2:$E$25,0),FALSE) -> 0.58917679 | ... AF6: =HLOOKUP(REG_TRA_DEMANDS!AF$3,'BY-Demands'!$J$5:$AK$14,MATCH($E6,'BY-Demands'!$I$5:$I$14,0),FALSE)*HLOOKUP(REG_TRA_DEMANDS!$F6,DEMANDS!$G$2:$CK$25,MATCH($E6,DEMANDS!$E$2:$E$25,0),FALSE)/HLOOKUP(2018,DEMANDS!$G$2:$CK$25,MATCH($E6,DEMANDS!$E$2:$E$25,0),FALSE) -> 0.20056462
D7: COM_PROJ | E7: =DEMANDS!$E$17 -> TRAPS | F7: 2023 | G7: =HLOOKUP(REG_TRA_DEMANDS!G$3,'BY-Demands'!$J$5:$AK$14,MATCH($E7,'BY-Demands'!$I$5:$I$14,0),FALSE)*HLOOKUP(REG_TRA_DEMANDS!$F7,DEMANDS!$G$2:$CK$25,MATCH($E7,DEMANDS!$E$2:$E$25,0),FALSE)/HLOOKUP(2018,DEMANDS!$G$2:$CK$25,MATCH($E7,DEMANDS!$E$2:$E$25,0),FALSE) -> 0.18487919 | H7: =HLOOKUP(REG_TRA_DEMANDS!H$3,'BY-Demands'!$J$5:$AK$14,MATCH($E7,'BY-Demands'!$I$5:$I$14,0),FALSE)*HLOOKUP(REG_TRA_DEMANDS!$F7,DEMANDS!$G$2:$CK$25,MATCH($E7,DEMANDS!$E$2:$E$25,0),FALSE)/HLOOKUP(2018,DEMANDS!$G$2:$CK$25,MATCH($E7,DEMANDS!$E$2:$E$25,0),FALSE) -> 3.6961733 | I7: =HLOOKUP(REG_TRA_DEMANDS!I$3,'BY-Demands'!$J$5:$AK$14,MATCH($E7,'BY-Demands'!$I$5:$I$14,0),FALSE)*HLOOKUP(REG_TRA_DEMANDS!$F7,DEMANDS!$G$2:$CK$25,MATCH($E7,DEMANDS!$E$2:$E$25,0),FALSE)/HLOOKUP(2018,DEMANDS!$G$2:$CK$25,MATCH($E7,DEMANDS!$E$2:$E$25,0),FALSE) -> 0.68166707 | J7: =HLOOKUP(REG_TRA_DEMANDS!J$3,'BY-Demands'!$J$5:$AK$14,MATCH($E7,'BY-Demands'!$I$5:$I$14,0),FALSE)*HLOOKUP(REG_TRA_DEMANDS!$F7,DEMANDS!$G$2:$CK$25,MATCH($E7,DEMANDS!$E$2:$E$25,0),FALSE)/HLOOKUP(2018,DEMANDS!$G$2:$CK$25,MATCH($E7,DEMANDS!$E$2:$E$25,0),FALSE) -> 0.31624952 | K7: =HLOOKUP(REG_TRA_DEMANDS!K$3,'BY-Demands'!$J$5:$AK$14,MATCH($E7,'BY-Demands'!$I$5:$I$14,0),FALSE)*HLOOKUP(REG_TRA_DEMANDS!$F7,DEMANDS!$G$2:$CK$25,MATCH($E7,DEMANDS!$E$2:$E$25,0),FALSE)/HLOOKUP(2018,DEMANDS!$G$2:$CK$25,MATCH($E7,DEMANDS!$E$2:$E$25,0),FALSE) -> 0.24933099 | L7: =HLOOKUP(REG_TRA_DEMANDS!L$3,'BY-Demands'!$J$5:$AK$14,MATCH($E7,'BY-Demands'!$I$5:$I$14,0),FALSE)*HLOOKUP(REG_TRA_DEMANDS!$F7,DEMANDS!$G$2:$CK$25,MATCH($E7,DEMANDS!$E$2:$E$25,0),FALSE)/HLOOKUP(2018,DEMANDS!$G$2:$CK$25,MATCH($E7,DEMANDS!$E$2:$E$25,0),FALSE) -> 0.12528032 | M7: =HLOOKUP(REG_TRA_DEMANDS!M$3,'BY-Demands'!$J$5:$AK$14,MATCH($E7,'BY-Demands'!$I$5:$I$14,0),FALSE)*HLOOKUP(REG_TRA_DEMANDS!$F7,DEMANDS!$G$2:$CK$25,MATCH($E7,DEMANDS!$E$2:$E$25,0),FALSE)/HLOOKUP(2018,DEMANDS!$G$2:$CK$25,MATCH($E7,DEMANDS!$E$2:$E$25,0),FALSE) -> 0.35924287 | N7: =HLOOKUP(REG_TRA_DEMANDS!N$3,'BY-Demands'!$J$5:$AK$14,MATCH($E7,'BY-Demands'!$I$5:$I$14,0),FALSE)*HLOOKUP(REG_TRA_DEMANDS!$F7,DEMANDS!$G$2:$CK$25,MATCH($E7,DEMANDS!$E$2:$E$25,0),FALSE)/HLOOKUP(2018,DEMANDS!$G$2:$CK$25,MATCH($E7,DEMANDS!$E$2:$E$25,0),FALSE) -> 0.59132296 | ... AF7: =HLOOKUP(REG_TRA_DEMANDS!AF$3,'BY-Demands'!$J$5:$AK$14,MATCH($E7,'BY-Demands'!$I$5:$I$14,0),FALSE)*HLOOKUP(REG_TRA_DEMANDS!$F7,DEMANDS!$G$2:$CK$25,MATCH($E7,DEMANDS!$E$2:$E$25,0),FALSE)/HLOOKUP(2018,DEMANDS!$G$2:$CK$25,MATCH($E7,DEMANDS!$E$2:$E$25,0),FALSE) -> 0.20129521
D8: COM_PROJ | E8: =DEMANDS!$E$17 -> TRAPS | F8: 2024 | G8: =HLOOKUP(REG_TRA_DEMANDS!G$3,'BY-Demands'!$J$5:$AK$14,MATCH($E8,'BY-Demands'!$I$5:$I$14,0),FALSE)*HLOOKUP(REG_TRA_DEMANDS!$F8,DEMANDS!$G$2:$CK$25,MATCH($E8,DEMANDS!$E$2:$E$25,0),FALSE)/HLOOKUP(2018,DEMANDS!$G$2:$CK$25,MATCH($E8,DEMANDS!$E$2:$E$25,0),FALSE) -> 0.18719018 | H8: =HLOOKUP(REG_TRA_DEMANDS!H$3,'BY-Demands'!$J$5:$AK$14,MATCH($E8,'BY-Demands'!$I$5:$I$14,0),FALSE)*HLOOKUP(REG_TRA_DEMANDS!$F8,DEMANDS!$G$2:$CK$25,MATCH($E8,DEMANDS!$E$2:$E$25,0),FALSE)/HLOOKUP(2018,DEMANDS!$G$2:$CK$25,MATCH($E8,DEMANDS!$E$2:$E$25,0),FALSE) -> 3.7423754 | I8: =HLOOKUP(REG_TRA_DEMANDS!I$3,'BY-Demands'!$J$5:$AK$14,MATCH($E8,'BY-Demands'!$I$5:$I$14,0),FALSE)*HLOOKUP(REG_TRA_DEMANDS!$F8,DEMANDS!$G$2:$CK$25,MATCH($E8,DEMANDS!$E$2:$E$25,0),FALSE)/HLOOKUP(2018,DEMANDS!$G$2:$CK$25,MATCH($E8,DEMANDS!$E$2:$E$25,0),FALSE) -> 0.69018791 | J8: =HLOOKUP(REG_TRA_DEMANDS!J$3,'BY-Demands'!$J$5:$AK$14,MATCH($E8,'BY-Demands'!$I$5:$I$14,0),FALSE)*HLOOKUP(REG_TRA_DEMANDS!$F8,DEMANDS!$G$2:$CK$25,MATCH($E8,DEMANDS!$E$2:$E$25,0),FALSE)/HLOOKUP(2018,DEMANDS!$G$2:$CK$25,MATCH($E8,DEMANDS!$E$2:$E$25,0),FALSE) -> 0.32020264 | K8: =HLOOKUP(REG_TRA_DEMANDS!K$3,'BY-Demands'!$J$5:$AK$14,MATCH($E8,'BY-Demands'!$I$5:$I$14,0),FALSE)*HLOOKUP(REG_TRA_DEMANDS!$F8,DEMANDS!$G$2:$CK$25,MATCH($E8,DEMANDS!$E$2:$E$25,0),FALSE)/HLOOKUP(2018,DEMANDS!$G$2:$CK$25,MATCH($E8,DEMANDS!$E$2:$E$25,0),FALSE) -> 0.25244763 | L8: =HLOOKUP(REG_TRA_DEMANDS!L$3,'BY-Demands'!$J$5:$AK$14,MATCH($E8,'BY-Demands'!$I$5:$I$14,0),FALSE)*HLOOKUP(REG_TRA_DEMANDS!$F8,DEMANDS!$G$2:$CK$25,MATCH($E8,DEMANDS!$E$2:$E$25,0),FALSE)/HLOOKUP(2018,DEMANDS!$G$2:$CK$25,MATCH($E8,DEMANDS!$E$2:$E$25,0),FALSE) -> 0.12684632 | M8: =HLOOKUP(REG_TRA_DEMANDS!M$3,'BY-Demands'!$J$5:$AK$14,MATCH($E8,'BY-Demands'!$I$5:$I$14,0),FALSE)*HLOOKUP(REG_TRA_DEMANDS!$F8,DEMANDS!$G$2:$CK$25,MATCH($E8,DEMANDS!$E$2:$E$25,0),FALSE)/HLOOKUP(2018,DEMANDS!$G$2:$CK$25,MATCH($E8,DEMANDS!$E$2:$E$25,0),FALSE) -> 0.36373341 | N8: =HLOOKUP(REG_TRA_DEMANDS!N$3,'BY-Demands'!$J$5:$AK$14,MATCH($E8,'BY-Demands'!$I$5:$I$14,0),FALSE)*HLOOKUP(REG_TRA_DEMANDS!$F8,DEMANDS!$G$2:$CK$25,MATCH($E8,DEMANDS!$E$2:$E$25,0),FALSE)/HLOOKUP(2018,DEMANDS!$G$2:$CK$25,MATCH($E8,DEMANDS!$E$2:$E$25,0),FALSE) -> 0.5987145 | ... AF8: =HLOOKUP(REG_TRA_DEMANDS!AF$3,'BY-Demands'!$J$5:$AK$14,MATCH($E8,'BY-Demands'!$I$5:$I$14,0),FALSE)*HLOOKUP(REG_TRA_DEMANDS!$F8,DEMANDS!$G$2:$CK$25,MATCH($E8,DEMANDS!$E$2:$E$25,0),FALSE)/HLOOKUP(2018,DEMANDS!$G$2:$CK$25,MATCH($E8,DEMANDS!$E$2:$E$25,0),FALSE) -> 0.2038114
D9: COM_PROJ | E9: =DEMANDS!$E$17 -> TRAPS | F9: 2025 | G9: =HLOOKUP(REG_TRA_DEMANDS!G$3,'BY-Demands'!$J$5:$AK$14,MATCH($E9,'BY-Demands'!$I$5:$I$14,0),FALSE)*HLOOKUP(REG_TRA_DEMANDS!$F9,DEMANDS!$G$2:$CK$25,MATCH($E9,DEMANDS!$E$2:$E$25,0),FALSE)/HLOOKUP(2018,DEMANDS!$G$2:$CK$25,MATCH($E9,DEMANDS!$E$2:$E$25,0),FALSE) -> 0.18953005 | H9: =HLOOKUP(REG_TRA_DEMANDS!H$3,'BY-Demands'!$J$5:$AK$14,MATCH($E9,'BY-Demands'!$I$5:$I$14,0),FALSE)*HLOOKUP(REG_TRA_DEMANDS!$F9,DEMANDS!$G$2:$CK$25,MATCH($E9,DEMANDS!$E$2:$E$25,0),FALSE)/HLOOKUP(2018,DEMANDS!$G$2:$CK$25,MATCH($E9,DEMANDS!$E$2:$E$25,0),FALSE) -> 3.7891551 | I9: =HLOOKUP(REG_TRA_DEMANDS!I$3,'BY-Demands'!$J$5:$AK$14,MATCH($E9,'BY-Demands'!$I$5:$I$14,0),FALSE)*HLOOKUP(REG_TRA_DEMANDS!$F9,DEMANDS!$G$2:$CK$25,MATCH($E9,DEMANDS!$E$2:$E$25,0),FALSE)/HLOOKUP(2018,DEMANDS!$G$2:$CK$25,MATCH($E9,DEMANDS!$E$2:$E$25,0),FALSE) -> 0.69881526 | J9: =HLOOKUP(REG_TRA_DEMANDS!J$3,'BY-Demands'!$J$5:$AK$14,MATCH($E9,'BY-Demands'!$I$5:$I$14,0),FALSE)*HLOOKUP(REG_TRA_DEMANDS!$F9,DEMANDS!$G$2:$CK$25,MATCH($E9,DEMANDS!$E$2:$E$25,0),FALSE)/HLOOKUP(2018,DEMANDS!$G$2:$CK$25,MATCH($E9,DEMANDS!$E$2:$E$25,0),FALSE) -> 0.32420518 | K9: =HLOOKUP(REG_TRA_DEMANDS!K$3,'BY-Demands'!$J$5:$AK$14,MATCH($E9,'BY-Demands'!$I$5:$I$14,0),FALSE)*HLOOKUP(REG_TRA_DEMANDS!$F9,DEMANDS!$G$2:$CK$25,MATCH($E9,DEMANDS!$E$2:$E$25,0),FALSE)/HLOOKUP(2018,DEMANDS!$G$2:$CK$25,MATCH($E9,DEMANDS!$E$2:$E$25,0),FALSE) -> 0.25560323 | L9: =HLOOKUP(REG_TRA_DEMANDS!L$3,'BY-Demands'!$J$5:$AK$14,MATCH($E9,'BY-Demands'!$I$5:$I$14,0),FALSE)*HLOOKUP(REG_TRA_DEMANDS!$F9,DEMANDS!$G$2:$CK$25,MATCH($E9,DEMANDS!$E$2:$E$25,0),FALSE)/HLOOKUP(2018,DEMANDS!$G$2:$CK$25,MATCH($E9,DEMANDS!$E$2:$E$25,0),FALSE) -> 0.1284319 | M9: =HLOOKUP(REG_TRA_DEMANDS!M$3,'BY-Demands'!$J$5:$AK$14,MATCH($E9,'BY-Demands'!$I$5:$I$14,0),FALSE)*HLOOKUP(REG_TRA_DEMANDS!$F9,DEMANDS!$G$2:$CK$25,MATCH($E9,DEMANDS!$E$2:$E$25,0),FALSE)/HLOOKUP(2018,DEMANDS!$G$2:$CK$25,MATCH($E9,DEMANDS!$E$2:$E$25,0),FALSE) -> 0.36828007 | N9: =HLOOKUP(REG_TRA_DEMANDS!N$3,'BY-Demands'!$J$5:$AK$14,MATCH($E9,'BY-Demands'!$I$5:$I$14,0),FALSE)*HLOOKUP(REG_TRA_DEMANDS!$F9,DEMANDS!$G$2:$CK$25,MATCH($E9,DEMANDS!$E$2:$E$25,0),FALSE)/HLOOKUP(2018,DEMANDS!$G$2:$CK$25,MATCH($E9,DEMANDS!$E$2:$E$25,0),FALSE) -> 0.60619843 | ... AF9: =HLOOKUP(REG_TRA_DEMANDS!AF$3,'BY-Demands'!$J$5:$AK$14,MATCH($E9,'BY-Demands'!$I$5:$I$14,0),FALSE)*HLOOKUP(REG_TRA_DEMANDS!$F9,DEMANDS!$G$2:$CK$25,MATCH($E9,DEMANDS!$E$2:$E$25,0),FALSE)/HLOOKUP(2018,DEMANDS!$G$2:$CK$25,MATCH($E9,DEMANDS!$E$2:$E$25,0),FALSE) -> 0.20635904
D10: COM_PROJ | E10: =DEMANDS!$E$17 -> TRAPS | F10: 2026 | G10: =HLOOKUP(REG_TRA_DEMANDS!G$3,'BY-Demands'!$J$5:$AK$14,MATCH($E10,'BY-Demands'!$I$5:$I$14,0),FALSE)*HLOOKUP(REG_TRA_DEMANDS!$F10,DEMANDS!$G$2:$CK$25,MATCH($E10,DEMANDS!$E$2:$E$25,0),FALSE)/HLOOKUP(2018,DEMANDS!$G$2:$CK$25,MATCH($E10,DEMANDS!$E$2:$E$25,0),FALSE) -> 0.19189918 | H10: =HLOOKUP(REG_TRA_DEMANDS!H$3,'BY-Demands'!$J$5:$AK$14,MATCH($E10,'BY-Demands'!$I$5:$I$14,0),FALSE)*HLOOKUP(REG_TRA_DEMANDS!$F10,DEMANDS!$G$2:$CK$25,MATCH($E10,DEMANDS!$E$2:$E$25,0),FALSE)/HLOOKUP(2018,DEMANDS!$G$2:$CK$25,MATCH($E10,DEMANDS!$E$2:$E$25,0),FALSE) -> 3.8365196 | I10: =HLOOKUP(REG_TRA_DEMANDS!I$3,'BY-Demands'!$J$5:$AK$14,MATCH($E10,'BY-Demands'!$I$5:$I$14,0),FALSE)*HLOOKUP(REG_TRA_DEMANDS!$F10,DEMANDS!$G$2:$CK$25,MATCH($E10,DEMANDS!$E$2:$E$25,0),FALSE)/HLOOKUP(2018,DEMANDS!$G$2:$CK$25,MATCH($E10,DEMANDS!$E$2:$E$25,0),FALSE) -> 0.70755045 | J10: =HLOOKUP(REG_TRA_DEMANDS!J$3,'BY-Demands'!$J$5:$AK$14,MATCH($E10,'BY-Demands'!$I$5:$I$14,0),FALSE)*HLOOKUP(REG_TRA_DEMANDS!$F10,DEMANDS!$G$2:$CK$25,MATCH($E10,DEMANDS!$E$2:$E$25,0),FALSE)/HLOOKUP(2018,DEMANDS!$G$2:$CK$25,MATCH($E10,DEMANDS!$E$2:$E$25,0),FALSE) -> 0.32825774 | K10: =HLOOKUP(REG_TRA_DEMANDS!K$3,'BY-Demands'!$J$5:$AK$14,MATCH($E10,'BY-Demands'!$I$5:$I$14,0),FALSE)*HLOOKUP(REG_TRA_DEMANDS!$F10,DEMANDS!$G$2:$CK$25,MATCH($E10,DEMANDS!$E$2:$E$25,0),FALSE)/HLOOKUP(2018,DEMANDS!$G$2:$CK$25,MATCH($E10,DEMANDS!$E$2:$E$25,0),FALSE) -> 0.25879827 | L10: =HLOOKUP(REG_TRA_DEMANDS!L$3,'BY-Demands'!$J$5:$AK$14,MATCH($E10,'BY-Demands'!$I$5:$I$14,0),FALSE)*HLOOKUP(REG_TRA_DEMANDS!$F10,DEMANDS!$G$2:$CK$25,MATCH($E10,DEMANDS!$E$2:$E$25,0),FALSE)/HLOOKUP(2018,DEMANDS!$G$2:$CK$25,MATCH($E10,DEMANDS!$E$2:$E$25,0),FALSE) -> 0.1300373 | M10: =HLOOKUP(REG_TRA_DEMANDS!M$3,'BY-Demands'!$J$5:$AK$14,MATCH($E10,'BY-Demands'!$I$5:$I$14,0),FALSE)*HLOOKUP(REG_TRA_DEMANDS!$F10,DEMANDS!$G$2:$CK$25,MATCH($E10,DEMANDS!$E$2:$E$25,0),FALSE)/HLOOKUP(2018,DEMANDS!$G$2:$CK$25,MATCH($E10,DEMANDS!$E$2:$E$25,0),FALSE) -> 0.37288357 | N10: =HLOOKUP(REG_TRA_DEMANDS!N$3,'BY-Demands'!$J$5:$AK$14,MATCH($E10,'BY-Demands'!$I$5:$I$14,0),FALSE)*HLOOKUP(REG_TRA_DEMANDS!$F10,DEMANDS!$G$2:$CK$25,MATCH($E10,DEMANDS!$E$2:$E$25,0),FALSE)/HLOOKUP(2018,DEMANDS!$G$2:$CK$25,MATCH($E10,DEMANDS!$E$2:$E$25,0),FALSE) -> 0.61377591 | ... AF10: =HLOOKUP(REG_TRA_DEMANDS!AF$3,'BY-Demands'!$J$5:$AK$14,MATCH($E10,'BY-Demands'!$I$5:$I$14,0),FALSE)*HLOOKUP(REG_TRA_DEMANDS!$F10,DEMANDS!$G$2:$CK$25,MATCH($E10,DEMANDS!$E$2:$E$25,0),FALSE)/HLOOKUP(2018,DEMANDS!$G$2:$CK$25,MATCH($E10,DEMANDS!$E$2:$E$25,0),FALSE) -> 0.20893853
D11: COM_PROJ | E11: =DEMANDS!$E$17 -> TRAPS | F11: 2027 | G11: =HLOOKUP(REG_TRA_DEMANDS!G$3,'BY-Demands'!$J$5:$AK$14,MATCH($E11,'BY-Demands'!$I$5:$I$14,0),FALSE)*HLOOKUP(REG_TRA_DEMANDS!$F11,DEMANDS!$G$2:$CK$25,MATCH($E11,DEMANDS!$E$2:$E$25,0),FALSE)/HLOOKUP(2018,DEMANDS!$G$2:$CK$25,MATCH($E11,DEMANDS!$E$2:$E$25,0),FALSE) -> 0.19429792 | H11: =HLOOKUP(REG_TRA_DEMANDS!H$3,'BY-Demands'!$J$5:$AK$14,MATCH($E11,'BY-Demands'!$I$5:$I$14,0),FALSE)*HLOOKUP(REG_TRA_DEMANDS!$F11,DEMANDS!$G$2:$CK$25,MATCH($E11,DEMANDS!$E$2:$E$25,0),FALSE)/HLOOKUP(2018,DEMANDS!$G$2:$CK$25,MATCH($E11,DEMANDS!$E$2:$E$25,0),FALSE) -> 3.8844761 | I11: =HLOOKUP(REG_TRA_DEMANDS!I$3,'BY-Demands'!$J$5:$AK$14,MATCH($E11,'BY-Demands'!$I$5:$I$14,0),FALSE)*HLOOKUP(REG_TRA_DEMANDS!$F11,DEMANDS!$G$2:$CK$25,MATCH($E11,DEMANDS!$E$2:$E$25,0),FALSE)/HLOOKUP(2018,DEMANDS!$G$2:$CK$25,MATCH($E11,DEMANDS!$E$2:$E$25,0),FALSE) -> 0.71639483 | J11: =HLOOKUP(REG_TRA_DEMANDS!J$3,'BY-Demands'!$J$5:$AK$14,MATCH($E11,'BY-Demands'!$I$5:$I$14,0),FALSE)*HLOOKUP(REG_TRA_DEMANDS!$F11,DEMANDS!$G$2:$CK$25,MATCH($E11,DEMANDS!$E$2:$E$25,0),FALSE)/HLOOKUP(2018,DEMANDS!$G$2:$CK$25,MATCH($E11,DEMANDS!$E$2:$E$25,0),FALSE) -> 0.33236096 | K11: =HLOOKUP(REG_TRA_DEMANDS!K$3,'BY-Demands'!$J$5:$AK$14,MATCH($E11,'BY-Demands'!$I$5:$I$14,0),FALSE)*HLOOKUP(REG_TRA_DEMANDS!$F11,DEMANDS!$G$2:$CK$25,MATCH($E11,DEMANDS!$E$2:$E$25,0),FALSE)/HLOOKUP(2018,DEMANDS!$G$2:$CK$25,MATCH($E11,DEMANDS!$E$2:$E$25,0),FALSE) -> 0.26203324 | L11: =HLOOKUP(REG_TRA_DEMANDS!L$3,'BY-Demands'!$J$5:$AK$14,MATCH($E11,'BY-Demands'!$I$5:$I$14,0),FALSE)*HLOOKUP(REG_TRA_DEMANDS!$F11,DEMANDS!$G$2:$CK$25,MATCH($E11,DEMANDS!$E$2:$E$25,0),FALSE)/HLOOKUP(2018,DEMANDS!$G$2:$CK$25,MATCH($E11,DEMANDS!$E$2:$E$25,0),FALSE) -> 0.13166277 | M11: =HLOOKUP(REG_TRA_DEMANDS!M$3,'BY-Demands'!$J$5:$AK$14,MATCH($E11,'BY-Demands'!$I$5:$I$14,0),FALSE)*HLOOKUP(REG_TRA_DEMANDS!$F11,DEMANDS!$G$2:$CK$25,MATCH($E11,DEMANDS!$E$2:$E$25,0),FALSE)/HLOOKUP(2018,DEMANDS!$G$2:$CK$25,MATCH($E11,DEMANDS!$E$2:$E$25,0),FALSE) -> 0.37754462 | N11: =HLOOKUP(REG_TRA_DEMANDS!N$3,'BY-Demands'!$J$5:$AK$14,MATCH($E11,'BY-Demands'!$I$5:$I$14,0),FALSE)*HLOOKUP(REG_TRA_DEMANDS!$F11,DEMANDS!$G$2:$CK$25,MATCH($E11,DEMANDS!$E$2:$E$25,0),FALSE)/HLOOKUP(2018,DEMANDS!$G$2:$CK$25,MATCH($E11,DEMANDS!$E$2:$E$25,0),FALSE) -> 0.62144811 | ... AF11: =HLOOKUP(REG_TRA_DEMANDS!AF$3,'BY-Demands'!$J$5:$AK$14,MATCH($E11,'BY-Demands'!$I$5:$I$14,0),FALSE)*HLOOKUP(REG_TRA_DEMANDS!$F11,DEMANDS!$G$2:$CK$25,MATCH($E11,DEMANDS!$E$2:$E$25,0),FALSE)/HLOOKUP(2018,DEMANDS!$G$2:$CK$25,MATCH($E11,DEMANDS!$E$2:$E$25,0),FALSE) -> 0.21155026
D12: COM_PROJ | E12: =DEMANDS!$E$17 -> TRAPS | F12: 2028 | G12: =HLOOKUP(REG_TRA_DEMANDS!G$3,'BY-Demands'!$J$5:$AK$14,MATCH($E12,'BY-Demands'!$I$5:$I$14,0),FALSE)*HLOOKUP(REG_TRA_DEMANDS!$F12,DEMANDS!$G$2:$CK$25,MATCH($E12,DEMANDS!$E$2:$E$25,0),FALSE)/HLOOKUP(2018,DEMANDS!$G$2:$CK$25,MATCH($E12,DEMANDS!$E$2:$E$25,0),FALSE) -> 0.19672664 | H12: =HLOOKUP(REG_TRA_DEMANDS!H$3,'BY-Demands'!$J$5:$AK$14,MATCH($E12,'BY-Demands'!$I$5:$I$14,0),FALSE)*HLOOKUP(REG_TRA_DEMANDS!$F12,DEMANDS!$G$2:$CK$25,MATCH($E12,DEMANDS!$E$2:$E$25,0),FALSE)/HLOOKUP(2018,DEMANDS!$G$2:$CK$25,MATCH($E12,DEMANDS!$E$2:$E$25,0),FALSE) -> 3.933032 | I12: =HLOOKUP(REG_TRA_DEMANDS!I$3,'BY-Demands'!$J$5:$AK$14,MATCH($E12,'BY-Demands'!$I$5:$I$14,0),FALSE)*HLOOKUP(REG_TRA_DEMANDS!$F12,DEMANDS!$G$2:$CK$25,MATCH($E12,DEMANDS!$E$2:$E$25,0),FALSE)/HLOOKUP(2018,DEMANDS!$G$2:$CK$25,MATCH($E12,DEMANDS!$E$2:$E$25,0),FALSE) -> 0.72534976 | J12: =HLOOKUP(REG_TRA_DEMANDS!J$3,'BY-Demands'!$J$5:$AK$14,MATCH($E12,'BY-Demands'!$I$5:$I$14,0),FALSE)*HLOOKUP(REG_TRA_DEMANDS!$F12,DEMANDS!$G$2:$CK$25,MATCH($E12,DEMANDS!$E$2:$E$25,0),FALSE)/HLOOKUP(2018,DEMANDS!$G$2:$CK$25,MATCH($E12,DEMANDS!$E$2:$E$25,0),FALSE) -> 0.33651547 | K12: =HLOOKUP(REG_TRA_DEMANDS!K$3,'BY-Demands'!$J$5:$AK$14,MATCH($E12,'BY-Demands'!$I$5:$I$14,0),FALSE)*HLOOKUP(REG_TRA_DEMANDS!$F12,DEMANDS!$G$2:$CK$25,MATCH($E12,DEMANDS!$E$2:$E$25,0),FALSE)/HLOOKUP(2018,DEMANDS!$G$2:$CK$25,MATCH($E12,DEMANDS!$E$2:$E$25,0),FALSE) -> 0.26530866 | L12: =HLOOKUP(REG_TRA_DEMANDS!L$3,'BY-Demands'!$J$5:$AK$14,MATCH($E12,'BY-Demands'!$I$5:$I$14,0),FALSE)*HLOOKUP(REG_TRA_DEMANDS!$F12,DEMANDS!$G$2:$CK$25,MATCH($E12,DEMANDS!$E$2:$E$25,0),FALSE)/HLOOKUP(2018,DEMANDS!$G$2:$CK$25,MATCH($E12,DEMANDS!$E$2:$E$25,0),FALSE) -> 0.13330855 | M12: =HLOOKUP(REG_TRA_DEMANDS!M$3,'BY-Demands'!$J$5:$AK$14,MATCH($E12,'BY-Demands'!$I$5:$I$14,0),FALSE)*HLOOKUP(REG_TRA_DEMANDS!$F12,DEMANDS!$G$2:$CK$25,MATCH($E12,DEMANDS!$E$2:$E$25,0),FALSE)/HLOOKUP(2018,DEMANDS!$G$2:$CK$25,MATCH($E12,DEMANDS!$E$2:$E$25,0),FALSE) -> 0.38226393 | N12: =HLOOKUP(REG_TRA_DEMANDS!N$3,'BY-Demands'!$J$5:$AK$14,MATCH($E12,'BY-Demands'!$I$5:$I$14,0),FALSE)*HLOOKUP(REG_TRA_DEMANDS!$F12,DEMANDS!$G$2:$CK$25,MATCH($E12,DEMANDS!$E$2:$E$25,0),FALSE)/HLOOKUP(2018,DEMANDS!$G$2:$CK$25,MATCH($E12,DEMANDS!$E$2:$E$25,0),FALSE) -> 0.62921621 | ... AF12: =HLOOKUP(REG_TRA_DEMANDS!AF$3,'BY-Demands'!$J$5:$AK$14,MATCH($E12,'BY-Demands'!$I$5:$I$14,0),FALSE)*HLOOKUP(REG_TRA_DEMANDS!$F12,DEMANDS!$G$2:$CK$25,MATCH($E12,DEMANDS!$E$2:$E$25,0),FALSE)/HLOOKUP(2018,DEMANDS!$G$2:$CK$25,MATCH($E12,DEMANDS!$E$2:$E$25,0),FALSE) -> 0.21419464
D13: COM_PROJ | E13: =DEMANDS!$E$17 -> TRAPS | F13: 2029 | G13: =HLOOKUP(REG_TRA_DEMANDS!G$3,'BY-Demands'!$J$5:$AK$14,MATCH($E13,'BY-Demands'!$I$5:$I$14,0),FALSE)*HLOOKUP(REG_TRA_DEMANDS!$F13,DEMANDS!$G$2:$CK$25,MATCH($E13,DEMANDS!$E$2:$E$25,0),FALSE)/HLOOKUP(2018,DEMANDS!$G$2:$CK$25,MATCH($E13,DEMANDS!$E$2:$E$25,0),FALSE) -> 0.19918572 | H13: =HLOOKUP(REG_TRA_DEMANDS!H$3,'BY-Demands'!$J$5:$AK$14,MATCH($E13,'BY-Demands'!$I$5:$I$14,0),FALSE)*HLOOKUP(REG_TRA_DEMANDS!$F13,DEMANDS!$G$2:$CK$25,MATCH($E13,DEMANDS!$E$2:$E$25,0),FALSE)/HLOOKUP(2018,DEMANDS!$G$2:$CK$25,MATCH($E13,DEMANDS!$E$2:$E$25,0),FALSE) -> 3.9821949 | I13: =HLOOKUP(REG_TRA_DEMANDS!I$3,'BY-Demands'!$J$5:$AK$14,MATCH($E13,'BY-Demands'!$I$5:$I$14,0),FALSE)*HLOOKUP(REG_TRA_DEMANDS!$F13,DEMANDS!$G$2:$CK$25,MATCH($E13,DEMANDS!$E$2:$E$25,0),FALSE)/HLOOKUP(2018,DEMANDS!$G$2:$CK$25,MATCH($E13,DEMANDS!$E$2:$E$25,0),FALSE) -> 0.73441664 | J13: =HLOOKUP(REG_TRA_DEMANDS!J$3,'BY-Demands'!$J$5:$AK$14,MATCH($E13,'BY-Demands'!$I$5:$I$14,0),FALSE)*HLOOKUP(REG_TRA_DEMANDS!$F13,DEMANDS!$G$2:$CK$25,MATCH($E13,DEMANDS!$E$2:$E$25,0),FALSE)/HLOOKUP(2018,DEMANDS!$G$2:$CK$25,MATCH($E13,DEMANDS!$E$2:$E$25,0),FALSE) -> 0.34072192 | K13: =HLOOKUP(REG_TRA_DEMANDS!K$3,'BY-Demands'!$J$5:$AK$14,MATCH($E13,'BY-Demands'!$I$5:$I$14,0),FALSE)*HLOOKUP(REG_TRA_DEMANDS!$F13,DEMANDS!$G$2:$CK$25,MATCH($E13,DEMANDS!$E$2:$E$25,0),FALSE)/HLOOKUP(2018,DEMANDS!$G$2:$CK$25,MATCH($E13,DEMANDS!$E$2:$E$25,0),FALSE) -> 0.26862502 | L13: =HLOOKUP(REG_TRA_DEMANDS!L$3,'BY-Demands'!$J$5:$AK$14,MATCH($E13,'BY-Demands'!$I$5:$I$14,0),FALSE)*HLOOKUP(REG_TRA_DEMANDS!$F13,DEMANDS!$G$2:$CK$25,MATCH($E13,DEMANDS!$E$2:$E$25,0),FALSE)/HLOOKUP(2018,DEMANDS!$G$2:$CK$25,MATCH($E13,DEMANDS!$E$2:$E$25,0),FALSE) -> 0.13497491 | M13: =HLOOKUP(REG_TRA_DEMANDS!M$3,'BY-Demands'!$J$5:$AK$14,MATCH($E13,'BY-Demands'!$I$5:$I$14,0),FALSE)*HLOOKUP(REG_TRA_DEMANDS!$F13,DEMANDS!$G$2:$CK$25,MATCH($E13,DEMANDS!$E$2:$E$25,0),FALSE)/HLOOKUP(2018,DEMANDS!$G$2:$CK$25,MATCH($E13,DEMANDS!$E$2:$E$25,0),FALSE) -> 0.38704223 | N13: =HLOOKUP(REG_TRA_DEMANDS!N$3,'BY-Demands'!$J$5:$AK$14,MATCH($E13,'BY-Demands'!$I$5:$I$14,0),FALSE)*HLOOKUP(REG_TRA_DEMANDS!$F13,DEMANDS!$G$2:$CK$25,MATCH($E13,DEMANDS!$E$2:$E$25,0),FALSE)/HLOOKUP(2018,DEMANDS!$G$2:$CK$25,MATCH($E13,DEMANDS!$E$2:$E$25,0),FALSE) -> 0.63708141 | ... AF13: =HLOOKUP(REG_TRA_DEMANDS!AF$3,'BY-Demands'!$J$5:$AK$14,MATCH($E13,'BY-Demands'!$I$5:$I$14,0),FALSE)*HLOOKUP(REG_TRA_DEMANDS!$F13,DEMANDS!$G$2:$CK$25,MATCH($E13,DEMANDS!$E$2:$E$25,0),FALSE)/HLOOKUP(2018,DEMANDS!$G$2:$CK$25,MATCH($E13,DEMANDS!$E$2:$E$25,0),FALSE) -> 0.21687207
D14: COM_PROJ | E14: =DEMANDS!$E$17 -> TRAPS | F14: 2030 | G14: =HLOOKUP(REG_TRA_DEMANDS!G$3,'BY-Demands'!$J$5:$AK$14,MATCH($E14,'BY-Demands'!$I$5:$I$14,0),FALSE)*HLOOKUP(REG_TRA_DEMANDS!$F14,DEMANDS!$G$2:$CK$25,MATCH($E14,DEMANDS!$E$2:$E$25,0),FALSE)/HLOOKUP(2018,DEMANDS!$G$2:$CK$25,MATCH($E14,DEMANDS!$E$2:$E$25,0),FALSE) -> 0.20167555 | H14: =HLOOKUP(REG_TRA_DEMANDS!H$3,'BY-Demands'!$J$5:$AK$14,MATCH($E14,'BY-Demands'!$I$5:$I$14,0),FALSE)*HLOOKUP(REG_TRA_DEMANDS!$F14,DEMANDS!$G$2:$CK$25,MATCH($E14,DEMANDS!$E$2:$E$25,0),FALSE)/HLOOKUP(2018,DEMANDS!$G$2:$CK$25,MATCH($E14,DEMANDS!$E$2:$E$25,0),FALSE) -> 4.0319723 | I14: =HLOOKUP(REG_TRA_DEMANDS!I$3,'BY-Demands'!$J$5:$AK$14,MATCH($E14,'BY-Demands'!$I$5:$I$14,0),FALSE)*HLOOKUP(REG_TRA_DEMANDS!$F14,DEMANDS!$G$2:$CK$25,MATCH($E14,DEMANDS!$E$2:$E$25,0),FALSE)/HLOOKUP(2018,DEMANDS!$G$2:$CK$25,MATCH($E14,DEMANDS!$E$2:$E$25,0),FALSE) -> 0.74359684 | J14: =HLOOKUP(REG_TRA_DEMANDS!J$3,'BY-Demands'!$J$5:$AK$14,MATCH($E14,'BY-Demands'!$I$5:$I$14,0),FALSE)*HLOOKUP(REG_TRA_DEMANDS!$F14,DEMANDS!$G$2:$CK$25,MATCH($E14,DEMANDS!$E$2:$E$25,0),FALSE)/HLOOKUP(2018,DEMANDS!$G$2:$CK$25,MATCH($E14,DEMANDS!$E$2:$E$25,0),FALSE) -> 0.34498094 | K14: =HLOOKUP(REG_TRA_DEMANDS!K$3,'BY-Demands'!$J$5:$AK$14,MATCH($E14,'BY-Demands'!$I$5:$I$14,0),FALSE)*HLOOKUP(REG_TRA_DEMANDS!$F14,DEMANDS!$G$2:$CK$25,MATCH($E14,DEMANDS!$E$2:$E$25,0),FALSE)/HLOOKUP(2018,DEMANDS!$G$2:$CK$25,MATCH($E14,DEMANDS!$E$2:$E$25,0),FALSE) -> 0.27198283 | L14: =HLOOKUP(REG_TRA_DEMANDS!L$3,'BY-Demands'!$J$5:$AK$14,MATCH($E14,'BY-Demands'!$I$5:$I$14,0),FALSE)*HLOOKUP(REG_TRA_DEMANDS!$F14,DEMANDS!$G$2:$CK$25,MATCH($E14,DEMANDS!$E$2:$E$25,0),FALSE)/HLOOKUP(2018,DEMANDS!$G$2:$CK$25,MATCH($E14,DEMANDS!$E$2:$E$25,0),FALSE) -> 0.1366621 | M14: =HLOOKUP(REG_TRA_DEMANDS!M$3,'BY-Demands'!$J$5:$AK$14,MATCH($E14,'BY-Demands'!$I$5:$I$14,0),FALSE)*HLOOKUP(REG_TRA_DEMANDS!$F14,DEMANDS!$G$2:$CK$25,MATCH($E14,DEMANDS!$E$2:$E$25,0),FALSE)/HLOOKUP(2018,DEMANDS!$G$2:$CK$25,MATCH($E14,DEMANDS!$E$2:$E$25,0),FALSE) -> 0.39188025 | N14: =HLOOKUP(REG_TRA_DEMANDS!N$3,'BY-Demands'!$J$5:$AK$14,MATCH($E14,'BY-Demands'!$I$5:$I$14,0),FALSE)*HLOOKUP(REG_TRA_DEMANDS!$F14,DEMANDS!$G$2:$CK$25,MATCH($E14,DEMANDS!$E$2:$E$25,0),FALSE)/HLOOKUP(2018,DEMANDS!$G$2:$CK$25,MATCH($E14,DEMANDS!$E$2:$E$25,0),FALSE) -> 0.64504493 | ... AF14: =HLOOKUP(REG_TRA_DEMANDS!AF$3,'BY-Demands'!$J$5:$AK$14,MATCH($E14,'BY-Demands'!$I$5:$I$14,0),FALSE)*HLOOKUP(REG_TRA_DEMANDS!$F14,DEMANDS!$G$2:$CK$25,MATCH($E14,DEMANDS!$E$2:$E$25,0),FALSE)/HLOOKUP(2018,DEMANDS!$G$2:$CK$25,MATCH($E14,DEMANDS!$E$2:$E$25,0),FALSE) -> 0.21958297
D15: COM_PROJ | E15: =DEMANDS!$E$17 -> TRAPS | F15: 2031 | G15: =HLOOKUP(REG_TRA_DEMANDS!G$3,'BY-Demands'!$J$5:$AK$14,MATCH($E15,'BY-Demands'!$I$5:$I$14,0),FALSE)*HLOOKUP(REG_TRA_DEMANDS!$F15,DEMANDS!$G$2:$CK$25,MATCH($E15,DEMANDS!$E$2:$E$25,0),FALSE)/HLOOKUP(2018,DEMANDS!$G$2:$CK$25,MATCH($E15,DEMANDS!$E$2:$E$25,0),FALSE) -> 0.20419649 | H15: =HLOOKUP(REG_TRA_DEMANDS!H$3,'BY-Demands'!$J$5:$AK$14,MATCH($E15,'BY-Demands'!$I$5:$I$14,0),FALSE)*HLOOKUP(REG_TRA_DEMANDS!$F15,DEMANDS!$G$2:$CK$25,MATCH($E15,DEMANDS!$E$2:$E$25,0),FALSE)/HLOOKUP(2018,DEMANDS!$G$2:$CK$25,MATCH($E15,DEMANDS!$E$2:$E$25,0),FALSE) -> 4.082372 | I15: =HLOOKUP(REG_TRA_DEMANDS!I$3,'BY-Demands'!$J$5:$AK$14,MATCH($E15,'BY-Demands'!$I$5:$I$14,0),FALSE)*HLOOKUP(REG_TRA_DEMANDS!$F15,DEMANDS!$G$2:$CK$25,MATCH($E15,DEMANDS!$E$2:$E$25,0),FALSE)/HLOOKUP(2018,DEMANDS!$G$2:$CK$25,MATCH($E15,DEMANDS!$E$2:$E$25,0),FALSE) -> 0.7528918 | J15: =HLOOKUP(REG_TRA_DEMANDS!J$3,'BY-Demands'!$J$5:$AK$14,MATCH($E15,'BY-Demands'!$I$5:$I$14,0),FALSE)*HLOOKUP(REG_TRA_DEMANDS!$F15,DEMANDS!$G$2:$CK$25,MATCH($E15,DEMANDS!$E$2:$E$25,0),FALSE)/HLOOKUP(2018,DEMANDS!$G$2:$CK$25,MATCH($E15,DEMANDS!$E$2:$E$25,0),FALSE) -> 0.3492932 | K15: =HLOOKUP(REG_TRA_DEMANDS!K$3,'BY-Demands'!$J$5:$AK$14,MATCH($E15,'BY-Demands'!$I$5:$I$14,0),FALSE)*HLOOKUP(REG_TRA_DEMANDS!$F15,DEMANDS!$G$2:$CK$25,MATCH($E15,DEMANDS!$E$2:$E$25,0),FALSE)/HLOOKUP(2018,DEMANDS!$G$2:$CK$25,MATCH($E15,DEMANDS!$E$2:$E$25,0),FALSE) -> 0.27538262 | L15: =HLOOKUP(REG_TRA_DEMANDS!L$3,'BY-Demands'!$J$5:$AK$14,MATCH($E15,'BY-Demands'!$I$5:$I$14,0),FALSE)*HLOOKUP(REG_TRA_DEMANDS!$F15,DEMANDS!$G$2:$CK$25,MATCH($E15,DEMANDS!$E$2:$E$25,0),FALSE)/HLOOKUP(2018,DEMANDS!$G$2:$CK$25,MATCH($E15,DEMANDS!$E$2:$E$25,0),FALSE) -> 0.13837037 | M15: =HLOOKUP(REG_TRA_DEMANDS!M$3,'BY-Demands'!$J$5:$AK$14,MATCH($E15,'BY-Demands'!$I$5:$I$14,0),FALSE)*HLOOKUP(REG_TRA_DEMANDS!$F15,DEMANDS!$G$2:$CK$25,MATCH($E15,DEMANDS!$E$2:$E$25,0),FALSE)/HLOOKUP(2018,DEMANDS!$G$2:$CK$25,MATCH($E15,DEMANDS!$E$2:$E$25,0),FALSE) -> 0.39677876 | N15: =HLOOKUP(REG_TRA_DEMANDS!N$3,'BY-Demands'!$J$5:$AK$14,MATCH($E15,'BY-Demands'!$I$5:$I$14,0),FALSE)*HLOOKUP(REG_TRA_DEMANDS!$F15,DEMANDS!$G$2:$CK$25,MATCH($E15,DEMANDS!$E$2:$E$25,0),FALSE)/HLOOKUP(2018,DEMANDS!$G$2:$CK$25,MATCH($E15,DEMANDS!$E$2:$E$25,0),FALSE) -> 0.65310799 | ... AF15: =HLOOKUP(REG_TRA_DEMANDS!AF$3,'BY-Demands'!$J$5:$AK$14,MATCH($E15,'BY-Demands'!$I$5:$I$14,0),FALSE)*HLOOKUP(REG_TRA_DEMANDS!$F15,DEMANDS!$G$2:$CK$25,MATCH($E15,DEMANDS!$E$2:$E$25,0),FALSE)/HLOOKUP(2018,DEMANDS!$G$2:$CK$25,MATCH($E15,DEMANDS!$E$2:$E$25,0),FALSE) -> 0.22232776
... D30: COM_PROJ | E30: =DEMANDS!$E$17 -> TRAPS | F30: 2070 | G30: =HLOOKUP(REG_TRA_DEMANDS!G$3,'BY-Demands'!$J$5:$AK$14,MATCH($E30,'BY-Demands'!$I$5:$I$14,0),FALSE)*HLOOKUP(REG_TRA_DEMANDS!$F30,DEMANDS!$G$2:$CK$25,MATCH($E30,DEMANDS!$E$2:$E$25,0),FALSE)/HLOOKUP(2018,DEMANDS!$G$2:$CK$25,MATCH($E30,DEMANDS!$E$2:$E$25,0),FALSE) -> 0.30138686 | H30: =HLOOKUP(REG_TRA_DEMANDS!H$3,'BY-Demands'!$J$5:$AK$14,MATCH($E30,'BY-Demands'!$I$5:$I$14,0),FALSE)*HLOOKUP(REG_TRA_DEMANDS!$F30,DEMANDS!$G$2:$CK$25,MATCH($E30,DEMANDS!$E$2:$E$25,0),FALSE)/HLOOKUP(2018,DEMANDS!$G$2:$CK$25,MATCH($E30,DEMANDS!$E$2:$E$25,0),FALSE) -> 6.025438 | I30: =HLOOKUP(REG_TRA_DEMANDS!I$3,'BY-Demands'!$J$5:$AK$14,MATCH($E30,'BY-Demands'!$I$5:$I$14,0),FALSE)*HLOOKUP(REG_TRA_DEMANDS!$F30,DEMANDS!$G$2:$CK$25,MATCH($E30,DEMANDS!$E$2:$E$25,0),FALSE)/HLOOKUP(2018,DEMANDS!$G$2:$CK$25,MATCH($E30,DEMANDS!$E$2:$E$25,0),FALSE) -> 1.1112419 | J30: =HLOOKUP(REG_TRA_DEMANDS!J$3,'BY-Demands'!$J$5:$AK$14,MATCH($E30,'BY-Demands'!$I$5:$I$14,0),FALSE)*HLOOKUP(REG_TRA_DEMANDS!$F30,DEMANDS!$G$2:$CK$25,MATCH($E30,DEMANDS!$E$2:$E$25,0),FALSE)/HLOOKUP(2018,DEMANDS!$G$2:$CK$25,MATCH($E30,DEMANDS!$E$2:$E$25,0),FALSE) -> 0.51554452 | K30: =HLOOKUP(REG_TRA_DEMANDS!K$3,'BY-Demands'!$J$5:$AK$14,MATCH($E30,'BY-Demands'!$I$5:$I$14,0),FALSE)*HLOOKUP(REG_TRA_DEMANDS!$F30,DEMANDS!$G$2:$CK$25,MATCH($E30,DEMANDS!$E$2:$E$25,0),FALSE)/HLOOKUP(2018,DEMANDS!$G$2:$CK$25,MATCH($E30,DEMANDS!$E$2:$E$25,0),FALSE) -> 0.40645509 | L30: =HLOOKUP(REG_TRA_DEMANDS!L$3,'BY-Demands'!$J$5:$AK$14,MATCH($E30,'BY-Demands'!$I$5:$I$14,0),FALSE)*HLOOKUP(REG_TRA_DEMANDS!$F30,DEMANDS!$G$2:$CK$25,MATCH($E30,DEMANDS!$E$2:$E$25,0),FALSE)/HLOOKUP(2018,DEMANDS!$G$2:$CK$25,MATCH($E30,DEMANDS!$E$2:$E$25,0),FALSE) -> 0.20422982 | M30: =HLOOKUP(REG_TRA_DEMANDS!M$3,'BY-Demands'!$J$5:$AK$14,MATCH($E30,'BY-Demands'!$I$5:$I$14,0),FALSE)*HLOOKUP(REG_TRA_DEMANDS!$F30,DEMANDS!$G$2:$CK$25,MATCH($E30,DEMANDS!$E$2:$E$25,0),FALSE)/HLOOKUP(2018,DEMANDS!$G$2:$CK$25,MATCH($E30,DEMANDS!$E$2:$E$25,0),FALSE) -> 0.58563154 | N30: =HLOOKUP(REG_TRA_DEMANDS!N$3,'BY-Demands'!$J$5:$AK$14,MATCH($E30,'BY-Demands'!$I$5:$I$14,0),FALSE)*HLOOKUP(REG_TRA_DEMANDS!$F30,DEMANDS!$G$2:$CK$25,MATCH($E30,DEMANDS!$E$2:$E$25,0),FALSE)/HLOOKUP(2018,DEMANDS!$G$2:$CK$25,MATCH($E30,DEMANDS!$E$2:$E$25,0),FALSE) -> 0.96396451 | ... AF30: =HLOOKUP(REG_TRA_DEMANDS!AF$3,'BY-Demands'!$J$5:$AK$14,MATCH($E30,'BY-Demands'!$I$5:$I$14,0),FALSE)*HLOOKUP(REG_TRA_DEMANDS!$F30,DEMANDS!$G$2:$CK$25,MATCH($E30,DEMANDS!$E$2:$E$25,0),FALSE)/HLOOKUP(2018,DEMANDS!$G$2:$CK$25,MATCH($E30,DEMANDS!$E$2:$E$25,0),FALSE) -> 0.32814798
D31: COM_PROJ | E31: =DEMANDS!$E$18 -> TRAPM | F31: 2020 | G31: =HLOOKUP(REG_TRA_DEMANDS!G$3,'BY-Demands'!$J$5:$AK$14,MATCH($E31,'BY-Demands'!$I$5:$I$14,0),FALSE)*HLOOKUP(REG_TRA_DEMANDS!$F31,DEMANDS!$G$2:$CK$25,MATCH($E31,DEMANDS!$E$2:$E$25,0),FALSE)/HLOOKUP(2018,DEMANDS!$G$2:$CK$25,MATCH($E31,DEMANDS!$E$2:$E$25,0),FALSE) -> 0.32193664 | H31: =HLOOKUP(REG_TRA_DEMANDS!H$3,'BY-Demands'!$J$5:$AK$14,MATCH($E31,'BY-Demands'!$I$5:$I$14,0),FALSE)*HLOOKUP(REG_TRA_DEMANDS!$F31,DEMANDS!$G$2:$CK$25,MATCH($E31,DEMANDS!$E$2:$E$25,0),FALSE)/HLOOKUP(2018,DEMANDS!$G$2:$CK$25,MATCH($E31,DEMANDS!$E$2:$E$25,0),FALSE) -> 5.6378139 | I31: =HLOOKUP(REG_TRA_DEMANDS!I$3,'BY-Demands'!$J$5:$AK$14,MATCH($E31,'BY-Demands'!$I$5:$I$14,0),FALSE)*HLOOKUP(REG_TRA_DEMANDS!$F31,DEMANDS!$G$2:$CK$25,MATCH($E31,DEMANDS!$E$2:$E$25,0),FALSE)/HLOOKUP(2018,DEMANDS!$G$2:$CK$25,MATCH($E31,DEMANDS!$E$2:$E$25,0),FALSE) -> 1.1480383 | J31: =HLOOKUP(REG_TRA_DEMANDS!J$3,'BY-Demands'!$J$5:$AK$14,MATCH($E31,'BY-Demands'!$I$5:$I$14,0),FALSE)*HLOOKUP(REG_TRA_DEMANDS!$F31,DEMANDS!$G$2:$CK$25,MATCH($E31,DEMANDS!$E$2:$E$25,0),FALSE)/HLOOKUP(2018,DEMANDS!$G$2:$CK$25,MATCH($E31,DEMANDS!$E$2:$E$25,0),FALSE) -> 0.54522569 | K31: =HLOOKUP(REG_TRA_DEMANDS!K$3,'BY-Demands'!$J$5:$AK$14,MATCH($E31,'BY-Demands'!$I$5:$I$14,0),FALSE)*HLOOKUP(REG_TRA_DEMANDS!$F31,DEMANDS!$G$2:$CK$25,MATCH($E31,DEMANDS!$E$2:$E$25,0),FALSE)/HLOOKUP(2018,DEMANDS!$G$2:$CK$25,MATCH($E31,DEMANDS!$E$2:$E$25,0),FALSE) -> 0.41020881 | L31: =HLOOKUP(REG_TRA_DEMANDS!L$3,'BY-Demands'!$J$5:$AK$14,MATCH($E31,'BY-Demands'!$I$5:$I$14,0),FALSE)*HLOOKUP(REG_TRA_DEMANDS!$F31,DEMANDS!$G$2:$CK$25,MATCH($E31,DEMANDS!$E$2:$E$25,0),FALSE)/HLOOKUP(2018,DEMANDS!$G$2:$CK$25,MATCH($E31,DEMANDS!$E$2:$E$25,0),FALSE) -> 0.21133747 | M31: =HLOOKUP(REG_TRA_DEMANDS!M$3,'BY-Demands'!$J$5:$AK$14,MATCH($E31,'BY-Demands'!$I$5:$I$14,0),FALSE)*HLOOKUP(REG_TRA_DEMANDS!$F31,DEMANDS!$G$2:$CK$25,MATCH($E31,DEMANDS!$E$2:$E$25,0),FALSE)/HLOOKUP(2018,DEMANDS!$G$2:$CK$25,MATCH($E31,DEMANDS!$E$2:$E$25,0),FALSE) -> 0.5692485 | N31: =HLOOKUP(REG_TRA_DEMANDS!N$3,'BY-Demands'!$J$5:$AK$14,MATCH($E31,'BY-Demands'!$I$5:$I$14,0),FALSE)*HLOOKUP(REG_TRA_DEMANDS!$F31,DEMANDS!$G$2:$CK$25,MATCH($E31,DEMANDS!$E$2:$E$25,0),FALSE)/HLOOKUP(2018,DEMANDS!$G$2:$CK$25,MATCH($E31,DEMANDS!$E$2:$E$25,0),FALSE) -> 0.98828047 | ... AF31: =HLOOKUP(REG_TRA_DEMANDS!AF$3,'BY-Demands'!$J$5:$AK$14,MATCH($E31,'BY-Demands'!$I$5:$I$14,0),FALSE)*HLOOKUP(REG_TRA_DEMANDS!$F31,DEMANDS!$G$2:$CK$25,MATCH($E31,DEMANDS!$E$2:$E$25,0),FALSE)/HLOOKUP(2018,DEMANDS!$G$2:$CK$25,MATCH($E31,DEMANDS!$E$2:$E$25,0),FALSE) -> 0.35260316
D32: COM_PROJ | E32: =DEMANDS!$E$18 -> TRAPM | F32: 2021 | G32: =HLOOKUP(REG_TRA_DEMANDS!G$3,'BY-Demands'!$J$5:$AK$14,MATCH($E32,'BY-Demands'!$I$5:$I$14,0),FALSE)*HLOOKUP(REG_TRA_DEMANDS!$F32,DEMANDS!$G$2:$CK$25,MATCH($E32,DEMANDS!$E$2:$E$25,0),FALSE)/HLOOKUP(2018,DEMANDS!$G$2:$CK$25,MATCH($E32,DEMANDS!$E$2:$E$25,0),FALSE) -> 0.38548331 | H32: =HLOOKUP(REG_TRA_DEMANDS!H$3,'BY-Demands'!$J$5:$AK$14,MATCH($E32,'BY-Demands'!$I$5:$I$14,0),FALSE)*HLOOKUP(REG_TRA_DEMANDS!$F32,DEMANDS!$G$2:$CK$25,MATCH($E32,DEMANDS!$E$2:$E$25,0),FALSE)/HLOOKUP(2018,DEMANDS!$G$2:$CK$25,MATCH($E32,DEMANDS!$E$2:$E$25,0),FALSE) -> 6.7506547 | I32: =HLOOKUP(REG_TRA_DEMANDS!I$3,'BY-Demands'!$J$5:$AK$14,MATCH($E32,'BY-Demands'!$I$5:$I$14,0),FALSE)*HLOOKUP(REG_TRA_DEMANDS!$F32,DEMANDS!$G$2:$CK$25,MATCH($E32,DEMANDS!$E$2:$E$25,0),FALSE)/HLOOKUP(2018,DEMANDS!$G$2:$CK$25,MATCH($E32,DEMANDS!$E$2:$E$25,0),FALSE) -> 1.3746481 | J32: =HLOOKUP(REG_TRA_DEMANDS!J$3,'BY-Demands'!$J$5:$AK$14,MATCH($E32,'BY-Demands'!$I$5:$I$14,0),FALSE)*HLOOKUP(REG_TRA_DEMANDS!$F32,DEMANDS!$G$2:$CK$25,MATCH($E32,DEMANDS!$E$2:$E$25,0),FALSE)/HLOOKUP(2018,DEMANDS!$G$2:$CK$25,MATCH($E32,DEMANDS!$E$2:$E$25,0),FALSE) -> 0.65284709 | K32: =HLOOKUP(REG_TRA_DEMANDS!K$3,'BY-Demands'!$J$5:$AK$14,MATCH($E32,'BY-Demands'!$I$5:$I$14,0),FALSE)*HLOOKUP(REG_TRA_DEMANDS!$F32,DEMANDS!$G$2:$CK$25,MATCH($E32,DEMANDS!$E$2:$E$25,0),FALSE)/HLOOKUP(2018,DEMANDS!$G$2:$CK$25,MATCH($E32,DEMANDS!$E$2:$E$25,0),FALSE) -> 0.4911794 | L32: =HLOOKUP(REG_TRA_DEMANDS!L$3,'BY-Demands'!$J$5:$AK$14,MATCH($E32,'BY-Demands'!$I$5:$I$14,0),FALSE)*HLOOKUP(REG_TRA_DEMANDS!$F32,DEMANDS!$G$2:$CK$25,MATCH($E32,DEMANDS!$E$2:$E$25,0),FALSE)/HLOOKUP(2018,DEMANDS!$G$2:$CK$25,MATCH($E32,DEMANDS!$E$2:$E$25,0),FALSE) -> 0.2530531 | M32: =HLOOKUP(REG_TRA_DEMANDS!M$3,'BY-Demands'!$J$5:$AK$14,MATCH($E32,'BY-Demands'!$I$5:$I$14,0),FALSE)*HLOOKUP(REG_TRA_DEMANDS!$F32,DEMANDS!$G$2:$CK$25,MATCH($E32,DEMANDS!$E$2:$E$25,0),FALSE)/HLOOKUP(2018,DEMANDS!$G$2:$CK$25,MATCH($E32,DEMANDS!$E$2:$E$25,0),FALSE) -> 0.68161173 | N32: =HLOOKUP(REG_TRA_DEMANDS!N$3,'BY-Demands'!$J$5:$AK$14,MATCH($E32,'BY-Demands'!$I$5:$I$14,0),FALSE)*HLOOKUP(REG_TRA_DEMANDS!$F32,DEMANDS!$G$2:$CK$25,MATCH($E32,DEMANDS!$E$2:$E$25,0),FALSE)/HLOOKUP(2018,DEMANDS!$G$2:$CK$25,MATCH($E32,DEMANDS!$E$2:$E$25,0),FALSE) -> 1.1833559 | ... AF32: =HLOOKUP(REG_TRA_DEMANDS!AF$3,'BY-Demands'!$J$5:$AK$14,MATCH($E32,'BY-Demands'!$I$5:$I$14,0),FALSE)*HLOOKUP(REG_TRA_DEMANDS!$F32,DEMANDS!$G$2:$CK$25,MATCH($E32,DEMANDS!$E$2:$E$25,0),FALSE)/HLOOKUP(2018,DEMANDS!$G$2:$CK$25,MATCH($E32,DEMANDS!$E$2:$E$25,0),FALSE) -> 0.42220304
D33: COM_PROJ | E33: =DEMANDS!$E$18 -> TRAPM | F33: 2022 | G33: =HLOOKUP(REG_TRA_DEMANDS!G$3,'BY-Demands'!$J$5:$AK$14,MATCH($E33,'BY-Demands'!$I$5:$I$14,0),FALSE)*HLOOKUP(REG_TRA_DEMANDS!$F33,DEMANDS!$G$2:$CK$25,MATCH($E33,DEMANDS!$E$2:$E$25,0),FALSE)/HLOOKUP(2018,DEMANDS!$G$2:$CK$25,MATCH($E33,DEMANDS!$E$2:$E$25,0),FALSE) -> 0.42024852 | H33: =HLOOKUP(REG_TRA_DEMANDS!H$3,'BY-Demands'!$J$5:$AK$14,MATCH($E33,'BY-Demands'!$I$5:$I$14,0),FALSE)*HLOOKUP(REG_TRA_DEMANDS!$F33,DEMANDS!$G$2:$CK$25,MATCH($E33,DEMANDS!$E$2:$E$25,0),FALSE)/HLOOKUP(2018,DEMANDS!$G$2:$CK$25,MATCH($E33,DEMANDS!$E$2:$E$25,0),FALSE) -> 7.3594696 | I33: =HLOOKUP(REG_TRA_DEMANDS!I$3,'BY-Demands'!$J$5:$AK$14,MATCH($E33,'BY-Demands'!$I$5:$I$14,0),FALSE)*HLOOKUP(REG_TRA_DEMANDS!$F33,DEMANDS!$G$2:$CK$25,MATCH($E33,DEMANDS!$E$2:$E$25,0),FALSE)/HLOOKUP(2018,DEMANDS!$G$2:$CK$25,MATCH($E33,DEMANDS!$E$2:$E$25,0),FALSE) -> 1.4986222 | J33: =HLOOKUP(REG_TRA_DEMANDS!J$3,'BY-Demands'!$J$5:$AK$14,MATCH($E33,'BY-Demands'!$I$5:$I$14,0),FALSE)*HLOOKUP(REG_TRA_DEMANDS!$F33,DEMANDS!$G$2:$CK$25,MATCH($E33,DEMANDS!$E$2:$E$25,0),FALSE)/HLOOKUP(2018,DEMANDS!$G$2:$CK$25,MATCH($E33,DEMANDS!$E$2:$E$25,0),FALSE) -> 0.71172479 | K33: =HLOOKUP(REG_TRA_DEMANDS!K$3,'BY-Demands'!$J$5:$AK$14,MATCH($E33,'BY-Demands'!$I$5:$I$14,0),FALSE)*HLOOKUP(REG_TRA_DEMANDS!$F33,DEMANDS!$G$2:$CK$25,MATCH($E33,DEMANDS!$E$2:$E$25,0),FALSE)/HLOOKUP(2018,DEMANDS!$G$2:$CK$25,MATCH($E33,DEMANDS!$E$2:$E$25,0),FALSE) -> 0.53547693 | L33: =HLOOKUP(REG_TRA_DEMANDS!L$3,'BY-Demands'!$J$5:$AK$14,MATCH($E33,'BY-Demands'!$I$5:$I$14,0),FALSE)*HLOOKUP(REG_TRA_DEMANDS!$F33,DEMANDS!$G$2:$CK$25,MATCH($E33,DEMANDS!$E$2:$E$25,0),FALSE)/HLOOKUP(2018,DEMANDS!$G$2:$CK$25,MATCH($E33,DEMANDS!$E$2:$E$25,0),FALSE) -> 0.27587496 | M33: =HLOOKUP(REG_TRA_DEMANDS!M$3,'BY-Demands'!$J$5:$AK$14,MATCH($E33,'BY-Demands'!$I$5:$I$14,0),FALSE)*HLOOKUP(REG_TRA_DEMANDS!$F33,DEMANDS!$G$2:$CK$25,MATCH($E33,DEMANDS!$E$2:$E$25,0),FALSE)/HLOOKUP(2018,DEMANDS!$G$2:$CK$25,MATCH($E33,DEMANDS!$E$2:$E$25,0),FALSE) -> 0.7430836 | N33: =HLOOKUP(REG_TRA_DEMANDS!N$3,'BY-Demands'!$J$5:$AK$14,MATCH($E33,'BY-Demands'!$I$5:$I$14,0),FALSE)*HLOOKUP(REG_TRA_DEMANDS!$F33,DEMANDS!$G$2:$CK$25,MATCH($E33,DEMANDS!$E$2:$E$25,0),FALSE)/HLOOKUP(2018,DEMANDS!$G$2:$CK$25,MATCH($E33,DEMANDS!$E$2:$E$25,0),FALSE) -> 1.2900781 | ... AF33: =HLOOKUP(REG_TRA_DEMANDS!AF$3,'BY-Demands'!$J$5:$AK$14,MATCH($E33,'BY-Demands'!$I$5:$I$14,0),FALSE)*HLOOKUP(REG_TRA_DEMANDS!$F33,DEMANDS!$G$2:$CK$25,MATCH($E33,DEMANDS!$E$2:$E$25,0),FALSE)/HLOOKUP(2018,DEMANDS!$G$2:$CK$25,MATCH($E33,DEMANDS!$E$2:$E$25,0),FALSE) -> 0.46027987
D34: COM_PROJ | E34: =DEMANDS!$E$18 -> TRAPM | F34: 2023 | G34: =HLOOKUP(REG_TRA_DEMANDS!G$3,'BY-Demands'!$J$5:$AK$14,MATCH($E34,'BY-Demands'!$I$5:$I$14,0),FALSE)*HLOOKUP(REG_TRA_DEMANDS!$F34,DEMANDS!$G$2:$CK$25,MATCH($E34,DEMANDS!$E$2:$E$25,0),FALSE)/HLOOKUP(2018,DEMANDS!$G$2:$CK$25,MATCH($E34,DEMANDS!$E$2:$E$25,0),FALSE) -> 0.42177934 | H34: =HLOOKUP(REG_TRA_DEMANDS!H$3,'BY-Demands'!$J$5:$AK$14,MATCH($E34,'BY-Demands'!$I$5:$I$14,0),FALSE)*HLOOKUP(REG_TRA_DEMANDS!$F34,DEMANDS!$G$2:$CK$25,MATCH($E34,DEMANDS!$E$2:$E$25,0),FALSE)/HLOOKUP(2018,DEMANDS!$G$2:$CK$25,MATCH($E34,DEMANDS!$E$2:$E$25,0),FALSE) -> 7.3862776 | I34: =HLOOKUP(REG_TRA_DEMANDS!I$3,'BY-Demands'!$J$5:$AK$14,MATCH($E34,'BY-Demands'!$I$5:$I$14,0),FALSE)*HLOOKUP(REG_TRA_DEMANDS!$F34,DEMANDS!$G$2:$CK$25,MATCH($E34,DEMANDS!$E$2:$E$25,0),FALSE)/HLOOKUP(2018,DEMANDS!$G$2:$CK$25,MATCH($E34,DEMANDS!$E$2:$E$25,0),FALSE) -> 1.5040811 | J34: =HLOOKUP(REG_TRA_DEMANDS!J$3,'BY-Demands'!$J$5:$AK$14,MATCH($E34,'BY-Demands'!$I$5:$I$14,0),FALSE)*HLOOKUP(REG_TRA_DEMANDS!$F34,DEMANDS!$G$2:$CK$25,MATCH($E34,DEMANDS!$E$2:$E$25,0),FALSE)/HLOOKUP(2018,DEMANDS!$G$2:$CK$25,MATCH($E34,DEMANDS!$E$2:$E$25,0),FALSE) -> 0.71431736 | K34: =HLOOKUP(REG_TRA_DEMANDS!K$3,'BY-Demands'!$J$5:$AK$14,MATCH($E34,'BY-Demands'!$I$5:$I$14,0),FALSE)*HLOOKUP(REG_TRA_DEMANDS!$F34,DEMANDS!$G$2:$CK$25,MATCH($E34,DEMANDS!$E$2:$E$25,0),FALSE)/HLOOKUP(2018,DEMANDS!$G$2:$CK$25,MATCH($E34,DEMANDS!$E$2:$E$25,0),FALSE) -> 0.53742749 | L34: =HLOOKUP(REG_TRA_DEMANDS!L$3,'BY-Demands'!$J$5:$AK$14,MATCH($E34,'BY-Demands'!$I$5:$I$14,0),FALSE)*HLOOKUP(REG_TRA_DEMANDS!$F34,DEMANDS!$G$2:$CK$25,MATCH($E34,DEMANDS!$E$2:$E$25,0),FALSE)/HLOOKUP(2018,DEMANDS!$G$2:$CK$25,MATCH($E34,DEMANDS!$E$2:$E$25,0),FALSE) -> 0.27687988 | M34: =HLOOKUP(REG_TRA_DEMANDS!M$3,'BY-Demands'!$J$5:$AK$14,MATCH($E34,'BY-Demands'!$I$5:$I$14,0),FALSE)*HLOOKUP(REG_TRA_DEMANDS!$F34,DEMANDS!$G$2:$CK$25,MATCH($E34,DEMANDS!$E$2:$E$25,0),FALSE)/HLOOKUP(2018,DEMANDS!$G$2:$CK$25,MATCH($E34,DEMANDS!$E$2:$E$25,0),FALSE) -> 0.7457904 | N34: =HLOOKUP(REG_TRA_DEMANDS!N$3,'BY-Demands'!$J$5:$AK$14,MATCH($E34,'BY-Demands'!$I$5:$I$14,0),FALSE)*HLOOKUP(REG_TRA_DEMANDS!$F34,DEMANDS!$G$2:$CK$25,MATCH($E34,DEMANDS!$E$2:$E$25,0),FALSE)/HLOOKUP(2018,DEMANDS!$G$2:$CK$25,MATCH($E34,DEMANDS!$E$2:$E$25,0),FALSE) -> 1.2947774 | ... AF34: =HLOOKUP(REG_TRA_DEMANDS!AF$3,'BY-Demands'!$J$5:$AK$14,MATCH($E34,'BY-Demands'!$I$5:$I$14,0),FALSE)*HLOOKUP(REG_TRA_DEMANDS!$F34,DEMANDS!$G$2:$CK$25,MATCH($E34,DEMANDS!$E$2:$E$25,0),FALSE)/HLOOKUP(2018,DEMANDS!$G$2:$CK$25,MATCH($E34,DEMANDS!$E$2:$E$25,0),FALSE) -> 0.46195651
D35: COM_PROJ | E35: =DEMANDS!$E$18 -> TRAPM | F35: 2024 | G35: =HLOOKUP(REG_TRA_DEMANDS!G$3,'BY-Demands'!$J$5:$AK$14,MATCH($E35,'BY-Demands'!$I$5:$I$14,0),FALSE)*HLOOKUP(REG_TRA_DEMANDS!$F35,DEMANDS!$G$2:$CK$25,MATCH($E35,DEMANDS!$E$2:$E$25,0),FALSE)/HLOOKUP(2018,DEMANDS!$G$2:$CK$25,MATCH($E35,DEMANDS!$E$2:$E$25,0),FALSE) -> 0.42810603 | H35: =HLOOKUP(REG_TRA_DEMANDS!H$3,'BY-Demands'!$J$5:$AK$14,MATCH($E35,'BY-Demands'!$I$5:$I$14,0),FALSE)*HLOOKUP(REG_TRA_DEMANDS!$F35,DEMANDS!$G$2:$CK$25,MATCH($E35,DEMANDS!$E$2:$E$25,0),FALSE)/HLOOKUP(2018,DEMANDS!$G$2:$CK$25,MATCH($E35,DEMANDS!$E$2:$E$25,0),FALSE) -> 7.4970718 | I35: =HLOOKUP(REG_TRA_DEMANDS!I$3,'BY-Demands'!$J$5:$AK$14,MATCH($E35,'BY-Demands'!$I$5:$I$14,0),FALSE)*HLOOKUP(REG_TRA_DEMANDS!$F35,DEMANDS!$G$2:$CK$25,MATCH($E35,DEMANDS!$E$2:$E$25,0),FALSE)/HLOOKUP(2018,DEMANDS!$G$2:$CK$25,MATCH($E35,DEMANDS!$E$2:$E$25,0),FALSE) -> 1.5266424 | J35: =HLOOKUP(REG_TRA_DEMANDS!J$3,'BY-Demands'!$J$5:$AK$14,MATCH($E35,'BY-Demands'!$I$5:$I$14,0),FALSE)*HLOOKUP(REG_TRA_DEMANDS!$F35,DEMANDS!$G$2:$CK$25,MATCH($E35,DEMANDS!$E$2:$E$25,0),FALSE)/HLOOKUP(2018,DEMANDS!$G$2:$CK$25,MATCH($E35,DEMANDS!$E$2:$E$25,0),FALSE) -> 0.72503212 | K35: =HLOOKUP(REG_TRA_DEMANDS!K$3,'BY-Demands'!$J$5:$AK$14,MATCH($E35,'BY-Demands'!$I$5:$I$14,0),FALSE)*HLOOKUP(REG_TRA_DEMANDS!$F35,DEMANDS!$G$2:$CK$25,MATCH($E35,DEMANDS!$E$2:$E$25,0),FALSE)/HLOOKUP(2018,DEMANDS!$G$2:$CK$25,MATCH($E35,DEMANDS!$E$2:$E$25,0),FALSE) -> 0.54548891 | L35: =HLOOKUP(REG_TRA_DEMANDS!L$3,'BY-Demands'!$J$5:$AK$14,MATCH($E35,'BY-Demands'!$I$5:$I$14,0),FALSE)*HLOOKUP(REG_TRA_DEMANDS!$F35,DEMANDS!$G$2:$CK$25,MATCH($E35,DEMANDS!$E$2:$E$25,0),FALSE)/HLOOKUP(2018,DEMANDS!$G$2:$CK$25,MATCH($E35,DEMANDS!$E$2:$E$25,0),FALSE) -> 0.28103308 | M35: =HLOOKUP(REG_TRA_DEMANDS!M$3,'BY-Demands'!$J$5:$AK$14,MATCH($E35,'BY-Demands'!$I$5:$I$14,0),FALSE)*HLOOKUP(REG_TRA_DEMANDS!$F35,DEMANDS!$G$2:$CK$25,MATCH($E35,DEMANDS!$E$2:$E$25,0),FALSE)/HLOOKUP(2018,DEMANDS!$G$2:$CK$25,MATCH($E35,DEMANDS!$E$2:$E$25,0),FALSE) -> 0.75697726 | N35: =HLOOKUP(REG_TRA_DEMANDS!N$3,'BY-Demands'!$J$5:$AK$14,MATCH($E35,'BY-Demands'!$I$5:$I$14,0),FALSE)*HLOOKUP(REG_TRA_DEMANDS!$F35,DEMANDS!$G$2:$CK$25,MATCH($E35,DEMANDS!$E$2:$E$25,0),FALSE)/HLOOKUP(2018,DEMANDS!$G$2:$CK$25,MATCH($E35,DEMANDS!$E$2:$E$25,0),FALSE) -> 1.3141991 | ... AF35: =HLOOKUP(REG_TRA_DEMANDS!AF$3,'BY-Demands'!$J$5:$AK$14,MATCH($E35,'BY-Demands'!$I$5:$I$14,0),FALSE)*HLOOKUP(REG_TRA_DEMANDS!$F35,DEMANDS!$G$2:$CK$25,MATCH($E35,DEMANDS!$E$2:$E$25,0),FALSE)/HLOOKUP(2018,DEMANDS!$G$2:$CK$25,MATCH($E35,DEMANDS!$E$2:$E$25,0),FALSE) -> 0.46888586
D36: COM_PROJ | E36: =DEMANDS!$E$18 -> TRAPM | F36: 2025 | G36: =HLOOKUP(REG_TRA_DEMANDS!G$3,'BY-Demands'!$J$5:$AK$14,MATCH($E36,'BY-Demands'!$I$5:$I$14,0),FALSE)*HLOOKUP(REG_TRA_DEMANDS!$F36,DEMANDS!$G$2:$CK$25,MATCH($E36,DEMANDS!$E$2:$E$25,0),FALSE)/HLOOKUP(2018,DEMANDS!$G$2:$CK$25,MATCH($E36,DEMANDS!$E$2:$E$25,0),FALSE) -> 0.43452763 | H36: =HLOOKUP(REG_TRA_DEMANDS!H$3,'BY-Demands'!$J$5:$AK$14,MATCH($E36,'BY-Demands'!$I$5:$I$14,0),FALSE)*HLOOKUP(REG_TRA_DEMANDS!$F36,DEMANDS!$G$2:$CK$25,MATCH($E36,DEMANDS!$E$2:$E$25,0),FALSE)/HLOOKUP(2018,DEMANDS!$G$2:$CK$25,MATCH($E36,DEMANDS!$E$2:$E$25,0),FALSE) -> 7.6095279 | I36: =HLOOKUP(REG_TRA_DEMANDS!I$3,'BY-Demands'!$J$5:$AK$14,MATCH($E36,'BY-Demands'!$I$5:$I$14,0),FALSE)*HLOOKUP(REG_TRA_DEMANDS!$F36,DEMANDS!$G$2:$CK$25,MATCH($E36,DEMANDS!$E$2:$E$25,0),FALSE)/HLOOKUP(2018,DEMANDS!$G$2:$CK$25,MATCH($E36,DEMANDS!$E$2:$E$25,0),FALSE) -> 1.549542 | J36: =HLOOKUP(REG_TRA_DEMANDS!J$3,'BY-Demands'!$J$5:$AK$14,MATCH($E36,'BY-Demands'!$I$5:$I$14,0),FALSE)*HLOOKUP(REG_TRA_DEMANDS!$F36,DEMANDS!$G$2:$CK$25,MATCH($E36,DEMANDS!$E$2:$E$25,0),FALSE)/HLOOKUP(2018,DEMANDS!$G$2:$CK$25,MATCH($E36,DEMANDS!$E$2:$E$25,0),FALSE) -> 0.7359076 | K36: =HLOOKUP(REG_TRA_DEMANDS!K$3,'BY-Demands'!$J$5:$AK$14,MATCH($E36,'BY-Demands'!$I$5:$I$14,0),FALSE)*HLOOKUP(REG_TRA_DEMANDS!$F36,DEMANDS!$G$2:$CK$25,MATCH($E36,DEMANDS!$E$2:$E$25,0),FALSE)/HLOOKUP(2018,DEMANDS!$G$2:$CK$25,MATCH($E36,DEMANDS!$E$2:$E$25,0),FALSE) -> 0.55367124 | L36: =HLOOKUP(REG_TRA_DEMANDS!L$3,'BY-Demands'!$J$5:$AK$14,MATCH($E36,'BY-Demands'!$I$5:$I$14,0),FALSE)*HLOOKUP(REG_TRA_DEMANDS!$F36,DEMANDS!$G$2:$CK$25,MATCH($E36,DEMANDS!$E$2:$E$25,0),FALSE)/HLOOKUP(2018,DEMANDS!$G$2:$CK$25,MATCH($E36,DEMANDS!$E$2:$E$25,0),FALSE) -> 0.28524857 | M36: =HLOOKUP(REG_TRA_DEMANDS!M$3,'BY-Demands'!$J$5:$AK$14,MATCH($E36,'BY-Demands'!$I$5:$I$14,0),FALSE)*HLOOKUP(REG_TRA_DEMANDS!$F36,DEMANDS!$G$2:$CK$25,MATCH($E36,DEMANDS!$E$2:$E$25,0),FALSE)/HLOOKUP(2018,DEMANDS!$G$2:$CK$25,MATCH($E36,DEMANDS!$E$2:$E$25,0),FALSE) -> 0.76833192 | N36: =HLOOKUP(REG_TRA_DEMANDS!N$3,'BY-Demands'!$J$5:$AK$14,MATCH($E36,'BY-Demands'!$I$5:$I$14,0),FALSE)*HLOOKUP(REG_TRA_DEMANDS!$F36,DEMANDS!$G$2:$CK$25,MATCH($E36,DEMANDS!$E$2:$E$25,0),FALSE)/HLOOKUP(2018,DEMANDS!$G$2:$CK$25,MATCH($E36,DEMANDS!$E$2:$E$25,0),FALSE) -> 1.333912 | ... AF36: =HLOOKUP(REG_TRA_DEMANDS!AF$3,'BY-Demands'!$J$5:$AK$14,MATCH($E36,'BY-Demands'!$I$5:$I$14,0),FALSE)*HLOOKUP(REG_TRA_DEMANDS!$F36,DEMANDS!$G$2:$CK$25,MATCH($E36,DEMANDS!$E$2:$E$25,0),FALSE)/HLOOKUP(2018,DEMANDS!$G$2:$CK$25,MATCH($E36,DEMANDS!$E$2:$E$25,0),FALSE) -> 0.47591915
D37: COM_PROJ | E37: =DEMANDS!$E$18 -> TRAPM | F37: 2026 | G37: =HLOOKUP(REG_TRA_DEMANDS!G$3,'BY-Demands'!$J$5:$AK$14,MATCH($E37,'BY-Demands'!$I$5:$I$14,0),FALSE)*HLOOKUP(REG_TRA_DEMANDS!$F37,DEMANDS!$G$2:$CK$25,MATCH($E37,DEMANDS!$E$2:$E$25,0),FALSE)/HLOOKUP(2018,DEMANDS!$G$2:$CK$25,MATCH($E37,DEMANDS!$E$2:$E$25,0),FALSE) -> 0.44104554 | H37: =HLOOKUP(REG_TRA_DEMANDS!H$3,'BY-Demands'!$J$5:$AK$14,MATCH($E37,'BY-Demands'!$I$5:$I$14,0),FALSE)*HLOOKUP(REG_TRA_DEMANDS!$F37,DEMANDS!$G$2:$CK$25,MATCH($E37,DEMANDS!$E$2:$E$25,0),FALSE)/HLOOKUP(2018,DEMANDS!$G$2:$CK$25,MATCH($E37,DEMANDS!$E$2:$E$25,0),FALSE) -> 7.7236708 | I37: =HLOOKUP(REG_TRA_DEMANDS!I$3,'BY-Demands'!$J$5:$AK$14,MATCH($E37,'BY-Demands'!$I$5:$I$14,0),FALSE)*HLOOKUP(REG_TRA_DEMANDS!$F37,DEMANDS!$G$2:$CK$25,MATCH($E37,DEMANDS!$E$2:$E$25,0),FALSE)/HLOOKUP(2018,DEMANDS!$G$2:$CK$25,MATCH($E37,DEMANDS!$E$2:$E$25,0),FALSE) -> 1.5727851 | J37: =HLOOKUP(REG_TRA_DEMANDS!J$3,'BY-Demands'!$J$5:$AK$14,MATCH($E37,'BY-Demands'!$I$5:$I$14,0),FALSE)*HLOOKUP(REG_TRA_DEMANDS!$F37,DEMANDS!$G$2:$CK$25,MATCH($E37,DEMANDS!$E$2:$E$25,0),FALSE)/HLOOKUP(2018,DEMANDS!$G$2:$CK$25,MATCH($E37,DEMANDS!$E$2:$E$25,0),FALSE) -> 0.74694621 | K37: =HLOOKUP(REG_TRA_DEMANDS!K$3,'BY-Demands'!$J$5:$AK$14,MATCH($E37,'BY-Demands'!$I$5:$I$14,0),FALSE)*HLOOKUP(REG_TRA_DEMANDS!$F37,DEMANDS!$G$2:$CK$25,MATCH($E37,DEMANDS!$E$2:$E$25,0),FALSE)/HLOOKUP(2018,DEMANDS!$G$2:$CK$25,MATCH($E37,DEMANDS!$E$2:$E$25,0),FALSE) -> 0.56197631 | L37: =HLOOKUP(REG_TRA_DEMANDS!L$3,'BY-Demands'!$J$5:$AK$14,MATCH($E37,'BY-Demands'!$I$5:$I$14,0),FALSE)*HLOOKUP(REG_TRA_DEMANDS!$F37,DEMANDS!$G$2:$CK$25,MATCH($E37,DEMANDS!$E$2:$E$25,0),FALSE)/HLOOKUP(2018,DEMANDS!$G$2:$CK$25,MATCH($E37,DEMANDS!$E$2:$E$25,0),FALSE) -> 0.2895273 | M37: =HLOOKUP(REG_TRA_DEMANDS!M$3,'BY-Demands'!$J$5:$AK$14,MATCH($E37,'BY-Demands'!$I$5:$I$14,0),FALSE)*HLOOKUP(REG_TRA_DEMANDS!$F37,DEMANDS!$G$2:$CK$25,MATCH($E37,DEMANDS!$E$2:$E$25,0),FALSE)/HLOOKUP(2018,DEMANDS!$G$2:$CK$25,MATCH($E37,DEMANDS!$E$2:$E$25,0),FALSE) -> 0.7798569 | N37: =HLOOKUP(REG_TRA_DEMANDS!N$3,'BY-Demands'!$J$5:$AK$14,MATCH($E37,'BY-Demands'!$I$5:$I$14,0),FALSE)*HLOOKUP(REG_TRA_DEMANDS!$F37,DEMANDS!$G$2:$CK$25,MATCH($E37,DEMANDS!$E$2:$E$25,0),FALSE)/HLOOKUP(2018,DEMANDS!$G$2:$CK$25,MATCH($E37,DEMANDS!$E$2:$E$25,0),FALSE) -> 1.3539207 | ... AF37: =HLOOKUP(REG_TRA_DEMANDS!AF$3,'BY-Demands'!$J$5:$AK$14,MATCH($E37,'BY-Demands'!$I$5:$I$14,0),FALSE)*HLOOKUP(REG_TRA_DEMANDS!$F37,DEMANDS!$G$2:$CK$25,MATCH($E37,DEMANDS!$E$2:$E$25,0),FALSE)/HLOOKUP(2018,DEMANDS!$G$2:$CK$25,MATCH($E37,DEMANDS!$E$2:$E$25,0),FALSE) -> 0.48305793
D38: COM_PROJ | E38: =DEMANDS!$E$18 -> TRAPM | F38: 2027 | G38: =HLOOKUP(REG_TRA_DEMANDS!G$3,'BY-Demands'!$J$5:$AK$14,MATCH($E38,'BY-Demands'!$I$5:$I$14,0),FALSE)*HLOOKUP(REG_TRA_DEMANDS!$F38,DEMANDS!$G$2:$CK$25,MATCH($E38,DEMANDS!$E$2:$E$25,0),FALSE)/HLOOKUP(2018,DEMANDS!$G$2:$CK$25,MATCH($E38,DEMANDS!$E$2:$E$25,0),FALSE) -> 0.44766122 | H38: =HLOOKUP(REG_TRA_DEMANDS!H$3,'BY-Demands'!$J$5:$AK$14,MATCH($E38,'BY-Demands'!$I$5:$I$14,0),FALSE)*HLOOKUP(REG_TRA_DEMANDS!$F38,DEMANDS!$G$2:$CK$25,MATCH($E38,DEMANDS!$E$2:$E$25,0),FALSE)/HLOOKUP(2018,DEMANDS!$G$2:$CK$25,MATCH($E38,DEMANDS!$E$2:$E$25,0),FALSE) -> 7.8395258 | I38: =HLOOKUP(REG_TRA_DEMANDS!I$3,'BY-Demands'!$J$5:$AK$14,MATCH($E38,'BY-Demands'!$I$5:$I$14,0),FALSE)*HLOOKUP(REG_TRA_DEMANDS!$F38,DEMANDS!$G$2:$CK$25,MATCH($E38,DEMANDS!$E$2:$E$25,0),FALSE)/HLOOKUP(2018,DEMANDS!$G$2:$CK$25,MATCH($E38,DEMANDS!$E$2:$E$25,0),FALSE) -> 1.5963769 | J38: =HLOOKUP(REG_TRA_DEMANDS!J$3,'BY-Demands'!$J$5:$AK$14,MATCH($E38,'BY-Demands'!$I$5:$I$14,0),FALSE)*HLOOKUP(REG_TRA_DEMANDS!$F38,DEMANDS!$G$2:$CK$25,MATCH($E38,DEMANDS!$E$2:$E$25,0),FALSE)/HLOOKUP(2018,DEMANDS!$G$2:$CK$25,MATCH($E38,DEMANDS!$E$2:$E$25,0),FALSE) -> 0.75815041 | K38: =HLOOKUP(REG_TRA_DEMANDS!K$3,'BY-Demands'!$J$5:$AK$14,MATCH($E38,'BY-Demands'!$I$5:$I$14,0),FALSE)*HLOOKUP(REG_TRA_DEMANDS!$F38,DEMANDS!$G$2:$CK$25,MATCH($E38,DEMANDS!$E$2:$E$25,0),FALSE)/HLOOKUP(2018,DEMANDS!$G$2:$CK$25,MATCH($E38,DEMANDS!$E$2:$E$25,0),FALSE) -> 0.57040595 | L38: =HLOOKUP(REG_TRA_DEMANDS!L$3,'BY-Demands'!$J$5:$AK$14,MATCH($E38,'BY-Demands'!$I$5:$I$14,0),FALSE)*HLOOKUP(REG_TRA_DEMANDS!$F38,DEMANDS!$G$2:$CK$25,MATCH($E38,DEMANDS!$E$2:$E$25,0),FALSE)/HLOOKUP(2018,DEMANDS!$G$2:$CK$25,MATCH($E38,DEMANDS!$E$2:$E$25,0),FALSE) -> 0.29387021 | M38: =HLOOKUP(REG_TRA_DEMANDS!M$3,'BY-Demands'!$J$5:$AK$14,MATCH($E38,'BY-Demands'!$I$5:$I$14,0),FALSE)*HLOOKUP(REG_TRA_DEMANDS!$F38,DEMANDS!$G$2:$CK$25,MATCH($E38,DEMANDS!$E$2:$E$25,0),FALSE)/HLOOKUP(2018,DEMANDS!$G$2:$CK$25,MATCH($E38,DEMANDS!$E$2:$E$25,0),FALSE) -> 0.79155475 | N38: =HLOOKUP(REG_TRA_DEMANDS!N$3,'BY-Demands'!$J$5:$AK$14,MATCH($E38,'BY-Demands'!$I$5:$I$14,0),FALSE)*HLOOKUP(REG_TRA_DEMANDS!$F38,DEMANDS!$G$2:$CK$25,MATCH($E38,DEMANDS!$E$2:$E$25,0),FALSE)/HLOOKUP(2018,DEMANDS!$G$2:$CK$25,MATCH($E38,DEMANDS!$E$2:$E$25,0),FALSE) -> 1.3742295 | ... AF38: =HLOOKUP(REG_TRA_DEMANDS!AF$3,'BY-Demands'!$J$5:$AK$14,MATCH($E38,'BY-Demands'!$I$5:$I$14,0),FALSE)*HLOOKUP(REG_TRA_DEMANDS!$F38,DEMANDS!$G$2:$CK$25,MATCH($E38,DEMANDS!$E$2:$E$25,0),FALSE)/HLOOKUP(2018,DEMANDS!$G$2:$CK$25,MATCH($E38,DEMANDS!$E$2:$E$25,0),FALSE) -> 0.4903038
D39: COM_PROJ | E39: =DEMANDS!$E$18 -> TRAPM | F39: 2028 | G39: =HLOOKUP(REG_TRA_DEMANDS!G$3,'BY-Demands'!$J$5:$AK$14,MATCH($E39,'BY-Demands'!$I$5:$I$14,0),FALSE)*HLOOKUP(REG_TRA_DEMANDS!$F39,DEMANDS!$G$2:$CK$25,MATCH($E39,DEMANDS!$E$2:$E$25,0),FALSE)/HLOOKUP(2018,DEMANDS!$G$2:$CK$25,MATCH($E39,DEMANDS!$E$2:$E$25,0),FALSE) -> 0.45437614 | H39: =HLOOKUP(REG_TRA_DEMANDS!H$3,'BY-Demands'!$J$5:$AK$14,MATCH($E39,'BY-Demands'!$I$5:$I$14,0),FALSE)*HLOOKUP(REG_TRA_DEMANDS!$F39,DEMANDS!$G$2:$CK$25,MATCH($E39,DEMANDS!$E$2:$E$25,0),FALSE)/HLOOKUP(2018,DEMANDS!$G$2:$CK$25,MATCH($E39,DEMANDS!$E$2:$E$25,0),FALSE) -> 7.9571187 | I39: =HLOOKUP(REG_TRA_DEMANDS!I$3,'BY-Demands'!$J$5:$AK$14,MATCH($E39,'BY-Demands'!$I$5:$I$14,0),FALSE)*HLOOKUP(REG_TRA_DEMANDS!$F39,DEMANDS!$G$2:$CK$25,MATCH($E39,DEMANDS!$E$2:$E$25,0),FALSE)/HLOOKUP(2018,DEMANDS!$G$2:$CK$25,MATCH($E39,DEMANDS!$E$2:$E$25,0),FALSE) -> 1.6203226 | J39: =HLOOKUP(REG_TRA_DEMANDS!J$3,'BY-Demands'!$J$5:$AK$14,MATCH($E39,'BY-Demands'!$I$5:$I$14,0),FALSE)*HLOOKUP(REG_TRA_DEMANDS!$F39,DEMANDS!$G$2:$CK$25,MATCH($E39,DEMANDS!$E$2:$E$25,0),FALSE)/HLOOKUP(2018,DEMANDS!$G$2:$CK$25,MATCH($E39,DEMANDS!$E$2:$E$25,0),FALSE) -> 0.76952266 | K39: =HLOOKUP(REG_TRA_DEMANDS!K$3,'BY-Demands'!$J$5:$AK$14,MATCH($E39,'BY-Demands'!$I$5:$I$14,0),FALSE)*HLOOKUP(REG_TRA_DEMANDS!$F39,DEMANDS!$G$2:$CK$25,MATCH($E39,DEMANDS!$E$2:$E$25,0),FALSE)/HLOOKUP(2018,DEMANDS!$G$2:$CK$25,MATCH($E39,DEMANDS!$E$2:$E$25,0),FALSE) -> 0.57896204 | L39: =HLOOKUP(REG_TRA_DEMANDS!L$3,'BY-Demands'!$J$5:$AK$14,MATCH($E39,'BY-Demands'!$I$5:$I$14,0),FALSE)*HLOOKUP(REG_TRA_DEMANDS!$F39,DEMANDS!$G$2:$CK$25,MATCH($E39,DEMANDS!$E$2:$E$25,0),FALSE)/HLOOKUP(2018,DEMANDS!$G$2:$CK$25,MATCH($E39,DEMANDS!$E$2:$E$25,0),FALSE) -> 0.29827826 | M39: =HLOOKUP(REG_TRA_DEMANDS!M$3,'BY-Demands'!$J$5:$AK$14,MATCH($E39,'BY-Demands'!$I$5:$I$14,0),FALSE)*HLOOKUP(REG_TRA_DEMANDS!$F39,DEMANDS!$G$2:$CK$25,MATCH($E39,DEMANDS!$E$2:$E$25,0),FALSE)/HLOOKUP(2018,DEMANDS!$G$2:$CK$25,MATCH($E39,DEMANDS!$E$2:$E$25,0),FALSE) -> 0.80342807 | N39: =HLOOKUP(REG_TRA_DEMANDS!N$3,'BY-Demands'!$J$5:$AK$14,MATCH($E39,'BY-Demands'!$I$5:$I$14,0),FALSE)*HLOOKUP(REG_TRA_DEMANDS!$F39,DEMANDS!$G$2:$CK$25,MATCH($E39,DEMANDS!$E$2:$E$25,0),FALSE)/HLOOKUP(2018,DEMANDS!$G$2:$CK$25,MATCH($E39,DEMANDS!$E$2:$E$25,0),FALSE) -> 1.394843 | ... AF39: =HLOOKUP(REG_TRA_DEMANDS!AF$3,'BY-Demands'!$J$5:$AK$14,MATCH($E39,'BY-Demands'!$I$5:$I$14,0),FALSE)*HLOOKUP(REG_TRA_DEMANDS!$F39,DEMANDS!$G$2:$CK$25,MATCH($E39,DEMANDS!$E$2:$E$25,0),FALSE)/HLOOKUP(2018,DEMANDS!$G$2:$CK$25,MATCH($E39,DEMANDS!$E$2:$E$25,0),FALSE) -> 0.49765836
D40: COM_PROJ | E40: =DEMANDS!$E$18 -> TRAPM | F40: 2029 | G40: =HLOOKUP(REG_TRA_DEMANDS!G$3,'BY-Demands'!$J$5:$AK$14,MATCH($E40,'BY-Demands'!$I$5:$I$14,0),FALSE)*HLOOKUP(REG_TRA_DEMANDS!$F40,DEMANDS!$G$2:$CK$25,MATCH($E40,DEMANDS!$E$2:$E$25,0),FALSE)/HLOOKUP(2018,DEMANDS!$G$2:$CK$25,MATCH($E40,DEMANDS!$E$2:$E$25,0),FALSE) -> 0.46119178 | H40: =HLOOKUP(REG_TRA_DEMANDS!H$3,'BY-Demands'!$J$5:$AK$14,MATCH($E40,'BY-Demands'!$I$5:$I$14,0),FALSE)*HLOOKUP(REG_TRA_DEMANDS!$F40,DEMANDS!$G$2:$CK$25,MATCH($E40,DEMANDS!$E$2:$E$25,0),FALSE)/HLOOKUP(2018,DEMANDS!$G$2:$CK$25,MATCH($E40,DEMANDS!$E$2:$E$25,0),FALSE) -> 8.0764755 | I40: =HLOOKUP(REG_TRA_DEMANDS!I$3,'BY-Demands'!$J$5:$AK$14,MATCH($E40,'BY-Demands'!$I$5:$I$14,0),FALSE)*HLOOKUP(REG_TRA_DEMANDS!$F40,DEMANDS!$G$2:$CK$25,MATCH($E40,DEMANDS!$E$2:$E$25,0),FALSE)/HLOOKUP(2018,DEMANDS!$G$2:$CK$25,MATCH($E40,DEMANDS!$E$2:$E$25,0),FALSE) -> 1.6446274 | J40: =HLOOKUP(REG_TRA_DEMANDS!J$3,'BY-Demands'!$J$5:$AK$14,MATCH($E40,'BY-Demands'!$I$5:$I$14,0),FALSE)*HLOOKUP(REG_TRA_DEMANDS!$F40,DEMANDS!$G$2:$CK$25,MATCH($E40,DEMANDS!$E$2:$E$25,0),FALSE)/HLOOKUP(2018,DEMANDS!$G$2:$CK$25,MATCH($E40,DEMANDS!$E$2:$E$25,0),FALSE) -> 0.7810655 | K40: =HLOOKUP(REG_TRA_DEMANDS!K$3,'BY-Demands'!$J$5:$AK$14,MATCH($E40,'BY-Demands'!$I$5:$I$14,0),FALSE)*HLOOKUP(REG_TRA_DEMANDS!$F40,DEMANDS!$G$2:$CK$25,MATCH($E40,DEMANDS!$E$2:$E$25,0),FALSE)/HLOOKUP(2018,DEMANDS!$G$2:$CK$25,MATCH($E40,DEMANDS!$E$2:$E$25,0),FALSE) -> 0.58764647 | L40: =HLOOKUP(REG_TRA_DEMANDS!L$3,'BY-Demands'!$J$5:$AK$14,MATCH($E40,'BY-Demands'!$I$5:$I$14,0),FALSE)*HLOOKUP(REG_TRA_DEMANDS!$F40,DEMANDS!$G$2:$CK$25,MATCH($E40,DEMANDS!$E$2:$E$25,0),FALSE)/HLOOKUP(2018,DEMANDS!$G$2:$CK$25,MATCH($E40,DEMANDS!$E$2:$E$25,0),FALSE) -> 0.30275244 | M40: =HLOOKUP(REG_TRA_DEMANDS!M$3,'BY-Demands'!$J$5:$AK$14,MATCH($E40,'BY-Demands'!$I$5:$I$14,0),FALSE)*HLOOKUP(REG_TRA_DEMANDS!$F40,DEMANDS!$G$2:$CK$25,MATCH($E40,DEMANDS!$E$2:$E$25,0),FALSE)/HLOOKUP(2018,DEMANDS!$G$2:$CK$25,MATCH($E40,DEMANDS!$E$2:$E$25,0),FALSE) -> 0.81547949 | N40: =HLOOKUP(REG_TRA_DEMANDS!N$3,'BY-Demands'!$J$5:$AK$14,MATCH($E40,'BY-Demands'!$I$5:$I$14,0),FALSE)*HLOOKUP(REG_TRA_DEMANDS!$F40,DEMANDS!$G$2:$CK$25,MATCH($E40,DEMANDS!$E$2:$E$25,0),FALSE)/HLOOKUP(2018,DEMANDS!$G$2:$CK$25,MATCH($E40,DEMANDS!$E$2:$E$25,0),FALSE) -> 1.4157656 | ... AF40: =HLOOKUP(REG_TRA_DEMANDS!AF$3,'BY-Demands'!$J$5:$AK$14,MATCH($E40,'BY-Demands'!$I$5:$I$14,0),FALSE)*HLOOKUP(REG_TRA_DEMANDS!$F40,DEMANDS!$G$2:$CK$25,MATCH($E40,DEMANDS!$E$2:$E$25,0),FALSE)/HLOOKUP(2018,DEMANDS!$G$2:$CK$25,MATCH($E40,DEMANDS!$E$2:$E$25,0),FALSE) -> 0.50512324
D41: COM_PROJ | E41: =DEMANDS!$E$18 -> TRAPM | F41: 2030 | G41: =HLOOKUP(REG_TRA_DEMANDS!G$3,'BY-Demands'!$J$5:$AK$14,MATCH($E41,'BY-Demands'!$I$5:$I$14,0),FALSE)*HLOOKUP(REG_TRA_DEMANDS!$F41,DEMANDS!$G$2:$CK$25,MATCH($E41,DEMANDS!$E$2:$E$25,0),FALSE)/HLOOKUP(2018,DEMANDS!$G$2:$CK$25,MATCH($E41,DEMANDS!$E$2:$E$25,0),FALSE) -> 0.46810966 | H41: =HLOOKUP(REG_TRA_DEMANDS!H$3,'BY-Demands'!$J$5:$AK$14,MATCH($E41,'BY-Demands'!$I$5:$I$14,0),FALSE)*HLOOKUP(REG_TRA_DEMANDS!$F41,DEMANDS!$G$2:$CK$25,MATCH($E41,DEMANDS!$E$2:$E$25,0),FALSE)/HLOOKUP(2018,DEMANDS!$G$2:$CK$25,MATCH($E41,DEMANDS!$E$2:$E$25,0),FALSE) -> 8.1976226 | I41: =HLOOKUP(REG_TRA_DEMANDS!I$3,'BY-Demands'!$J$5:$AK$14,MATCH($E41,'BY-Demands'!$I$5:$I$14,0),FALSE)*HLOOKUP(REG_TRA_DEMANDS!$F41,DEMANDS!$G$2:$CK$25,MATCH($E41,DEMANDS!$E$2:$E$25,0),FALSE)/HLOOKUP(2018,DEMANDS!$G$2:$CK$25,MATCH($E41,DEMANDS!$E$2:$E$25,0),FALSE) -> 1.6692968 | J41: =HLOOKUP(REG_TRA_DEMANDS!J$3,'BY-Demands'!$J$5:$AK$14,MATCH($E41,'BY-Demands'!$I$5:$I$14,0),FALSE)*HLOOKUP(REG_TRA_DEMANDS!$F41,DEMANDS!$G$2:$CK$25,MATCH($E41,DEMANDS!$E$2:$E$25,0),FALSE)/HLOOKUP(2018,DEMANDS!$G$2:$CK$25,MATCH($E41,DEMANDS!$E$2:$E$25,0),FALSE) -> 0.79278149 | K41: =HLOOKUP(REG_TRA_DEMANDS!K$3,'BY-Demands'!$J$5:$AK$14,MATCH($E41,'BY-Demands'!$I$5:$I$14,0),FALSE)*HLOOKUP(REG_TRA_DEMANDS!$F41,DEMANDS!$G$2:$CK$25,MATCH($E41,DEMANDS!$E$2:$E$25,0),FALSE)/HLOOKUP(2018,DEMANDS!$G$2:$CK$25,MATCH($E41,DEMANDS!$E$2:$E$25,0),FALSE) -> 0.59646117 | L41: =HLOOKUP(REG_TRA_DEMANDS!L$3,'BY-Demands'!$J$5:$AK$14,MATCH($E41,'BY-Demands'!$I$5:$I$14,0),FALSE)*HLOOKUP(REG_TRA_DEMANDS!$F41,DEMANDS!$G$2:$CK$25,MATCH($E41,DEMANDS!$E$2:$E$25,0),FALSE)/HLOOKUP(2018,DEMANDS!$G$2:$CK$25,MATCH($E41,DEMANDS!$E$2:$E$25,0),FALSE) -> 0.30729372 | M41: =HLOOKUP(REG_TRA_DEMANDS!M$3,'BY-Demands'!$J$5:$AK$14,MATCH($E41,'BY-Demands'!$I$5:$I$14,0),FALSE)*HLOOKUP(REG_TRA_DEMANDS!$F41,DEMANDS!$G$2:$CK$25,MATCH($E41,DEMANDS!$E$2:$E$25,0),FALSE)/HLOOKUP(2018,DEMANDS!$G$2:$CK$25,MATCH($E41,DEMANDS!$E$2:$E$25,0),FALSE) -> 0.82771169 | N41: =HLOOKUP(REG_TRA_DEMANDS!N$3,'BY-Demands'!$J$5:$AK$14,MATCH($E41,'BY-Demands'!$I$5:$I$14,0),FALSE)*HLOOKUP(REG_TRA_DEMANDS!$F41,DEMANDS!$G$2:$CK$25,MATCH($E41,DEMANDS!$E$2:$E$25,0),FALSE)/HLOOKUP(2018,DEMANDS!$G$2:$CK$25,MATCH($E41,DEMANDS!$E$2:$E$25,0),FALSE) -> 1.4370021 | ... AF41: =HLOOKUP(REG_TRA_DEMANDS!AF$3,'BY-Demands'!$J$5:$AK$14,MATCH($E41,'BY-Demands'!$I$5:$I$14,0),FALSE)*HLOOKUP(REG_TRA_DEMANDS!$F41,DEMANDS!$G$2:$CK$25,MATCH($E41,DEMANDS!$E$2:$E$25,0),FALSE)/HLOOKUP(2018,DEMANDS!$G$2:$CK$25,MATCH($E41,DEMANDS!$E$2:$E$25,0),FALSE) -> 0.51270008
D42: COM_PROJ | E42: =DEMANDS!$E$18 -> TRAPM | F42: 2031 | G42: =HLOOKUP(REG_TRA_DEMANDS!G$3,'BY-Demands'!$J$5:$AK$14,MATCH($E42,'BY-Demands'!$I$5:$I$14,0),FALSE)*HLOOKUP(REG_TRA_DEMANDS!$F42,DEMANDS!$G$2:$CK$25,MATCH($E42,DEMANDS!$E$2:$E$25,0),FALSE)/HLOOKUP(2018,DEMANDS!$G$2:$CK$25,MATCH($E42,DEMANDS!$E$2:$E$25,0),FALSE) -> 0.4751313 | H42: =HLOOKUP(REG_TRA_DEMANDS!H$3,'BY-Demands'!$J$5:$AK$14,MATCH($E42,'BY-Demands'!$I$5:$I$14,0),FALSE)*HLOOKUP(REG_TRA_DEMANDS!$F42,DEMANDS!$G$2:$CK$25,MATCH($E42,DEMANDS!$E$2:$E$25,0),FALSE)/HLOOKUP(2018,DEMANDS!$G$2:$CK$25,MATCH($E42,DEMANDS!$E$2:$E$25,0),FALSE) -> 8.320587 | I42: =HLOOKUP(REG_TRA_DEMANDS!I$3,'BY-Demands'!$J$5:$AK$14,MATCH($E42,'BY-Demands'!$I$5:$I$14,0),FALSE)*HLOOKUP(REG_TRA_DEMANDS!$F42,DEMANDS!$G$2:$CK$25,MATCH($E42,DEMANDS!$E$2:$E$25,0),FALSE)/HLOOKUP(2018,DEMANDS!$G$2:$CK$25,MATCH($E42,DEMANDS!$E$2:$E$25,0),FALSE) -> 1.6943363 | J42: =HLOOKUP(REG_TRA_DEMANDS!J$3,'BY-Demands'!$J$5:$AK$14,MATCH($E42,'BY-Demands'!$I$5:$I$14,0),FALSE)*HLOOKUP(REG_TRA_DEMANDS!$F42,DEMANDS!$G$2:$CK$25,MATCH($E42,DEMANDS!$E$2:$E$25,0),FALSE)/HLOOKUP(2018,DEMANDS!$G$2:$CK$25,MATCH($E42,DEMANDS!$E$2:$E$25,0),FALSE) -> 0.80467321 | K42: =HLOOKUP(REG_TRA_DEMANDS!K$3,'BY-Demands'!$J$5:$AK$14,MATCH($E42,'BY-Demands'!$I$5:$I$14,0),FALSE)*HLOOKUP(REG_TRA_DEMANDS!$F42,DEMANDS!$G$2:$CK$25,MATCH($E42,DEMANDS!$E$2:$E$25,0),FALSE)/HLOOKUP(2018,DEMANDS!$G$2:$CK$25,MATCH($E42,DEMANDS!$E$2:$E$25,0),FALSE) -> 0.60540809 | L42: =HLOOKUP(REG_TRA_DEMANDS!L$3,'BY-Demands'!$J$5:$AK$14,MATCH($E42,'BY-Demands'!$I$5:$I$14,0),FALSE)*HLOOKUP(REG_TRA_DEMANDS!$F42,DEMANDS!$G$2:$CK$25,MATCH($E42,DEMANDS!$E$2:$E$25,0),FALSE)/HLOOKUP(2018,DEMANDS!$G$2:$CK$25,MATCH($E42,DEMANDS!$E$2:$E$25,0),FALSE) -> 0.31190313 | M42: =HLOOKUP(REG_TRA_DEMANDS!M$3,'BY-Demands'!$J$5:$AK$14,MATCH($E42,'BY-Demands'!$I$5:$I$14,0),FALSE)*HLOOKUP(REG_TRA_DEMANDS!$F42,DEMANDS!$G$2:$CK$25,MATCH($E42,DEMANDS!$E$2:$E$25,0),FALSE)/HLOOKUP(2018,DEMANDS!$G$2:$CK$25,MATCH($E42,DEMANDS!$E$2:$E$25,0),FALSE) -> 0.84012736 | N42: =HLOOKUP(REG_TRA_DEMANDS!N$3,'BY-Demands'!$J$5:$AK$14,MATCH($E42,'BY-Demands'!$I$5:$I$14,0),FALSE)*HLOOKUP(REG_TRA_DEMANDS!$F42,DEMANDS!$G$2:$CK$25,MATCH($E42,DEMANDS!$E$2:$E$25,0),FALSE)/HLOOKUP(2018,DEMANDS!$G$2:$CK$25,MATCH($E42,DEMANDS!$E$2:$E$25,0),FALSE) -> 1.4585571 | ... AF42: =HLOOKUP(REG_TRA_DEMANDS!AF$3,'BY-Demands'!$J$5:$AK$14,MATCH($E42,'BY-Demands'!$I$5:$I$14,0),FALSE)*HLOOKUP(REG_TRA_DEMANDS!$F42,DEMANDS!$G$2:$CK$25,MATCH($E42,DEMANDS!$E$2:$E$25,0),FALSE)/HLOOKUP(2018,DEMANDS!$G$2:$CK$25,MATCH($E42,DEMANDS!$E$2:$E$25,0),FALSE) -> 0.52039059
... D57: COM_PROJ | E57: =DEMANDS!$E$18 -> TRAPM | F57: 2070 | G57: =HLOOKUP(REG_TRA_DEMANDS!G$3,'BY-Demands'!$J$5:$AK$14,MATCH($E57,'BY-Demands'!$I$5:$I$14,0),FALSE)*HLOOKUP(REG_TRA_DEMANDS!$F57,DEMANDS!$G$2:$CK$25,MATCH($E57,DEMANDS!$E$2:$E$25,0),FALSE)/HLOOKUP(2018,DEMANDS!$G$2:$CK$25,MATCH($E57,DEMANDS!$E$2:$E$25,0),FALSE) -> 0.68802783 | H57: =HLOOKUP(REG_TRA_DEMANDS!H$3,'BY-Demands'!$J$5:$AK$14,MATCH($E57,'BY-Demands'!$I$5:$I$14,0),FALSE)*HLOOKUP(REG_TRA_DEMANDS!$F57,DEMANDS!$G$2:$CK$25,MATCH($E57,DEMANDS!$E$2:$E$25,0),FALSE)/HLOOKUP(2018,DEMANDS!$G$2:$CK$25,MATCH($E57,DEMANDS!$E$2:$E$25,0),FALSE) -> 12.04887 | I57: =HLOOKUP(REG_TRA_DEMANDS!I$3,'BY-Demands'!$J$5:$AK$14,MATCH($E57,'BY-Demands'!$I$5:$I$14,0),FALSE)*HLOOKUP(REG_TRA_DEMANDS!$F57,DEMANDS!$G$2:$CK$25,MATCH($E57,DEMANDS!$E$2:$E$25,0),FALSE)/HLOOKUP(2018,DEMANDS!$G$2:$CK$25,MATCH($E57,DEMANDS!$E$2:$E$25,0),FALSE) -> 2.4535333 | J57: =HLOOKUP(REG_TRA_DEMANDS!J$3,'BY-Demands'!$J$5:$AK$14,MATCH($E57,'BY-Demands'!$I$5:$I$14,0),FALSE)*HLOOKUP(REG_TRA_DEMANDS!$F57,DEMANDS!$G$2:$CK$25,MATCH($E57,DEMANDS!$E$2:$E$25,0),FALSE)/HLOOKUP(2018,DEMANDS!$G$2:$CK$25,MATCH($E57,DEMANDS!$E$2:$E$25,0),FALSE) -> 1.1652306 | K57: =HLOOKUP(REG_TRA_DEMANDS!K$3,'BY-Demands'!$J$5:$AK$14,MATCH($E57,'BY-Demands'!$I$5:$I$14,0),FALSE)*HLOOKUP(REG_TRA_DEMANDS!$F57,DEMANDS!$G$2:$CK$25,MATCH($E57,DEMANDS!$E$2:$E$25,0),FALSE)/HLOOKUP(2018,DEMANDS!$G$2:$CK$25,MATCH($E57,DEMANDS!$E$2:$E$25,0),FALSE) -> 0.87667894 | L57: =HLOOKUP(REG_TRA_DEMANDS!L$3,'BY-Demands'!$J$5:$AK$14,MATCH($E57,'BY-Demands'!$I$5:$I$14,0),FALSE)*HLOOKUP(REG_TRA_DEMANDS!$F57,DEMANDS!$G$2:$CK$25,MATCH($E57,DEMANDS!$E$2:$E$25,0),FALSE)/HLOOKUP(2018,DEMANDS!$G$2:$CK$25,MATCH($E57,DEMANDS!$E$2:$E$25,0),FALSE) -> 0.45166048 | M57: =HLOOKUP(REG_TRA_DEMANDS!M$3,'BY-Demands'!$J$5:$AK$14,MATCH($E57,'BY-Demands'!$I$5:$I$14,0),FALSE)*HLOOKUP(REG_TRA_DEMANDS!$F57,DEMANDS!$G$2:$CK$25,MATCH($E57,DEMANDS!$E$2:$E$25,0),FALSE)/HLOOKUP(2018,DEMANDS!$G$2:$CK$25,MATCH($E57,DEMANDS!$E$2:$E$25,0),FALSE) -> 1.2165711 | N57: =HLOOKUP(REG_TRA_DEMANDS!N$3,'BY-Demands'!$J$5:$AK$14,MATCH($E57,'BY-Demands'!$I$5:$I$14,0),FALSE)*HLOOKUP(REG_TRA_DEMANDS!$F57,DEMANDS!$G$2:$CK$25,MATCH($E57,DEMANDS!$E$2:$E$25,0),FALSE)/HLOOKUP(2018,DEMANDS!$G$2:$CK$25,MATCH($E57,DEMANDS!$E$2:$E$25,0),FALSE) -> 2.1121064 | ... AF57: =HLOOKUP(REG_TRA_DEMANDS!AF$3,'BY-Demands'!$J$5:$AK$14,MATCH($E57,'BY-Demands'!$I$5:$I$14,0),FALSE)*HLOOKUP(REG_TRA_DEMANDS!$F57,DEMANDS!$G$2:$CK$25,MATCH($E57,DEMANDS!$E$2:$E$25,0),FALSE)/HLOOKUP(2018,DEMANDS!$G$2:$CK$25,MATCH($E57,DEMANDS!$E$2:$E$25,0),FALSE) -> 0.75356686
D58: COM_PROJ | E58: =DEMANDS!$E$19 -> TRAPL | F58: 2020 | G58: =HLOOKUP(REG_TRA_DEMANDS!G$3,'BY-Demands'!$J$5:$AK$14,MATCH($E58,'BY-Demands'!$I$5:$I$14,0),FALSE)*HLOOKUP(REG_TRA_DEMANDS!$F58,DEMANDS!$G$2:$CK$25,MATCH($E58,DEMANDS!$E$2:$E$25,0),FALSE)/HLOOKUP(2018,DEMANDS!$G$2:$CK$25,MATCH($E58,DEMANDS!$E$2:$E$25,0),FALSE) -> 0.24691993 | H58: =HLOOKUP(REG_TRA_DEMANDS!H$3,'BY-Demands'!$J$5:$AK$14,MATCH($E58,'BY-Demands'!$I$5:$I$14,0),FALSE)*HLOOKUP(REG_TRA_DEMANDS!$F58,DEMANDS!$G$2:$CK$25,MATCH($E58,DEMANDS!$E$2:$E$25,0),FALSE)/HLOOKUP(2018,DEMANDS!$G$2:$CK$25,MATCH($E58,DEMANDS!$E$2:$E$25,0),FALSE) -> 4.3987208 | I58: =HLOOKUP(REG_TRA_DEMANDS!I$3,'BY-Demands'!$J$5:$AK$14,MATCH($E58,'BY-Demands'!$I$5:$I$14,0),FALSE)*HLOOKUP(REG_TRA_DEMANDS!$F58,DEMANDS!$G$2:$CK$25,MATCH($E58,DEMANDS!$E$2:$E$25,0),FALSE)/HLOOKUP(2018,DEMANDS!$G$2:$CK$25,MATCH($E58,DEMANDS!$E$2:$E$25,0),FALSE) -> 0.88875645 | J58: =HLOOKUP(REG_TRA_DEMANDS!J$3,'BY-Demands'!$J$5:$AK$14,MATCH($E58,'BY-Demands'!$I$5:$I$14,0),FALSE)*HLOOKUP(REG_TRA_DEMANDS!$F58,DEMANDS!$G$2:$CK$25,MATCH($E58,DEMANDS!$E$2:$E$25,0),FALSE)/HLOOKUP(2018,DEMANDS!$G$2:$CK$25,MATCH($E58,DEMANDS!$E$2:$E$25,0),FALSE) -> 0.42797186 | K58: =HLOOKUP(REG_TRA_DEMANDS!K$3,'BY-Demands'!$J$5:$AK$14,MATCH($E58,'BY-Demands'!$I$5:$I$14,0),FALSE)*HLOOKUP(REG_TRA_DEMANDS!$F58,DEMANDS!$G$2:$CK$25,MATCH($E58,DEMANDS!$E$2:$E$25,0),FALSE)/HLOOKUP(2018,DEMANDS!$G$2:$CK$25,MATCH($E58,DEMANDS!$E$2:$E$25,0),FALSE) -> 0.31797971 | L58: =HLOOKUP(REG_TRA_DEMANDS!L$3,'BY-Demands'!$J$5:$AK$14,MATCH($E58,'BY-Demands'!$I$5:$I$14,0),FALSE)*HLOOKUP(REG_TRA_DEMANDS!$F58,DEMANDS!$G$2:$CK$25,MATCH($E58,DEMANDS!$E$2:$E$25,0),FALSE)/HLOOKUP(2018,DEMANDS!$G$2:$CK$25,MATCH($E58,DEMANDS!$E$2:$E$25,0),FALSE) -> 0.16373165 | M58: =HLOOKUP(REG_TRA_DEMANDS!M$3,'BY-Demands'!$J$5:$AK$14,MATCH($E58,'BY-Demands'!$I$5:$I$14,0),FALSE)*HLOOKUP(REG_TRA_DEMANDS!$F58,DEMANDS!$G$2:$CK$25,MATCH($E58,DEMANDS!$E$2:$E$25,0),FALSE)/HLOOKUP(2018,DEMANDS!$G$2:$CK$25,MATCH($E58,DEMANDS!$E$2:$E$25,0),FALSE) -> 0.44489965 | N58: =HLOOKUP(REG_TRA_DEMANDS!N$3,'BY-Demands'!$J$5:$AK$14,MATCH($E58,'BY-Demands'!$I$5:$I$14,0),FALSE)*HLOOKUP(REG_TRA_DEMANDS!$F58,DEMANDS!$G$2:$CK$25,MATCH($E58,DEMANDS!$E$2:$E$25,0),FALSE)/HLOOKUP(2018,DEMANDS!$G$2:$CK$25,MATCH($E58,DEMANDS!$E$2:$E$25,0),FALSE) -> 0.75655804 | ... AF58: =HLOOKUP(REG_TRA_DEMANDS!AF$3,'BY-Demands'!$J$5:$AK$14,MATCH($E58,'BY-Demands'!$I$5:$I$14,0),FALSE)*HLOOKUP(REG_TRA_DEMANDS!$F58,DEMANDS!$G$2:$CK$25,MATCH($E58,DEMANDS!$E$2:$E$25,0),FALSE)/HLOOKUP(2018,DEMANDS!$G$2:$CK$25,MATCH($E58,DEMANDS!$E$2:$E$25,0),FALSE) -> 0.28271035
D59: COM_PROJ | E59: =DEMANDS!$E$19 -> TRAPL | F59: 2021 | G59: =HLOOKUP(REG_TRA_DEMANDS!G$3,'BY-Demands'!$J$5:$AK$14,MATCH($E59,'BY-Demands'!$I$5:$I$14,0),FALSE)*HLOOKUP(REG_TRA_DEMANDS!$F59,DEMANDS!$G$2:$CK$25,MATCH($E59,DEMANDS!$E$2:$E$25,0),FALSE)/HLOOKUP(2018,DEMANDS!$G$2:$CK$25,MATCH($E59,DEMANDS!$E$2:$E$25,0),FALSE) -> 0.25081974 | H59: =HLOOKUP(REG_TRA_DEMANDS!H$3,'BY-Demands'!$J$5:$AK$14,MATCH($E59,'BY-Demands'!$I$5:$I$14,0),FALSE)*HLOOKUP(REG_TRA_DEMANDS!$F59,DEMANDS!$G$2:$CK$25,MATCH($E59,DEMANDS!$E$2:$E$25,0),FALSE)/HLOOKUP(2018,DEMANDS!$G$2:$CK$25,MATCH($E59,DEMANDS!$E$2:$E$25,0),FALSE) -> 4.4681935 | I59: =HLOOKUP(REG_TRA_DEMANDS!I$3,'BY-Demands'!$J$5:$AK$14,MATCH($E59,'BY-Demands'!$I$5:$I$14,0),FALSE)*HLOOKUP(REG_TRA_DEMANDS!$F59,DEMANDS!$G$2:$CK$25,MATCH($E59,DEMANDS!$E$2:$E$25,0),FALSE)/HLOOKUP(2018,DEMANDS!$G$2:$CK$25,MATCH($E59,DEMANDS!$E$2:$E$25,0),FALSE) -> 0.90279333 | J59: =HLOOKUP(REG_TRA_DEMANDS!J$3,'BY-Demands'!$J$5:$AK$14,MATCH($E59,'BY-Demands'!$I$5:$I$14,0),FALSE)*HLOOKUP(REG_TRA_DEMANDS!$F59,DEMANDS!$G$2:$CK$25,MATCH($E59,DEMANDS!$E$2:$E$25,0),FALSE)/HLOOKUP(2018,DEMANDS!$G$2:$CK$25,MATCH($E59,DEMANDS!$E$2:$E$25,0),FALSE) -> 0.43473118 | K59: =HLOOKUP(REG_TRA_DEMANDS!K$3,'BY-Demands'!$J$5:$AK$14,MATCH($E59,'BY-Demands'!$I$5:$I$14,0),FALSE)*HLOOKUP(REG_TRA_DEMANDS!$F59,DEMANDS!$G$2:$CK$25,MATCH($E59,DEMANDS!$E$2:$E$25,0),FALSE)/HLOOKUP(2018,DEMANDS!$G$2:$CK$25,MATCH($E59,DEMANDS!$E$2:$E$25,0),FALSE) -> 0.32300183 | L59: =HLOOKUP(REG_TRA_DEMANDS!L$3,'BY-Demands'!$J$5:$AK$14,MATCH($E59,'BY-Demands'!$I$5:$I$14,0),FALSE)*HLOOKUP(REG_TRA_DEMANDS!$F59,DEMANDS!$G$2:$CK$25,MATCH($E59,DEMANDS!$E$2:$E$25,0),FALSE)/HLOOKUP(2018,DEMANDS!$G$2:$CK$25,MATCH($E59,DEMANDS!$E$2:$E$25,0),FALSE) -> 0.16631761 | M59: =HLOOKUP(REG_TRA_DEMANDS!M$3,'BY-Demands'!$J$5:$AK$14,MATCH($E59,'BY-Demands'!$I$5:$I$14,0),FALSE)*HLOOKUP(REG_TRA_DEMANDS!$F59,DEMANDS!$G$2:$CK$25,MATCH($E59,DEMANDS!$E$2:$E$25,0),FALSE)/HLOOKUP(2018,DEMANDS!$G$2:$CK$25,MATCH($E59,DEMANDS!$E$2:$E$25,0),FALSE) -> 0.45192632 | N59: =HLOOKUP(REG_TRA_DEMANDS!N$3,'BY-Demands'!$J$5:$AK$14,MATCH($E59,'BY-Demands'!$I$5:$I$14,0),FALSE)*HLOOKUP(REG_TRA_DEMANDS!$F59,DEMANDS!$G$2:$CK$25,MATCH($E59,DEMANDS!$E$2:$E$25,0),FALSE)/HLOOKUP(2018,DEMANDS!$G$2:$CK$25,MATCH($E59,DEMANDS!$E$2:$E$25,0),FALSE) -> 0.768507 | ... AF59: =HLOOKUP(REG_TRA_DEMANDS!AF$3,'BY-Demands'!$J$5:$AK$14,MATCH($E59,'BY-Demands'!$I$5:$I$14,0),FALSE)*HLOOKUP(REG_TRA_DEMANDS!$F59,DEMANDS!$G$2:$CK$25,MATCH($E59,DEMANDS!$E$2:$E$25,0),FALSE)/HLOOKUP(2018,DEMANDS!$G$2:$CK$25,MATCH($E59,DEMANDS!$E$2:$E$25,0),FALSE) -> 0.28717544
D60: COM_PROJ | E60: =DEMANDS!$E$19 -> TRAPL | F60: 2022 | G60: =HLOOKUP(REG_TRA_DEMANDS!G$3,'BY-Demands'!$J$5:$AK$14,MATCH($E60,'BY-Demands'!$I$5:$I$14,0),FALSE)*HLOOKUP(REG_TRA_DEMANDS!$F60,DEMANDS!$G$2:$CK$25,MATCH($E60,DEMANDS!$E$2:$E$25,0),FALSE)/HLOOKUP(2018,DEMANDS!$G$2:$CK$25,MATCH($E60,DEMANDS!$E$2:$E$25,0),FALSE) -> 0.25976818 | H60: =HLOOKUP(REG_TRA_DEMANDS!H$3,'BY-Demands'!$J$5:$AK$14,MATCH($E60,'BY-Demands'!$I$5:$I$14,0),FALSE)*HLOOKUP(REG_TRA_DEMANDS!$F60,DEMANDS!$G$2:$CK$25,MATCH($E60,DEMANDS!$E$2:$E$25,0),FALSE)/HLOOKUP(2018,DEMANDS!$G$2:$CK$25,MATCH($E60,DEMANDS!$E$2:$E$25,0),FALSE) -> 4.6276041 | I60: =HLOOKUP(REG_TRA_DEMANDS!I$3,'BY-Demands'!$J$5:$AK$14,MATCH($E60,'BY-Demands'!$I$5:$I$14,0),FALSE)*HLOOKUP(REG_TRA_DEMANDS!$F60,DEMANDS!$G$2:$CK$25,MATCH($E60,DEMANDS!$E$2:$E$25,0),FALSE)/HLOOKUP(2018,DEMANDS!$G$2:$CK$25,MATCH($E60,DEMANDS!$E$2:$E$25,0),FALSE) -> 0.93500205 | J60: =HLOOKUP(REG_TRA_DEMANDS!J$3,'BY-Demands'!$J$5:$AK$14,MATCH($E60,'BY-Demands'!$I$5:$I$14,0),FALSE)*HLOOKUP(REG_TRA_DEMANDS!$F60,DEMANDS!$G$2:$CK$25,MATCH($E60,DEMANDS!$E$2:$E$25,0),FALSE)/HLOOKUP(2018,DEMANDS!$G$2:$CK$25,MATCH($E60,DEMANDS!$E$2:$E$25,0),FALSE) -> 0.45024098 | K60: =HLOOKUP(REG_TRA_DEMANDS!K$3,'BY-Demands'!$J$5:$AK$14,MATCH($E60,'BY-Demands'!$I$5:$I$14,0),FALSE)*HLOOKUP(REG_TRA_DEMANDS!$F60,DEMANDS!$G$2:$CK$25,MATCH($E60,DEMANDS!$E$2:$E$25,0),FALSE)/HLOOKUP(2018,DEMANDS!$G$2:$CK$25,MATCH($E60,DEMANDS!$E$2:$E$25,0),FALSE) -> 0.33452549 | L60: =HLOOKUP(REG_TRA_DEMANDS!L$3,'BY-Demands'!$J$5:$AK$14,MATCH($E60,'BY-Demands'!$I$5:$I$14,0),FALSE)*HLOOKUP(REG_TRA_DEMANDS!$F60,DEMANDS!$G$2:$CK$25,MATCH($E60,DEMANDS!$E$2:$E$25,0),FALSE)/HLOOKUP(2018,DEMANDS!$G$2:$CK$25,MATCH($E60,DEMANDS!$E$2:$E$25,0),FALSE) -> 0.17225128 | M60: =HLOOKUP(REG_TRA_DEMANDS!M$3,'BY-Demands'!$J$5:$AK$14,MATCH($E60,'BY-Demands'!$I$5:$I$14,0),FALSE)*HLOOKUP(REG_TRA_DEMANDS!$F60,DEMANDS!$G$2:$CK$25,MATCH($E60,DEMANDS!$E$2:$E$25,0),FALSE)/HLOOKUP(2018,DEMANDS!$G$2:$CK$25,MATCH($E60,DEMANDS!$E$2:$E$25,0),FALSE) -> 0.46804958 | N60: =HLOOKUP(REG_TRA_DEMANDS!N$3,'BY-Demands'!$J$5:$AK$14,MATCH($E60,'BY-Demands'!$I$5:$I$14,0),FALSE)*HLOOKUP(REG_TRA_DEMANDS!$F60,DEMANDS!$G$2:$CK$25,MATCH($E60,DEMANDS!$E$2:$E$25,0),FALSE)/HLOOKUP(2018,DEMANDS!$G$2:$CK$25,MATCH($E60,DEMANDS!$E$2:$E$25,0),FALSE) -> 0.79592483 | ... AF60: =HLOOKUP(REG_TRA_DEMANDS!AF$3,'BY-Demands'!$J$5:$AK$14,MATCH($E60,'BY-Demands'!$I$5:$I$14,0),FALSE)*HLOOKUP(REG_TRA_DEMANDS!$F60,DEMANDS!$G$2:$CK$25,MATCH($E60,DEMANDS!$E$2:$E$25,0),FALSE)/HLOOKUP(2018,DEMANDS!$G$2:$CK$25,MATCH($E60,DEMANDS!$E$2:$E$25,0),FALSE) -> 0.29742092
D61: COM_PROJ | E61: =DEMANDS!$E$19 -> TRAPL | F61: 2023 | G61: =HLOOKUP(REG_TRA_DEMANDS!G$3,'BY-Demands'!$J$5:$AK$14,MATCH($E61,'BY-Demands'!$I$5:$I$14,0),FALSE)*HLOOKUP(REG_TRA_DEMANDS!$F61,DEMANDS!$G$2:$CK$25,MATCH($E61,DEMANDS!$E$2:$E$25,0),FALSE)/HLOOKUP(2018,DEMANDS!$G$2:$CK$25,MATCH($E61,DEMANDS!$E$2:$E$25,0),FALSE) -> 0.26071442 | H61: =HLOOKUP(REG_TRA_DEMANDS!H$3,'BY-Demands'!$J$5:$AK$14,MATCH($E61,'BY-Demands'!$I$5:$I$14,0),FALSE)*HLOOKUP(REG_TRA_DEMANDS!$F61,DEMANDS!$G$2:$CK$25,MATCH($E61,DEMANDS!$E$2:$E$25,0),FALSE)/HLOOKUP(2018,DEMANDS!$G$2:$CK$25,MATCH($E61,DEMANDS!$E$2:$E$25,0),FALSE) -> 4.6444609 | I61: =HLOOKUP(REG_TRA_DEMANDS!I$3,'BY-Demands'!$J$5:$AK$14,MATCH($E61,'BY-Demands'!$I$5:$I$14,0),FALSE)*HLOOKUP(REG_TRA_DEMANDS!$F61,DEMANDS!$G$2:$CK$25,MATCH($E61,DEMANDS!$E$2:$E$25,0),FALSE)/HLOOKUP(2018,DEMANDS!$G$2:$CK$25,MATCH($E61,DEMANDS!$E$2:$E$25,0),FALSE) -> 0.93840795 | J61: =HLOOKUP(REG_TRA_DEMANDS!J$3,'BY-Demands'!$J$5:$AK$14,MATCH($E61,'BY-Demands'!$I$5:$I$14,0),FALSE)*HLOOKUP(REG_TRA_DEMANDS!$F61,DEMANDS!$G$2:$CK$25,MATCH($E61,DEMANDS!$E$2:$E$25,0),FALSE)/HLOOKUP(2018,DEMANDS!$G$2:$CK$25,MATCH($E61,DEMANDS!$E$2:$E$25,0),FALSE) -> 0.45188105 | K61: =HLOOKUP(REG_TRA_DEMANDS!K$3,'BY-Demands'!$J$5:$AK$14,MATCH($E61,'BY-Demands'!$I$5:$I$14,0),FALSE)*HLOOKUP(REG_TRA_DEMANDS!$F61,DEMANDS!$G$2:$CK$25,MATCH($E61,DEMANDS!$E$2:$E$25,0),FALSE)/HLOOKUP(2018,DEMANDS!$G$2:$CK$25,MATCH($E61,DEMANDS!$E$2:$E$25,0),FALSE) -> 0.33574405 | L61: =HLOOKUP(REG_TRA_DEMANDS!L$3,'BY-Demands'!$J$5:$AK$14,MATCH($E61,'BY-Demands'!$I$5:$I$14,0),FALSE)*HLOOKUP(REG_TRA_DEMANDS!$F61,DEMANDS!$G$2:$CK$25,MATCH($E61,DEMANDS!$E$2:$E$25,0),FALSE)/HLOOKUP(2018,DEMANDS!$G$2:$CK$25,MATCH($E61,DEMANDS!$E$2:$E$25,0),FALSE) -> 0.17287873 | M61: =HLOOKUP(REG_TRA_DEMANDS!M$3,'BY-Demands'!$J$5:$AK$14,MATCH($E61,'BY-Demands'!$I$5:$I$14,0),FALSE)*HLOOKUP(REG_TRA_DEMANDS!$F61,DEMANDS!$G$2:$CK$25,MATCH($E61,DEMANDS!$E$2:$E$25,0),FALSE)/HLOOKUP(2018,DEMANDS!$G$2:$CK$25,MATCH($E61,DEMANDS!$E$2:$E$25,0),FALSE) -> 0.46975453 | N61: =HLOOKUP(REG_TRA_DEMANDS!N$3,'BY-Demands'!$J$5:$AK$14,MATCH($E61,'BY-Demands'!$I$5:$I$14,0),FALSE)*HLOOKUP(REG_TRA_DEMANDS!$F61,DEMANDS!$G$2:$CK$25,MATCH($E61,DEMANDS!$E$2:$E$25,0),FALSE)/HLOOKUP(2018,DEMANDS!$G$2:$CK$25,MATCH($E61,DEMANDS!$E$2:$E$25,0),FALSE) -> 0.79882411 | ... AF61: =HLOOKUP(REG_TRA_DEMANDS!AF$3,'BY-Demands'!$J$5:$AK$14,MATCH($E61,'BY-Demands'!$I$5:$I$14,0),FALSE)*HLOOKUP(REG_TRA_DEMANDS!$F61,DEMANDS!$G$2:$CK$25,MATCH($E61,DEMANDS!$E$2:$E$25,0),FALSE)/HLOOKUP(2018,DEMANDS!$G$2:$CK$25,MATCH($E61,DEMANDS!$E$2:$E$25,0),FALSE) -> 0.29850432
D62: COM_PROJ | E62: =DEMANDS!$E$19 -> TRAPL | F62: 2024 | G62: =HLOOKUP(REG_TRA_DEMANDS!G$3,'BY-Demands'!$J$5:$AK$14,MATCH($E62,'BY-Demands'!$I$5:$I$14,0),FALSE)*HLOOKUP(REG_TRA_DEMANDS!$F62,DEMANDS!$G$2:$CK$25,MATCH($E62,DEMANDS!$E$2:$E$25,0),FALSE)/HLOOKUP(2018,DEMANDS!$G$2:$CK$25,MATCH($E62,DEMANDS!$E$2:$E$25,0),FALSE) -> 0.26723228 | H62: =HLOOKUP(REG_TRA_DEMANDS!H$3,'BY-Demands'!$J$5:$AK$14,MATCH($E62,'BY-Demands'!$I$5:$I$14,0),FALSE)*HLOOKUP(REG_TRA_DEMANDS!$F62,DEMANDS!$G$2:$CK$25,MATCH($E62,DEMANDS!$E$2:$E$25,0),FALSE)/HLOOKUP(2018,DEMANDS!$G$2:$CK$25,MATCH($E62,DEMANDS!$E$2:$E$25,0),FALSE) -> 4.7605725 | I62: =HLOOKUP(REG_TRA_DEMANDS!I$3,'BY-Demands'!$J$5:$AK$14,MATCH($E62,'BY-Demands'!$I$5:$I$14,0),FALSE)*HLOOKUP(REG_TRA_DEMANDS!$F62,DEMANDS!$G$2:$CK$25,MATCH($E62,DEMANDS!$E$2:$E$25,0),FALSE)/HLOOKUP(2018,DEMANDS!$G$2:$CK$25,MATCH($E62,DEMANDS!$E$2:$E$25,0),FALSE) -> 0.96186815 | J62: =HLOOKUP(REG_TRA_DEMANDS!J$3,'BY-Demands'!$J$5:$AK$14,MATCH($E62,'BY-Demands'!$I$5:$I$14,0),FALSE)*HLOOKUP(REG_TRA_DEMANDS!$F62,DEMANDS!$G$2:$CK$25,MATCH($E62,DEMANDS!$E$2:$E$25,0),FALSE)/HLOOKUP(2018,DEMANDS!$G$2:$CK$25,MATCH($E62,DEMANDS!$E$2:$E$25,0),FALSE) -> 0.46317808 | K62: =HLOOKUP(REG_TRA_DEMANDS!K$3,'BY-Demands'!$J$5:$AK$14,MATCH($E62,'BY-Demands'!$I$5:$I$14,0),FALSE)*HLOOKUP(REG_TRA_DEMANDS!$F62,DEMANDS!$G$2:$CK$25,MATCH($E62,DEMANDS!$E$2:$E$25,0),FALSE)/HLOOKUP(2018,DEMANDS!$G$2:$CK$25,MATCH($E62,DEMANDS!$E$2:$E$25,0),FALSE) -> 0.34413765 | L62: =HLOOKUP(REG_TRA_DEMANDS!L$3,'BY-Demands'!$J$5:$AK$14,MATCH($E62,'BY-Demands'!$I$5:$I$14,0),FALSE)*HLOOKUP(REG_TRA_DEMANDS!$F62,DEMANDS!$G$2:$CK$25,MATCH($E62,DEMANDS!$E$2:$E$25,0),FALSE)/HLOOKUP(2018,DEMANDS!$G$2:$CK$25,MATCH($E62,DEMANDS!$E$2:$E$25,0),FALSE) -> 0.1772007 | M62: =HLOOKUP(REG_TRA_DEMANDS!M$3,'BY-Demands'!$J$5:$AK$14,MATCH($E62,'BY-Demands'!$I$5:$I$14,0),FALSE)*HLOOKUP(REG_TRA_DEMANDS!$F62,DEMANDS!$G$2:$CK$25,MATCH($E62,DEMANDS!$E$2:$E$25,0),FALSE)/HLOOKUP(2018,DEMANDS!$G$2:$CK$25,MATCH($E62,DEMANDS!$E$2:$E$25,0),FALSE) -> 0.48149839 | N62: =HLOOKUP(REG_TRA_DEMANDS!N$3,'BY-Demands'!$J$5:$AK$14,MATCH($E62,'BY-Demands'!$I$5:$I$14,0),FALSE)*HLOOKUP(REG_TRA_DEMANDS!$F62,DEMANDS!$G$2:$CK$25,MATCH($E62,DEMANDS!$E$2:$E$25,0),FALSE)/HLOOKUP(2018,DEMANDS!$G$2:$CK$25,MATCH($E62,DEMANDS!$E$2:$E$25,0),FALSE) -> 0.81879472 | ... AF62: =HLOOKUP(REG_TRA_DEMANDS!AF$3,'BY-Demands'!$J$5:$AK$14,MATCH($E62,'BY-Demands'!$I$5:$I$14,0),FALSE)*HLOOKUP(REG_TRA_DEMANDS!$F62,DEMANDS!$G$2:$CK$25,MATCH($E62,DEMANDS!$E$2:$E$25,0),FALSE)/HLOOKUP(2018,DEMANDS!$G$2:$CK$25,MATCH($E62,DEMANDS!$E$2:$E$25,0),FALSE) -> 0.30596693
D63: COM_PROJ | E63: =DEMANDS!$E$19 -> TRAPL | F63: 2025 | G63: =HLOOKUP(REG_TRA_DEMANDS!G$3,'BY-Demands'!$J$5:$AK$14,MATCH($E63,'BY-Demands'!$I$5:$I$14,0),FALSE)*HLOOKUP(REG_TRA_DEMANDS!$F63,DEMANDS!$G$2:$CK$25,MATCH($E63,DEMANDS!$E$2:$E$25,0),FALSE)/HLOOKUP(2018,DEMANDS!$G$2:$CK$25,MATCH($E63,DEMANDS!$E$2:$E$25,0),FALSE) -> 0.27391309 | H63: =HLOOKUP(REG_TRA_DEMANDS!H$3,'BY-Demands'!$J$5:$AK$14,MATCH($E63,'BY-Demands'!$I$5:$I$14,0),FALSE)*HLOOKUP(REG_TRA_DEMANDS!$F63,DEMANDS!$G$2:$CK$25,MATCH($E63,DEMANDS!$E$2:$E$25,0),FALSE)/HLOOKUP(2018,DEMANDS!$G$2:$CK$25,MATCH($E63,DEMANDS!$E$2:$E$25,0),FALSE) -> 4.8795868 | I63: =HLOOKUP(REG_TRA_DEMANDS!I$3,'BY-Demands'!$J$5:$AK$14,MATCH($E63,'BY-Demands'!$I$5:$I$14,0),FALSE)*HLOOKUP(REG_TRA_DEMANDS!$F63,DEMANDS!$G$2:$CK$25,MATCH($E63,DEMANDS!$E$2:$E$25,0),FALSE)/HLOOKUP(2018,DEMANDS!$G$2:$CK$25,MATCH($E63,DEMANDS!$E$2:$E$25,0),FALSE) -> 0.98591485 | J63: =HLOOKUP(REG_TRA_DEMANDS!J$3,'BY-Demands'!$J$5:$AK$14,MATCH($E63,'BY-Demands'!$I$5:$I$14,0),FALSE)*HLOOKUP(REG_TRA_DEMANDS!$F63,DEMANDS!$G$2:$CK$25,MATCH($E63,DEMANDS!$E$2:$E$25,0),FALSE)/HLOOKUP(2018,DEMANDS!$G$2:$CK$25,MATCH($E63,DEMANDS!$E$2:$E$25,0),FALSE) -> 0.47475753 | K63: =HLOOKUP(REG_TRA_DEMANDS!K$3,'BY-Demands'!$J$5:$AK$14,MATCH($E63,'BY-Demands'!$I$5:$I$14,0),FALSE)*HLOOKUP(REG_TRA_DEMANDS!$F63,DEMANDS!$G$2:$CK$25,MATCH($E63,DEMANDS!$E$2:$E$25,0),FALSE)/HLOOKUP(2018,DEMANDS!$G$2:$CK$25,MATCH($E63,DEMANDS!$E$2:$E$25,0),FALSE) -> 0.35274109 | L63: =HLOOKUP(REG_TRA_DEMANDS!L$3,'BY-Demands'!$J$5:$AK$14,MATCH($E63,'BY-Demands'!$I$5:$I$14,0),FALSE)*HLOOKUP(REG_TRA_DEMANDS!$F63,DEMANDS!$G$2:$CK$25,MATCH($E63,DEMANDS!$E$2:$E$25,0),FALSE)/HLOOKUP(2018,DEMANDS!$G$2:$CK$25,MATCH($E63,DEMANDS!$E$2:$E$25,0),FALSE) -> 0.18163071 | M63: =HLOOKUP(REG_TRA_DEMANDS!M$3,'BY-Demands'!$J$5:$AK$14,MATCH($E63,'BY-Demands'!$I$5:$I$14,0),FALSE)*HLOOKUP(REG_TRA_DEMANDS!$F63,DEMANDS!$G$2:$CK$25,MATCH($E63,DEMANDS!$E$2:$E$25,0),FALSE)/HLOOKUP(2018,DEMANDS!$G$2:$CK$25,MATCH($E63,DEMANDS!$E$2:$E$25,0),FALSE) -> 0.49353585 | N63: =HLOOKUP(REG_TRA_DEMANDS!N$3,'BY-Demands'!$J$5:$AK$14,MATCH($E63,'BY-Demands'!$I$5:$I$14,0),FALSE)*HLOOKUP(REG_TRA_DEMANDS!$F63,DEMANDS!$G$2:$CK$25,MATCH($E63,DEMANDS!$E$2:$E$25,0),FALSE)/HLOOKUP(2018,DEMANDS!$G$2:$CK$25,MATCH($E63,DEMANDS!$E$2:$E$25,0),FALSE) -> 0.83926458 | ... AF63: =HLOOKUP(REG_TRA_DEMANDS!AF$3,'BY-Demands'!$J$5:$AK$14,MATCH($E63,'BY-Demands'!$I$5:$I$14,0),FALSE)*HLOOKUP(REG_TRA_DEMANDS!$F63,DEMANDS!$G$2:$CK$25,MATCH($E63,DEMANDS!$E$2:$E$25,0),FALSE)/HLOOKUP(2018,DEMANDS!$G$2:$CK$25,MATCH($E63,DEMANDS!$E$2:$E$25,0),FALSE) -> 0.31361611
D64: COM_PROJ | E64: =DEMANDS!$E$19 -> TRAPL | F64: 2026 | G64: =HLOOKUP(REG_TRA_DEMANDS!G$3,'BY-Demands'!$J$5:$AK$14,MATCH($E64,'BY-Demands'!$I$5:$I$14,0),FALSE)*HLOOKUP(REG_TRA_DEMANDS!$F64,DEMANDS!$G$2:$CK$25,MATCH($E64,DEMANDS!$E$2:$E$25,0),FALSE)/HLOOKUP(2018,DEMANDS!$G$2:$CK$25,MATCH($E64,DEMANDS!$E$2:$E$25,0),FALSE) -> 0.28076092 | H64: =HLOOKUP(REG_TRA_DEMANDS!H$3,'BY-Demands'!$J$5:$AK$14,MATCH($E64,'BY-Demands'!$I$5:$I$14,0),FALSE)*HLOOKUP(REG_TRA_DEMANDS!$F64,DEMANDS!$G$2:$CK$25,MATCH($E64,DEMANDS!$E$2:$E$25,0),FALSE)/HLOOKUP(2018,DEMANDS!$G$2:$CK$25,MATCH($E64,DEMANDS!$E$2:$E$25,0),FALSE) -> 5.0015764 | I64: =HLOOKUP(REG_TRA_DEMANDS!I$3,'BY-Demands'!$J$5:$AK$14,MATCH($E64,'BY-Demands'!$I$5:$I$14,0),FALSE)*HLOOKUP(REG_TRA_DEMANDS!$F64,DEMANDS!$G$2:$CK$25,MATCH($E64,DEMANDS!$E$2:$E$25,0),FALSE)/HLOOKUP(2018,DEMANDS!$G$2:$CK$25,MATCH($E64,DEMANDS!$E$2:$E$25,0),FALSE) -> 1.0105627 | J64: =HLOOKUP(REG_TRA_DEMANDS!J$3,'BY-Demands'!$J$5:$AK$14,MATCH($E64,'BY-Demands'!$I$5:$I$14,0),FALSE)*HLOOKUP(REG_TRA_DEMANDS!$F64,DEMANDS!$G$2:$CK$25,MATCH($E64,DEMANDS!$E$2:$E$25,0),FALSE)/HLOOKUP(2018,DEMANDS!$G$2:$CK$25,MATCH($E64,DEMANDS!$E$2:$E$25,0),FALSE) -> 0.48662647 | K64: =HLOOKUP(REG_TRA_DEMANDS!K$3,'BY-Demands'!$J$5:$AK$14,MATCH($E64,'BY-Demands'!$I$5:$I$14,0),FALSE)*HLOOKUP(REG_TRA_DEMANDS!$F64,DEMANDS!$G$2:$CK$25,MATCH($E64,DEMANDS!$E$2:$E$25,0),FALSE)/HLOOKUP(2018,DEMANDS!$G$2:$CK$25,MATCH($E64,DEMANDS!$E$2:$E$25,0),FALSE) -> 0.36155962 | L64: =HLOOKUP(REG_TRA_DEMANDS!L$3,'BY-Demands'!$J$5:$AK$14,MATCH($E64,'BY-Demands'!$I$5:$I$14,0),FALSE)*HLOOKUP(REG_TRA_DEMANDS!$F64,DEMANDS!$G$2:$CK$25,MATCH($E64,DEMANDS!$E$2:$E$25,0),FALSE)/HLOOKUP(2018,DEMANDS!$G$2:$CK$25,MATCH($E64,DEMANDS!$E$2:$E$25,0),FALSE) -> 0.18617148 | M64: =HLOOKUP(REG_TRA_DEMANDS!M$3,'BY-Demands'!$J$5:$AK$14,MATCH($E64,'BY-Demands'!$I$5:$I$14,0),FALSE)*HLOOKUP(REG_TRA_DEMANDS!$F64,DEMANDS!$G$2:$CK$25,MATCH($E64,DEMANDS!$E$2:$E$25,0),FALSE)/HLOOKUP(2018,DEMANDS!$G$2:$CK$25,MATCH($E64,DEMANDS!$E$2:$E$25,0),FALSE) -> 0.50587425 | N64: =HLOOKUP(REG_TRA_DEMANDS!N$3,'BY-Demands'!$J$5:$AK$14,MATCH($E64,'BY-Demands'!$I$5:$I$14,0),FALSE)*HLOOKUP(REG_TRA_DEMANDS!$F64,DEMANDS!$G$2:$CK$25,MATCH($E64,DEMANDS!$E$2:$E$25,0),FALSE)/HLOOKUP(2018,DEMANDS!$G$2:$CK$25,MATCH($E64,DEMANDS!$E$2:$E$25,0),FALSE) -> 0.8602462 | ... AF64: =HLOOKUP(REG_TRA_DEMANDS!AF$3,'BY-Demands'!$J$5:$AK$14,MATCH($E64,'BY-Demands'!$I$5:$I$14,0),FALSE)*HLOOKUP(REG_TRA_DEMANDS!$F64,DEMANDS!$G$2:$CK$25,MATCH($E64,DEMANDS!$E$2:$E$25,0),FALSE)/HLOOKUP(2018,DEMANDS!$G$2:$CK$25,MATCH($E64,DEMANDS!$E$2:$E$25,0),FALSE) -> 0.32145651
D65: COM_PROJ | E65: =DEMANDS!$E$19 -> TRAPL | F65: 2027 | G65: =HLOOKUP(REG_TRA_DEMANDS!G$3,'BY-Demands'!$J$5:$AK$14,MATCH($E65,'BY-Demands'!$I$5:$I$14,0),FALSE)*HLOOKUP(REG_TRA_DEMANDS!$F65,DEMANDS!$G$2:$CK$25,MATCH($E65,DEMANDS!$E$2:$E$25,0),FALSE)/HLOOKUP(2018,DEMANDS!$G$2:$CK$25,MATCH($E65,DEMANDS!$E$2:$E$25,0),FALSE) -> 0.28777994 | H65: =HLOOKUP(REG_TRA_DEMANDS!H$3,'BY-Demands'!$J$5:$AK$14,MATCH($E65,'BY-Demands'!$I$5:$I$14,0),FALSE)*HLOOKUP(REG_TRA_DEMANDS!$F65,DEMANDS!$G$2:$CK$25,MATCH($E65,DEMANDS!$E$2:$E$25,0),FALSE)/HLOOKUP(2018,DEMANDS!$G$2:$CK$25,MATCH($E65,DEMANDS!$E$2:$E$25,0),FALSE) -> 5.1266159 | I65: =HLOOKUP(REG_TRA_DEMANDS!I$3,'BY-Demands'!$J$5:$AK$14,MATCH($E65,'BY-Demands'!$I$5:$I$14,0),FALSE)*HLOOKUP(REG_TRA_DEMANDS!$F65,DEMANDS!$G$2:$CK$25,MATCH($E65,DEMANDS!$E$2:$E$25,0),FALSE)/HLOOKUP(2018,DEMANDS!$G$2:$CK$25,MATCH($E65,DEMANDS!$E$2:$E$25,0),FALSE) -> 1.0358268 | J65: =HLOOKUP(REG_TRA_DEMANDS!J$3,'BY-Demands'!$J$5:$AK$14,MATCH($E65,'BY-Demands'!$I$5:$I$14,0),FALSE)*HLOOKUP(REG_TRA_DEMANDS!$F65,DEMANDS!$G$2:$CK$25,MATCH($E65,DEMANDS!$E$2:$E$25,0),FALSE)/HLOOKUP(2018,DEMANDS!$G$2:$CK$25,MATCH($E65,DEMANDS!$E$2:$E$25,0),FALSE) -> 0.49879213 | K65: =HLOOKUP(REG_TRA_DEMANDS!K$3,'BY-Demands'!$J$5:$AK$14,MATCH($E65,'BY-Demands'!$I$5:$I$14,0),FALSE)*HLOOKUP(REG_TRA_DEMANDS!$F65,DEMANDS!$G$2:$CK$25,MATCH($E65,DEMANDS!$E$2:$E$25,0),FALSE)/HLOOKUP(2018,DEMANDS!$G$2:$CK$25,MATCH($E65,DEMANDS!$E$2:$E$25,0),FALSE) -> 0.37059861 | L65: =HLOOKUP(REG_TRA_DEMANDS!L$3,'BY-Demands'!$J$5:$AK$14,MATCH($E65,'BY-Demands'!$I$5:$I$14,0),FALSE)*HLOOKUP(REG_TRA_DEMANDS!$F65,DEMANDS!$G$2:$CK$25,MATCH($E65,DEMANDS!$E$2:$E$25,0),FALSE)/HLOOKUP(2018,DEMANDS!$G$2:$CK$25,MATCH($E65,DEMANDS!$E$2:$E$25,0),FALSE) -> 0.19082577 | M65: =HLOOKUP(REG_TRA_DEMANDS!M$3,'BY-Demands'!$J$5:$AK$14,MATCH($E65,'BY-Demands'!$I$5:$I$14,0),FALSE)*HLOOKUP(REG_TRA_DEMANDS!$F65,DEMANDS!$G$2:$CK$25,MATCH($E65,DEMANDS!$E$2:$E$25,0),FALSE)/HLOOKUP(2018,DEMANDS!$G$2:$CK$25,MATCH($E65,DEMANDS!$E$2:$E$25,0),FALSE) -> 0.5185211 | N65: =HLOOKUP(REG_TRA_DEMANDS!N$3,'BY-Demands'!$J$5:$AK$14,MATCH($E65,'BY-Demands'!$I$5:$I$14,0),FALSE)*HLOOKUP(REG_TRA_DEMANDS!$F65,DEMANDS!$G$2:$CK$25,MATCH($E65,DEMANDS!$E$2:$E$25,0),FALSE)/HLOOKUP(2018,DEMANDS!$G$2:$CK$25,MATCH($E65,DEMANDS!$E$2:$E$25,0),FALSE) -> 0.88175235 | ... AF65: =HLOOKUP(REG_TRA_DEMANDS!AF$3,'BY-Demands'!$J$5:$AK$14,MATCH($E65,'BY-Demands'!$I$5:$I$14,0),FALSE)*HLOOKUP(REG_TRA_DEMANDS!$F65,DEMANDS!$G$2:$CK$25,MATCH($E65,DEMANDS!$E$2:$E$25,0),FALSE)/HLOOKUP(2018,DEMANDS!$G$2:$CK$25,MATCH($E65,DEMANDS!$E$2:$E$25,0),FALSE) -> 0.32949292
D66: COM_PROJ | E66: =DEMANDS!$E$19 -> TRAPL | F66: 2028 | G66: =HLOOKUP(REG_TRA_DEMANDS!G$3,'BY-Demands'!$J$5:$AK$14,MATCH($E66,'BY-Demands'!$I$5:$I$14,0),FALSE)*HLOOKUP(REG_TRA_DEMANDS!$F66,DEMANDS!$G$2:$CK$25,MATCH($E66,DEMANDS!$E$2:$E$25,0),FALSE)/HLOOKUP(2018,DEMANDS!$G$2:$CK$25,MATCH($E66,DEMANDS!$E$2:$E$25,0),FALSE) -> 0.29497444 | H66: =HLOOKUP(REG_TRA_DEMANDS!H$3,'BY-Demands'!$J$5:$AK$14,MATCH($E66,'BY-Demands'!$I$5:$I$14,0),FALSE)*HLOOKUP(REG_TRA_DEMANDS!$F66,DEMANDS!$G$2:$CK$25,MATCH($E66,DEMANDS!$E$2:$E$25,0),FALSE)/HLOOKUP(2018,DEMANDS!$G$2:$CK$25,MATCH($E66,DEMANDS!$E$2:$E$25,0),FALSE) -> 5.2547813 | I66: =HLOOKUP(REG_TRA_DEMANDS!I$3,'BY-Demands'!$J$5:$AK$14,MATCH($E66,'BY-Demands'!$I$5:$I$14,0),FALSE)*HLOOKUP(REG_TRA_DEMANDS!$F66,DEMANDS!$G$2:$CK$25,MATCH($E66,DEMANDS!$E$2:$E$25,0),FALSE)/HLOOKUP(2018,DEMANDS!$G$2:$CK$25,MATCH($E66,DEMANDS!$E$2:$E$25,0),FALSE) -> 1.0617225 | J66: =HLOOKUP(REG_TRA_DEMANDS!J$3,'BY-Demands'!$J$5:$AK$14,MATCH($E66,'BY-Demands'!$I$5:$I$14,0),FALSE)*HLOOKUP(REG_TRA_DEMANDS!$F66,DEMANDS!$G$2:$CK$25,MATCH($E66,DEMANDS!$E$2:$E$25,0),FALSE)/HLOOKUP(2018,DEMANDS!$G$2:$CK$25,MATCH($E66,DEMANDS!$E$2:$E$25,0),FALSE) -> 0.51126193 | K66: =HLOOKUP(REG_TRA_DEMANDS!K$3,'BY-Demands'!$J$5:$AK$14,MATCH($E66,'BY-Demands'!$I$5:$I$14,0),FALSE)*HLOOKUP(REG_TRA_DEMANDS!$F66,DEMANDS!$G$2:$CK$25,MATCH($E66,DEMANDS!$E$2:$E$25,0),FALSE)/HLOOKUP(2018,DEMANDS!$G$2:$CK$25,MATCH($E66,DEMANDS!$E$2:$E$25,0),FALSE) -> 0.37986357 | L66: =HLOOKUP(REG_TRA_DEMANDS!L$3,'BY-Demands'!$J$5:$AK$14,MATCH($E66,'BY-Demands'!$I$5:$I$14,0),FALSE)*HLOOKUP(REG_TRA_DEMANDS!$F66,DEMANDS!$G$2:$CK$25,MATCH($E66,DEMANDS!$E$2:$E$25,0),FALSE)/HLOOKUP(2018,DEMANDS!$G$2:$CK$25,MATCH($E66,DEMANDS!$E$2:$E$25,0),FALSE) -> 0.19559641 | M66: =HLOOKUP(REG_TRA_DEMANDS!M$3,'BY-Demands'!$J$5:$AK$14,MATCH($E66,'BY-Demands'!$I$5:$I$14,0),FALSE)*HLOOKUP(REG_TRA_DEMANDS!$F66,DEMANDS!$G$2:$CK$25,MATCH($E66,DEMANDS!$E$2:$E$25,0),FALSE)/HLOOKUP(2018,DEMANDS!$G$2:$CK$25,MATCH($E66,DEMANDS!$E$2:$E$25,0),FALSE) -> 0.53148413 | N66: =HLOOKUP(REG_TRA_DEMANDS!N$3,'BY-Demands'!$J$5:$AK$14,MATCH($E66,'BY-Demands'!$I$5:$I$14,0),FALSE)*HLOOKUP(REG_TRA_DEMANDS!$F66,DEMANDS!$G$2:$CK$25,MATCH($E66,DEMANDS!$E$2:$E$25,0),FALSE)/HLOOKUP(2018,DEMANDS!$G$2:$CK$25,MATCH($E66,DEMANDS!$E$2:$E$25,0),FALSE) -> 0.90379616 | ... AF66: =HLOOKUP(REG_TRA_DEMANDS!AF$3,'BY-Demands'!$J$5:$AK$14,MATCH($E66,'BY-Demands'!$I$5:$I$14,0),FALSE)*HLOOKUP(REG_TRA_DEMANDS!$F66,DEMANDS!$G$2:$CK$25,MATCH($E66,DEMANDS!$E$2:$E$25,0),FALSE)/HLOOKUP(2018,DEMANDS!$G$2:$CK$25,MATCH($E66,DEMANDS!$E$2:$E$25,0),FALSE) -> 0.33773024
D67: COM_PROJ | E67: =DEMANDS!$E$19 -> TRAPL | F67: 2029 | G67: =HLOOKUP(REG_TRA_DEMANDS!G$3,'BY-Demands'!$J$5:$AK$14,MATCH($E67,'BY-Demands'!$I$5:$I$14,0),FALSE)*HLOOKUP(REG_TRA_DEMANDS!$F67,DEMANDS!$G$2:$CK$25,MATCH($E67,DEMANDS!$E$2:$E$25,0),FALSE)/HLOOKUP(2018,DEMANDS!$G$2:$CK$25,MATCH($E67,DEMANDS!$E$2:$E$25,0),FALSE) -> 0.3023488 | H67: =HLOOKUP(REG_TRA_DEMANDS!H$3,'BY-Demands'!$J$5:$AK$14,MATCH($E67,'BY-Demands'!$I$5:$I$14,0),FALSE)*HLOOKUP(REG_TRA_DEMANDS!$F67,DEMANDS!$G$2:$CK$25,MATCH($E67,DEMANDS!$E$2:$E$25,0),FALSE)/HLOOKUP(2018,DEMANDS!$G$2:$CK$25,MATCH($E67,DEMANDS!$E$2:$E$25,0),FALSE) -> 5.3861508 | I67: =HLOOKUP(REG_TRA_DEMANDS!I$3,'BY-Demands'!$J$5:$AK$14,MATCH($E67,'BY-Demands'!$I$5:$I$14,0),FALSE)*HLOOKUP(REG_TRA_DEMANDS!$F67,DEMANDS!$G$2:$CK$25,MATCH($E67,DEMANDS!$E$2:$E$25,0),FALSE)/HLOOKUP(2018,DEMANDS!$G$2:$CK$25,MATCH($E67,DEMANDS!$E$2:$E$25,0),FALSE) -> 1.0882655 | J67: =HLOOKUP(REG_TRA_DEMANDS!J$3,'BY-Demands'!$J$5:$AK$14,MATCH($E67,'BY-Demands'!$I$5:$I$14,0),FALSE)*HLOOKUP(REG_TRA_DEMANDS!$F67,DEMANDS!$G$2:$CK$25,MATCH($E67,DEMANDS!$E$2:$E$25,0),FALSE)/HLOOKUP(2018,DEMANDS!$G$2:$CK$25,MATCH($E67,DEMANDS!$E$2:$E$25,0),FALSE) -> 0.52404348 | K67: =HLOOKUP(REG_TRA_DEMANDS!K$3,'BY-Demands'!$J$5:$AK$14,MATCH($E67,'BY-Demands'!$I$5:$I$14,0),FALSE)*HLOOKUP(REG_TRA_DEMANDS!$F67,DEMANDS!$G$2:$CK$25,MATCH($E67,DEMANDS!$E$2:$E$25,0),FALSE)/HLOOKUP(2018,DEMANDS!$G$2:$CK$25,MATCH($E67,DEMANDS!$E$2:$E$25,0),FALSE) -> 0.38936016 | L67: =HLOOKUP(REG_TRA_DEMANDS!L$3,'BY-Demands'!$J$5:$AK$14,MATCH($E67,'BY-Demands'!$I$5:$I$14,0),FALSE)*HLOOKUP(REG_TRA_DEMANDS!$F67,DEMANDS!$G$2:$CK$25,MATCH($E67,DEMANDS!$E$2:$E$25,0),FALSE)/HLOOKUP(2018,DEMANDS!$G$2:$CK$25,MATCH($E67,DEMANDS!$E$2:$E$25,0),FALSE) -> 0.20048632 | M67: =HLOOKUP(REG_TRA_DEMANDS!M$3,'BY-Demands'!$J$5:$AK$14,MATCH($E67,'BY-Demands'!$I$5:$I$14,0),FALSE)*HLOOKUP(REG_TRA_DEMANDS!$F67,DEMANDS!$G$2:$CK$25,MATCH($E67,DEMANDS!$E$2:$E$25,0),FALSE)/HLOOKUP(2018,DEMANDS!$G$2:$CK$25,MATCH($E67,DEMANDS!$E$2:$E$25,0),FALSE) -> 0.54477123 | N67: =HLOOKUP(REG_TRA_DEMANDS!N$3,'BY-Demands'!$J$5:$AK$14,MATCH($E67,'BY-Demands'!$I$5:$I$14,0),FALSE)*HLOOKUP(REG_TRA_DEMANDS!$F67,DEMANDS!$G$2:$CK$25,MATCH($E67,DEMANDS!$E$2:$E$25,0),FALSE)/HLOOKUP(2018,DEMANDS!$G$2:$CK$25,MATCH($E67,DEMANDS!$E$2:$E$25,0),FALSE) -> 0.92639107 | ... AF67: =HLOOKUP(REG_TRA_DEMANDS!AF$3,'BY-Demands'!$J$5:$AK$14,MATCH($E67,'BY-Demands'!$I$5:$I$14,0),FALSE)*HLOOKUP(REG_TRA_DEMANDS!$F67,DEMANDS!$G$2:$CK$25,MATCH($E67,DEMANDS!$E$2:$E$25,0),FALSE)/HLOOKUP(2018,DEMANDS!$G$2:$CK$25,MATCH($E67,DEMANDS!$E$2:$E$25,0),FALSE) -> 0.3461735
D68: COM_PROJ | E68: =DEMANDS!$E$19 -> TRAPL | F68: 2030 | G68: =HLOOKUP(REG_TRA_DEMANDS!G$3,'BY-Demands'!$J$5:$AK$14,MATCH($E68,'BY-Demands'!$I$5:$I$14,0),FALSE)*HLOOKUP(REG_TRA_DEMANDS!$F68,DEMANDS!$G$2:$CK$25,MATCH($E68,DEMANDS!$E$2:$E$25,0),FALSE)/HLOOKUP(2018,DEMANDS!$G$2:$CK$25,MATCH($E68,DEMANDS!$E$2:$E$25,0),FALSE) -> 0.30990752 | H68: =HLOOKUP(REG_TRA_DEMANDS!H$3,'BY-Demands'!$J$5:$AK$14,MATCH($E68,'BY-Demands'!$I$5:$I$14,0),FALSE)*HLOOKUP(REG_TRA_DEMANDS!$F68,DEMANDS!$G$2:$CK$25,MATCH($E68,DEMANDS!$E$2:$E$25,0),FALSE)/HLOOKUP(2018,DEMANDS!$G$2:$CK$25,MATCH($E68,DEMANDS!$E$2:$E$25,0),FALSE) -> 5.5208046 | I68: =HLOOKUP(REG_TRA_DEMANDS!I$3,'BY-Demands'!$J$5:$AK$14,MATCH($E68,'BY-Demands'!$I$5:$I$14,0),FALSE)*HLOOKUP(REG_TRA_DEMANDS!$F68,DEMANDS!$G$2:$CK$25,MATCH($E68,DEMANDS!$E$2:$E$25,0),FALSE)/HLOOKUP(2018,DEMANDS!$G$2:$CK$25,MATCH($E68,DEMANDS!$E$2:$E$25,0),FALSE) -> 1.1154722 | J68: =HLOOKUP(REG_TRA_DEMANDS!J$3,'BY-Demands'!$J$5:$AK$14,MATCH($E68,'BY-Demands'!$I$5:$I$14,0),FALSE)*HLOOKUP(REG_TRA_DEMANDS!$F68,DEMANDS!$G$2:$CK$25,MATCH($E68,DEMANDS!$E$2:$E$25,0),FALSE)/HLOOKUP(2018,DEMANDS!$G$2:$CK$25,MATCH($E68,DEMANDS!$E$2:$E$25,0),FALSE) -> 0.53714457 | K68: =HLOOKUP(REG_TRA_DEMANDS!K$3,'BY-Demands'!$J$5:$AK$14,MATCH($E68,'BY-Demands'!$I$5:$I$14,0),FALSE)*HLOOKUP(REG_TRA_DEMANDS!$F68,DEMANDS!$G$2:$CK$25,MATCH($E68,DEMANDS!$E$2:$E$25,0),FALSE)/HLOOKUP(2018,DEMANDS!$G$2:$CK$25,MATCH($E68,DEMANDS!$E$2:$E$25,0),FALSE) -> 0.39909417 | L68: =HLOOKUP(REG_TRA_DEMANDS!L$3,'BY-Demands'!$J$5:$AK$14,MATCH($E68,'BY-Demands'!$I$5:$I$14,0),FALSE)*HLOOKUP(REG_TRA_DEMANDS!$F68,DEMANDS!$G$2:$CK$25,MATCH($E68,DEMANDS!$E$2:$E$25,0),FALSE)/HLOOKUP(2018,DEMANDS!$G$2:$CK$25,MATCH($E68,DEMANDS!$E$2:$E$25,0),FALSE) -> 0.20549848 | M68: =HLOOKUP(REG_TRA_DEMANDS!M$3,'BY-Demands'!$J$5:$AK$14,MATCH($E68,'BY-Demands'!$I$5:$I$14,0),FALSE)*HLOOKUP(REG_TRA_DEMANDS!$F68,DEMANDS!$G$2:$CK$25,MATCH($E68,DEMANDS!$E$2:$E$25,0),FALSE)/HLOOKUP(2018,DEMANDS!$G$2:$CK$25,MATCH($E68,DEMANDS!$E$2:$E$25,0),FALSE) -> 0.55839051 | N68: =HLOOKUP(REG_TRA_DEMANDS!N$3,'BY-Demands'!$J$5:$AK$14,MATCH($E68,'BY-Demands'!$I$5:$I$14,0),FALSE)*HLOOKUP(REG_TRA_DEMANDS!$F68,DEMANDS!$G$2:$CK$25,MATCH($E68,DEMANDS!$E$2:$E$25,0),FALSE)/HLOOKUP(2018,DEMANDS!$G$2:$CK$25,MATCH($E68,DEMANDS!$E$2:$E$25,0),FALSE) -> 0.94955084 | ... AF68: =HLOOKUP(REG_TRA_DEMANDS!AF$3,'BY-Demands'!$J$5:$AK$14,MATCH($E68,'BY-Demands'!$I$5:$I$14,0),FALSE)*HLOOKUP(REG_TRA_DEMANDS!$F68,DEMANDS!$G$2:$CK$25,MATCH($E68,DEMANDS!$E$2:$E$25,0),FALSE)/HLOOKUP(2018,DEMANDS!$G$2:$CK$25,MATCH($E68,DEMANDS!$E$2:$E$25,0),FALSE) -> 0.35482784
D69: COM_PROJ | E69: =DEMANDS!$E$19 -> TRAPL | F69: 2031 | G69: =HLOOKUP(REG_TRA_DEMANDS!G$3,'BY-Demands'!$J$5:$AK$14,MATCH($E69,'BY-Demands'!$I$5:$I$14,0),FALSE)*HLOOKUP(REG_TRA_DEMANDS!$F69,DEMANDS!$G$2:$CK$25,MATCH($E69,DEMANDS!$E$2:$E$25,0),FALSE)/HLOOKUP(2018,DEMANDS!$G$2:$CK$25,MATCH($E69,DEMANDS!$E$2:$E$25,0),FALSE) -> 0.31765521 | H69: =HLOOKUP(REG_TRA_DEMANDS!H$3,'BY-Demands'!$J$5:$AK$14,MATCH($E69,'BY-Demands'!$I$5:$I$14,0),FALSE)*HLOOKUP(REG_TRA_DEMANDS!$F69,DEMANDS!$G$2:$CK$25,MATCH($E69,DEMANDS!$E$2:$E$25,0),FALSE)/HLOOKUP(2018,DEMANDS!$G$2:$CK$25,MATCH($E69,DEMANDS!$E$2:$E$25,0),FALSE) -> 5.6588247 | I69: =HLOOKUP(REG_TRA_DEMANDS!I$3,'BY-Demands'!$J$5:$AK$14,MATCH($E69,'BY-Demands'!$I$5:$I$14,0),FALSE)*HLOOKUP(REG_TRA_DEMANDS!$F69,DEMANDS!$G$2:$CK$25,MATCH($E69,DEMANDS!$E$2:$E$25,0),FALSE)/HLOOKUP(2018,DEMANDS!$G$2:$CK$25,MATCH($E69,DEMANDS!$E$2:$E$25,0),FALSE) -> 1.143359 | J69: =HLOOKUP(REG_TRA_DEMANDS!J$3,'BY-Demands'!$J$5:$AK$14,MATCH($E69,'BY-Demands'!$I$5:$I$14,0),FALSE)*HLOOKUP(REG_TRA_DEMANDS!$F69,DEMANDS!$G$2:$CK$25,MATCH($E69,DEMANDS!$E$2:$E$25,0),FALSE)/HLOOKUP(2018,DEMANDS!$G$2:$CK$25,MATCH($E69,DEMANDS!$E$2:$E$25,0),FALSE) -> 0.55057318 | K69: =HLOOKUP(REG_TRA_DEMANDS!K$3,'BY-Demands'!$J$5:$AK$14,MATCH($E69,'BY-Demands'!$I$5:$I$14,0),FALSE)*HLOOKUP(REG_TRA_DEMANDS!$F69,DEMANDS!$G$2:$CK$25,MATCH($E69,DEMANDS!$E$2:$E$25,0),FALSE)/HLOOKUP(2018,DEMANDS!$G$2:$CK$25,MATCH($E69,DEMANDS!$E$2:$E$25,0),FALSE) -> 0.40907152 | L69: =HLOOKUP(REG_TRA_DEMANDS!L$3,'BY-Demands'!$J$5:$AK$14,MATCH($E69,'BY-Demands'!$I$5:$I$14,0),FALSE)*HLOOKUP(REG_TRA_DEMANDS!$F69,DEMANDS!$G$2:$CK$25,MATCH($E69,DEMANDS!$E$2:$E$25,0),FALSE)/HLOOKUP(2018,DEMANDS!$G$2:$CK$25,MATCH($E69,DEMANDS!$E$2:$E$25,0),FALSE) -> 0.21063594 | M69: =HLOOKUP(REG_TRA_DEMANDS!M$3,'BY-Demands'!$J$5:$AK$14,MATCH($E69,'BY-Demands'!$I$5:$I$14,0),FALSE)*HLOOKUP(REG_TRA_DEMANDS!$F69,DEMANDS!$G$2:$CK$25,MATCH($E69,DEMANDS!$E$2:$E$25,0),FALSE)/HLOOKUP(2018,DEMANDS!$G$2:$CK$25,MATCH($E69,DEMANDS!$E$2:$E$25,0),FALSE) -> 0.57235028 | N69: =HLOOKUP(REG_TRA_DEMANDS!N$3,'BY-Demands'!$J$5:$AK$14,MATCH($E69,'BY-Demands'!$I$5:$I$14,0),FALSE)*HLOOKUP(REG_TRA_DEMANDS!$F69,DEMANDS!$G$2:$CK$25,MATCH($E69,DEMANDS!$E$2:$E$25,0),FALSE)/HLOOKUP(2018,DEMANDS!$G$2:$CK$25,MATCH($E69,DEMANDS!$E$2:$E$25,0),FALSE) -> 0.97328962 | ... AF69: =HLOOKUP(REG_TRA_DEMANDS!AF$3,'BY-Demands'!$J$5:$AK$14,MATCH($E69,'BY-Demands'!$I$5:$I$14,0),FALSE)*HLOOKUP(REG_TRA_DEMANDS!$F69,DEMANDS!$G$2:$CK$25,MATCH($E69,DEMANDS!$E$2:$E$25,0),FALSE)/HLOOKUP(2018,DEMANDS!$G$2:$CK$25,MATCH($E69,DEMANDS!$E$2:$E$25,0),FALSE) -> 0.36369853
... D84: COM_PROJ | E84: =DEMANDS!$E$19 -> TRAPL | F84: 2070 | G84: =HLOOKUP(REG_TRA_DEMANDS!G$3,'BY-Demands'!$J$5:$AK$14,MATCH($E84,'BY-Demands'!$I$5:$I$14,0),FALSE)*HLOOKUP(REG_TRA_DEMANDS!$F84,DEMANDS!$G$2:$CK$25,MATCH($E84,DEMANDS!$E$2:$E$25,0),FALSE)/HLOOKUP(2018,DEMANDS!$G$2:$CK$25,MATCH($E84,DEMANDS!$E$2:$E$25,0),FALSE) -> 0.5863396 | H84: =HLOOKUP(REG_TRA_DEMANDS!H$3,'BY-Demands'!$J$5:$AK$14,MATCH($E84,'BY-Demands'!$I$5:$I$14,0),FALSE)*HLOOKUP(REG_TRA_DEMANDS!$F84,DEMANDS!$G$2:$CK$25,MATCH($E84,DEMANDS!$E$2:$E$25,0),FALSE)/HLOOKUP(2018,DEMANDS!$G$2:$CK$25,MATCH($E84,DEMANDS!$E$2:$E$25,0),FALSE) -> 10.445265 | I84: =HLOOKUP(REG_TRA_DEMANDS!I$3,'BY-Demands'!$J$5:$AK$14,MATCH($E84,'BY-Demands'!$I$5:$I$14,0),FALSE)*HLOOKUP(REG_TRA_DEMANDS!$F84,DEMANDS!$G$2:$CK$25,MATCH($E84,DEMANDS!$E$2:$E$25,0),FALSE)/HLOOKUP(2018,DEMANDS!$G$2:$CK$25,MATCH($E84,DEMANDS!$E$2:$E$25,0),FALSE) -> 2.1104538 | J84: =HLOOKUP(REG_TRA_DEMANDS!J$3,'BY-Demands'!$J$5:$AK$14,MATCH($E84,'BY-Demands'!$I$5:$I$14,0),FALSE)*HLOOKUP(REG_TRA_DEMANDS!$F84,DEMANDS!$G$2:$CK$25,MATCH($E84,DEMANDS!$E$2:$E$25,0),FALSE)/HLOOKUP(2018,DEMANDS!$G$2:$CK$25,MATCH($E84,DEMANDS!$E$2:$E$25,0),FALSE) -> 1.0162681 | K84: =HLOOKUP(REG_TRA_DEMANDS!K$3,'BY-Demands'!$J$5:$AK$14,MATCH($E84,'BY-Demands'!$I$5:$I$14,0),FALSE)*HLOOKUP(REG_TRA_DEMANDS!$F84,DEMANDS!$G$2:$CK$25,MATCH($E84,DEMANDS!$E$2:$E$25,0),FALSE)/HLOOKUP(2018,DEMANDS!$G$2:$CK$25,MATCH($E84,DEMANDS!$E$2:$E$25,0),FALSE) -> 0.75507917 | L84: =HLOOKUP(REG_TRA_DEMANDS!L$3,'BY-Demands'!$J$5:$AK$14,MATCH($E84,'BY-Demands'!$I$5:$I$14,0),FALSE)*HLOOKUP(REG_TRA_DEMANDS!$F84,DEMANDS!$G$2:$CK$25,MATCH($E84,DEMANDS!$E$2:$E$25,0),FALSE)/HLOOKUP(2018,DEMANDS!$G$2:$CK$25,MATCH($E84,DEMANDS!$E$2:$E$25,0),FALSE) -> 0.38879953 | M84: =HLOOKUP(REG_TRA_DEMANDS!M$3,'BY-Demands'!$J$5:$AK$14,MATCH($E84,'BY-Demands'!$I$5:$I$14,0),FALSE)*HLOOKUP(REG_TRA_DEMANDS!$F84,DEMANDS!$G$2:$CK$25,MATCH($E84,DEMANDS!$E$2:$E$25,0),FALSE)/HLOOKUP(2018,DEMANDS!$G$2:$CK$25,MATCH($E84,DEMANDS!$E$2:$E$25,0),FALSE) -> 1.0564651 | N84: =HLOOKUP(REG_TRA_DEMANDS!N$3,'BY-Demands'!$J$5:$AK$14,MATCH($E84,'BY-Demands'!$I$5:$I$14,0),FALSE)*HLOOKUP(REG_TRA_DEMANDS!$F84,DEMANDS!$G$2:$CK$25,MATCH($E84,DEMANDS!$E$2:$E$25,0),FALSE)/HLOOKUP(2018,DEMANDS!$G$2:$CK$25,MATCH($E84,DEMANDS!$E$2:$E$25,0),FALSE) -> 1.7965336 | ... AF84: =HLOOKUP(REG_TRA_DEMANDS!AF$3,'BY-Demands'!$J$5:$AK$14,MATCH($E84,'BY-Demands'!$I$5:$I$14,0),FALSE)*HLOOKUP(REG_TRA_DEMANDS!$F84,DEMANDS!$G$2:$CK$25,MATCH($E84,DEMANDS!$E$2:$E$25,0),FALSE)/HLOOKUP(2018,DEMANDS!$G$2:$CK$25,MATCH($E84,DEMANDS!$E$2:$E$25,0),FALSE) -> 0.67132805
D85: COM_PROJ | E85: =DEMANDS!$E$20 -> TRAF | F85: 2020 | G85: =HLOOKUP(REG_TRA_DEMANDS!G$3,'BY-Demands'!$J$5:$AK$14,MATCH($E85,'BY-Demands'!$I$5:$I$14,0),FALSE)*HLOOKUP(REG_TRA_DEMANDS!$F85,DEMANDS!$G$2:$CK$25,MATCH($E85,DEMANDS!$E$2:$E$25,0),FALSE)/HLOOKUP(2018,DEMANDS!$G$2:$CK$25,MATCH($E85,DEMANDS!$E$2:$E$25,0),FALSE) -> 0.1720489 | H85: =HLOOKUP(REG_TRA_DEMANDS!H$3,'BY-Demands'!$J$5:$AK$14,MATCH($E85,'BY-Demands'!$I$5:$I$14,0),FALSE)*HLOOKUP(REG_TRA_DEMANDS!$F85,DEMANDS!$G$2:$CK$25,MATCH($E85,DEMANDS!$E$2:$E$25,0),FALSE)/HLOOKUP(2018,DEMANDS!$G$2:$CK$25,MATCH($E85,DEMANDS!$E$2:$E$25,0),FALSE) -> 2.5696876 | I85: =HLOOKUP(REG_TRA_DEMANDS!I$3,'BY-Demands'!$J$5:$AK$14,MATCH($E85,'BY-Demands'!$I$5:$I$14,0),FALSE)*HLOOKUP(REG_TRA_DEMANDS!$F85,DEMANDS!$G$2:$CK$25,MATCH($E85,DEMANDS!$E$2:$E$25,0),FALSE)/HLOOKUP(2018,DEMANDS!$G$2:$CK$25,MATCH($E85,DEMANDS!$E$2:$E$25,0),FALSE) -> 0.46631435 | J85: =HLOOKUP(REG_TRA_DEMANDS!J$3,'BY-Demands'!$J$5:$AK$14,MATCH($E85,'BY-Demands'!$I$5:$I$14,0),FALSE)*HLOOKUP(REG_TRA_DEMANDS!$F85,DEMANDS!$G$2:$CK$25,MATCH($E85,DEMANDS!$E$2:$E$25,0),FALSE)/HLOOKUP(2018,DEMANDS!$G$2:$CK$25,MATCH($E85,DEMANDS!$E$2:$E$25,0),FALSE) -> 0.2998798 | K85: =HLOOKUP(REG_TRA_DEMANDS!K$3,'BY-Demands'!$J$5:$AK$14,MATCH($E85,'BY-Demands'!$I$5:$I$14,0),FALSE)*HLOOKUP(REG_TRA_DEMANDS!$F85,DEMANDS!$G$2:$CK$25,MATCH($E85,DEMANDS!$E$2:$E$25,0),FALSE)/HLOOKUP(2018,DEMANDS!$G$2:$CK$25,MATCH($E85,DEMANDS!$E$2:$E$25,0),FALSE) -> 0.21358994 | L85: =HLOOKUP(REG_TRA_DEMANDS!L$3,'BY-Demands'!$J$5:$AK$14,MATCH($E85,'BY-Demands'!$I$5:$I$14,0),FALSE)*HLOOKUP(REG_TRA_DEMANDS!$F85,DEMANDS!$G$2:$CK$25,MATCH($E85,DEMANDS!$E$2:$E$25,0),FALSE)/HLOOKUP(2018,DEMANDS!$G$2:$CK$25,MATCH($E85,DEMANDS!$E$2:$E$25,0),FALSE) -> 0.10307404 | M85: =HLOOKUP(REG_TRA_DEMANDS!M$3,'BY-Demands'!$J$5:$AK$14,MATCH($E85,'BY-Demands'!$I$5:$I$14,0),FALSE)*HLOOKUP(REG_TRA_DEMANDS!$F85,DEMANDS!$G$2:$CK$25,MATCH($E85,DEMANDS!$E$2:$E$25,0),FALSE)/HLOOKUP(2018,DEMANDS!$G$2:$CK$25,MATCH($E85,DEMANDS!$E$2:$E$25,0),FALSE) -> 0.27010956 | N85: =HLOOKUP(REG_TRA_DEMANDS!N$3,'BY-Demands'!$J$5:$AK$14,MATCH($E85,'BY-Demands'!$I$5:$I$14,0),FALSE)*HLOOKUP(REG_TRA_DEMANDS!$F85,DEMANDS!$G$2:$CK$25,MATCH($E85,DEMANDS!$E$2:$E$25,0),FALSE)/HLOOKUP(2018,DEMANDS!$G$2:$CK$25,MATCH($E85,DEMANDS!$E$2:$E$25,0),FALSE) -> 0.4179383 | ... AF85: =HLOOKUP(REG_TRA_DEMANDS!AF$3,'BY-Demands'!$J$5:$AK$14,MATCH($E85,'BY-Demands'!$I$5:$I$14,0),FALSE)*HLOOKUP(REG_TRA_DEMANDS!$F85,DEMANDS!$G$2:$CK$25,MATCH($E85,DEMANDS!$E$2:$E$25,0),FALSE)/HLOOKUP(2018,DEMANDS!$G$2:$CK$25,MATCH($E85,DEMANDS!$E$2:$E$25,0),FALSE) -> 0.1494641
D86: COM_PROJ | E86: =DEMANDS!$E$20 -> TRAF | F86: 2021 | G86: =HLOOKUP(REG_TRA_DEMANDS!G$3,'BY-Demands'!$J$5:$AK$14,MATCH($E86,'BY-Demands'!$I$5:$I$14,0),FALSE)*HLOOKUP(REG_TRA_DEMANDS!$F86,DEMANDS!$G$2:$CK$25,MATCH($E86,DEMANDS!$E$2:$E$25,0),FALSE)/HLOOKUP(2018,DEMANDS!$G$2:$CK$25,MATCH($E86,DEMANDS!$E$2:$E$25,0),FALSE) -> 0.17754129 | H86: =HLOOKUP(REG_TRA_DEMANDS!H$3,'BY-Demands'!$J$5:$AK$14,MATCH($E86,'BY-Demands'!$I$5:$I$14,0),FALSE)*HLOOKUP(REG_TRA_DEMANDS!$F86,DEMANDS!$G$2:$CK$25,MATCH($E86,DEMANDS!$E$2:$E$25,0),FALSE)/HLOOKUP(2018,DEMANDS!$G$2:$CK$25,MATCH($E86,DEMANDS!$E$2:$E$25,0),FALSE) -> 2.6517209 | I86: =HLOOKUP(REG_TRA_DEMANDS!I$3,'BY-Demands'!$J$5:$AK$14,MATCH($E86,'BY-Demands'!$I$5:$I$14,0),FALSE)*HLOOKUP(REG_TRA_DEMANDS!$F86,DEMANDS!$G$2:$CK$25,MATCH($E86,DEMANDS!$E$2:$E$25,0),FALSE)/HLOOKUP(2018,DEMANDS!$G$2:$CK$25,MATCH($E86,DEMANDS!$E$2:$E$25,0),FALSE) -> 0.4812007 | J86: =HLOOKUP(REG_TRA_DEMANDS!J$3,'BY-Demands'!$J$5:$AK$14,MATCH($E86,'BY-Demands'!$I$5:$I$14,0),FALSE)*HLOOKUP(REG_TRA_DEMANDS!$F86,DEMANDS!$G$2:$CK$25,MATCH($E86,DEMANDS!$E$2:$E$25,0),FALSE)/HLOOKUP(2018,DEMANDS!$G$2:$CK$25,MATCH($E86,DEMANDS!$E$2:$E$25,0),FALSE) -> 0.30945299 | K86: =HLOOKUP(REG_TRA_DEMANDS!K$3,'BY-Demands'!$J$5:$AK$14,MATCH($E86,'BY-Demands'!$I$5:$I$14,0),FALSE)*HLOOKUP(REG_TRA_DEMANDS!$F86,DEMANDS!$G$2:$CK$25,MATCH($E86,DEMANDS!$E$2:$E$25,0),FALSE)/HLOOKUP(2018,DEMANDS!$G$2:$CK$25,MATCH($E86,DEMANDS!$E$2:$E$25,0),FALSE) -> 0.22040847 | L86: =HLOOKUP(REG_TRA_DEMANDS!L$3,'BY-Demands'!$J$5:$AK$14,MATCH($E86,'BY-Demands'!$I$5:$I$14,0),FALSE)*HLOOKUP(REG_TRA_DEMANDS!$F86,DEMANDS!$G$2:$CK$25,MATCH($E86,DEMANDS!$E$2:$E$25,0),FALSE)/HLOOKUP(2018,DEMANDS!$G$2:$CK$25,MATCH($E86,DEMANDS!$E$2:$E$25,0),FALSE) -> 0.10636451 | M86: =HLOOKUP(REG_TRA_DEMANDS!M$3,'BY-Demands'!$J$5:$AK$14,MATCH($E86,'BY-Demands'!$I$5:$I$14,0),FALSE)*HLOOKUP(REG_TRA_DEMANDS!$F86,DEMANDS!$G$2:$CK$25,MATCH($E86,DEMANDS!$E$2:$E$25,0),FALSE)/HLOOKUP(2018,DEMANDS!$G$2:$CK$25,MATCH($E86,DEMANDS!$E$2:$E$25,0),FALSE) -> 0.27873239 | N86: =HLOOKUP(REG_TRA_DEMANDS!N$3,'BY-Demands'!$J$5:$AK$14,MATCH($E86,'BY-Demands'!$I$5:$I$14,0),FALSE)*HLOOKUP(REG_TRA_DEMANDS!$F86,DEMANDS!$G$2:$CK$25,MATCH($E86,DEMANDS!$E$2:$E$25,0),FALSE)/HLOOKUP(2018,DEMANDS!$G$2:$CK$25,MATCH($E86,DEMANDS!$E$2:$E$25,0),FALSE) -> 0.43128033 | ... AF86: =HLOOKUP(REG_TRA_DEMANDS!AF$3,'BY-Demands'!$J$5:$AK$14,MATCH($E86,'BY-Demands'!$I$5:$I$14,0),FALSE)*HLOOKUP(REG_TRA_DEMANDS!$F86,DEMANDS!$G$2:$CK$25,MATCH($E86,DEMANDS!$E$2:$E$25,0),FALSE)/HLOOKUP(2018,DEMANDS!$G$2:$CK$25,MATCH($E86,DEMANDS!$E$2:$E$25,0),FALSE) -> 0.15423551
D87: COM_PROJ | E87: =DEMANDS!$E$20 -> TRAF | F87: 2022 | G87: =HLOOKUP(REG_TRA_DEMANDS!G$3,'BY-Demands'!$J$5:$AK$14,MATCH($E87,'BY-Demands'!$I$5:$I$14,0),FALSE)*HLOOKUP(REG_TRA_DEMANDS!$F87,DEMANDS!$G$2:$CK$25,MATCH($E87,DEMANDS!$E$2:$E$25,0),FALSE)/HLOOKUP(2018,DEMANDS!$G$2:$CK$25,MATCH($E87,DEMANDS!$E$2:$E$25,0),FALSE) -> 0.18086048 | H87: =HLOOKUP(REG_TRA_DEMANDS!H$3,'BY-Demands'!$J$5:$AK$14,MATCH($E87,'BY-Demands'!$I$5:$I$14,0),FALSE)*HLOOKUP(REG_TRA_DEMANDS!$F87,DEMANDS!$G$2:$CK$25,MATCH($E87,DEMANDS!$E$2:$E$25,0),FALSE)/HLOOKUP(2018,DEMANDS!$G$2:$CK$25,MATCH($E87,DEMANDS!$E$2:$E$25,0),FALSE) -> 2.7012955 | I87: =HLOOKUP(REG_TRA_DEMANDS!I$3,'BY-Demands'!$J$5:$AK$14,MATCH($E87,'BY-Demands'!$I$5:$I$14,0),FALSE)*HLOOKUP(REG_TRA_DEMANDS!$F87,DEMANDS!$G$2:$CK$25,MATCH($E87,DEMANDS!$E$2:$E$25,0),FALSE)/HLOOKUP(2018,DEMANDS!$G$2:$CK$25,MATCH($E87,DEMANDS!$E$2:$E$25,0),FALSE) -> 0.49019688 | J87: =HLOOKUP(REG_TRA_DEMANDS!J$3,'BY-Demands'!$J$5:$AK$14,MATCH($E87,'BY-Demands'!$I$5:$I$14,0),FALSE)*HLOOKUP(REG_TRA_DEMANDS!$F87,DEMANDS!$G$2:$CK$25,MATCH($E87,DEMANDS!$E$2:$E$25,0),FALSE)/HLOOKUP(2018,DEMANDS!$G$2:$CK$25,MATCH($E87,DEMANDS!$E$2:$E$25,0),FALSE) -> 0.3152383 | K87: =HLOOKUP(REG_TRA_DEMANDS!K$3,'BY-Demands'!$J$5:$AK$14,MATCH($E87,'BY-Demands'!$I$5:$I$14,0),FALSE)*HLOOKUP(REG_TRA_DEMANDS!$F87,DEMANDS!$G$2:$CK$25,MATCH($E87,DEMANDS!$E$2:$E$25,0),FALSE)/HLOOKUP(2018,DEMANDS!$G$2:$CK$25,MATCH($E87,DEMANDS!$E$2:$E$25,0),FALSE) -> 0.22452907 | L87: =HLOOKUP(REG_TRA_DEMANDS!L$3,'BY-Demands'!$J$5:$AK$14,MATCH($E87,'BY-Demands'!$I$5:$I$14,0),FALSE)*HLOOKUP(REG_TRA_DEMANDS!$F87,DEMANDS!$G$2:$CK$25,MATCH($E87,DEMANDS!$E$2:$E$25,0),FALSE)/HLOOKUP(2018,DEMANDS!$G$2:$CK$25,MATCH($E87,DEMANDS!$E$2:$E$25,0),FALSE) -> 0.10835303 | M87: =HLOOKUP(REG_TRA_DEMANDS!M$3,'BY-Demands'!$J$5:$AK$14,MATCH($E87,'BY-Demands'!$I$5:$I$14,0),FALSE)*HLOOKUP(REG_TRA_DEMANDS!$F87,DEMANDS!$G$2:$CK$25,MATCH($E87,DEMANDS!$E$2:$E$25,0),FALSE)/HLOOKUP(2018,DEMANDS!$G$2:$CK$25,MATCH($E87,DEMANDS!$E$2:$E$25,0),FALSE) -> 0.28394337 | N87: =HLOOKUP(REG_TRA_DEMANDS!N$3,'BY-Demands'!$J$5:$AK$14,MATCH($E87,'BY-Demands'!$I$5:$I$14,0),FALSE)*HLOOKUP(REG_TRA_DEMANDS!$F87,DEMANDS!$G$2:$CK$25,MATCH($E87,DEMANDS!$E$2:$E$25,0),FALSE)/HLOOKUP(2018,DEMANDS!$G$2:$CK$25,MATCH($E87,DEMANDS!$E$2:$E$25,0),FALSE) -> 0.43934323 | ... AF87: =HLOOKUP(REG_TRA_DEMANDS!AF$3,'BY-Demands'!$J$5:$AK$14,MATCH($E87,'BY-Demands'!$I$5:$I$14,0),FALSE)*HLOOKUP(REG_TRA_DEMANDS!$F87,DEMANDS!$G$2:$CK$25,MATCH($E87,DEMANDS!$E$2:$E$25,0),FALSE)/HLOOKUP(2018,DEMANDS!$G$2:$CK$25,MATCH($E87,DEMANDS!$E$2:$E$25,0),FALSE) -> 0.15711898
D88: COM_PROJ | E88: =DEMANDS!$E$20 -> TRAF | F88: 2023 | G88: =HLOOKUP(REG_TRA_DEMANDS!G$3,'BY-Demands'!$J$5:$AK$14,MATCH($E88,'BY-Demands'!$I$5:$I$14,0),FALSE)*HLOOKUP(REG_TRA_DEMANDS!$F88,DEMANDS!$G$2:$CK$25,MATCH($E88,DEMANDS!$E$2:$E$25,0),FALSE)/HLOOKUP(2018,DEMANDS!$G$2:$CK$25,MATCH($E88,DEMANDS!$E$2:$E$25,0),FALSE) -> 0.20339128 | H88: =HLOOKUP(REG_TRA_DEMANDS!H$3,'BY-Demands'!$J$5:$AK$14,MATCH($E88,'BY-Demands'!$I$5:$I$14,0),FALSE)*HLOOKUP(REG_TRA_DEMANDS!$F88,DEMANDS!$G$2:$CK$25,MATCH($E88,DEMANDS!$E$2:$E$25,0),FALSE)/HLOOKUP(2018,DEMANDS!$G$2:$CK$25,MATCH($E88,DEMANDS!$E$2:$E$25,0),FALSE) -> 3.0378111 | I88: =HLOOKUP(REG_TRA_DEMANDS!I$3,'BY-Demands'!$J$5:$AK$14,MATCH($E88,'BY-Demands'!$I$5:$I$14,0),FALSE)*HLOOKUP(REG_TRA_DEMANDS!$F88,DEMANDS!$G$2:$CK$25,MATCH($E88,DEMANDS!$E$2:$E$25,0),FALSE)/HLOOKUP(2018,DEMANDS!$G$2:$CK$25,MATCH($E88,DEMANDS!$E$2:$E$25,0),FALSE) -> 0.55126347 | J88: =HLOOKUP(REG_TRA_DEMANDS!J$3,'BY-Demands'!$J$5:$AK$14,MATCH($E88,'BY-Demands'!$I$5:$I$14,0),FALSE)*HLOOKUP(REG_TRA_DEMANDS!$F88,DEMANDS!$G$2:$CK$25,MATCH($E88,DEMANDS!$E$2:$E$25,0),FALSE)/HLOOKUP(2018,DEMANDS!$G$2:$CK$25,MATCH($E88,DEMANDS!$E$2:$E$25,0),FALSE) -> 0.35450931 | K88: =HLOOKUP(REG_TRA_DEMANDS!K$3,'BY-Demands'!$J$5:$AK$14,MATCH($E88,'BY-Demands'!$I$5:$I$14,0),FALSE)*HLOOKUP(REG_TRA_DEMANDS!$F88,DEMANDS!$G$2:$CK$25,MATCH($E88,DEMANDS!$E$2:$E$25,0),FALSE)/HLOOKUP(2018,DEMANDS!$G$2:$CK$25,MATCH($E88,DEMANDS!$E$2:$E$25,0),FALSE) -> 0.25249992 | L88: =HLOOKUP(REG_TRA_DEMANDS!L$3,'BY-Demands'!$J$5:$AK$14,MATCH($E88,'BY-Demands'!$I$5:$I$14,0),FALSE)*HLOOKUP(REG_TRA_DEMANDS!$F88,DEMANDS!$G$2:$CK$25,MATCH($E88,DEMANDS!$E$2:$E$25,0),FALSE)/HLOOKUP(2018,DEMANDS!$G$2:$CK$25,MATCH($E88,DEMANDS!$E$2:$E$25,0),FALSE) -> 0.12185118 | M88: =HLOOKUP(REG_TRA_DEMANDS!M$3,'BY-Demands'!$J$5:$AK$14,MATCH($E88,'BY-Demands'!$I$5:$I$14,0),FALSE)*HLOOKUP(REG_TRA_DEMANDS!$F88,DEMANDS!$G$2:$CK$25,MATCH($E88,DEMANDS!$E$2:$E$25,0),FALSE)/HLOOKUP(2018,DEMANDS!$G$2:$CK$25,MATCH($E88,DEMANDS!$E$2:$E$25,0),FALSE) -> 0.31931579 | N88: =HLOOKUP(REG_TRA_DEMANDS!N$3,'BY-Demands'!$J$5:$AK$14,MATCH($E88,'BY-Demands'!$I$5:$I$14,0),FALSE)*HLOOKUP(REG_TRA_DEMANDS!$F88,DEMANDS!$G$2:$CK$25,MATCH($E88,DEMANDS!$E$2:$E$25,0),FALSE)/HLOOKUP(2018,DEMANDS!$G$2:$CK$25,MATCH($E88,DEMANDS!$E$2:$E$25,0),FALSE) -> 0.49407469 | ... AF88: =HLOOKUP(REG_TRA_DEMANDS!AF$3,'BY-Demands'!$J$5:$AK$14,MATCH($E88,'BY-Demands'!$I$5:$I$14,0),FALSE)*HLOOKUP(REG_TRA_DEMANDS!$F88,DEMANDS!$G$2:$CK$25,MATCH($E88,DEMANDS!$E$2:$E$25,0),FALSE)/HLOOKUP(2018,DEMANDS!$G$2:$CK$25,MATCH($E88,DEMANDS!$E$2:$E$25,0),FALSE) -> 0.17669218
D89: COM_PROJ | E89: =DEMANDS!$E$20 -> TRAF | F89: 2024 | G89: =HLOOKUP(REG_TRA_DEMANDS!G$3,'BY-Demands'!$J$5:$AK$14,MATCH($E89,'BY-Demands'!$I$5:$I$14,0),FALSE)*HLOOKUP(REG_TRA_DEMANDS!$F89,DEMANDS!$G$2:$CK$25,MATCH($E89,DEMANDS!$E$2:$E$25,0),FALSE)/HLOOKUP(2018,DEMANDS!$G$2:$CK$25,MATCH($E89,DEMANDS!$E$2:$E$25,0),FALSE) -> 0.23299601 | H89: =HLOOKUP(REG_TRA_DEMANDS!H$3,'BY-Demands'!$J$5:$AK$14,MATCH($E89,'BY-Demands'!$I$5:$I$14,0),FALSE)*HLOOKUP(REG_TRA_DEMANDS!$F89,DEMANDS!$G$2:$CK$25,MATCH($E89,DEMANDS!$E$2:$E$25,0),FALSE)/HLOOKUP(2018,DEMANDS!$G$2:$CK$25,MATCH($E89,DEMANDS!$E$2:$E$25,0),FALSE) -> 3.4799814 | I89: =HLOOKUP(REG_TRA_DEMANDS!I$3,'BY-Demands'!$J$5:$AK$14,MATCH($E89,'BY-Demands'!$I$5:$I$14,0),FALSE)*HLOOKUP(REG_TRA_DEMANDS!$F89,DEMANDS!$G$2:$CK$25,MATCH($E89,DEMANDS!$E$2:$E$25,0),FALSE)/HLOOKUP(2018,DEMANDS!$G$2:$CK$25,MATCH($E89,DEMANDS!$E$2:$E$25,0),FALSE) -> 0.63150293 | J89: =HLOOKUP(REG_TRA_DEMANDS!J$3,'BY-Demands'!$J$5:$AK$14,MATCH($E89,'BY-Demands'!$I$5:$I$14,0),FALSE)*HLOOKUP(REG_TRA_DEMANDS!$F89,DEMANDS!$G$2:$CK$25,MATCH($E89,DEMANDS!$E$2:$E$25,0),FALSE)/HLOOKUP(2018,DEMANDS!$G$2:$CK$25,MATCH($E89,DEMANDS!$E$2:$E$25,0),FALSE) -> 0.40611011 | K89: =HLOOKUP(REG_TRA_DEMANDS!K$3,'BY-Demands'!$J$5:$AK$14,MATCH($E89,'BY-Demands'!$I$5:$I$14,0),FALSE)*HLOOKUP(REG_TRA_DEMANDS!$F89,DEMANDS!$G$2:$CK$25,MATCH($E89,DEMANDS!$E$2:$E$25,0),FALSE)/HLOOKUP(2018,DEMANDS!$G$2:$CK$25,MATCH($E89,DEMANDS!$E$2:$E$25,0),FALSE) -> 0.28925268 | L89: =HLOOKUP(REG_TRA_DEMANDS!L$3,'BY-Demands'!$J$5:$AK$14,MATCH($E89,'BY-Demands'!$I$5:$I$14,0),FALSE)*HLOOKUP(REG_TRA_DEMANDS!$F89,DEMANDS!$G$2:$CK$25,MATCH($E89,DEMANDS!$E$2:$E$25,0),FALSE)/HLOOKUP(2018,DEMANDS!$G$2:$CK$25,MATCH($E89,DEMANDS!$E$2:$E$25,0),FALSE) -> 0.13958729 | M89: =HLOOKUP(REG_TRA_DEMANDS!M$3,'BY-Demands'!$J$5:$AK$14,MATCH($E89,'BY-Demands'!$I$5:$I$14,0),FALSE)*HLOOKUP(REG_TRA_DEMANDS!$F89,DEMANDS!$G$2:$CK$25,MATCH($E89,DEMANDS!$E$2:$E$25,0),FALSE)/HLOOKUP(2018,DEMANDS!$G$2:$CK$25,MATCH($E89,DEMANDS!$E$2:$E$25,0),FALSE) -> 0.36579398 | N89: =HLOOKUP(REG_TRA_DEMANDS!N$3,'BY-Demands'!$J$5:$AK$14,MATCH($E89,'BY-Demands'!$I$5:$I$14,0),FALSE)*HLOOKUP(REG_TRA_DEMANDS!$F89,DEMANDS!$G$2:$CK$25,MATCH($E89,DEMANDS!$E$2:$E$25,0),FALSE)/HLOOKUP(2018,DEMANDS!$G$2:$CK$25,MATCH($E89,DEMANDS!$E$2:$E$25,0),FALSE) -> 0.56599001 | ... AF89: =HLOOKUP(REG_TRA_DEMANDS!AF$3,'BY-Demands'!$J$5:$AK$14,MATCH($E89,'BY-Demands'!$I$5:$I$14,0),FALSE)*HLOOKUP(REG_TRA_DEMANDS!$F89,DEMANDS!$G$2:$CK$25,MATCH($E89,DEMANDS!$E$2:$E$25,0),FALSE)/HLOOKUP(2018,DEMANDS!$G$2:$CK$25,MATCH($E89,DEMANDS!$E$2:$E$25,0),FALSE) -> 0.20241071
D90: COM_PROJ | E90: =DEMANDS!$E$20 -> TRAF | F90: 2025 | G90: =HLOOKUP(REG_TRA_DEMANDS!G$3,'BY-Demands'!$J$5:$AK$14,MATCH($E90,'BY-Demands'!$I$5:$I$14,0),FALSE)*HLOOKUP(REG_TRA_DEMANDS!$F90,DEMANDS!$G$2:$CK$25,MATCH($E90,DEMANDS!$E$2:$E$25,0),FALSE)/HLOOKUP(2018,DEMANDS!$G$2:$CK$25,MATCH($E90,DEMANDS!$E$2:$E$25,0),FALSE) -> 0.24021889 | H90: =HLOOKUP(REG_TRA_DEMANDS!H$3,'BY-Demands'!$J$5:$AK$14,MATCH($E90,'BY-Demands'!$I$5:$I$14,0),FALSE)*HLOOKUP(REG_TRA_DEMANDS!$F90,DEMANDS!$G$2:$CK$25,MATCH($E90,DEMANDS!$E$2:$E$25,0),FALSE)/HLOOKUP(2018,DEMANDS!$G$2:$CK$25,MATCH($E90,DEMANDS!$E$2:$E$25,0),FALSE) -> 3.5878609 | I90: =HLOOKUP(REG_TRA_DEMANDS!I$3,'BY-Demands'!$J$5:$AK$14,MATCH($E90,'BY-Demands'!$I$5:$I$14,0),FALSE)*HLOOKUP(REG_TRA_DEMANDS!$F90,DEMANDS!$G$2:$CK$25,MATCH($E90,DEMANDS!$E$2:$E$25,0),FALSE)/HLOOKUP(2018,DEMANDS!$G$2:$CK$25,MATCH($E90,DEMANDS!$E$2:$E$25,0),FALSE) -> 0.65107952 | J90: =HLOOKUP(REG_TRA_DEMANDS!J$3,'BY-Demands'!$J$5:$AK$14,MATCH($E90,'BY-Demands'!$I$5:$I$14,0),FALSE)*HLOOKUP(REG_TRA_DEMANDS!$F90,DEMANDS!$G$2:$CK$25,MATCH($E90,DEMANDS!$E$2:$E$25,0),FALSE)/HLOOKUP(2018,DEMANDS!$G$2:$CK$25,MATCH($E90,DEMANDS!$E$2:$E$25,0),FALSE) -> 0.41869952 | K90: =HLOOKUP(REG_TRA_DEMANDS!K$3,'BY-Demands'!$J$5:$AK$14,MATCH($E90,'BY-Demands'!$I$5:$I$14,0),FALSE)*HLOOKUP(REG_TRA_DEMANDS!$F90,DEMANDS!$G$2:$CK$25,MATCH($E90,DEMANDS!$E$2:$E$25,0),FALSE)/HLOOKUP(2018,DEMANDS!$G$2:$CK$25,MATCH($E90,DEMANDS!$E$2:$E$25,0),FALSE) -> 0.29821951 | L90: =HLOOKUP(REG_TRA_DEMANDS!L$3,'BY-Demands'!$J$5:$AK$14,MATCH($E90,'BY-Demands'!$I$5:$I$14,0),FALSE)*HLOOKUP(REG_TRA_DEMANDS!$F90,DEMANDS!$G$2:$CK$25,MATCH($E90,DEMANDS!$E$2:$E$25,0),FALSE)/HLOOKUP(2018,DEMANDS!$G$2:$CK$25,MATCH($E90,DEMANDS!$E$2:$E$25,0),FALSE) -> 0.1439145 | M90: =HLOOKUP(REG_TRA_DEMANDS!M$3,'BY-Demands'!$J$5:$AK$14,MATCH($E90,'BY-Demands'!$I$5:$I$14,0),FALSE)*HLOOKUP(REG_TRA_DEMANDS!$F90,DEMANDS!$G$2:$CK$25,MATCH($E90,DEMANDS!$E$2:$E$25,0),FALSE)/HLOOKUP(2018,DEMANDS!$G$2:$CK$25,MATCH($E90,DEMANDS!$E$2:$E$25,0),FALSE) -> 0.37713359 | N90: =HLOOKUP(REG_TRA_DEMANDS!N$3,'BY-Demands'!$J$5:$AK$14,MATCH($E90,'BY-Demands'!$I$5:$I$14,0),FALSE)*HLOOKUP(REG_TRA_DEMANDS!$F90,DEMANDS!$G$2:$CK$25,MATCH($E90,DEMANDS!$E$2:$E$25,0),FALSE)/HLOOKUP(2018,DEMANDS!$G$2:$CK$25,MATCH($E90,DEMANDS!$E$2:$E$25,0),FALSE) -> 0.5835357 | ... AF90: =HLOOKUP(REG_TRA_DEMANDS!AF$3,'BY-Demands'!$J$5:$AK$14,MATCH($E90,'BY-Demands'!$I$5:$I$14,0),FALSE)*HLOOKUP(REG_TRA_DEMANDS!$F90,DEMANDS!$G$2:$CK$25,MATCH($E90,DEMANDS!$E$2:$E$25,0),FALSE)/HLOOKUP(2018,DEMANDS!$G$2:$CK$25,MATCH($E90,DEMANDS!$E$2:$E$25,0),FALSE) -> 0.20868544
D91: COM_PROJ | E91: =DEMANDS!$E$20 -> TRAF | F91: 2026 | G91: =HLOOKUP(REG_TRA_DEMANDS!G$3,'BY-Demands'!$J$5:$AK$14,MATCH($E91,'BY-Demands'!$I$5:$I$14,0),FALSE)*HLOOKUP(REG_TRA_DEMANDS!$F91,DEMANDS!$G$2:$CK$25,MATCH($E91,DEMANDS!$E$2:$E$25,0),FALSE)/HLOOKUP(2018,DEMANDS!$G$2:$CK$25,MATCH($E91,DEMANDS!$E$2:$E$25,0),FALSE) -> 0.24502327 | H91: =HLOOKUP(REG_TRA_DEMANDS!H$3,'BY-Demands'!$J$5:$AK$14,MATCH($E91,'BY-Demands'!$I$5:$I$14,0),FALSE)*HLOOKUP(REG_TRA_DEMANDS!$F91,DEMANDS!$G$2:$CK$25,MATCH($E91,DEMANDS!$E$2:$E$25,0),FALSE)/HLOOKUP(2018,DEMANDS!$G$2:$CK$25,MATCH($E91,DEMANDS!$E$2:$E$25,0),FALSE) -> 3.6596181 | I91: =HLOOKUP(REG_TRA_DEMANDS!I$3,'BY-Demands'!$J$5:$AK$14,MATCH($E91,'BY-Demands'!$I$5:$I$14,0),FALSE)*HLOOKUP(REG_TRA_DEMANDS!$F91,DEMANDS!$G$2:$CK$25,MATCH($E91,DEMANDS!$E$2:$E$25,0),FALSE)/HLOOKUP(2018,DEMANDS!$G$2:$CK$25,MATCH($E91,DEMANDS!$E$2:$E$25,0),FALSE) -> 0.66410111 | J91: =HLOOKUP(REG_TRA_DEMANDS!J$3,'BY-Demands'!$J$5:$AK$14,MATCH($E91,'BY-Demands'!$I$5:$I$14,0),FALSE)*HLOOKUP(REG_TRA_DEMANDS!$F91,DEMANDS!$G$2:$CK$25,MATCH($E91,DEMANDS!$E$2:$E$25,0),FALSE)/HLOOKUP(2018,DEMANDS!$G$2:$CK$25,MATCH($E91,DEMANDS!$E$2:$E$25,0),FALSE) -> 0.42707351 | K91: =HLOOKUP(REG_TRA_DEMANDS!K$3,'BY-Demands'!$J$5:$AK$14,MATCH($E91,'BY-Demands'!$I$5:$I$14,0),FALSE)*HLOOKUP(REG_TRA_DEMANDS!$F91,DEMANDS!$G$2:$CK$25,MATCH($E91,DEMANDS!$E$2:$E$25,0),FALSE)/HLOOKUP(2018,DEMANDS!$G$2:$CK$25,MATCH($E91,DEMANDS!$E$2:$E$25,0),FALSE) -> 0.3041839 | L91: =HLOOKUP(REG_TRA_DEMANDS!L$3,'BY-Demands'!$J$5:$AK$14,MATCH($E91,'BY-Demands'!$I$5:$I$14,0),FALSE)*HLOOKUP(REG_TRA_DEMANDS!$F91,DEMANDS!$G$2:$CK$25,MATCH($E91,DEMANDS!$E$2:$E$25,0),FALSE)/HLOOKUP(2018,DEMANDS!$G$2:$CK$25,MATCH($E91,DEMANDS!$E$2:$E$25,0),FALSE) -> 0.14679279 | M91: =HLOOKUP(REG_TRA_DEMANDS!M$3,'BY-Demands'!$J$5:$AK$14,MATCH($E91,'BY-Demands'!$I$5:$I$14,0),FALSE)*HLOOKUP(REG_TRA_DEMANDS!$F91,DEMANDS!$G$2:$CK$25,MATCH($E91,DEMANDS!$E$2:$E$25,0),FALSE)/HLOOKUP(2018,DEMANDS!$G$2:$CK$25,MATCH($E91,DEMANDS!$E$2:$E$25,0),FALSE) -> 0.38467626 | N91: =HLOOKUP(REG_TRA_DEMANDS!N$3,'BY-Demands'!$J$5:$AK$14,MATCH($E91,'BY-Demands'!$I$5:$I$14,0),FALSE)*HLOOKUP(REG_TRA_DEMANDS!$F91,DEMANDS!$G$2:$CK$25,MATCH($E91,DEMANDS!$E$2:$E$25,0),FALSE)/HLOOKUP(2018,DEMANDS!$G$2:$CK$25,MATCH($E91,DEMANDS!$E$2:$E$25,0),FALSE) -> 0.59520641 | ... AF91: =HLOOKUP(REG_TRA_DEMANDS!AF$3,'BY-Demands'!$J$5:$AK$14,MATCH($E91,'BY-Demands'!$I$5:$I$14,0),FALSE)*HLOOKUP(REG_TRA_DEMANDS!$F91,DEMANDS!$G$2:$CK$25,MATCH($E91,DEMANDS!$E$2:$E$25,0),FALSE)/HLOOKUP(2018,DEMANDS!$G$2:$CK$25,MATCH($E91,DEMANDS!$E$2:$E$25,0),FALSE) -> 0.21285915
D92: COM_PROJ | E92: =DEMANDS!$E$20 -> TRAF | F92: 2027 | G92: =HLOOKUP(REG_TRA_DEMANDS!G$3,'BY-Demands'!$J$5:$AK$14,MATCH($E92,'BY-Demands'!$I$5:$I$14,0),FALSE)*HLOOKUP(REG_TRA_DEMANDS!$F92,DEMANDS!$G$2:$CK$25,MATCH($E92,DEMANDS!$E$2:$E$25,0),FALSE)/HLOOKUP(2018,DEMANDS!$G$2:$CK$25,MATCH($E92,DEMANDS!$E$2:$E$25,0),FALSE) -> 0.24992373 | H92: =HLOOKUP(REG_TRA_DEMANDS!H$3,'BY-Demands'!$J$5:$AK$14,MATCH($E92,'BY-Demands'!$I$5:$I$14,0),FALSE)*HLOOKUP(REG_TRA_DEMANDS!$F92,DEMANDS!$G$2:$CK$25,MATCH($E92,DEMANDS!$E$2:$E$25,0),FALSE)/HLOOKUP(2018,DEMANDS!$G$2:$CK$25,MATCH($E92,DEMANDS!$E$2:$E$25,0),FALSE) -> 3.7328104 | I92: =HLOOKUP(REG_TRA_DEMANDS!I$3,'BY-Demands'!$J$5:$AK$14,MATCH($E92,'BY-Demands'!$I$5:$I$14,0),FALSE)*HLOOKUP(REG_TRA_DEMANDS!$F92,DEMANDS!$G$2:$CK$25,MATCH($E92,DEMANDS!$E$2:$E$25,0),FALSE)/HLOOKUP(2018,DEMANDS!$G$2:$CK$25,MATCH($E92,DEMANDS!$E$2:$E$25,0),FALSE) -> 0.67738313 | J92: =HLOOKUP(REG_TRA_DEMANDS!J$3,'BY-Demands'!$J$5:$AK$14,MATCH($E92,'BY-Demands'!$I$5:$I$14,0),FALSE)*HLOOKUP(REG_TRA_DEMANDS!$F92,DEMANDS!$G$2:$CK$25,MATCH($E92,DEMANDS!$E$2:$E$25,0),FALSE)/HLOOKUP(2018,DEMANDS!$G$2:$CK$25,MATCH($E92,DEMANDS!$E$2:$E$25,0),FALSE) -> 0.43561498 | K92: =HLOOKUP(REG_TRA_DEMANDS!K$3,'BY-Demands'!$J$5:$AK$14,MATCH($E92,'BY-Demands'!$I$5:$I$14,0),FALSE)*HLOOKUP(REG_TRA_DEMANDS!$F92,DEMANDS!$G$2:$CK$25,MATCH($E92,DEMANDS!$E$2:$E$25,0),FALSE)/HLOOKUP(2018,DEMANDS!$G$2:$CK$25,MATCH($E92,DEMANDS!$E$2:$E$25,0),FALSE) -> 0.31026758 | L92: =HLOOKUP(REG_TRA_DEMANDS!L$3,'BY-Demands'!$J$5:$AK$14,MATCH($E92,'BY-Demands'!$I$5:$I$14,0),FALSE)*HLOOKUP(REG_TRA_DEMANDS!$F92,DEMANDS!$G$2:$CK$25,MATCH($E92,DEMANDS!$E$2:$E$25,0),FALSE)/HLOOKUP(2018,DEMANDS!$G$2:$CK$25,MATCH($E92,DEMANDS!$E$2:$E$25,0),FALSE) -> 0.14972864 | M92: =HLOOKUP(REG_TRA_DEMANDS!M$3,'BY-Demands'!$J$5:$AK$14,MATCH($E92,'BY-Demands'!$I$5:$I$14,0),FALSE)*HLOOKUP(REG_TRA_DEMANDS!$F92,DEMANDS!$G$2:$CK$25,MATCH($E92,DEMANDS!$E$2:$E$25,0),FALSE)/HLOOKUP(2018,DEMANDS!$G$2:$CK$25,MATCH($E92,DEMANDS!$E$2:$E$25,0),FALSE) -> 0.39236979 | N92: =HLOOKUP(REG_TRA_DEMANDS!N$3,'BY-Demands'!$J$5:$AK$14,MATCH($E92,'BY-Demands'!$I$5:$I$14,0),FALSE)*HLOOKUP(REG_TRA_DEMANDS!$F92,DEMANDS!$G$2:$CK$25,MATCH($E92,DEMANDS!$E$2:$E$25,0),FALSE)/HLOOKUP(2018,DEMANDS!$G$2:$CK$25,MATCH($E92,DEMANDS!$E$2:$E$25,0),FALSE) -> 0.60711054 | ... AF92: =HLOOKUP(REG_TRA_DEMANDS!AF$3,'BY-Demands'!$J$5:$AK$14,MATCH($E92,'BY-Demands'!$I$5:$I$14,0),FALSE)*HLOOKUP(REG_TRA_DEMANDS!$F92,DEMANDS!$G$2:$CK$25,MATCH($E92,DEMANDS!$E$2:$E$25,0),FALSE)/HLOOKUP(2018,DEMANDS!$G$2:$CK$25,MATCH($E92,DEMANDS!$E$2:$E$25,0),FALSE) -> 0.21711633
D93: COM_PROJ | E93: =DEMANDS!$E$20 -> TRAF | F93: 2028 | G93: =HLOOKUP(REG_TRA_DEMANDS!G$3,'BY-Demands'!$J$5:$AK$14,MATCH($E93,'BY-Demands'!$I$5:$I$14,0),FALSE)*HLOOKUP(REG_TRA_DEMANDS!$F93,DEMANDS!$G$2:$CK$25,MATCH($E93,DEMANDS!$E$2:$E$25,0),FALSE)/HLOOKUP(2018,DEMANDS!$G$2:$CK$25,MATCH($E93,DEMANDS!$E$2:$E$25,0),FALSE) -> 0.25492221 | H93: =HLOOKUP(REG_TRA_DEMANDS!H$3,'BY-Demands'!$J$5:$AK$14,MATCH($E93,'BY-Demands'!$I$5:$I$14,0),FALSE)*HLOOKUP(REG_TRA_DEMANDS!$F93,DEMANDS!$G$2:$CK$25,MATCH($E93,DEMANDS!$E$2:$E$25,0),FALSE)/HLOOKUP(2018,DEMANDS!$G$2:$CK$25,MATCH($E93,DEMANDS!$E$2:$E$25,0),FALSE) -> 3.8074667 | I93: =HLOOKUP(REG_TRA_DEMANDS!I$3,'BY-Demands'!$J$5:$AK$14,MATCH($E93,'BY-Demands'!$I$5:$I$14,0),FALSE)*HLOOKUP(REG_TRA_DEMANDS!$F93,DEMANDS!$G$2:$CK$25,MATCH($E93,DEMANDS!$E$2:$E$25,0),FALSE)/HLOOKUP(2018,DEMANDS!$G$2:$CK$25,MATCH($E93,DEMANDS!$E$2:$E$25,0),FALSE) -> 0.69093079 | J93: =HLOOKUP(REG_TRA_DEMANDS!J$3,'BY-Demands'!$J$5:$AK$14,MATCH($E93,'BY-Demands'!$I$5:$I$14,0),FALSE)*HLOOKUP(REG_TRA_DEMANDS!$F93,DEMANDS!$G$2:$CK$25,MATCH($E93,DEMANDS!$E$2:$E$25,0),FALSE)/HLOOKUP(2018,DEMANDS!$G$2:$CK$25,MATCH($E93,DEMANDS!$E$2:$E$25,0),FALSE) -> 0.44432728 | K93: =HLOOKUP(REG_TRA_DEMANDS!K$3,'BY-Demands'!$J$5:$AK$14,MATCH($E93,'BY-Demands'!$I$5:$I$14,0),FALSE)*HLOOKUP(REG_TRA_DEMANDS!$F93,DEMANDS!$G$2:$CK$25,MATCH($E93,DEMANDS!$E$2:$E$25,0),FALSE)/HLOOKUP(2018,DEMANDS!$G$2:$CK$25,MATCH($E93,DEMANDS!$E$2:$E$25,0),FALSE) -> 0.31647293 | L93: =HLOOKUP(REG_TRA_DEMANDS!L$3,'BY-Demands'!$J$5:$AK$14,MATCH($E93,'BY-Demands'!$I$5:$I$14,0),FALSE)*HLOOKUP(REG_TRA_DEMANDS!$F93,DEMANDS!$G$2:$CK$25,MATCH($E93,DEMANDS!$E$2:$E$25,0),FALSE)/HLOOKUP(2018,DEMANDS!$G$2:$CK$25,MATCH($E93,DEMANDS!$E$2:$E$25,0),FALSE) -> 0.15272322 | M93: =HLOOKUP(REG_TRA_DEMANDS!M$3,'BY-Demands'!$J$5:$AK$14,MATCH($E93,'BY-Demands'!$I$5:$I$14,0),FALSE)*HLOOKUP(REG_TRA_DEMANDS!$F93,DEMANDS!$G$2:$CK$25,MATCH($E93,DEMANDS!$E$2:$E$25,0),FALSE)/HLOOKUP(2018,DEMANDS!$G$2:$CK$25,MATCH($E93,DEMANDS!$E$2:$E$25,0),FALSE) -> 0.40021718 | N93: =HLOOKUP(REG_TRA_DEMANDS!N$3,'BY-Demands'!$J$5:$AK$14,MATCH($E93,'BY-Demands'!$I$5:$I$14,0),FALSE)*HLOOKUP(REG_TRA_DEMANDS!$F93,DEMANDS!$G$2:$CK$25,MATCH($E93,DEMANDS!$E$2:$E$25,0),FALSE)/HLOOKUP(2018,DEMANDS!$G$2:$CK$25,MATCH($E93,DEMANDS!$E$2:$E$25,0),FALSE) -> 0.61925275 | ... AF93: =HLOOKUP(REG_TRA_DEMANDS!AF$3,'BY-Demands'!$J$5:$AK$14,MATCH($E93,'BY-Demands'!$I$5:$I$14,0),FALSE)*HLOOKUP(REG_TRA_DEMANDS!$F93,DEMANDS!$G$2:$CK$25,MATCH($E93,DEMANDS!$E$2:$E$25,0),FALSE)/HLOOKUP(2018,DEMANDS!$G$2:$CK$25,MATCH($E93,DEMANDS!$E$2:$E$25,0),FALSE) -> 0.22145866
D94: COM_PROJ | E94: =DEMANDS!$E$20 -> TRAF | F94: 2029 | G94: =HLOOKUP(REG_TRA_DEMANDS!G$3,'BY-Demands'!$J$5:$AK$14,MATCH($E94,'BY-Demands'!$I$5:$I$14,0),FALSE)*HLOOKUP(REG_TRA_DEMANDS!$F94,DEMANDS!$G$2:$CK$25,MATCH($E94,DEMANDS!$E$2:$E$25,0),FALSE)/HLOOKUP(2018,DEMANDS!$G$2:$CK$25,MATCH($E94,DEMANDS!$E$2:$E$25,0),FALSE) -> 0.26002065 | H94: =HLOOKUP(REG_TRA_DEMANDS!H$3,'BY-Demands'!$J$5:$AK$14,MATCH($E94,'BY-Demands'!$I$5:$I$14,0),FALSE)*HLOOKUP(REG_TRA_DEMANDS!$F94,DEMANDS!$G$2:$CK$25,MATCH($E94,DEMANDS!$E$2:$E$25,0),FALSE)/HLOOKUP(2018,DEMANDS!$G$2:$CK$25,MATCH($E94,DEMANDS!$E$2:$E$25,0),FALSE) -> 3.883616 | I94: =HLOOKUP(REG_TRA_DEMANDS!I$3,'BY-Demands'!$J$5:$AK$14,MATCH($E94,'BY-Demands'!$I$5:$I$14,0),FALSE)*HLOOKUP(REG_TRA_DEMANDS!$F94,DEMANDS!$G$2:$CK$25,MATCH($E94,DEMANDS!$E$2:$E$25,0),FALSE)/HLOOKUP(2018,DEMANDS!$G$2:$CK$25,MATCH($E94,DEMANDS!$E$2:$E$25,0),FALSE) -> 0.70474941 | J94: =HLOOKUP(REG_TRA_DEMANDS!J$3,'BY-Demands'!$J$5:$AK$14,MATCH($E94,'BY-Demands'!$I$5:$I$14,0),FALSE)*HLOOKUP(REG_TRA_DEMANDS!$F94,DEMANDS!$G$2:$CK$25,MATCH($E94,DEMANDS!$E$2:$E$25,0),FALSE)/HLOOKUP(2018,DEMANDS!$G$2:$CK$25,MATCH($E94,DEMANDS!$E$2:$E$25,0),FALSE) -> 0.45321382 | K94: =HLOOKUP(REG_TRA_DEMANDS!K$3,'BY-Demands'!$J$5:$AK$14,MATCH($E94,'BY-Demands'!$I$5:$I$14,0),FALSE)*HLOOKUP(REG_TRA_DEMANDS!$F94,DEMANDS!$G$2:$CK$25,MATCH($E94,DEMANDS!$E$2:$E$25,0),FALSE)/HLOOKUP(2018,DEMANDS!$G$2:$CK$25,MATCH($E94,DEMANDS!$E$2:$E$25,0),FALSE) -> 0.32280239 | L94: =HLOOKUP(REG_TRA_DEMANDS!L$3,'BY-Demands'!$J$5:$AK$14,MATCH($E94,'BY-Demands'!$I$5:$I$14,0),FALSE)*HLOOKUP(REG_TRA_DEMANDS!$F94,DEMANDS!$G$2:$CK$25,MATCH($E94,DEMANDS!$E$2:$E$25,0),FALSE)/HLOOKUP(2018,DEMANDS!$G$2:$CK$25,MATCH($E94,DEMANDS!$E$2:$E$25,0),FALSE) -> 0.15577768 | M94: =HLOOKUP(REG_TRA_DEMANDS!M$3,'BY-Demands'!$J$5:$AK$14,MATCH($E94,'BY-Demands'!$I$5:$I$14,0),FALSE)*HLOOKUP(REG_TRA_DEMANDS!$F94,DEMANDS!$G$2:$CK$25,MATCH($E94,DEMANDS!$E$2:$E$25,0),FALSE)/HLOOKUP(2018,DEMANDS!$G$2:$CK$25,MATCH($E94,DEMANDS!$E$2:$E$25,0),FALSE) -> 0.40822153 | N94: =HLOOKUP(REG_TRA_DEMANDS!N$3,'BY-Demands'!$J$5:$AK$14,MATCH($E94,'BY-Demands'!$I$5:$I$14,0),FALSE)*HLOOKUP(REG_TRA_DEMANDS!$F94,DEMANDS!$G$2:$CK$25,MATCH($E94,DEMANDS!$E$2:$E$25,0),FALSE)/HLOOKUP(2018,DEMANDS!$G$2:$CK$25,MATCH($E94,DEMANDS!$E$2:$E$25,0),FALSE) -> 0.63163781 | ... AF94: =HLOOKUP(REG_TRA_DEMANDS!AF$3,'BY-Demands'!$J$5:$AK$14,MATCH($E94,'BY-Demands'!$I$5:$I$14,0),FALSE)*HLOOKUP(REG_TRA_DEMANDS!$F94,DEMANDS!$G$2:$CK$25,MATCH($E94,DEMANDS!$E$2:$E$25,0),FALSE)/HLOOKUP(2018,DEMANDS!$G$2:$CK$25,MATCH($E94,DEMANDS!$E$2:$E$25,0),FALSE) -> 0.22588783
D95: COM_PROJ | E95: =DEMANDS!$E$20 -> TRAF | F95: 2030 | G95: =HLOOKUP(REG_TRA_DEMANDS!G$3,'BY-Demands'!$J$5:$AK$14,MATCH($E95,'BY-Demands'!$I$5:$I$14,0),FALSE)*HLOOKUP(REG_TRA_DEMANDS!$F95,DEMANDS!$G$2:$CK$25,MATCH($E95,DEMANDS!$E$2:$E$25,0),FALSE)/HLOOKUP(2018,DEMANDS!$G$2:$CK$25,MATCH($E95,DEMANDS!$E$2:$E$25,0),FALSE) -> 0.26522107 | H95: =HLOOKUP(REG_TRA_DEMANDS!H$3,'BY-Demands'!$J$5:$AK$14,MATCH($E95,'BY-Demands'!$I$5:$I$14,0),FALSE)*HLOOKUP(REG_TRA_DEMANDS!$F95,DEMANDS!$G$2:$CK$25,MATCH($E95,DEMANDS!$E$2:$E$25,0),FALSE)/HLOOKUP(2018,DEMANDS!$G$2:$CK$25,MATCH($E95,DEMANDS!$E$2:$E$25,0),FALSE) -> 3.9612883 | I95: =HLOOKUP(REG_TRA_DEMANDS!I$3,'BY-Demands'!$J$5:$AK$14,MATCH($E95,'BY-Demands'!$I$5:$I$14,0),FALSE)*HLOOKUP(REG_TRA_DEMANDS!$F95,DEMANDS!$G$2:$CK$25,MATCH($E95,DEMANDS!$E$2:$E$25,0),FALSE)/HLOOKUP(2018,DEMANDS!$G$2:$CK$25,MATCH($E95,DEMANDS!$E$2:$E$25,0),FALSE) -> 0.7188444 | J95: =HLOOKUP(REG_TRA_DEMANDS!J$3,'BY-Demands'!$J$5:$AK$14,MATCH($E95,'BY-Demands'!$I$5:$I$14,0),FALSE)*HLOOKUP(REG_TRA_DEMANDS!$F95,DEMANDS!$G$2:$CK$25,MATCH($E95,DEMANDS!$E$2:$E$25,0),FALSE)/HLOOKUP(2018,DEMANDS!$G$2:$CK$25,MATCH($E95,DEMANDS!$E$2:$E$25,0),FALSE) -> 0.4622781 | K95: =HLOOKUP(REG_TRA_DEMANDS!K$3,'BY-Demands'!$J$5:$AK$14,MATCH($E95,'BY-Demands'!$I$5:$I$14,0),FALSE)*HLOOKUP(REG_TRA_DEMANDS!$F95,DEMANDS!$G$2:$CK$25,MATCH($E95,DEMANDS!$E$2:$E$25,0),FALSE)/HLOOKUP(2018,DEMANDS!$G$2:$CK$25,MATCH($E95,DEMANDS!$E$2:$E$25,0),FALSE) -> 0.32925844 | L95: =HLOOKUP(REG_TRA_DEMANDS!L$3,'BY-Demands'!$J$5:$AK$14,MATCH($E95,'BY-Demands'!$I$5:$I$14,0),FALSE)*HLOOKUP(REG_TRA_DEMANDS!$F95,DEMANDS!$G$2:$CK$25,MATCH($E95,DEMANDS!$E$2:$E$25,0),FALSE)/HLOOKUP(2018,DEMANDS!$G$2:$CK$25,MATCH($E95,DEMANDS!$E$2:$E$25,0),FALSE) -> 0.15889323 | M95: =HLOOKUP(REG_TRA_DEMANDS!M$3,'BY-Demands'!$J$5:$AK$14,MATCH($E95,'BY-Demands'!$I$5:$I$14,0),FALSE)*HLOOKUP(REG_TRA_DEMANDS!$F95,DEMANDS!$G$2:$CK$25,MATCH($E95,DEMANDS!$E$2:$E$25,0),FALSE)/HLOOKUP(2018,DEMANDS!$G$2:$CK$25,MATCH($E95,DEMANDS!$E$2:$E$25,0),FALSE) -> 0.41638596 | N95: =HLOOKUP(REG_TRA_DEMANDS!N$3,'BY-Demands'!$J$5:$AK$14,MATCH($E95,'BY-Demands'!$I$5:$I$14,0),FALSE)*HLOOKUP(REG_TRA_DEMANDS!$F95,DEMANDS!$G$2:$CK$25,MATCH($E95,DEMANDS!$E$2:$E$25,0),FALSE)/HLOOKUP(2018,DEMANDS!$G$2:$CK$25,MATCH($E95,DEMANDS!$E$2:$E$25,0),FALSE) -> 0.64427056 | ... AF95: =HLOOKUP(REG_TRA_DEMANDS!AF$3,'BY-Demands'!$J$5:$AK$14,MATCH($E95,'BY-Demands'!$I$5:$I$14,0),FALSE)*HLOOKUP(REG_TRA_DEMANDS!$F95,DEMANDS!$G$2:$CK$25,MATCH($E95,DEMANDS!$E$2:$E$25,0),FALSE)/HLOOKUP(2018,DEMANDS!$G$2:$CK$25,MATCH($E95,DEMANDS!$E$2:$E$25,0),FALSE) -> 0.23040559
D96: COM_PROJ | E96: =DEMANDS!$E$20 -> TRAF | F96: 2031 | G96: =HLOOKUP(REG_TRA_DEMANDS!G$3,'BY-Demands'!$J$5:$AK$14,MATCH($E96,'BY-Demands'!$I$5:$I$14,0),FALSE)*HLOOKUP(REG_TRA_DEMANDS!$F96,DEMANDS!$G$2:$CK$25,MATCH($E96,DEMANDS!$E$2:$E$25,0),FALSE)/HLOOKUP(2018,DEMANDS!$G$2:$CK$25,MATCH($E96,DEMANDS!$E$2:$E$25,0),FALSE) -> 0.27132115 | H96: =HLOOKUP(REG_TRA_DEMANDS!H$3,'BY-Demands'!$J$5:$AK$14,MATCH($E96,'BY-Demands'!$I$5:$I$14,0),FALSE)*HLOOKUP(REG_TRA_DEMANDS!$F96,DEMANDS!$G$2:$CK$25,MATCH($E96,DEMANDS!$E$2:$E$25,0),FALSE)/HLOOKUP(2018,DEMANDS!$G$2:$CK$25,MATCH($E96,DEMANDS!$E$2:$E$25,0),FALSE) -> 4.0523979 | I96: =HLOOKUP(REG_TRA_DEMANDS!I$3,'BY-Demands'!$J$5:$AK$14,MATCH($E96,'BY-Demands'!$I$5:$I$14,0),FALSE)*HLOOKUP(REG_TRA_DEMANDS!$F96,DEMANDS!$G$2:$CK$25,MATCH($E96,DEMANDS!$E$2:$E$25,0),FALSE)/HLOOKUP(2018,DEMANDS!$G$2:$CK$25,MATCH($E96,DEMANDS!$E$2:$E$25,0),FALSE) -> 0.73537782 | J96: =HLOOKUP(REG_TRA_DEMANDS!J$3,'BY-Demands'!$J$5:$AK$14,MATCH($E96,'BY-Demands'!$I$5:$I$14,0),FALSE)*HLOOKUP(REG_TRA_DEMANDS!$F96,DEMANDS!$G$2:$CK$25,MATCH($E96,DEMANDS!$E$2:$E$25,0),FALSE)/HLOOKUP(2018,DEMANDS!$G$2:$CK$25,MATCH($E96,DEMANDS!$E$2:$E$25,0),FALSE) -> 0.4729105 | K96: =HLOOKUP(REG_TRA_DEMANDS!K$3,'BY-Demands'!$J$5:$AK$14,MATCH($E96,'BY-Demands'!$I$5:$I$14,0),FALSE)*HLOOKUP(REG_TRA_DEMANDS!$F96,DEMANDS!$G$2:$CK$25,MATCH($E96,DEMANDS!$E$2:$E$25,0),FALSE)/HLOOKUP(2018,DEMANDS!$G$2:$CK$25,MATCH($E96,DEMANDS!$E$2:$E$25,0),FALSE) -> 0.33683138 | L96: =HLOOKUP(REG_TRA_DEMANDS!L$3,'BY-Demands'!$J$5:$AK$14,MATCH($E96,'BY-Demands'!$I$5:$I$14,0),FALSE)*HLOOKUP(REG_TRA_DEMANDS!$F96,DEMANDS!$G$2:$CK$25,MATCH($E96,DEMANDS!$E$2:$E$25,0),FALSE)/HLOOKUP(2018,DEMANDS!$G$2:$CK$25,MATCH($E96,DEMANDS!$E$2:$E$25,0),FALSE) -> 0.16254778 | M96: =HLOOKUP(REG_TRA_DEMANDS!M$3,'BY-Demands'!$J$5:$AK$14,MATCH($E96,'BY-Demands'!$I$5:$I$14,0),FALSE)*HLOOKUP(REG_TRA_DEMANDS!$F96,DEMANDS!$G$2:$CK$25,MATCH($E96,DEMANDS!$E$2:$E$25,0),FALSE)/HLOOKUP(2018,DEMANDS!$G$2:$CK$25,MATCH($E96,DEMANDS!$E$2:$E$25,0),FALSE) -> 0.42596284 | N96: =HLOOKUP(REG_TRA_DEMANDS!N$3,'BY-Demands'!$J$5:$AK$14,MATCH($E96,'BY-Demands'!$I$5:$I$14,0),FALSE)*HLOOKUP(REG_TRA_DEMANDS!$F96,DEMANDS!$G$2:$CK$25,MATCH($E96,DEMANDS!$E$2:$E$25,0),FALSE)/HLOOKUP(2018,DEMANDS!$G$2:$CK$25,MATCH($E96,DEMANDS!$E$2:$E$25,0),FALSE) -> 0.65908879 | ... AF96: =HLOOKUP(REG_TRA_DEMANDS!AF$3,'BY-Demands'!$J$5:$AK$14,MATCH($E96,'BY-Demands'!$I$5:$I$14,0),FALSE)*HLOOKUP(REG_TRA_DEMANDS!$F96,DEMANDS!$G$2:$CK$25,MATCH($E96,DEMANDS!$E$2:$E$25,0),FALSE)/HLOOKUP(2018,DEMANDS!$G$2:$CK$25,MATCH($E96,DEMANDS!$E$2:$E$25,0),FALSE) -> 0.23570491
... D111: COM_PROJ | E111: =DEMANDS!$E$20 -> TRAF | F111: 2070 | G111: =HLOOKUP(REG_TRA_DEMANDS!G$3,'BY-Demands'!$J$5:$AK$14,MATCH($E111,'BY-Demands'!$I$5:$I$14,0),FALSE)*HLOOKUP(REG_TRA_DEMANDS!$F111,DEMANDS!$G$2:$CK$25,MATCH($E111,DEMANDS!$E$2:$E$25,0),FALSE)/HLOOKUP(2018,DEMANDS!$G$2:$CK$25,MATCH($E111,DEMANDS!$E$2:$E$25,0),FALSE) -> 0.65861765 | H111: =HLOOKUP(REG_TRA_DEMANDS!H$3,'BY-Demands'!$J$5:$AK$14,MATCH($E111,'BY-Demands'!$I$5:$I$14,0),FALSE)*HLOOKUP(REG_TRA_DEMANDS!$F111,DEMANDS!$G$2:$CK$25,MATCH($E111,DEMANDS!$E$2:$E$25,0),FALSE)/HLOOKUP(2018,DEMANDS!$G$2:$CK$25,MATCH($E111,DEMANDS!$E$2:$E$25,0),FALSE) -> 9.8369803 | I111: =HLOOKUP(REG_TRA_DEMANDS!I$3,'BY-Demands'!$J$5:$AK$14,MATCH($E111,'BY-Demands'!$I$5:$I$14,0),FALSE)*HLOOKUP(REG_TRA_DEMANDS!$F111,DEMANDS!$G$2:$CK$25,MATCH($E111,DEMANDS!$E$2:$E$25,0),FALSE)/HLOOKUP(2018,DEMANDS!$G$2:$CK$25,MATCH($E111,DEMANDS!$E$2:$E$25,0),FALSE) -> 1.7850905 | J111: =HLOOKUP(REG_TRA_DEMANDS!J$3,'BY-Demands'!$J$5:$AK$14,MATCH($E111,'BY-Demands'!$I$5:$I$14,0),FALSE)*HLOOKUP(REG_TRA_DEMANDS!$F111,DEMANDS!$G$2:$CK$25,MATCH($E111,DEMANDS!$E$2:$E$25,0),FALSE)/HLOOKUP(2018,DEMANDS!$G$2:$CK$25,MATCH($E111,DEMANDS!$E$2:$E$25,0),FALSE) -> 1.1479651 | K111: =HLOOKUP(REG_TRA_DEMANDS!K$3,'BY-Demands'!$J$5:$AK$14,MATCH($E111,'BY-Demands'!$I$5:$I$14,0),FALSE)*HLOOKUP(REG_TRA_DEMANDS!$F111,DEMANDS!$G$2:$CK$25,MATCH($E111,DEMANDS!$E$2:$E$25,0),FALSE)/HLOOKUP(2018,DEMANDS!$G$2:$CK$25,MATCH($E111,DEMANDS!$E$2:$E$25,0),FALSE) -> 0.81764026 | L111: =HLOOKUP(REG_TRA_DEMANDS!L$3,'BY-Demands'!$J$5:$AK$14,MATCH($E111,'BY-Demands'!$I$5:$I$14,0),FALSE)*HLOOKUP(REG_TRA_DEMANDS!$F111,DEMANDS!$G$2:$CK$25,MATCH($E111,DEMANDS!$E$2:$E$25,0),FALSE)/HLOOKUP(2018,DEMANDS!$G$2:$CK$25,MATCH($E111,DEMANDS!$E$2:$E$25,0),FALSE) -> 0.39457608 | M111: =HLOOKUP(REG_TRA_DEMANDS!M$3,'BY-Demands'!$J$5:$AK$14,MATCH($E111,'BY-Demands'!$I$5:$I$14,0),FALSE)*HLOOKUP(REG_TRA_DEMANDS!$F111,DEMANDS!$G$2:$CK$25,MATCH($E111,DEMANDS!$E$2:$E$25,0),FALSE)/HLOOKUP(2018,DEMANDS!$G$2:$CK$25,MATCH($E111,DEMANDS!$E$2:$E$25,0),FALSE) -> 1.0340021 | N111: =HLOOKUP(REG_TRA_DEMANDS!N$3,'BY-Demands'!$J$5:$AK$14,MATCH($E111,'BY-Demands'!$I$5:$I$14,0),FALSE)*HLOOKUP(REG_TRA_DEMANDS!$F111,DEMANDS!$G$2:$CK$25,MATCH($E111,DEMANDS!$E$2:$E$25,0),FALSE)/HLOOKUP(2018,DEMANDS!$G$2:$CK$25,MATCH($E111,DEMANDS!$E$2:$E$25,0),FALSE) -> 1.5999029 | ... AF111: =HLOOKUP(REG_TRA_DEMANDS!AF$3,'BY-Demands'!$J$5:$AK$14,MATCH($E111,'BY-Demands'!$I$5:$I$14,0),FALSE)*HLOOKUP(REG_TRA_DEMANDS!$F111,DEMANDS!$G$2:$CK$25,MATCH($E111,DEMANDS!$E$2:$E$25,0),FALSE)/HLOOKUP(2018,DEMANDS!$G$2:$CK$25,MATCH($E111,DEMANDS!$E$2:$E$25,0),FALSE) -> 0.57216113
D112: COM_PROJ | E112: =DEMANDS!$E$21 -> TTURS | F112: 2020 | G112: =HLOOKUP(REG_TRA_DEMANDS!G$3,'BY-Demands'!$J$5:$AK$14,MATCH($E112,'BY-Demands'!$I$5:$I$14,0),FALSE)*HLOOKUP(REG_TRA_DEMANDS!$F112,DEMANDS!$G$2:$CK$25,MATCH($E112,DEMANDS!$E$2:$E$25,0),FALSE)/HLOOKUP(2018,DEMANDS!$G$2:$CK$25,MATCH($E112,DEMANDS!$E$2:$E$25,0),FALSE) -> 0.04029819 | H112: =HLOOKUP(REG_TRA_DEMANDS!H$3,'BY-Demands'!$J$5:$AK$14,MATCH($E112,'BY-Demands'!$I$5:$I$14,0),FALSE)*HLOOKUP(REG_TRA_DEMANDS!$F112,DEMANDS!$G$2:$CK$25,MATCH($E112,DEMANDS!$E$2:$E$25,0),FALSE)/HLOOKUP(2018,DEMANDS!$G$2:$CK$25,MATCH($E112,DEMANDS!$E$2:$E$25,0),FALSE) -> 0.95370141 | I112: =HLOOKUP(REG_TRA_DEMANDS!I$3,'BY-Demands'!$J$5:$AK$14,MATCH($E112,'BY-Demands'!$I$5:$I$14,0),FALSE)*HLOOKUP(REG_TRA_DEMANDS!$F112,DEMANDS!$G$2:$CK$25,MATCH($E112,DEMANDS!$E$2:$E$25,0),FALSE)/HLOOKUP(2018,DEMANDS!$G$2:$CK$25,MATCH($E112,DEMANDS!$E$2:$E$25,0),FALSE) -> 0.15749505 | J112: =HLOOKUP(REG_TRA_DEMANDS!J$3,'BY-Demands'!$J$5:$AK$14,MATCH($E112,'BY-Demands'!$I$5:$I$14,0),FALSE)*HLOOKUP(REG_TRA_DEMANDS!$F112,DEMANDS!$G$2:$CK$25,MATCH($E112,DEMANDS!$E$2:$E$25,0),FALSE)/HLOOKUP(2018,DEMANDS!$G$2:$CK$25,MATCH($E112,DEMANDS!$E$2:$E$25,0),FALSE) -> 0.070239408 | K112: =HLOOKUP(REG_TRA_DEMANDS!K$3,'BY-Demands'!$J$5:$AK$14,MATCH($E112,'BY-Demands'!$I$5:$I$14,0),FALSE)*HLOOKUP(REG_TRA_DEMANDS!$F112,DEMANDS!$G$2:$CK$25,MATCH($E112,DEMANDS!$E$2:$E$25,0),FALSE)/HLOOKUP(2018,DEMANDS!$G$2:$CK$25,MATCH($E112,DEMANDS!$E$2:$E$25,0),FALSE) -> 0.059951096 | L112: =HLOOKUP(REG_TRA_DEMANDS!L$3,'BY-Demands'!$J$5:$AK$14,MATCH($E112,'BY-Demands'!$I$5:$I$14,0),FALSE)*HLOOKUP(REG_TRA_DEMANDS!$F112,DEMANDS!$G$2:$CK$25,MATCH($E112,DEMANDS!$E$2:$E$25,0),FALSE)/HLOOKUP(2018,DEMANDS!$G$2:$CK$25,MATCH($E112,DEMANDS!$E$2:$E$25,0),FALSE) -> 0.028931144 | M112: =HLOOKUP(REG_TRA_DEMANDS!M$3,'BY-Demands'!$J$5:$AK$14,MATCH($E112,'BY-Demands'!$I$5:$I$14,0),FALSE)*HLOOKUP(REG_TRA_DEMANDS!$F112,DEMANDS!$G$2:$CK$25,MATCH($E112,DEMANDS!$E$2:$E$25,0),FALSE)/HLOOKUP(2018,DEMANDS!$G$2:$CK$25,MATCH($E112,DEMANDS!$E$2:$E$25,0),FALSE) -> 0.09122799 | N112: =HLOOKUP(REG_TRA_DEMANDS!N$3,'BY-Demands'!$J$5:$AK$14,MATCH($E112,'BY-Demands'!$I$5:$I$14,0),FALSE)*HLOOKUP(REG_TRA_DEMANDS!$F112,DEMANDS!$G$2:$CK$25,MATCH($E112,DEMANDS!$E$2:$E$25,0),FALSE)/HLOOKUP(2018,DEMANDS!$G$2:$CK$25,MATCH($E112,DEMANDS!$E$2:$E$25,0),FALSE) -> 0.13805804 | ... AF112: =HLOOKUP(REG_TRA_DEMANDS!AF$3,'BY-Demands'!$J$5:$AK$14,MATCH($E112,'BY-Demands'!$I$5:$I$14,0),FALSE)*HLOOKUP(REG_TRA_DEMANDS!$F112,DEMANDS!$G$2:$CK$25,MATCH($E112,DEMANDS!$E$2:$E$25,0),FALSE)/HLOOKUP(2018,DEMANDS!$G$2:$CK$25,MATCH($E112,DEMANDS!$E$2:$E$25,0),FALSE) -> 0.043450866
D113: COM_PROJ | E113: =DEMANDS!$E$21 -> TTURS | F113: 2021 | G113: =HLOOKUP(REG_TRA_DEMANDS!G$3,'BY-Demands'!$J$5:$AK$14,MATCH($E113,'BY-Demands'!$I$5:$I$14,0),FALSE)*HLOOKUP(REG_TRA_DEMANDS!$F113,DEMANDS!$G$2:$CK$25,MATCH($E113,DEMANDS!$E$2:$E$25,0),FALSE)/HLOOKUP(2018,DEMANDS!$G$2:$CK$25,MATCH($E113,DEMANDS!$E$2:$E$25,0),FALSE) -> 0.10300787 | H113: =HLOOKUP(REG_TRA_DEMANDS!H$3,'BY-Demands'!$J$5:$AK$14,MATCH($E113,'BY-Demands'!$I$5:$I$14,0),FALSE)*HLOOKUP(REG_TRA_DEMANDS!$F113,DEMANDS!$G$2:$CK$25,MATCH($E113,DEMANDS!$E$2:$E$25,0),FALSE)/HLOOKUP(2018,DEMANDS!$G$2:$CK$25,MATCH($E113,DEMANDS!$E$2:$E$25,0),FALSE) -> 2.4377956 | I113: =HLOOKUP(REG_TRA_DEMANDS!I$3,'BY-Demands'!$J$5:$AK$14,MATCH($E113,'BY-Demands'!$I$5:$I$14,0),FALSE)*HLOOKUP(REG_TRA_DEMANDS!$F113,DEMANDS!$G$2:$CK$25,MATCH($E113,DEMANDS!$E$2:$E$25,0),FALSE)/HLOOKUP(2018,DEMANDS!$G$2:$CK$25,MATCH($E113,DEMANDS!$E$2:$E$25,0),FALSE) -> 0.40257962 | J113: =HLOOKUP(REG_TRA_DEMANDS!J$3,'BY-Demands'!$J$5:$AK$14,MATCH($E113,'BY-Demands'!$I$5:$I$14,0),FALSE)*HLOOKUP(REG_TRA_DEMANDS!$F113,DEMANDS!$G$2:$CK$25,MATCH($E113,DEMANDS!$E$2:$E$25,0),FALSE)/HLOOKUP(2018,DEMANDS!$G$2:$CK$25,MATCH($E113,DEMANDS!$E$2:$E$25,0),FALSE) -> 0.17954186 | K113: =HLOOKUP(REG_TRA_DEMANDS!K$3,'BY-Demands'!$J$5:$AK$14,MATCH($E113,'BY-Demands'!$I$5:$I$14,0),FALSE)*HLOOKUP(REG_TRA_DEMANDS!$F113,DEMANDS!$G$2:$CK$25,MATCH($E113,DEMANDS!$E$2:$E$25,0),FALSE)/HLOOKUP(2018,DEMANDS!$G$2:$CK$25,MATCH($E113,DEMANDS!$E$2:$E$25,0),FALSE) -> 0.15324347 | L113: =HLOOKUP(REG_TRA_DEMANDS!L$3,'BY-Demands'!$J$5:$AK$14,MATCH($E113,'BY-Demands'!$I$5:$I$14,0),FALSE)*HLOOKUP(REG_TRA_DEMANDS!$F113,DEMANDS!$G$2:$CK$25,MATCH($E113,DEMANDS!$E$2:$E$25,0),FALSE)/HLOOKUP(2018,DEMANDS!$G$2:$CK$25,MATCH($E113,DEMANDS!$E$2:$E$25,0),FALSE) -> 0.073952095 | M113: =HLOOKUP(REG_TRA_DEMANDS!M$3,'BY-Demands'!$J$5:$AK$14,MATCH($E113,'BY-Demands'!$I$5:$I$14,0),FALSE)*HLOOKUP(REG_TRA_DEMANDS!$F113,DEMANDS!$G$2:$CK$25,MATCH($E113,DEMANDS!$E$2:$E$25,0),FALSE)/HLOOKUP(2018,DEMANDS!$G$2:$CK$25,MATCH($E113,DEMANDS!$E$2:$E$25,0),FALSE) -> 0.23319164 | N113: =HLOOKUP(REG_TRA_DEMANDS!N$3,'BY-Demands'!$J$5:$AK$14,MATCH($E113,'BY-Demands'!$I$5:$I$14,0),FALSE)*HLOOKUP(REG_TRA_DEMANDS!$F113,DEMANDS!$G$2:$CK$25,MATCH($E113,DEMANDS!$E$2:$E$25,0),FALSE)/HLOOKUP(2018,DEMANDS!$G$2:$CK$25,MATCH($E113,DEMANDS!$E$2:$E$25,0),FALSE) -> 0.35289586 | ... AF113: =HLOOKUP(REG_TRA_DEMANDS!AF$3,'BY-Demands'!$J$5:$AK$14,MATCH($E113,'BY-Demands'!$I$5:$I$14,0),FALSE)*HLOOKUP(REG_TRA_DEMANDS!$F113,DEMANDS!$G$2:$CK$25,MATCH($E113,DEMANDS!$E$2:$E$25,0),FALSE)/HLOOKUP(2018,DEMANDS!$G$2:$CK$25,MATCH($E113,DEMANDS!$E$2:$E$25,0),FALSE) -> 0.11106655
D114: COM_PROJ | E114: =DEMANDS!$E$21 -> TTURS | F114: 2022 | G114: =HLOOKUP(REG_TRA_DEMANDS!G$3,'BY-Demands'!$J$5:$AK$14,MATCH($E114,'BY-Demands'!$I$5:$I$14,0),FALSE)*HLOOKUP(REG_TRA_DEMANDS!$F114,DEMANDS!$G$2:$CK$25,MATCH($E114,DEMANDS!$E$2:$E$25,0),FALSE)/HLOOKUP(2018,DEMANDS!$G$2:$CK$25,MATCH($E114,DEMANDS!$E$2:$E$25,0),FALSE) -> 0.091837706 | H114: =HLOOKUP(REG_TRA_DEMANDS!H$3,'BY-Demands'!$J$5:$AK$14,MATCH($E114,'BY-Demands'!$I$5:$I$14,0),FALSE)*HLOOKUP(REG_TRA_DEMANDS!$F114,DEMANDS!$G$2:$CK$25,MATCH($E114,DEMANDS!$E$2:$E$25,0),FALSE)/HLOOKUP(2018,DEMANDS!$G$2:$CK$25,MATCH($E114,DEMANDS!$E$2:$E$25,0),FALSE) -> 2.1734413 | I114: =HLOOKUP(REG_TRA_DEMANDS!I$3,'BY-Demands'!$J$5:$AK$14,MATCH($E114,'BY-Demands'!$I$5:$I$14,0),FALSE)*HLOOKUP(REG_TRA_DEMANDS!$F114,DEMANDS!$G$2:$CK$25,MATCH($E114,DEMANDS!$E$2:$E$25,0),FALSE)/HLOOKUP(2018,DEMANDS!$G$2:$CK$25,MATCH($E114,DEMANDS!$E$2:$E$25,0),FALSE) -> 0.35892393 | J114: =HLOOKUP(REG_TRA_DEMANDS!J$3,'BY-Demands'!$J$5:$AK$14,MATCH($E114,'BY-Demands'!$I$5:$I$14,0),FALSE)*HLOOKUP(REG_TRA_DEMANDS!$F114,DEMANDS!$G$2:$CK$25,MATCH($E114,DEMANDS!$E$2:$E$25,0),FALSE)/HLOOKUP(2018,DEMANDS!$G$2:$CK$25,MATCH($E114,DEMANDS!$E$2:$E$25,0),FALSE) -> 0.16007235 | K114: =HLOOKUP(REG_TRA_DEMANDS!K$3,'BY-Demands'!$J$5:$AK$14,MATCH($E114,'BY-Demands'!$I$5:$I$14,0),FALSE)*HLOOKUP(REG_TRA_DEMANDS!$F114,DEMANDS!$G$2:$CK$25,MATCH($E114,DEMANDS!$E$2:$E$25,0),FALSE)/HLOOKUP(2018,DEMANDS!$G$2:$CK$25,MATCH($E114,DEMANDS!$E$2:$E$25,0),FALSE) -> 0.13662577 | L114: =HLOOKUP(REG_TRA_DEMANDS!L$3,'BY-Demands'!$J$5:$AK$14,MATCH($E114,'BY-Demands'!$I$5:$I$14,0),FALSE)*HLOOKUP(REG_TRA_DEMANDS!$F114,DEMANDS!$G$2:$CK$25,MATCH($E114,DEMANDS!$E$2:$E$25,0),FALSE)/HLOOKUP(2018,DEMANDS!$G$2:$CK$25,MATCH($E114,DEMANDS!$E$2:$E$25,0),FALSE) -> 0.065932736 | M114: =HLOOKUP(REG_TRA_DEMANDS!M$3,'BY-Demands'!$J$5:$AK$14,MATCH($E114,'BY-Demands'!$I$5:$I$14,0),FALSE)*HLOOKUP(REG_TRA_DEMANDS!$F114,DEMANDS!$G$2:$CK$25,MATCH($E114,DEMANDS!$E$2:$E$25,0),FALSE)/HLOOKUP(2018,DEMANDS!$G$2:$CK$25,MATCH($E114,DEMANDS!$E$2:$E$25,0),FALSE) -> 0.20790436 | N114: =HLOOKUP(REG_TRA_DEMANDS!N$3,'BY-Demands'!$J$5:$AK$14,MATCH($E114,'BY-Demands'!$I$5:$I$14,0),FALSE)*HLOOKUP(REG_TRA_DEMANDS!$F114,DEMANDS!$G$2:$CK$25,MATCH($E114,DEMANDS!$E$2:$E$25,0),FALSE)/HLOOKUP(2018,DEMANDS!$G$2:$CK$25,MATCH($E114,DEMANDS!$E$2:$E$25,0),FALSE) -> 0.31462786 | ... AF114: =HLOOKUP(REG_TRA_DEMANDS!AF$3,'BY-Demands'!$J$5:$AK$14,MATCH($E114,'BY-Demands'!$I$5:$I$14,0),FALSE)*HLOOKUP(REG_TRA_DEMANDS!$F114,DEMANDS!$G$2:$CK$25,MATCH($E114,DEMANDS!$E$2:$E$25,0),FALSE)/HLOOKUP(2018,DEMANDS!$G$2:$CK$25,MATCH($E114,DEMANDS!$E$2:$E$25,0),FALSE) -> 0.099022508
D115: COM_PROJ | E115: =DEMANDS!$E$21 -> TTURS | F115: 2023 | G115: =HLOOKUP(REG_TRA_DEMANDS!G$3,'BY-Demands'!$J$5:$AK$14,MATCH($E115,'BY-Demands'!$I$5:$I$14,0),FALSE)*HLOOKUP(REG_TRA_DEMANDS!$F115,DEMANDS!$G$2:$CK$25,MATCH($E115,DEMANDS!$E$2:$E$25,0),FALSE)/HLOOKUP(2018,DEMANDS!$G$2:$CK$25,MATCH($E115,DEMANDS!$E$2:$E$25,0),FALSE) -> 0.080667542 | H115: =HLOOKUP(REG_TRA_DEMANDS!H$3,'BY-Demands'!$J$5:$AK$14,MATCH($E115,'BY-Demands'!$I$5:$I$14,0),FALSE)*HLOOKUP(REG_TRA_DEMANDS!$F115,DEMANDS!$G$2:$CK$25,MATCH($E115,DEMANDS!$E$2:$E$25,0),FALSE)/HLOOKUP(2018,DEMANDS!$G$2:$CK$25,MATCH($E115,DEMANDS!$E$2:$E$25,0),FALSE) -> 1.909087 | I115: =HLOOKUP(REG_TRA_DEMANDS!I$3,'BY-Demands'!$J$5:$AK$14,MATCH($E115,'BY-Demands'!$I$5:$I$14,0),FALSE)*HLOOKUP(REG_TRA_DEMANDS!$F115,DEMANDS!$G$2:$CK$25,MATCH($E115,DEMANDS!$E$2:$E$25,0),FALSE)/HLOOKUP(2018,DEMANDS!$G$2:$CK$25,MATCH($E115,DEMANDS!$E$2:$E$25,0),FALSE) -> 0.31526823 | J115: =HLOOKUP(REG_TRA_DEMANDS!J$3,'BY-Demands'!$J$5:$AK$14,MATCH($E115,'BY-Demands'!$I$5:$I$14,0),FALSE)*HLOOKUP(REG_TRA_DEMANDS!$F115,DEMANDS!$G$2:$CK$25,MATCH($E115,DEMANDS!$E$2:$E$25,0),FALSE)/HLOOKUP(2018,DEMANDS!$G$2:$CK$25,MATCH($E115,DEMANDS!$E$2:$E$25,0),FALSE) -> 0.14060285 | K115: =HLOOKUP(REG_TRA_DEMANDS!K$3,'BY-Demands'!$J$5:$AK$14,MATCH($E115,'BY-Demands'!$I$5:$I$14,0),FALSE)*HLOOKUP(REG_TRA_DEMANDS!$F115,DEMANDS!$G$2:$CK$25,MATCH($E115,DEMANDS!$E$2:$E$25,0),FALSE)/HLOOKUP(2018,DEMANDS!$G$2:$CK$25,MATCH($E115,DEMANDS!$E$2:$E$25,0),FALSE) -> 0.12000806 | L115: =HLOOKUP(REG_TRA_DEMANDS!L$3,'BY-Demands'!$J$5:$AK$14,MATCH($E115,'BY-Demands'!$I$5:$I$14,0),FALSE)*HLOOKUP(REG_TRA_DEMANDS!$F115,DEMANDS!$G$2:$CK$25,MATCH($E115,DEMANDS!$E$2:$E$25,0),FALSE)/HLOOKUP(2018,DEMANDS!$G$2:$CK$25,MATCH($E115,DEMANDS!$E$2:$E$25,0),FALSE) -> 0.057913378 | M115: =HLOOKUP(REG_TRA_DEMANDS!M$3,'BY-Demands'!$J$5:$AK$14,MATCH($E115,'BY-Demands'!$I$5:$I$14,0),FALSE)*HLOOKUP(REG_TRA_DEMANDS!$F115,DEMANDS!$G$2:$CK$25,MATCH($E115,DEMANDS!$E$2:$E$25,0),FALSE)/HLOOKUP(2018,DEMANDS!$G$2:$CK$25,MATCH($E115,DEMANDS!$E$2:$E$25,0),FALSE) -> 0.18261708 | N115: =HLOOKUP(REG_TRA_DEMANDS!N$3,'BY-Demands'!$J$5:$AK$14,MATCH($E115,'BY-Demands'!$I$5:$I$14,0),FALSE)*HLOOKUP(REG_TRA_DEMANDS!$F115,DEMANDS!$G$2:$CK$25,MATCH($E115,DEMANDS!$E$2:$E$25,0),FALSE)/HLOOKUP(2018,DEMANDS!$G$2:$CK$25,MATCH($E115,DEMANDS!$E$2:$E$25,0),FALSE) -> 0.27635987 | ... AF115: =HLOOKUP(REG_TRA_DEMANDS!AF$3,'BY-Demands'!$J$5:$AK$14,MATCH($E115,'BY-Demands'!$I$5:$I$14,0),FALSE)*HLOOKUP(REG_TRA_DEMANDS!$F115,DEMANDS!$G$2:$CK$25,MATCH($E115,DEMANDS!$E$2:$E$25,0),FALSE)/HLOOKUP(2018,DEMANDS!$G$2:$CK$25,MATCH($E115,DEMANDS!$E$2:$E$25,0),FALSE) -> 0.086978461
D116: COM_PROJ | E116: =DEMANDS!$E$21 -> TTURS | F116: 2024 | G116: =HLOOKUP(REG_TRA_DEMANDS!G$3,'BY-Demands'!$J$5:$AK$14,MATCH($E116,'BY-Demands'!$I$5:$I$14,0),FALSE)*HLOOKUP(REG_TRA_DEMANDS!$F116,DEMANDS!$G$2:$CK$25,MATCH($E116,DEMANDS!$E$2:$E$25,0),FALSE)/HLOOKUP(2018,DEMANDS!$G$2:$CK$25,MATCH($E116,DEMANDS!$E$2:$E$25,0),FALSE) -> 0.069497379 | H116: =HLOOKUP(REG_TRA_DEMANDS!H$3,'BY-Demands'!$J$5:$AK$14,MATCH($E116,'BY-Demands'!$I$5:$I$14,0),FALSE)*HLOOKUP(REG_TRA_DEMANDS!$F116,DEMANDS!$G$2:$CK$25,MATCH($E116,DEMANDS!$E$2:$E$25,0),FALSE)/HLOOKUP(2018,DEMANDS!$G$2:$CK$25,MATCH($E116,DEMANDS!$E$2:$E$25,0),FALSE) -> 1.6447326 | I116: =HLOOKUP(REG_TRA_DEMANDS!I$3,'BY-Demands'!$J$5:$AK$14,MATCH($E116,'BY-Demands'!$I$5:$I$14,0),FALSE)*HLOOKUP(REG_TRA_DEMANDS!$F116,DEMANDS!$G$2:$CK$25,MATCH($E116,DEMANDS!$E$2:$E$25,0),FALSE)/HLOOKUP(2018,DEMANDS!$G$2:$CK$25,MATCH($E116,DEMANDS!$E$2:$E$25,0),FALSE) -> 0.27161253 | J116: =HLOOKUP(REG_TRA_DEMANDS!J$3,'BY-Demands'!$J$5:$AK$14,MATCH($E116,'BY-Demands'!$I$5:$I$14,0),FALSE)*HLOOKUP(REG_TRA_DEMANDS!$F116,DEMANDS!$G$2:$CK$25,MATCH($E116,DEMANDS!$E$2:$E$25,0),FALSE)/HLOOKUP(2018,DEMANDS!$G$2:$CK$25,MATCH($E116,DEMANDS!$E$2:$E$25,0),FALSE) -> 0.12113335 | K116: =HLOOKUP(REG_TRA_DEMANDS!K$3,'BY-Demands'!$J$5:$AK$14,MATCH($E116,'BY-Demands'!$I$5:$I$14,0),FALSE)*HLOOKUP(REG_TRA_DEMANDS!$F116,DEMANDS!$G$2:$CK$25,MATCH($E116,DEMANDS!$E$2:$E$25,0),FALSE)/HLOOKUP(2018,DEMANDS!$G$2:$CK$25,MATCH($E116,DEMANDS!$E$2:$E$25,0),FALSE) -> 0.10339035 | L116: =HLOOKUP(REG_TRA_DEMANDS!L$3,'BY-Demands'!$J$5:$AK$14,MATCH($E116,'BY-Demands'!$I$5:$I$14,0),FALSE)*HLOOKUP(REG_TRA_DEMANDS!$F116,DEMANDS!$G$2:$CK$25,MATCH($E116,DEMANDS!$E$2:$E$25,0),FALSE)/HLOOKUP(2018,DEMANDS!$G$2:$CK$25,MATCH($E116,DEMANDS!$E$2:$E$25,0),FALSE) -> 0.04989402 | M116: =HLOOKUP(REG_TRA_DEMANDS!M$3,'BY-Demands'!$J$5:$AK$14,MATCH($E116,'BY-Demands'!$I$5:$I$14,0),FALSE)*HLOOKUP(REG_TRA_DEMANDS!$F116,DEMANDS!$G$2:$CK$25,MATCH($E116,DEMANDS!$E$2:$E$25,0),FALSE)/HLOOKUP(2018,DEMANDS!$G$2:$CK$25,MATCH($E116,DEMANDS!$E$2:$E$25,0),FALSE) -> 0.1573298 | N116: =HLOOKUP(REG_TRA_DEMANDS!N$3,'BY-Demands'!$J$5:$AK$14,MATCH($E116,'BY-Demands'!$I$5:$I$14,0),FALSE)*HLOOKUP(REG_TRA_DEMANDS!$F116,DEMANDS!$G$2:$CK$25,MATCH($E116,DEMANDS!$E$2:$E$25,0),FALSE)/HLOOKUP(2018,DEMANDS!$G$2:$CK$25,MATCH($E116,DEMANDS!$E$2:$E$25,0),FALSE) -> 0.23809188 | ... AF116: =HLOOKUP(REG_TRA_DEMANDS!AF$3,'BY-Demands'!$J$5:$AK$14,MATCH($E116,'BY-Demands'!$I$5:$I$14,0),FALSE)*HLOOKUP(REG_TRA_DEMANDS!$F116,DEMANDS!$G$2:$CK$25,MATCH($E116,DEMANDS!$E$2:$E$25,0),FALSE)/HLOOKUP(2018,DEMANDS!$G$2:$CK$25,MATCH($E116,DEMANDS!$E$2:$E$25,0),FALSE) -> 0.074934415
D117: COM_PROJ | E117: =DEMANDS!$E$21 -> TTURS | F117: 2025 | G117: =HLOOKUP(REG_TRA_DEMANDS!G$3,'BY-Demands'!$J$5:$AK$14,MATCH($E117,'BY-Demands'!$I$5:$I$14,0),FALSE)*HLOOKUP(REG_TRA_DEMANDS!$F117,DEMANDS!$G$2:$CK$25,MATCH($E117,DEMANDS!$E$2:$E$25,0),FALSE)/HLOOKUP(2018,DEMANDS!$G$2:$CK$25,MATCH($E117,DEMANDS!$E$2:$E$25,0),FALSE) -> 0.058327215 | H117: =HLOOKUP(REG_TRA_DEMANDS!H$3,'BY-Demands'!$J$5:$AK$14,MATCH($E117,'BY-Demands'!$I$5:$I$14,0),FALSE)*HLOOKUP(REG_TRA_DEMANDS!$F117,DEMANDS!$G$2:$CK$25,MATCH($E117,DEMANDS!$E$2:$E$25,0),FALSE)/HLOOKUP(2018,DEMANDS!$G$2:$CK$25,MATCH($E117,DEMANDS!$E$2:$E$25,0),FALSE) -> 1.3803783 | I117: =HLOOKUP(REG_TRA_DEMANDS!I$3,'BY-Demands'!$J$5:$AK$14,MATCH($E117,'BY-Demands'!$I$5:$I$14,0),FALSE)*HLOOKUP(REG_TRA_DEMANDS!$F117,DEMANDS!$G$2:$CK$25,MATCH($E117,DEMANDS!$E$2:$E$25,0),FALSE)/HLOOKUP(2018,DEMANDS!$G$2:$CK$25,MATCH($E117,DEMANDS!$E$2:$E$25,0),FALSE) -> 0.22795684 | J117: =HLOOKUP(REG_TRA_DEMANDS!J$3,'BY-Demands'!$J$5:$AK$14,MATCH($E117,'BY-Demands'!$I$5:$I$14,0),FALSE)*HLOOKUP(REG_TRA_DEMANDS!$F117,DEMANDS!$G$2:$CK$25,MATCH($E117,DEMANDS!$E$2:$E$25,0),FALSE)/HLOOKUP(2018,DEMANDS!$G$2:$CK$25,MATCH($E117,DEMANDS!$E$2:$E$25,0),FALSE) -> 0.10166385 | K117: =HLOOKUP(REG_TRA_DEMANDS!K$3,'BY-Demands'!$J$5:$AK$14,MATCH($E117,'BY-Demands'!$I$5:$I$14,0),FALSE)*HLOOKUP(REG_TRA_DEMANDS!$F117,DEMANDS!$G$2:$CK$25,MATCH($E117,DEMANDS!$E$2:$E$25,0),FALSE)/HLOOKUP(2018,DEMANDS!$G$2:$CK$25,MATCH($E117,DEMANDS!$E$2:$E$25,0),FALSE) -> 0.086772644 | L117: =HLOOKUP(REG_TRA_DEMANDS!L$3,'BY-Demands'!$J$5:$AK$14,MATCH($E117,'BY-Demands'!$I$5:$I$14,0),FALSE)*HLOOKUP(REG_TRA_DEMANDS!$F117,DEMANDS!$G$2:$CK$25,MATCH($E117,DEMANDS!$E$2:$E$25,0),FALSE)/HLOOKUP(2018,DEMANDS!$G$2:$CK$25,MATCH($E117,DEMANDS!$E$2:$E$25,0),FALSE) -> 0.041874662 | M117: =HLOOKUP(REG_TRA_DEMANDS!M$3,'BY-Demands'!$J$5:$AK$14,MATCH($E117,'BY-Demands'!$I$5:$I$14,0),FALSE)*HLOOKUP(REG_TRA_DEMANDS!$F117,DEMANDS!$G$2:$CK$25,MATCH($E117,DEMANDS!$E$2:$E$25,0),FALSE)/HLOOKUP(2018,DEMANDS!$G$2:$CK$25,MATCH($E117,DEMANDS!$E$2:$E$25,0),FALSE) -> 0.13204252 | N117: =HLOOKUP(REG_TRA_DEMANDS!N$3,'BY-Demands'!$J$5:$AK$14,MATCH($E117,'BY-Demands'!$I$5:$I$14,0),FALSE)*HLOOKUP(REG_TRA_DEMANDS!$F117,DEMANDS!$G$2:$CK$25,MATCH($E117,DEMANDS!$E$2:$E$25,0),FALSE)/HLOOKUP(2018,DEMANDS!$G$2:$CK$25,MATCH($E117,DEMANDS!$E$2:$E$25,0),FALSE) -> 0.19982388 | ... AF117: =HLOOKUP(REG_TRA_DEMANDS!AF$3,'BY-Demands'!$J$5:$AK$14,MATCH($E117,'BY-Demands'!$I$5:$I$14,0),FALSE)*HLOOKUP(REG_TRA_DEMANDS!$F117,DEMANDS!$G$2:$CK$25,MATCH($E117,DEMANDS!$E$2:$E$25,0),FALSE)/HLOOKUP(2018,DEMANDS!$G$2:$CK$25,MATCH($E117,DEMANDS!$E$2:$E$25,0),FALSE) -> 0.062890368
D118: COM_PROJ | E118: =DEMANDS!$E$21 -> TTURS | F118: 2026 | G118: =HLOOKUP(REG_TRA_DEMANDS!G$3,'BY-Demands'!$J$5:$AK$14,MATCH($E118,'BY-Demands'!$I$5:$I$14,0),FALSE)*HLOOKUP(REG_TRA_DEMANDS!$F118,DEMANDS!$G$2:$CK$25,MATCH($E118,DEMANDS!$E$2:$E$25,0),FALSE)/HLOOKUP(2018,DEMANDS!$G$2:$CK$25,MATCH($E118,DEMANDS!$E$2:$E$25,0),FALSE) -> 0.047157052 | H118: =HLOOKUP(REG_TRA_DEMANDS!H$3,'BY-Demands'!$J$5:$AK$14,MATCH($E118,'BY-Demands'!$I$5:$I$14,0),FALSE)*HLOOKUP(REG_TRA_DEMANDS!$F118,DEMANDS!$G$2:$CK$25,MATCH($E118,DEMANDS!$E$2:$E$25,0),FALSE)/HLOOKUP(2018,DEMANDS!$G$2:$CK$25,MATCH($E118,DEMANDS!$E$2:$E$25,0),FALSE) -> 1.116024 | I118: =HLOOKUP(REG_TRA_DEMANDS!I$3,'BY-Demands'!$J$5:$AK$14,MATCH($E118,'BY-Demands'!$I$5:$I$14,0),FALSE)*HLOOKUP(REG_TRA_DEMANDS!$F118,DEMANDS!$G$2:$CK$25,MATCH($E118,DEMANDS!$E$2:$E$25,0),FALSE)/HLOOKUP(2018,DEMANDS!$G$2:$CK$25,MATCH($E118,DEMANDS!$E$2:$E$25,0),FALSE) -> 0.18430114 | J118: =HLOOKUP(REG_TRA_DEMANDS!J$3,'BY-Demands'!$J$5:$AK$14,MATCH($E118,'BY-Demands'!$I$5:$I$14,0),FALSE)*HLOOKUP(REG_TRA_DEMANDS!$F118,DEMANDS!$G$2:$CK$25,MATCH($E118,DEMANDS!$E$2:$E$25,0),FALSE)/HLOOKUP(2018,DEMANDS!$G$2:$CK$25,MATCH($E118,DEMANDS!$E$2:$E$25,0),FALSE) -> 0.082194347 | K118: =HLOOKUP(REG_TRA_DEMANDS!K$3,'BY-Demands'!$J$5:$AK$14,MATCH($E118,'BY-Demands'!$I$5:$I$14,0),FALSE)*HLOOKUP(REG_TRA_DEMANDS!$F118,DEMANDS!$G$2:$CK$25,MATCH($E118,DEMANDS!$E$2:$E$25,0),FALSE)/HLOOKUP(2018,DEMANDS!$G$2:$CK$25,MATCH($E118,DEMANDS!$E$2:$E$25,0),FALSE) -> 0.070154936 | L118: =HLOOKUP(REG_TRA_DEMANDS!L$3,'BY-Demands'!$J$5:$AK$14,MATCH($E118,'BY-Demands'!$I$5:$I$14,0),FALSE)*HLOOKUP(REG_TRA_DEMANDS!$F118,DEMANDS!$G$2:$CK$25,MATCH($E118,DEMANDS!$E$2:$E$25,0),FALSE)/HLOOKUP(2018,DEMANDS!$G$2:$CK$25,MATCH($E118,DEMANDS!$E$2:$E$25,0),FALSE) -> 0.033855304 | M118: =HLOOKUP(REG_TRA_DEMANDS!M$3,'BY-Demands'!$J$5:$AK$14,MATCH($E118,'BY-Demands'!$I$5:$I$14,0),FALSE)*HLOOKUP(REG_TRA_DEMANDS!$F118,DEMANDS!$G$2:$CK$25,MATCH($E118,DEMANDS!$E$2:$E$25,0),FALSE)/HLOOKUP(2018,DEMANDS!$G$2:$CK$25,MATCH($E118,DEMANDS!$E$2:$E$25,0),FALSE) -> 0.10675524 | N118: =HLOOKUP(REG_TRA_DEMANDS!N$3,'BY-Demands'!$J$5:$AK$14,MATCH($E118,'BY-Demands'!$I$5:$I$14,0),FALSE)*HLOOKUP(REG_TRA_DEMANDS!$F118,DEMANDS!$G$2:$CK$25,MATCH($E118,DEMANDS!$E$2:$E$25,0),FALSE)/HLOOKUP(2018,DEMANDS!$G$2:$CK$25,MATCH($E118,DEMANDS!$E$2:$E$25,0),FALSE) -> 0.16155589 | ... AF118: =HLOOKUP(REG_TRA_DEMANDS!AF$3,'BY-Demands'!$J$5:$AK$14,MATCH($E118,'BY-Demands'!$I$5:$I$14,0),FALSE)*HLOOKUP(REG_TRA_DEMANDS!$F118,DEMANDS!$G$2:$CK$25,MATCH($E118,DEMANDS!$E$2:$E$25,0),FALSE)/HLOOKUP(2018,DEMANDS!$G$2:$CK$25,MATCH($E118,DEMANDS!$E$2:$E$25,0),FALSE) -> 0.050846322
D119: COM_PROJ | E119: =DEMANDS!$E$21 -> TTURS | F119: 2027 | G119: =HLOOKUP(REG_TRA_DEMANDS!G$3,'BY-Demands'!$J$5:$AK$14,MATCH($E119,'BY-Demands'!$I$5:$I$14,0),FALSE)*HLOOKUP(REG_TRA_DEMANDS!$F119,DEMANDS!$G$2:$CK$25,MATCH($E119,DEMANDS!$E$2:$E$25,0),FALSE)/HLOOKUP(2018,DEMANDS!$G$2:$CK$25,MATCH($E119,DEMANDS!$E$2:$E$25,0),FALSE) -> 0.035986888 | H119: =HLOOKUP(REG_TRA_DEMANDS!H$3,'BY-Demands'!$J$5:$AK$14,MATCH($E119,'BY-Demands'!$I$5:$I$14,0),FALSE)*HLOOKUP(REG_TRA_DEMANDS!$F119,DEMANDS!$G$2:$CK$25,MATCH($E119,DEMANDS!$E$2:$E$25,0),FALSE)/HLOOKUP(2018,DEMANDS!$G$2:$CK$25,MATCH($E119,DEMANDS!$E$2:$E$25,0),FALSE) -> 0.85166968 | I119: =HLOOKUP(REG_TRA_DEMANDS!I$3,'BY-Demands'!$J$5:$AK$14,MATCH($E119,'BY-Demands'!$I$5:$I$14,0),FALSE)*HLOOKUP(REG_TRA_DEMANDS!$F119,DEMANDS!$G$2:$CK$25,MATCH($E119,DEMANDS!$E$2:$E$25,0),FALSE)/HLOOKUP(2018,DEMANDS!$G$2:$CK$25,MATCH($E119,DEMANDS!$E$2:$E$25,0),FALSE) -> 0.14064545 | J119: =HLOOKUP(REG_TRA_DEMANDS!J$3,'BY-Demands'!$J$5:$AK$14,MATCH($E119,'BY-Demands'!$I$5:$I$14,0),FALSE)*HLOOKUP(REG_TRA_DEMANDS!$F119,DEMANDS!$G$2:$CK$25,MATCH($E119,DEMANDS!$E$2:$E$25,0),FALSE)/HLOOKUP(2018,DEMANDS!$G$2:$CK$25,MATCH($E119,DEMANDS!$E$2:$E$25,0),FALSE) -> 0.062724846 | K119: =HLOOKUP(REG_TRA_DEMANDS!K$3,'BY-Demands'!$J$5:$AK$14,MATCH($E119,'BY-Demands'!$I$5:$I$14,0),FALSE)*HLOOKUP(REG_TRA_DEMANDS!$F119,DEMANDS!$G$2:$CK$25,MATCH($E119,DEMANDS!$E$2:$E$25,0),FALSE)/HLOOKUP(2018,DEMANDS!$G$2:$CK$25,MATCH($E119,DEMANDS!$E$2:$E$25,0),FALSE) -> 0.053537228 | L119: =HLOOKUP(REG_TRA_DEMANDS!L$3,'BY-Demands'!$J$5:$AK$14,MATCH($E119,'BY-Demands'!$I$5:$I$14,0),FALSE)*HLOOKUP(REG_TRA_DEMANDS!$F119,DEMANDS!$G$2:$CK$25,MATCH($E119,DEMANDS!$E$2:$E$25,0),FALSE)/HLOOKUP(2018,DEMANDS!$G$2:$CK$25,MATCH($E119,DEMANDS!$E$2:$E$25,0),FALSE) -> 0.025835946 | M119: =HLOOKUP(REG_TRA_DEMANDS!M$3,'BY-Demands'!$J$5:$AK$14,MATCH($E119,'BY-Demands'!$I$5:$I$14,0),FALSE)*HLOOKUP(REG_TRA_DEMANDS!$F119,DEMANDS!$G$2:$CK$25,MATCH($E119,DEMANDS!$E$2:$E$25,0),FALSE)/HLOOKUP(2018,DEMANDS!$G$2:$CK$25,MATCH($E119,DEMANDS!$E$2:$E$25,0),FALSE) -> 0.081467964 | N119: =HLOOKUP(REG_TRA_DEMANDS!N$3,'BY-Demands'!$J$5:$AK$14,MATCH($E119,'BY-Demands'!$I$5:$I$14,0),FALSE)*HLOOKUP(REG_TRA_DEMANDS!$F119,DEMANDS!$G$2:$CK$25,MATCH($E119,DEMANDS!$E$2:$E$25,0),FALSE)/HLOOKUP(2018,DEMANDS!$G$2:$CK$25,MATCH($E119,DEMANDS!$E$2:$E$25,0),FALSE) -> 0.1232879 | ... AF119: =HLOOKUP(REG_TRA_DEMANDS!AF$3,'BY-Demands'!$J$5:$AK$14,MATCH($E119,'BY-Demands'!$I$5:$I$14,0),FALSE)*HLOOKUP(REG_TRA_DEMANDS!$F119,DEMANDS!$G$2:$CK$25,MATCH($E119,DEMANDS!$E$2:$E$25,0),FALSE)/HLOOKUP(2018,DEMANDS!$G$2:$CK$25,MATCH($E119,DEMANDS!$E$2:$E$25,0),FALSE) -> 0.038802275
D120: COM_PROJ | E120: =DEMANDS!$E$21 -> TTURS | F120: 2028 | G120: =HLOOKUP(REG_TRA_DEMANDS!G$3,'BY-Demands'!$J$5:$AK$14,MATCH($E120,'BY-Demands'!$I$5:$I$14,0),FALSE)*HLOOKUP(REG_TRA_DEMANDS!$F120,DEMANDS!$G$2:$CK$25,MATCH($E120,DEMANDS!$E$2:$E$25,0),FALSE)/HLOOKUP(2018,DEMANDS!$G$2:$CK$25,MATCH($E120,DEMANDS!$E$2:$E$25,0),FALSE) -> 0.024816725 | H120: =HLOOKUP(REG_TRA_DEMANDS!H$3,'BY-Demands'!$J$5:$AK$14,MATCH($E120,'BY-Demands'!$I$5:$I$14,0),FALSE)*HLOOKUP(REG_TRA_DEMANDS!$F120,DEMANDS!$G$2:$CK$25,MATCH($E120,DEMANDS!$E$2:$E$25,0),FALSE)/HLOOKUP(2018,DEMANDS!$G$2:$CK$25,MATCH($E120,DEMANDS!$E$2:$E$25,0),FALSE) -> 0.58731535 | I120: =HLOOKUP(REG_TRA_DEMANDS!I$3,'BY-Demands'!$J$5:$AK$14,MATCH($E120,'BY-Demands'!$I$5:$I$14,0),FALSE)*HLOOKUP(REG_TRA_DEMANDS!$F120,DEMANDS!$G$2:$CK$25,MATCH($E120,DEMANDS!$E$2:$E$25,0),FALSE)/HLOOKUP(2018,DEMANDS!$G$2:$CK$25,MATCH($E120,DEMANDS!$E$2:$E$25,0),FALSE) -> 0.096989752 | J120: =HLOOKUP(REG_TRA_DEMANDS!J$3,'BY-Demands'!$J$5:$AK$14,MATCH($E120,'BY-Demands'!$I$5:$I$14,0),FALSE)*HLOOKUP(REG_TRA_DEMANDS!$F120,DEMANDS!$G$2:$CK$25,MATCH($E120,DEMANDS!$E$2:$E$25,0),FALSE)/HLOOKUP(2018,DEMANDS!$G$2:$CK$25,MATCH($E120,DEMANDS!$E$2:$E$25,0),FALSE) -> 0.043255344 | K120: =HLOOKUP(REG_TRA_DEMANDS!K$3,'BY-Demands'!$J$5:$AK$14,MATCH($E120,'BY-Demands'!$I$5:$I$14,0),FALSE)*HLOOKUP(REG_TRA_DEMANDS!$F120,DEMANDS!$G$2:$CK$25,MATCH($E120,DEMANDS!$E$2:$E$25,0),FALSE)/HLOOKUP(2018,DEMANDS!$G$2:$CK$25,MATCH($E120,DEMANDS!$E$2:$E$25,0),FALSE) -> 0.036919521 | L120: =HLOOKUP(REG_TRA_DEMANDS!L$3,'BY-Demands'!$J$5:$AK$14,MATCH($E120,'BY-Demands'!$I$5:$I$14,0),FALSE)*HLOOKUP(REG_TRA_DEMANDS!$F120,DEMANDS!$G$2:$CK$25,MATCH($E120,DEMANDS!$E$2:$E$25,0),FALSE)/HLOOKUP(2018,DEMANDS!$G$2:$CK$25,MATCH($E120,DEMANDS!$E$2:$E$25,0),FALSE) -> 0.017816588 | M120: =HLOOKUP(REG_TRA_DEMANDS!M$3,'BY-Demands'!$J$5:$AK$14,MATCH($E120,'BY-Demands'!$I$5:$I$14,0),FALSE)*HLOOKUP(REG_TRA_DEMANDS!$F120,DEMANDS!$G$2:$CK$25,MATCH($E120,DEMANDS!$E$2:$E$25,0),FALSE)/HLOOKUP(2018,DEMANDS!$G$2:$CK$25,MATCH($E120,DEMANDS!$E$2:$E$25,0),FALSE) -> 0.056180685 | N120: =HLOOKUP(REG_TRA_DEMANDS!N$3,'BY-Demands'!$J$5:$AK$14,MATCH($E120,'BY-Demands'!$I$5:$I$14,0),FALSE)*HLOOKUP(REG_TRA_DEMANDS!$F120,DEMANDS!$G$2:$CK$25,MATCH($E120,DEMANDS!$E$2:$E$25,0),FALSE)/HLOOKUP(2018,DEMANDS!$G$2:$CK$25,MATCH($E120,DEMANDS!$E$2:$E$25,0),FALSE) -> 0.085019906 | ... AF120: =HLOOKUP(REG_TRA_DEMANDS!AF$3,'BY-Demands'!$J$5:$AK$14,MATCH($E120,'BY-Demands'!$I$5:$I$14,0),FALSE)*HLOOKUP(REG_TRA_DEMANDS!$F120,DEMANDS!$G$2:$CK$25,MATCH($E120,DEMANDS!$E$2:$E$25,0),FALSE)/HLOOKUP(2018,DEMANDS!$G$2:$CK$25,MATCH($E120,DEMANDS!$E$2:$E$25,0),FALSE) -> 0.026758229
D121: COM_PROJ | E121: =DEMANDS!$E$21 -> TTURS | F121: 2029 | G121: =HLOOKUP(REG_TRA_DEMANDS!G$3,'BY-Demands'!$J$5:$AK$14,MATCH($E121,'BY-Demands'!$I$5:$I$14,0),FALSE)*HLOOKUP(REG_TRA_DEMANDS!$F121,DEMANDS!$G$2:$CK$25,MATCH($E121,DEMANDS!$E$2:$E$25,0),FALSE)/HLOOKUP(2018,DEMANDS!$G$2:$CK$25,MATCH($E121,DEMANDS!$E$2:$E$25,0),FALSE) -> 0.013646561 | H121: =HLOOKUP(REG_TRA_DEMANDS!H$3,'BY-Demands'!$J$5:$AK$14,MATCH($E121,'BY-Demands'!$I$5:$I$14,0),FALSE)*HLOOKUP(REG_TRA_DEMANDS!$F121,DEMANDS!$G$2:$CK$25,MATCH($E121,DEMANDS!$E$2:$E$25,0),FALSE)/HLOOKUP(2018,DEMANDS!$G$2:$CK$25,MATCH($E121,DEMANDS!$E$2:$E$25,0),FALSE) -> 0.32296103 | I121: =HLOOKUP(REG_TRA_DEMANDS!I$3,'BY-Demands'!$J$5:$AK$14,MATCH($E121,'BY-Demands'!$I$5:$I$14,0),FALSE)*HLOOKUP(REG_TRA_DEMANDS!$F121,DEMANDS!$G$2:$CK$25,MATCH($E121,DEMANDS!$E$2:$E$25,0),FALSE)/HLOOKUP(2018,DEMANDS!$G$2:$CK$25,MATCH($E121,DEMANDS!$E$2:$E$25,0),FALSE) -> 0.053334056 | J121: =HLOOKUP(REG_TRA_DEMANDS!J$3,'BY-Demands'!$J$5:$AK$14,MATCH($E121,'BY-Demands'!$I$5:$I$14,0),FALSE)*HLOOKUP(REG_TRA_DEMANDS!$F121,DEMANDS!$G$2:$CK$25,MATCH($E121,DEMANDS!$E$2:$E$25,0),FALSE)/HLOOKUP(2018,DEMANDS!$G$2:$CK$25,MATCH($E121,DEMANDS!$E$2:$E$25,0),FALSE) -> 0.023785842 | K121: =HLOOKUP(REG_TRA_DEMANDS!K$3,'BY-Demands'!$J$5:$AK$14,MATCH($E121,'BY-Demands'!$I$5:$I$14,0),FALSE)*HLOOKUP(REG_TRA_DEMANDS!$F121,DEMANDS!$G$2:$CK$25,MATCH($E121,DEMANDS!$E$2:$E$25,0),FALSE)/HLOOKUP(2018,DEMANDS!$G$2:$CK$25,MATCH($E121,DEMANDS!$E$2:$E$25,0),FALSE) -> 0.020301813 | L121: =HLOOKUP(REG_TRA_DEMANDS!L$3,'BY-Demands'!$J$5:$AK$14,MATCH($E121,'BY-Demands'!$I$5:$I$14,0),FALSE)*HLOOKUP(REG_TRA_DEMANDS!$F121,DEMANDS!$G$2:$CK$25,MATCH($E121,DEMANDS!$E$2:$E$25,0),FALSE)/HLOOKUP(2018,DEMANDS!$G$2:$CK$25,MATCH($E121,DEMANDS!$E$2:$E$25,0),FALSE) -> 0.0097972301 | M121: =HLOOKUP(REG_TRA_DEMANDS!M$3,'BY-Demands'!$J$5:$AK$14,MATCH($E121,'BY-Demands'!$I$5:$I$14,0),FALSE)*HLOOKUP(REG_TRA_DEMANDS!$F121,DEMANDS!$G$2:$CK$25,MATCH($E121,DEMANDS!$E$2:$E$25,0),FALSE)/HLOOKUP(2018,DEMANDS!$G$2:$CK$25,MATCH($E121,DEMANDS!$E$2:$E$25,0),FALSE) -> 0.030893407 | N121: =HLOOKUP(REG_TRA_DEMANDS!N$3,'BY-Demands'!$J$5:$AK$14,MATCH($E121,'BY-Demands'!$I$5:$I$14,0),FALSE)*HLOOKUP(REG_TRA_DEMANDS!$F121,DEMANDS!$G$2:$CK$25,MATCH($E121,DEMANDS!$E$2:$E$25,0),FALSE)/HLOOKUP(2018,DEMANDS!$G$2:$CK$25,MATCH($E121,DEMANDS!$E$2:$E$25,0),FALSE) -> 0.046751913 | ... AF121: =HLOOKUP(REG_TRA_DEMANDS!AF$3,'BY-Demands'!$J$5:$AK$14,MATCH($E121,'BY-Demands'!$I$5:$I$14,0),FALSE)*HLOOKUP(REG_TRA_DEMANDS!$F121,DEMANDS!$G$2:$CK$25,MATCH($E121,DEMANDS!$E$2:$E$25,0),FALSE)/HLOOKUP(2018,DEMANDS!$G$2:$CK$25,MATCH($E121,DEMANDS!$E$2:$E$25,0),FALSE) -> 0.014714182
D122: COM_PROJ | E122: =DEMANDS!$E$21 -> TTURS | F122: 2030 | G122: =HLOOKUP(REG_TRA_DEMANDS!G$3,'BY-Demands'!$J$5:$AK$14,MATCH($E122,'BY-Demands'!$I$5:$I$14,0),FALSE)*HLOOKUP(REG_TRA_DEMANDS!$F122,DEMANDS!$G$2:$CK$25,MATCH($E122,DEMANDS!$E$2:$E$25,0),FALSE)/HLOOKUP(2018,DEMANDS!$G$2:$CK$25,MATCH($E122,DEMANDS!$E$2:$E$25,0),FALSE) -> 0 | H122: =HLOOKUP(REG_TRA_DEMANDS!H$3,'BY-Demands'!$J$5:$AK$14,MATCH($E122,'BY-Demands'!$I$5:$I$14,0),FALSE)*HLOOKUP(REG_TRA_DEMANDS!$F122,DEMANDS!$G$2:$CK$25,MATCH($E122,DEMANDS!$E$2:$E$25,0),FALSE)/HLOOKUP(2018,DEMANDS!$G$2:$CK$25,MATCH($E122,DEMANDS!$E$2:$E$25,0),FALSE) -> 0 | I122: =HLOOKUP(REG_TRA_DEMANDS!I$3,'BY-Demands'!$J$5:$AK$14,MATCH($E122,'BY-Demands'!$I$5:$I$14,0),FALSE)*HLOOKUP(REG_TRA_DEMANDS!$F122,DEMANDS!$G$2:$CK$25,MATCH($E122,DEMANDS!$E$2:$E$25,0),FALSE)/HLOOKUP(2018,DEMANDS!$G$2:$CK$25,MATCH($E122,DEMANDS!$E$2:$E$25,0),FALSE) -> 0 | J122: =HLOOKUP(REG_TRA_DEMANDS!J$3,'BY-Demands'!$J$5:$AK$14,MATCH($E122,'BY-Demands'!$I$5:$I$14,0),FALSE)*HLOOKUP(REG_TRA_DEMANDS!$F122,DEMANDS!$G$2:$CK$25,MATCH($E122,DEMANDS!$E$2:$E$25,0),FALSE)/HLOOKUP(2018,DEMANDS!$G$2:$CK$25,MATCH($E122,DEMANDS!$E$2:$E$25,0),FALSE) -> 0 | K122: =HLOOKUP(REG_TRA_DEMANDS!K$3,'BY-Demands'!$J$5:$AK$14,MATCH($E122,'BY-Demands'!$I$5:$I$14,0),FALSE)*HLOOKUP(REG_TRA_DEMANDS!$F122,DEMANDS!$G$2:$CK$25,MATCH($E122,DEMANDS!$E$2:$E$25,0),FALSE)/HLOOKUP(2018,DEMANDS!$G$2:$CK$25,MATCH($E122,DEMANDS!$E$2:$E$25,0),FALSE) -> 0 | L122: =HLOOKUP(REG_TRA_DEMANDS!L$3,'BY-Demands'!$J$5:$AK$14,MATCH($E122,'BY-Demands'!$I$5:$I$14,0),FALSE)*HLOOKUP(REG_TRA_DEMANDS!$F122,DEMANDS!$G$2:$CK$25,MATCH($E122,DEMANDS!$E$2:$E$25,0),FALSE)/HLOOKUP(2018,DEMANDS!$G$2:$CK$25,MATCH($E122,DEMANDS!$E$2:$E$25,0),FALSE) -> 0 | M122: =HLOOKUP(REG_TRA_DEMANDS!M$3,'BY-Demands'!$J$5:$AK$14,MATCH($E122,'BY-Demands'!$I$5:$I$14,0),FALSE)*HLOOKUP(REG_TRA_DEMANDS!$F122,DEMANDS!$G$2:$CK$25,MATCH($E122,DEMANDS!$E$2:$E$25,0),FALSE)/HLOOKUP(2018,DEMANDS!$G$2:$CK$25,MATCH($E122,DEMANDS!$E$2:$E$25,0),FALSE) -> 0 | N122: =HLOOKUP(REG_TRA_DEMANDS!N$3,'BY-Demands'!$J$5:$AK$14,MATCH($E122,'BY-Demands'!$I$5:$I$14,0),FALSE)*HLOOKUP(REG_TRA_DEMANDS!$F122,DEMANDS!$G$2:$CK$25,MATCH($E122,DEMANDS!$E$2:$E$25,0),FALSE)/HLOOKUP(2018,DEMANDS!$G$2:$CK$25,MATCH($E122,DEMANDS!$E$2:$E$25,0),FALSE) -> 0 | ... AF122: =HLOOKUP(REG_TRA_DEMANDS!AF$3,'BY-Demands'!$J$5:$AK$14,MATCH($E122,'BY-Demands'!$I$5:$I$14,0),FALSE)*HLOOKUP(REG_TRA_DEMANDS!$F122,DEMANDS!$G$2:$CK$25,MATCH($E122,DEMANDS!$E$2:$E$25,0),FALSE)/HLOOKUP(2018,DEMANDS!$G$2:$CK$25,MATCH($E122,DEMANDS!$E$2:$E$25,0),FALSE) -> 0
D123: COM_PROJ | E123: =DEMANDS!$E$21 -> TTURS | F123: 2031 | G123: =HLOOKUP(REG_TRA_DEMANDS!G$3,'BY-Demands'!$J$5:$AK$14,MATCH($E123,'BY-Demands'!$I$5:$I$14,0),FALSE)*HLOOKUP(REG_TRA_DEMANDS!$F123,DEMANDS!$G$2:$CK$25,MATCH($E123,DEMANDS!$E$2:$E$25,0),FALSE)/HLOOKUP(2018,DEMANDS!$G$2:$CK$25,MATCH($E123,DEMANDS!$E$2:$E$25,0),FALSE) -> 0 | H123: =HLOOKUP(REG_TRA_DEMANDS!H$3,'BY-Demands'!$J$5:$AK$14,MATCH($E123,'BY-Demands'!$I$5:$I$14,0),FALSE)*HLOOKUP(REG_TRA_DEMANDS!$F123,DEMANDS!$G$2:$CK$25,MATCH($E123,DEMANDS!$E$2:$E$25,0),FALSE)/HLOOKUP(2018,DEMANDS!$G$2:$CK$25,MATCH($E123,DEMANDS!$E$2:$E$25,0),FALSE) -> 0 | I123: =HLOOKUP(REG_TRA_DEMANDS!I$3,'BY-Demands'!$J$5:$AK$14,MATCH($E123,'BY-Demands'!$I$5:$I$14,0),FALSE)*HLOOKUP(REG_TRA_DEMANDS!$F123,DEMANDS!$G$2:$CK$25,MATCH($E123,DEMANDS!$E$2:$E$25,0),FALSE)/HLOOKUP(2018,DEMANDS!$G$2:$CK$25,MATCH($E123,DEMANDS!$E$2:$E$25,0),FALSE) -> 0 | J123: =HLOOKUP(REG_TRA_DEMANDS!J$3,'BY-Demands'!$J$5:$AK$14,MATCH($E123,'BY-Demands'!$I$5:$I$14,0),FALSE)*HLOOKUP(REG_TRA_DEMANDS!$F123,DEMANDS!$G$2:$CK$25,MATCH($E123,DEMANDS!$E$2:$E$25,0),FALSE)/HLOOKUP(2018,DEMANDS!$G$2:$CK$25,MATCH($E123,DEMANDS!$E$2:$E$25,0),FALSE) -> 0 | K123: =HLOOKUP(REG_TRA_DEMANDS!K$3,'BY-Demands'!$J$5:$AK$14,MATCH($E123,'BY-Demands'!$I$5:$I$14,0),FALSE)*HLOOKUP(REG_TRA_DEMANDS!$F123,DEMANDS!$G$2:$CK$25,MATCH($E123,DEMANDS!$E$2:$E$25,0),FALSE)/HLOOKUP(2018,DEMANDS!$G$2:$CK$25,MATCH($E123,DEMANDS!$E$2:$E$25,0),FALSE) -> 0 | L123: =HLOOKUP(REG_TRA_DEMANDS!L$3,'BY-Demands'!$J$5:$AK$14,MATCH($E123,'BY-Demands'!$I$5:$I$14,0),FALSE)*HLOOKUP(REG_TRA_DEMANDS!$F123,DEMANDS!$G$2:$CK$25,MATCH($E123,DEMANDS!$E$2:$E$25,0),FALSE)/HLOOKUP(2018,DEMANDS!$G$2:$CK$25,MATCH($E123,DEMANDS!$E$2:$E$25,0),FALSE) -> 0 | M123: =HLOOKUP(REG_TRA_DEMANDS!M$3,'BY-Demands'!$J$5:$AK$14,MATCH($E123,'BY-Demands'!$I$5:$I$14,0),FALSE)*HLOOKUP(REG_TRA_DEMANDS!$F123,DEMANDS!$G$2:$CK$25,MATCH($E123,DEMANDS!$E$2:$E$25,0),FALSE)/HLOOKUP(2018,DEMANDS!$G$2:$CK$25,MATCH($E123,DEMANDS!$E$2:$E$25,0),FALSE) -> 0 | N123: =HLOOKUP(REG_TRA_DEMANDS!N$3,'BY-Demands'!$J$5:$AK$14,MATCH($E123,'BY-Demands'!$I$5:$I$14,0),FALSE)*HLOOKUP(REG_TRA_DEMANDS!$F123,DEMANDS!$G$2:$CK$25,MATCH($E123,DEMANDS!$E$2:$E$25,0),FALSE)/HLOOKUP(2018,DEMANDS!$G$2:$CK$25,MATCH($E123,DEMANDS!$E$2:$E$25,0),FALSE) -> 0 | ... AF123: =HLOOKUP(REG_TRA_DEMANDS!AF$3,'BY-Demands'!$J$5:$AK$14,MATCH($E123,'BY-Demands'!$I$5:$I$14,0),FALSE)*HLOOKUP(REG_TRA_DEMANDS!$F123,DEMANDS!$G$2:$CK$25,MATCH($E123,DEMANDS!$E$2:$E$25,0),FALSE)/HLOOKUP(2018,DEMANDS!$G$2:$CK$25,MATCH($E123,DEMANDS!$E$2:$E$25,0),FALSE) -> 0
... D138: COM_PROJ | E138: =DEMANDS!$E$21 -> TTURS | F138: 2070 | G138: =HLOOKUP(REG_TRA_DEMANDS!G$3,'BY-Demands'!$J$5:$AK$14,MATCH($E138,'BY-Demands'!$I$5:$I$14,0),FALSE)*HLOOKUP(REG_TRA_DEMANDS!$F138,DEMANDS!$G$2:$CK$25,MATCH($E138,DEMANDS!$E$2:$E$25,0),FALSE)/HLOOKUP(2018,DEMANDS!$G$2:$CK$25,MATCH($E138,DEMANDS!$E$2:$E$25,0),FALSE) -> 0 | H138: =HLOOKUP(REG_TRA_DEMANDS!H$3,'BY-Demands'!$J$5:$AK$14,MATCH($E138,'BY-Demands'!$I$5:$I$14,0),FALSE)*HLOOKUP(REG_TRA_DEMANDS!$F138,DEMANDS!$G$2:$CK$25,MATCH($E138,DEMANDS!$E$2:$E$25,0),FALSE)/HLOOKUP(2018,DEMANDS!$G$2:$CK$25,MATCH($E138,DEMANDS!$E$2:$E$25,0),FALSE) -> 0 | I138: =HLOOKUP(REG_TRA_DEMANDS!I$3,'BY-Demands'!$J$5:$AK$14,MATCH($E138,'BY-Demands'!$I$5:$I$14,0),FALSE)*HLOOKUP(REG_TRA_DEMANDS!$F138,DEMANDS!$G$2:$CK$25,MATCH($E138,DEMANDS!$E$2:$E$25,0),FALSE)/HLOOKUP(2018,DEMANDS!$G$2:$CK$25,MATCH($E138,DEMANDS!$E$2:$E$25,0),FALSE) -> 0 | J138: =HLOOKUP(REG_TRA_DEMANDS!J$3,'BY-Demands'!$J$5:$AK$14,MATCH($E138,'BY-Demands'!$I$5:$I$14,0),FALSE)*HLOOKUP(REG_TRA_DEMANDS!$F138,DEMANDS!$G$2:$CK$25,MATCH($E138,DEMANDS!$E$2:$E$25,0),FALSE)/HLOOKUP(2018,DEMANDS!$G$2:$CK$25,MATCH($E138,DEMANDS!$E$2:$E$25,0),FALSE) -> 0 | K138: =HLOOKUP(REG_TRA_DEMANDS!K$3,'BY-Demands'!$J$5:$AK$14,MATCH($E138,'BY-Demands'!$I$5:$I$14,0),FALSE)*HLOOKUP(REG_TRA_DEMANDS!$F138,DEMANDS!$G$2:$CK$25,MATCH($E138,DEMANDS!$E$2:$E$25,0),FALSE)/HLOOKUP(2018,DEMANDS!$G$2:$CK$25,MATCH($E138,DEMANDS!$E$2:$E$25,0),FALSE) -> 0 | L138: =HLOOKUP(REG_TRA_DEMANDS!L$3,'BY-Demands'!$J$5:$AK$14,MATCH($E138,'BY-Demands'!$I$5:$I$14,0),FALSE)*HLOOKUP(REG_TRA_DEMANDS!$F138,DEMANDS!$G$2:$CK$25,MATCH($E138,DEMANDS!$E$2:$E$25,0),FALSE)/HLOOKUP(2018,DEMANDS!$G$2:$CK$25,MATCH($E138,DEMANDS!$E$2:$E$25,0),FALSE) -> 0 | M138: =HLOOKUP(REG_TRA_DEMANDS!M$3,'BY-Demands'!$J$5:$AK$14,MATCH($E138,'BY-Demands'!$I$5:$I$14,0),FALSE)*HLOOKUP(REG_TRA_DEMANDS!$F138,DEMANDS!$G$2:$CK$25,MATCH($E138,DEMANDS!$E$2:$E$25,0),FALSE)/HLOOKUP(2018,DEMANDS!$G$2:$CK$25,MATCH($E138,DEMANDS!$E$2:$E$25,0),FALSE) -> 0 | N138: =HLOOKUP(REG_TRA_DEMANDS!N$3,'BY-Demands'!$J$5:$AK$14,MATCH($E138,'BY-Demands'!$I$5:$I$14,0),FALSE)*HLOOKUP(REG_TRA_DEMANDS!$F138,DEMANDS!$G$2:$CK$25,MATCH($E138,DEMANDS!$E$2:$E$25,0),FALSE)/HLOOKUP(2018,DEMANDS!$G$2:$CK$25,MATCH($E138,DEMANDS!$E$2:$E$25,0),FALSE) -> 0 | ... AF138: =HLOOKUP(REG_TRA_DEMANDS!AF$3,'BY-Demands'!$J$5:$AK$14,MATCH($E138,'BY-Demands'!$I$5:$I$14,0),FALSE)*HLOOKUP(REG_TRA_DEMANDS!$F138,DEMANDS!$G$2:$CK$25,MATCH($E138,DEMANDS!$E$2:$E$25,0),FALSE)/HLOOKUP(2018,DEMANDS!$G$2:$CK$25,MATCH($E138,DEMANDS!$E$2:$E$25,0),FALSE) -> 0
D139: COM_PROJ | E139: =DEMANDS!$E$22 -> TNAV | F139: 2020 | G139: =HLOOKUP(REG_TRA_DEMANDS!G$3,'BY-Demands'!$J$5:$AK$14,MATCH($E139,'BY-Demands'!$I$5:$I$14,0),FALSE)*HLOOKUP(REG_TRA_DEMANDS!$F139,DEMANDS!$G$2:$CK$25,MATCH($E139,DEMANDS!$E$2:$E$25,0),FALSE)/HLOOKUP(2018,DEMANDS!$G$2:$CK$25,MATCH($E139,DEMANDS!$E$2:$E$25,0),FALSE) -> 0.054709601 | H139: =HLOOKUP(REG_TRA_DEMANDS!H$3,'BY-Demands'!$J$5:$AK$14,MATCH($E139,'BY-Demands'!$I$5:$I$14,0),FALSE)*HLOOKUP(REG_TRA_DEMANDS!$F139,DEMANDS!$G$2:$CK$25,MATCH($E139,DEMANDS!$E$2:$E$25,0),FALSE)/HLOOKUP(2018,DEMANDS!$G$2:$CK$25,MATCH($E139,DEMANDS!$E$2:$E$25,0),FALSE) -> 1.2947635 | I139: =HLOOKUP(REG_TRA_DEMANDS!I$3,'BY-Demands'!$J$5:$AK$14,MATCH($E139,'BY-Demands'!$I$5:$I$14,0),FALSE)*HLOOKUP(REG_TRA_DEMANDS!$F139,DEMANDS!$G$2:$CK$25,MATCH($E139,DEMANDS!$E$2:$E$25,0),FALSE)/HLOOKUP(2018,DEMANDS!$G$2:$CK$25,MATCH($E139,DEMANDS!$E$2:$E$25,0),FALSE) -> 0.21381833 | J139: =HLOOKUP(REG_TRA_DEMANDS!J$3,'BY-Demands'!$J$5:$AK$14,MATCH($E139,'BY-Demands'!$I$5:$I$14,0),FALSE)*HLOOKUP(REG_TRA_DEMANDS!$F139,DEMANDS!$G$2:$CK$25,MATCH($E139,DEMANDS!$E$2:$E$25,0),FALSE)/HLOOKUP(2018,DEMANDS!$G$2:$CK$25,MATCH($E139,DEMANDS!$E$2:$E$25,0),FALSE) -> 0.095358376 | K139: =HLOOKUP(REG_TRA_DEMANDS!K$3,'BY-Demands'!$J$5:$AK$14,MATCH($E139,'BY-Demands'!$I$5:$I$14,0),FALSE)*HLOOKUP(REG_TRA_DEMANDS!$F139,DEMANDS!$G$2:$CK$25,MATCH($E139,DEMANDS!$E$2:$E$25,0),FALSE)/HLOOKUP(2018,DEMANDS!$G$2:$CK$25,MATCH($E139,DEMANDS!$E$2:$E$25,0),FALSE) -> 0.081390765 | L139: =HLOOKUP(REG_TRA_DEMANDS!L$3,'BY-Demands'!$J$5:$AK$14,MATCH($E139,'BY-Demands'!$I$5:$I$14,0),FALSE)*HLOOKUP(REG_TRA_DEMANDS!$F139,DEMANDS!$G$2:$CK$25,MATCH($E139,DEMANDS!$E$2:$E$25,0),FALSE)/HLOOKUP(2018,DEMANDS!$G$2:$CK$25,MATCH($E139,DEMANDS!$E$2:$E$25,0),FALSE) -> 0.03927748 | M139: =HLOOKUP(REG_TRA_DEMANDS!M$3,'BY-Demands'!$J$5:$AK$14,MATCH($E139,'BY-Demands'!$I$5:$I$14,0),FALSE)*HLOOKUP(REG_TRA_DEMANDS!$F139,DEMANDS!$G$2:$CK$25,MATCH($E139,DEMANDS!$E$2:$E$25,0),FALSE)/HLOOKUP(2018,DEMANDS!$G$2:$CK$25,MATCH($E139,DEMANDS!$E$2:$E$25,0),FALSE) -> 0.12385288 | N139: =HLOOKUP(REG_TRA_DEMANDS!N$3,'BY-Demands'!$J$5:$AK$14,MATCH($E139,'BY-Demands'!$I$5:$I$14,0),FALSE)*HLOOKUP(REG_TRA_DEMANDS!$F139,DEMANDS!$G$2:$CK$25,MATCH($E139,DEMANDS!$E$2:$E$25,0),FALSE)/HLOOKUP(2018,DEMANDS!$G$2:$CK$25,MATCH($E139,DEMANDS!$E$2:$E$25,0),FALSE) -> 0.18743026 | ... AF139: =HLOOKUP(REG_TRA_DEMANDS!AF$3,'BY-Demands'!$J$5:$AK$14,MATCH($E139,'BY-Demands'!$I$5:$I$14,0),FALSE)*HLOOKUP(REG_TRA_DEMANDS!$F139,DEMANDS!$G$2:$CK$25,MATCH($E139,DEMANDS!$E$2:$E$25,0),FALSE)/HLOOKUP(2018,DEMANDS!$G$2:$CK$25,MATCH($E139,DEMANDS!$E$2:$E$25,0),FALSE) -> 0.058989734
D140: COM_PROJ | E140: =DEMANDS!$E$22 -> TNAV | F140: 2021 | G140: =HLOOKUP(REG_TRA_DEMANDS!G$3,'BY-Demands'!$J$5:$AK$14,MATCH($E140,'BY-Demands'!$I$5:$I$14,0),FALSE)*HLOOKUP(REG_TRA_DEMANDS!$F140,DEMANDS!$G$2:$CK$25,MATCH($E140,DEMANDS!$E$2:$E$25,0),FALSE)/HLOOKUP(2018,DEMANDS!$G$2:$CK$25,MATCH($E140,DEMANDS!$E$2:$E$25,0),FALSE) -> 0.060377906 | H140: =HLOOKUP(REG_TRA_DEMANDS!H$3,'BY-Demands'!$J$5:$AK$14,MATCH($E140,'BY-Demands'!$I$5:$I$14,0),FALSE)*HLOOKUP(REG_TRA_DEMANDS!$F140,DEMANDS!$G$2:$CK$25,MATCH($E140,DEMANDS!$E$2:$E$25,0),FALSE)/HLOOKUP(2018,DEMANDS!$G$2:$CK$25,MATCH($E140,DEMANDS!$E$2:$E$25,0),FALSE) -> 1.4289102 | I140: =HLOOKUP(REG_TRA_DEMANDS!I$3,'BY-Demands'!$J$5:$AK$14,MATCH($E140,'BY-Demands'!$I$5:$I$14,0),FALSE)*HLOOKUP(REG_TRA_DEMANDS!$F140,DEMANDS!$G$2:$CK$25,MATCH($E140,DEMANDS!$E$2:$E$25,0),FALSE)/HLOOKUP(2018,DEMANDS!$G$2:$CK$25,MATCH($E140,DEMANDS!$E$2:$E$25,0),FALSE) -> 0.23597143 | J140: =HLOOKUP(REG_TRA_DEMANDS!J$3,'BY-Demands'!$J$5:$AK$14,MATCH($E140,'BY-Demands'!$I$5:$I$14,0),FALSE)*HLOOKUP(REG_TRA_DEMANDS!$F140,DEMANDS!$G$2:$CK$25,MATCH($E140,DEMANDS!$E$2:$E$25,0),FALSE)/HLOOKUP(2018,DEMANDS!$G$2:$CK$25,MATCH($E140,DEMANDS!$E$2:$E$25,0),FALSE) -> 0.10523818 | K140: =HLOOKUP(REG_TRA_DEMANDS!K$3,'BY-Demands'!$J$5:$AK$14,MATCH($E140,'BY-Demands'!$I$5:$I$14,0),FALSE)*HLOOKUP(REG_TRA_DEMANDS!$F140,DEMANDS!$G$2:$CK$25,MATCH($E140,DEMANDS!$E$2:$E$25,0),FALSE)/HLOOKUP(2018,DEMANDS!$G$2:$CK$25,MATCH($E140,DEMANDS!$E$2:$E$25,0),FALSE) -> 0.089823429 | L140: =HLOOKUP(REG_TRA_DEMANDS!L$3,'BY-Demands'!$J$5:$AK$14,MATCH($E140,'BY-Demands'!$I$5:$I$14,0),FALSE)*HLOOKUP(REG_TRA_DEMANDS!$F140,DEMANDS!$G$2:$CK$25,MATCH($E140,DEMANDS!$E$2:$E$25,0),FALSE)/HLOOKUP(2018,DEMANDS!$G$2:$CK$25,MATCH($E140,DEMANDS!$E$2:$E$25,0),FALSE) -> 0.043346908 | M140: =HLOOKUP(REG_TRA_DEMANDS!M$3,'BY-Demands'!$J$5:$AK$14,MATCH($E140,'BY-Demands'!$I$5:$I$14,0),FALSE)*HLOOKUP(REG_TRA_DEMANDS!$F140,DEMANDS!$G$2:$CK$25,MATCH($E140,DEMANDS!$E$2:$E$25,0),FALSE)/HLOOKUP(2018,DEMANDS!$G$2:$CK$25,MATCH($E140,DEMANDS!$E$2:$E$25,0),FALSE) -> 0.13668492 | N140: =HLOOKUP(REG_TRA_DEMANDS!N$3,'BY-Demands'!$J$5:$AK$14,MATCH($E140,'BY-Demands'!$I$5:$I$14,0),FALSE)*HLOOKUP(REG_TRA_DEMANDS!$F140,DEMANDS!$G$2:$CK$25,MATCH($E140,DEMANDS!$E$2:$E$25,0),FALSE)/HLOOKUP(2018,DEMANDS!$G$2:$CK$25,MATCH($E140,DEMANDS!$E$2:$E$25,0),FALSE) -> 0.20684937 | ... AF140: =HLOOKUP(REG_TRA_DEMANDS!AF$3,'BY-Demands'!$J$5:$AK$14,MATCH($E140,'BY-Demands'!$I$5:$I$14,0),FALSE)*HLOOKUP(REG_TRA_DEMANDS!$F140,DEMANDS!$G$2:$CK$25,MATCH($E140,DEMANDS!$E$2:$E$25,0),FALSE)/HLOOKUP(2018,DEMANDS!$G$2:$CK$25,MATCH($E140,DEMANDS!$E$2:$E$25,0),FALSE) -> 0.065101492
D141: COM_PROJ | E141: =DEMANDS!$E$22 -> TNAV | F141: 2022 | G141: =HLOOKUP(REG_TRA_DEMANDS!G$3,'BY-Demands'!$J$5:$AK$14,MATCH($E141,'BY-Demands'!$I$5:$I$14,0),FALSE)*HLOOKUP(REG_TRA_DEMANDS!$F141,DEMANDS!$G$2:$CK$25,MATCH($E141,DEMANDS!$E$2:$E$25,0),FALSE)/HLOOKUP(2018,DEMANDS!$G$2:$CK$25,MATCH($E141,DEMANDS!$E$2:$E$25,0),FALSE) -> 0.05572827 | H141: =HLOOKUP(REG_TRA_DEMANDS!H$3,'BY-Demands'!$J$5:$AK$14,MATCH($E141,'BY-Demands'!$I$5:$I$14,0),FALSE)*HLOOKUP(REG_TRA_DEMANDS!$F141,DEMANDS!$G$2:$CK$25,MATCH($E141,DEMANDS!$E$2:$E$25,0),FALSE)/HLOOKUP(2018,DEMANDS!$G$2:$CK$25,MATCH($E141,DEMANDS!$E$2:$E$25,0),FALSE) -> 1.3188714 | I141: =HLOOKUP(REG_TRA_DEMANDS!I$3,'BY-Demands'!$J$5:$AK$14,MATCH($E141,'BY-Demands'!$I$5:$I$14,0),FALSE)*HLOOKUP(REG_TRA_DEMANDS!$F141,DEMANDS!$G$2:$CK$25,MATCH($E141,DEMANDS!$E$2:$E$25,0),FALSE)/HLOOKUP(2018,DEMANDS!$G$2:$CK$25,MATCH($E141,DEMANDS!$E$2:$E$25,0),FALSE) -> 0.21779953 | J141: =HLOOKUP(REG_TRA_DEMANDS!J$3,'BY-Demands'!$J$5:$AK$14,MATCH($E141,'BY-Demands'!$I$5:$I$14,0),FALSE)*HLOOKUP(REG_TRA_DEMANDS!$F141,DEMANDS!$G$2:$CK$25,MATCH($E141,DEMANDS!$E$2:$E$25,0),FALSE)/HLOOKUP(2018,DEMANDS!$G$2:$CK$25,MATCH($E141,DEMANDS!$E$2:$E$25,0),FALSE) -> 0.097133908 | K141: =HLOOKUP(REG_TRA_DEMANDS!K$3,'BY-Demands'!$J$5:$AK$14,MATCH($E141,'BY-Demands'!$I$5:$I$14,0),FALSE)*HLOOKUP(REG_TRA_DEMANDS!$F141,DEMANDS!$G$2:$CK$25,MATCH($E141,DEMANDS!$E$2:$E$25,0),FALSE)/HLOOKUP(2018,DEMANDS!$G$2:$CK$25,MATCH($E141,DEMANDS!$E$2:$E$25,0),FALSE) -> 0.082906226 | L141: =HLOOKUP(REG_TRA_DEMANDS!L$3,'BY-Demands'!$J$5:$AK$14,MATCH($E141,'BY-Demands'!$I$5:$I$14,0),FALSE)*HLOOKUP(REG_TRA_DEMANDS!$F141,DEMANDS!$G$2:$CK$25,MATCH($E141,DEMANDS!$E$2:$E$25,0),FALSE)/HLOOKUP(2018,DEMANDS!$G$2:$CK$25,MATCH($E141,DEMANDS!$E$2:$E$25,0),FALSE) -> 0.04000881 | M141: =HLOOKUP(REG_TRA_DEMANDS!M$3,'BY-Demands'!$J$5:$AK$14,MATCH($E141,'BY-Demands'!$I$5:$I$14,0),FALSE)*HLOOKUP(REG_TRA_DEMANDS!$F141,DEMANDS!$G$2:$CK$25,MATCH($E141,DEMANDS!$E$2:$E$25,0),FALSE)/HLOOKUP(2018,DEMANDS!$G$2:$CK$25,MATCH($E141,DEMANDS!$E$2:$E$25,0),FALSE) -> 0.12615897 | N141: =HLOOKUP(REG_TRA_DEMANDS!N$3,'BY-Demands'!$J$5:$AK$14,MATCH($E141,'BY-Demands'!$I$5:$I$14,0),FALSE)*HLOOKUP(REG_TRA_DEMANDS!$F141,DEMANDS!$G$2:$CK$25,MATCH($E141,DEMANDS!$E$2:$E$25,0),FALSE)/HLOOKUP(2018,DEMANDS!$G$2:$CK$25,MATCH($E141,DEMANDS!$E$2:$E$25,0),FALSE) -> 0.19092013 | ... AF141: =HLOOKUP(REG_TRA_DEMANDS!AF$3,'BY-Demands'!$J$5:$AK$14,MATCH($E141,'BY-Demands'!$I$5:$I$14,0),FALSE)*HLOOKUP(REG_TRA_DEMANDS!$F141,DEMANDS!$G$2:$CK$25,MATCH($E141,DEMANDS!$E$2:$E$25,0),FALSE)/HLOOKUP(2018,DEMANDS!$G$2:$CK$25,MATCH($E141,DEMANDS!$E$2:$E$25,0),FALSE) -> 0.060088097
D142: COM_PROJ | E142: =DEMANDS!$E$22 -> TNAV | F142: 2023 | G142: =HLOOKUP(REG_TRA_DEMANDS!G$3,'BY-Demands'!$J$5:$AK$14,MATCH($E142,'BY-Demands'!$I$5:$I$14,0),FALSE)*HLOOKUP(REG_TRA_DEMANDS!$F142,DEMANDS!$G$2:$CK$25,MATCH($E142,DEMANDS!$E$2:$E$25,0),FALSE)/HLOOKUP(2018,DEMANDS!$G$2:$CK$25,MATCH($E142,DEMANDS!$E$2:$E$25,0),FALSE) -> 0.057438944 | H142: =HLOOKUP(REG_TRA_DEMANDS!H$3,'BY-Demands'!$J$5:$AK$14,MATCH($E142,'BY-Demands'!$I$5:$I$14,0),FALSE)*HLOOKUP(REG_TRA_DEMANDS!$F142,DEMANDS!$G$2:$CK$25,MATCH($E142,DEMANDS!$E$2:$E$25,0),FALSE)/HLOOKUP(2018,DEMANDS!$G$2:$CK$25,MATCH($E142,DEMANDS!$E$2:$E$25,0),FALSE) -> 1.3593564 | I142: =HLOOKUP(REG_TRA_DEMANDS!I$3,'BY-Demands'!$J$5:$AK$14,MATCH($E142,'BY-Demands'!$I$5:$I$14,0),FALSE)*HLOOKUP(REG_TRA_DEMANDS!$F142,DEMANDS!$G$2:$CK$25,MATCH($E142,DEMANDS!$E$2:$E$25,0),FALSE)/HLOOKUP(2018,DEMANDS!$G$2:$CK$25,MATCH($E142,DEMANDS!$E$2:$E$25,0),FALSE) -> 0.22448526 | J142: =HLOOKUP(REG_TRA_DEMANDS!J$3,'BY-Demands'!$J$5:$AK$14,MATCH($E142,'BY-Demands'!$I$5:$I$14,0),FALSE)*HLOOKUP(REG_TRA_DEMANDS!$F142,DEMANDS!$G$2:$CK$25,MATCH($E142,DEMANDS!$E$2:$E$25,0),FALSE)/HLOOKUP(2018,DEMANDS!$G$2:$CK$25,MATCH($E142,DEMANDS!$E$2:$E$25,0),FALSE) -> 0.1001156 | K142: =HLOOKUP(REG_TRA_DEMANDS!K$3,'BY-Demands'!$J$5:$AK$14,MATCH($E142,'BY-Demands'!$I$5:$I$14,0),FALSE)*HLOOKUP(REG_TRA_DEMANDS!$F142,DEMANDS!$G$2:$CK$25,MATCH($E142,DEMANDS!$E$2:$E$25,0),FALSE)/HLOOKUP(2018,DEMANDS!$G$2:$CK$25,MATCH($E142,DEMANDS!$E$2:$E$25,0),FALSE) -> 0.085451174 | L142: =HLOOKUP(REG_TRA_DEMANDS!L$3,'BY-Demands'!$J$5:$AK$14,MATCH($E142,'BY-Demands'!$I$5:$I$14,0),FALSE)*HLOOKUP(REG_TRA_DEMANDS!$F142,DEMANDS!$G$2:$CK$25,MATCH($E142,DEMANDS!$E$2:$E$25,0),FALSE)/HLOOKUP(2018,DEMANDS!$G$2:$CK$25,MATCH($E142,DEMANDS!$E$2:$E$25,0),FALSE) -> 0.041236949 | M142: =HLOOKUP(REG_TRA_DEMANDS!M$3,'BY-Demands'!$J$5:$AK$14,MATCH($E142,'BY-Demands'!$I$5:$I$14,0),FALSE)*HLOOKUP(REG_TRA_DEMANDS!$F142,DEMANDS!$G$2:$CK$25,MATCH($E142,DEMANDS!$E$2:$E$25,0),FALSE)/HLOOKUP(2018,DEMANDS!$G$2:$CK$25,MATCH($E142,DEMANDS!$E$2:$E$25,0),FALSE) -> 0.13003163 | N142: =HLOOKUP(REG_TRA_DEMANDS!N$3,'BY-Demands'!$J$5:$AK$14,MATCH($E142,'BY-Demands'!$I$5:$I$14,0),FALSE)*HLOOKUP(REG_TRA_DEMANDS!$F142,DEMANDS!$G$2:$CK$25,MATCH($E142,DEMANDS!$E$2:$E$25,0),FALSE)/HLOOKUP(2018,DEMANDS!$G$2:$CK$25,MATCH($E142,DEMANDS!$E$2:$E$25,0),FALSE) -> 0.19678075 | ... AF142: =HLOOKUP(REG_TRA_DEMANDS!AF$3,'BY-Demands'!$J$5:$AK$14,MATCH($E142,'BY-Demands'!$I$5:$I$14,0),FALSE)*HLOOKUP(REG_TRA_DEMANDS!$F142,DEMANDS!$G$2:$CK$25,MATCH($E142,DEMANDS!$E$2:$E$25,0),FALSE)/HLOOKUP(2018,DEMANDS!$G$2:$CK$25,MATCH($E142,DEMANDS!$E$2:$E$25,0),FALSE) -> 0.061932604
D143: COM_PROJ | E143: =DEMANDS!$E$22 -> TNAV | F143: 2024 | G143: =HLOOKUP(REG_TRA_DEMANDS!G$3,'BY-Demands'!$J$5:$AK$14,MATCH($E143,'BY-Demands'!$I$5:$I$14,0),FALSE)*HLOOKUP(REG_TRA_DEMANDS!$F143,DEMANDS!$G$2:$CK$25,MATCH($E143,DEMANDS!$E$2:$E$25,0),FALSE)/HLOOKUP(2018,DEMANDS!$G$2:$CK$25,MATCH($E143,DEMANDS!$E$2:$E$25,0),FALSE) -> 0.059248137 | H143: =HLOOKUP(REG_TRA_DEMANDS!H$3,'BY-Demands'!$J$5:$AK$14,MATCH($E143,'BY-Demands'!$I$5:$I$14,0),FALSE)*HLOOKUP(REG_TRA_DEMANDS!$F143,DEMANDS!$G$2:$CK$25,MATCH($E143,DEMANDS!$E$2:$E$25,0),FALSE)/HLOOKUP(2018,DEMANDS!$G$2:$CK$25,MATCH($E143,DEMANDS!$E$2:$E$25,0),FALSE) -> 1.402173 | I143: =HLOOKUP(REG_TRA_DEMANDS!I$3,'BY-Demands'!$J$5:$AK$14,MATCH($E143,'BY-Demands'!$I$5:$I$14,0),FALSE)*HLOOKUP(REG_TRA_DEMANDS!$F143,DEMANDS!$G$2:$CK$25,MATCH($E143,DEMANDS!$E$2:$E$25,0),FALSE)/HLOOKUP(2018,DEMANDS!$G$2:$CK$25,MATCH($E143,DEMANDS!$E$2:$E$25,0),FALSE) -> 0.23155602 | J143: =HLOOKUP(REG_TRA_DEMANDS!J$3,'BY-Demands'!$J$5:$AK$14,MATCH($E143,'BY-Demands'!$I$5:$I$14,0),FALSE)*HLOOKUP(REG_TRA_DEMANDS!$F143,DEMANDS!$G$2:$CK$25,MATCH($E143,DEMANDS!$E$2:$E$25,0),FALSE)/HLOOKUP(2018,DEMANDS!$G$2:$CK$25,MATCH($E143,DEMANDS!$E$2:$E$25,0),FALSE) -> 0.10326901 | K143: =HLOOKUP(REG_TRA_DEMANDS!K$3,'BY-Demands'!$J$5:$AK$14,MATCH($E143,'BY-Demands'!$I$5:$I$14,0),FALSE)*HLOOKUP(REG_TRA_DEMANDS!$F143,DEMANDS!$G$2:$CK$25,MATCH($E143,DEMANDS!$E$2:$E$25,0),FALSE)/HLOOKUP(2018,DEMANDS!$G$2:$CK$25,MATCH($E143,DEMANDS!$E$2:$E$25,0),FALSE) -> 0.088142687 | L143: =HLOOKUP(REG_TRA_DEMANDS!L$3,'BY-Demands'!$J$5:$AK$14,MATCH($E143,'BY-Demands'!$I$5:$I$14,0),FALSE)*HLOOKUP(REG_TRA_DEMANDS!$F143,DEMANDS!$G$2:$CK$25,MATCH($E143,DEMANDS!$E$2:$E$25,0),FALSE)/HLOOKUP(2018,DEMANDS!$G$2:$CK$25,MATCH($E143,DEMANDS!$E$2:$E$25,0),FALSE) -> 0.042535817 | M143: =HLOOKUP(REG_TRA_DEMANDS!M$3,'BY-Demands'!$J$5:$AK$14,MATCH($E143,'BY-Demands'!$I$5:$I$14,0),FALSE)*HLOOKUP(REG_TRA_DEMANDS!$F143,DEMANDS!$G$2:$CK$25,MATCH($E143,DEMANDS!$E$2:$E$25,0),FALSE)/HLOOKUP(2018,DEMANDS!$G$2:$CK$25,MATCH($E143,DEMANDS!$E$2:$E$25,0),FALSE) -> 0.13412733 | N143: =HLOOKUP(REG_TRA_DEMANDS!N$3,'BY-Demands'!$J$5:$AK$14,MATCH($E143,'BY-Demands'!$I$5:$I$14,0),FALSE)*HLOOKUP(REG_TRA_DEMANDS!$F143,DEMANDS!$G$2:$CK$25,MATCH($E143,DEMANDS!$E$2:$E$25,0),FALSE)/HLOOKUP(2018,DEMANDS!$G$2:$CK$25,MATCH($E143,DEMANDS!$E$2:$E$25,0),FALSE) -> 0.20297888 | ... AF143: =HLOOKUP(REG_TRA_DEMANDS!AF$3,'BY-Demands'!$J$5:$AK$14,MATCH($E143,'BY-Demands'!$I$5:$I$14,0),FALSE)*HLOOKUP(REG_TRA_DEMANDS!$F143,DEMANDS!$G$2:$CK$25,MATCH($E143,DEMANDS!$E$2:$E$25,0),FALSE)/HLOOKUP(2018,DEMANDS!$G$2:$CK$25,MATCH($E143,DEMANDS!$E$2:$E$25,0),FALSE) -> 0.063883337
D144: COM_PROJ | E144: =DEMANDS!$E$22 -> TNAV | F144: 2025 | G144: =HLOOKUP(REG_TRA_DEMANDS!G$3,'BY-Demands'!$J$5:$AK$14,MATCH($E144,'BY-Demands'!$I$5:$I$14,0),FALSE)*HLOOKUP(REG_TRA_DEMANDS!$F144,DEMANDS!$G$2:$CK$25,MATCH($E144,DEMANDS!$E$2:$E$25,0),FALSE)/HLOOKUP(2018,DEMANDS!$G$2:$CK$25,MATCH($E144,DEMANDS!$E$2:$E$25,0),FALSE) -> 0.061129511 | H144: =HLOOKUP(REG_TRA_DEMANDS!H$3,'BY-Demands'!$J$5:$AK$14,MATCH($E144,'BY-Demands'!$I$5:$I$14,0),FALSE)*HLOOKUP(REG_TRA_DEMANDS!$F144,DEMANDS!$G$2:$CK$25,MATCH($E144,DEMANDS!$E$2:$E$25,0),FALSE)/HLOOKUP(2018,DEMANDS!$G$2:$CK$25,MATCH($E144,DEMANDS!$E$2:$E$25,0),FALSE) -> 1.4466978 | I144: =HLOOKUP(REG_TRA_DEMANDS!I$3,'BY-Demands'!$J$5:$AK$14,MATCH($E144,'BY-Demands'!$I$5:$I$14,0),FALSE)*HLOOKUP(REG_TRA_DEMANDS!$F144,DEMANDS!$G$2:$CK$25,MATCH($E144,DEMANDS!$E$2:$E$25,0),FALSE)/HLOOKUP(2018,DEMANDS!$G$2:$CK$25,MATCH($E144,DEMANDS!$E$2:$E$25,0),FALSE) -> 0.23890889 | J144: =HLOOKUP(REG_TRA_DEMANDS!J$3,'BY-Demands'!$J$5:$AK$14,MATCH($E144,'BY-Demands'!$I$5:$I$14,0),FALSE)*HLOOKUP(REG_TRA_DEMANDS!$F144,DEMANDS!$G$2:$CK$25,MATCH($E144,DEMANDS!$E$2:$E$25,0),FALSE)/HLOOKUP(2018,DEMANDS!$G$2:$CK$25,MATCH($E144,DEMANDS!$E$2:$E$25,0),FALSE) -> 0.10654823 | K144: =HLOOKUP(REG_TRA_DEMANDS!K$3,'BY-Demands'!$J$5:$AK$14,MATCH($E144,'BY-Demands'!$I$5:$I$14,0),FALSE)*HLOOKUP(REG_TRA_DEMANDS!$F144,DEMANDS!$G$2:$CK$25,MATCH($E144,DEMANDS!$E$2:$E$25,0),FALSE)/HLOOKUP(2018,DEMANDS!$G$2:$CK$25,MATCH($E144,DEMANDS!$E$2:$E$25,0),FALSE) -> 0.090941584 | L144: =HLOOKUP(REG_TRA_DEMANDS!L$3,'BY-Demands'!$J$5:$AK$14,MATCH($E144,'BY-Demands'!$I$5:$I$14,0),FALSE)*HLOOKUP(REG_TRA_DEMANDS!$F144,DEMANDS!$G$2:$CK$25,MATCH($E144,DEMANDS!$E$2:$E$25,0),FALSE)/HLOOKUP(2018,DEMANDS!$G$2:$CK$25,MATCH($E144,DEMANDS!$E$2:$E$25,0),FALSE) -> 0.043886505 | M144: =HLOOKUP(REG_TRA_DEMANDS!M$3,'BY-Demands'!$J$5:$AK$14,MATCH($E144,'BY-Demands'!$I$5:$I$14,0),FALSE)*HLOOKUP(REG_TRA_DEMANDS!$F144,DEMANDS!$G$2:$CK$25,MATCH($E144,DEMANDS!$E$2:$E$25,0),FALSE)/HLOOKUP(2018,DEMANDS!$G$2:$CK$25,MATCH($E144,DEMANDS!$E$2:$E$25,0),FALSE) -> 0.13838643 | N144: =HLOOKUP(REG_TRA_DEMANDS!N$3,'BY-Demands'!$J$5:$AK$14,MATCH($E144,'BY-Demands'!$I$5:$I$14,0),FALSE)*HLOOKUP(REG_TRA_DEMANDS!$F144,DEMANDS!$G$2:$CK$25,MATCH($E144,DEMANDS!$E$2:$E$25,0),FALSE)/HLOOKUP(2018,DEMANDS!$G$2:$CK$25,MATCH($E144,DEMANDS!$E$2:$E$25,0),FALSE) -> 0.2094243 | ... AF144: =HLOOKUP(REG_TRA_DEMANDS!AF$3,'BY-Demands'!$J$5:$AK$14,MATCH($E144,'BY-Demands'!$I$5:$I$14,0),FALSE)*HLOOKUP(REG_TRA_DEMANDS!$F144,DEMANDS!$G$2:$CK$25,MATCH($E144,DEMANDS!$E$2:$E$25,0),FALSE)/HLOOKUP(2018,DEMANDS!$G$2:$CK$25,MATCH($E144,DEMANDS!$E$2:$E$25,0),FALSE) -> 0.065911898
D145: COM_PROJ | E145: =DEMANDS!$E$22 -> TNAV | F145: 2026 | G145: =HLOOKUP(REG_TRA_DEMANDS!G$3,'BY-Demands'!$J$5:$AK$14,MATCH($E145,'BY-Demands'!$I$5:$I$14,0),FALSE)*HLOOKUP(REG_TRA_DEMANDS!$F145,DEMANDS!$G$2:$CK$25,MATCH($E145,DEMANDS!$E$2:$E$25,0),FALSE)/HLOOKUP(2018,DEMANDS!$G$2:$CK$25,MATCH($E145,DEMANDS!$E$2:$E$25,0),FALSE) -> 0.063069387 | H145: =HLOOKUP(REG_TRA_DEMANDS!H$3,'BY-Demands'!$J$5:$AK$14,MATCH($E145,'BY-Demands'!$I$5:$I$14,0),FALSE)*HLOOKUP(REG_TRA_DEMANDS!$F145,DEMANDS!$G$2:$CK$25,MATCH($E145,DEMANDS!$E$2:$E$25,0),FALSE)/HLOOKUP(2018,DEMANDS!$G$2:$CK$25,MATCH($E145,DEMANDS!$E$2:$E$25,0),FALSE) -> 1.4926071 | I145: =HLOOKUP(REG_TRA_DEMANDS!I$3,'BY-Demands'!$J$5:$AK$14,MATCH($E145,'BY-Demands'!$I$5:$I$14,0),FALSE)*HLOOKUP(REG_TRA_DEMANDS!$F145,DEMANDS!$G$2:$CK$25,MATCH($E145,DEMANDS!$E$2:$E$25,0),FALSE)/HLOOKUP(2018,DEMANDS!$G$2:$CK$25,MATCH($E145,DEMANDS!$E$2:$E$25,0),FALSE) -> 0.24649039 | J145: =HLOOKUP(REG_TRA_DEMANDS!J$3,'BY-Demands'!$J$5:$AK$14,MATCH($E145,'BY-Demands'!$I$5:$I$14,0),FALSE)*HLOOKUP(REG_TRA_DEMANDS!$F145,DEMANDS!$G$2:$CK$25,MATCH($E145,DEMANDS!$E$2:$E$25,0),FALSE)/HLOOKUP(2018,DEMANDS!$G$2:$CK$25,MATCH($E145,DEMANDS!$E$2:$E$25,0),FALSE) -> 0.10992942 | K145: =HLOOKUP(REG_TRA_DEMANDS!K$3,'BY-Demands'!$J$5:$AK$14,MATCH($E145,'BY-Demands'!$I$5:$I$14,0),FALSE)*HLOOKUP(REG_TRA_DEMANDS!$F145,DEMANDS!$G$2:$CK$25,MATCH($E145,DEMANDS!$E$2:$E$25,0),FALSE)/HLOOKUP(2018,DEMANDS!$G$2:$CK$25,MATCH($E145,DEMANDS!$E$2:$E$25,0),FALSE) -> 0.093827512 | L145: =HLOOKUP(REG_TRA_DEMANDS!L$3,'BY-Demands'!$J$5:$AK$14,MATCH($E145,'BY-Demands'!$I$5:$I$14,0),FALSE)*HLOOKUP(REG_TRA_DEMANDS!$F145,DEMANDS!$G$2:$CK$25,MATCH($E145,DEMANDS!$E$2:$E$25,0),FALSE)/HLOOKUP(2018,DEMANDS!$G$2:$CK$25,MATCH($E145,DEMANDS!$E$2:$E$25,0),FALSE) -> 0.045279194 | M145: =HLOOKUP(REG_TRA_DEMANDS!M$3,'BY-Demands'!$J$5:$AK$14,MATCH($E145,'BY-Demands'!$I$5:$I$14,0),FALSE)*HLOOKUP(REG_TRA_DEMANDS!$F145,DEMANDS!$G$2:$CK$25,MATCH($E145,DEMANDS!$E$2:$E$25,0),FALSE)/HLOOKUP(2018,DEMANDS!$G$2:$CK$25,MATCH($E145,DEMANDS!$E$2:$E$25,0),FALSE) -> 0.14277796 | N145: =HLOOKUP(REG_TRA_DEMANDS!N$3,'BY-Demands'!$J$5:$AK$14,MATCH($E145,'BY-Demands'!$I$5:$I$14,0),FALSE)*HLOOKUP(REG_TRA_DEMANDS!$F145,DEMANDS!$G$2:$CK$25,MATCH($E145,DEMANDS!$E$2:$E$25,0),FALSE)/HLOOKUP(2018,DEMANDS!$G$2:$CK$25,MATCH($E145,DEMANDS!$E$2:$E$25,0),FALSE) -> 0.21607015 | ... AF145: =HLOOKUP(REG_TRA_DEMANDS!AF$3,'BY-Demands'!$J$5:$AK$14,MATCH($E145,'BY-Demands'!$I$5:$I$14,0),FALSE)*HLOOKUP(REG_TRA_DEMANDS!$F145,DEMANDS!$G$2:$CK$25,MATCH($E145,DEMANDS!$E$2:$E$25,0),FALSE)/HLOOKUP(2018,DEMANDS!$G$2:$CK$25,MATCH($E145,DEMANDS!$E$2:$E$25,0),FALSE) -> 0.068003538
D146: COM_PROJ | E146: =DEMANDS!$E$22 -> TNAV | F146: 2027 | G146: =HLOOKUP(REG_TRA_DEMANDS!G$3,'BY-Demands'!$J$5:$AK$14,MATCH($E146,'BY-Demands'!$I$5:$I$14,0),FALSE)*HLOOKUP(REG_TRA_DEMANDS!$F146,DEMANDS!$G$2:$CK$25,MATCH($E146,DEMANDS!$E$2:$E$25,0),FALSE)/HLOOKUP(2018,DEMANDS!$G$2:$CK$25,MATCH($E146,DEMANDS!$E$2:$E$25,0),FALSE) -> 0.06505647 | H146: =HLOOKUP(REG_TRA_DEMANDS!H$3,'BY-Demands'!$J$5:$AK$14,MATCH($E146,'BY-Demands'!$I$5:$I$14,0),FALSE)*HLOOKUP(REG_TRA_DEMANDS!$F146,DEMANDS!$G$2:$CK$25,MATCH($E146,DEMANDS!$E$2:$E$25,0),FALSE)/HLOOKUP(2018,DEMANDS!$G$2:$CK$25,MATCH($E146,DEMANDS!$E$2:$E$25,0),FALSE) -> 1.5396336 | I146: =HLOOKUP(REG_TRA_DEMANDS!I$3,'BY-Demands'!$J$5:$AK$14,MATCH($E146,'BY-Demands'!$I$5:$I$14,0),FALSE)*HLOOKUP(REG_TRA_DEMANDS!$F146,DEMANDS!$G$2:$CK$25,MATCH($E146,DEMANDS!$E$2:$E$25,0),FALSE)/HLOOKUP(2018,DEMANDS!$G$2:$CK$25,MATCH($E146,DEMANDS!$E$2:$E$25,0),FALSE) -> 0.25425639 | J146: =HLOOKUP(REG_TRA_DEMANDS!J$3,'BY-Demands'!$J$5:$AK$14,MATCH($E146,'BY-Demands'!$I$5:$I$14,0),FALSE)*HLOOKUP(REG_TRA_DEMANDS!$F146,DEMANDS!$G$2:$CK$25,MATCH($E146,DEMANDS!$E$2:$E$25,0),FALSE)/HLOOKUP(2018,DEMANDS!$G$2:$CK$25,MATCH($E146,DEMANDS!$E$2:$E$25,0),FALSE) -> 0.11339288 | K146: =HLOOKUP(REG_TRA_DEMANDS!K$3,'BY-Demands'!$J$5:$AK$14,MATCH($E146,'BY-Demands'!$I$5:$I$14,0),FALSE)*HLOOKUP(REG_TRA_DEMANDS!$F146,DEMANDS!$G$2:$CK$25,MATCH($E146,DEMANDS!$E$2:$E$25,0),FALSE)/HLOOKUP(2018,DEMANDS!$G$2:$CK$25,MATCH($E146,DEMANDS!$E$2:$E$25,0),FALSE) -> 0.096783669 | L146: =HLOOKUP(REG_TRA_DEMANDS!L$3,'BY-Demands'!$J$5:$AK$14,MATCH($E146,'BY-Demands'!$I$5:$I$14,0),FALSE)*HLOOKUP(REG_TRA_DEMANDS!$F146,DEMANDS!$G$2:$CK$25,MATCH($E146,DEMANDS!$E$2:$E$25,0),FALSE)/HLOOKUP(2018,DEMANDS!$G$2:$CK$25,MATCH($E146,DEMANDS!$E$2:$E$25,0),FALSE) -> 0.046705773 | M146: =HLOOKUP(REG_TRA_DEMANDS!M$3,'BY-Demands'!$J$5:$AK$14,MATCH($E146,'BY-Demands'!$I$5:$I$14,0),FALSE)*HLOOKUP(REG_TRA_DEMANDS!$F146,DEMANDS!$G$2:$CK$25,MATCH($E146,DEMANDS!$E$2:$E$25,0),FALSE)/HLOOKUP(2018,DEMANDS!$G$2:$CK$25,MATCH($E146,DEMANDS!$E$2:$E$25,0),FALSE) -> 0.14727637 | N146: =HLOOKUP(REG_TRA_DEMANDS!N$3,'BY-Demands'!$J$5:$AK$14,MATCH($E146,'BY-Demands'!$I$5:$I$14,0),FALSE)*HLOOKUP(REG_TRA_DEMANDS!$F146,DEMANDS!$G$2:$CK$25,MATCH($E146,DEMANDS!$E$2:$E$25,0),FALSE)/HLOOKUP(2018,DEMANDS!$G$2:$CK$25,MATCH($E146,DEMANDS!$E$2:$E$25,0),FALSE) -> 0.22287772 | ... AF146: =HLOOKUP(REG_TRA_DEMANDS!AF$3,'BY-Demands'!$J$5:$AK$14,MATCH($E146,'BY-Demands'!$I$5:$I$14,0),FALSE)*HLOOKUP(REG_TRA_DEMANDS!$F146,DEMANDS!$G$2:$CK$25,MATCH($E146,DEMANDS!$E$2:$E$25,0),FALSE)/HLOOKUP(2018,DEMANDS!$G$2:$CK$25,MATCH($E146,DEMANDS!$E$2:$E$25,0),FALSE) -> 0.070146077
