Workbook

Sheet data
D2: 2019 | E2: 2020 | F2: 2021 | G2: 2022 | H2: 2023 | I2: 2024 | J2: 2025 | K2: 2026 | L2: 2027 | M2: 2028 | N2: 2029 | O2: 2030 | P2: 2031 | Q2: 2032 | R2: 2033 | S2: 2034 | T2: 2035 | U2: 2036 | V2: 2037 | W2: 2038 | X2: 2039 | Y2: 2040 | Z2: 2041 | AA2: 2042 | AB2: 2043 | AC2: 2044 | AD2: 2045 | AE2: 2046 | AF2: 2047 | AG2: 2048 | AH2: 2049 | AI2: 2050
A3: RSD-SHALLOW | B3: Shallow Retrofit | C3: R-RTFT-Apt_B3, R-RTFT-Apt_C, R-RTFT-Apt_D, R-RTFT-Att_B3, R-RTFT-Att_C, R-RTFT-Att_D, R-RTFT-Det_B3, R-RTFT-Det_C, R-RTFT-Det_D | D3: {=SUMPRODUCT(SUMIF(caps_data!$B:$B,TRIM(MID(SUBSTITUTE($C3,", ",REPT(" ",100)),(ROW(INDIRECT("1:50"))-1)*100+1,100)),caps_data!C:C))} -> 7.4972968 | E3: {=SUMPRODUCT(SUMIF(caps_data!$B:$B,TRIM(MID(SUBSTITUTE($C3,", ",REPT(" ",100)),(ROW(INDIRECT("1:50"))-1)*100+1,100)),caps_data!D:D))} -> 6.4511985 | F3: {=SUMPRODUCT(SUMIF(caps_data!$B:$B,TRIM(MID(SUBSTITUTE($C3,", ",REPT(" ",100)),(ROW(INDIRECT("1:50"))-1)*100+1,100)),caps_data!E:E))} -> 0 | G3: {=SUMPRODUCT(SUMIF(caps_data!$B:$B,TRIM(MID(SUBSTITUTE($C3,", ",REPT(" ",100)),(ROW(INDIRECT("1:50"))-1)*100+1,100)),caps_data!F:F))} -> 0 | H3: {=SUMPRODUCT(SUMIF(caps_data!$B:$B,TRIM(MID(SUBSTITUTE($C3,", ",REPT(" ",100)),(ROW(INDIRECT("1:50"))-1)*100+1,100)),caps_data!G:G))} -> 0 | I3: {=SUMPRODUCT(SUMIF(caps_data!$B:$B,TRIM(MID(SUBSTITUTE($C3,", ",REPT(" ",100)),(ROW(INDIRECT("1:50"))-1)*100+1,100)),caps_data!H:H))} -> 0 | J3: {=SUMPRODUCT(SUMIF(caps_data!$B:$B,TRIM(MID(SUBSTITUTE($C3,", ",REPT(" ",100)),(ROW(INDIRECT("1:50"))-1)*100+1,100)),caps_data!I:I))} -> 0 | K3: {=SUMPRODUCT(SUMIF(caps_data!$B:$B,TRIM(MID(SUBSTITUTE($C3,", ",REPT(" ",100)),(ROW(INDIRECT("1:50"))-1)*100+1,100)),caps_data!J:J))} -> 0 | L3: {=SUMPRODUCT(SUMIF(caps_data!$B:$B,TRIM(MID(SUBSTITUTE($C3,", ",REPT(" ",100)),(ROW(INDIRECT("1:50"))-1)*100+1,100)),caps_data!K:K))} -> 0 | M3: {=SUMPRODUCT(SUMIF(caps_data!$B:$B,TRIM(MID(SUBSTITUTE($C3,", ",REPT(" ",100)),(ROW(INDIRECT("1:50"))-1)*100+1,100)),caps_data!L:L))} -> 0 | N3: {=SUMPRODUCT(SUMIF(caps_data!$B:$B,TRIM(MID(SUBSTITUTE($C3,", ",REPT(" ",100)),(ROW(INDIRECT("1:50"))-1)*100+1,100)),caps_data!M:M))} -> 0 | O3: {=SUMPRODUCT(SUMIF(caps_data!$B:$B,TRIM(MID(SUBSTITUTE($C3,", ",REPT(" ",100)),(ROW(INDIRECT("1:50"))-1)*100+1,100)),caps_data!N:N))} -> 0 | P3: {=SUMPRODUCT(SUMIF(caps_data!$B:$B,TRIM(MID(SUBSTITUTE($C3,", ",REPT(" ",100)),(ROW(INDIRECT("1:50"))-1)*100+1,100)),caps_data!O:O))} -> 0 | Q3: {=SUMPRODUCT(SUMIF(caps_data!$B:$B,TRIM(MID(SUBSTITUTE($C3,", ",REPT(" ",100)),(ROW(INDIRECT("1:50"))-1)*100+1,100)),caps_data!P:P))} -> 0.44463605 | R3: {=SUMPRODUCT(SUMIF(caps_data!$B:$B,TRIM(MID(SUBSTITUTE($C3,", ",REPT(" ",100)),(ROW(INDIRECT("1:50"))-1)*100+1,100)),caps_data!Q:Q))} -> 0.46046897 | S3: {=SUMPRODUCT(SUMIF(caps_data!$B:$B,TRIM(MID(SUBSTITUTE($C3,", ",REPT(" ",100)),(ROW(INDIRECT("1:50"))-1)*100+1,100)),caps_data!R:R))} -> 0.460469 | T3: {=SUMPRODUCT(SUMIF(caps_data!$B:$B,TRIM(MID(SUBSTITUTE($C3,", ",REPT(" ",100)),(ROW(INDIRECT("1:50"))-1)*100+1,100)),caps_data!S:S))} -> 2.4206012 | U3: {=SUMPRODUCT(SUMIF(caps_data!$B:$B,TRIM(MID(SUBSTITUTE($C3,", ",REPT(" ",100)),(ROW(INDIRECT("1:50"))-1)*100+1,100)),caps_data!T:T))} -> 2.4206011 | V3: {=SUMPRODUCT(SUMIF(caps_data!$B:$B,TRIM(MID(SUBSTITUTE($C3,", ",REPT(" ",100)),(ROW(INDIRECT("1:50"))-1)*100+1,100)),caps_data!U:U))} -> 2.4364326 | W3: {=SUMPRODUCT(SUMIF(caps_data!$B:$B,TRIM(MID(SUBSTITUTE($C3,", ",REPT(" ",100)),(ROW(INDIRECT("1:50"))-1)*100+1,100)),caps_data!V:V))} -> 2.436434 | X3: {=SUMPRODUCT(SUMIF(caps_data!$B:$B,TRIM(MID(SUBSTITUTE($C3,", ",REPT(" ",100)),(ROW(INDIRECT("1:50"))-1)*100+1,100)),caps_data!W:W))} -> 2.436434 | Y3: {=SUMPRODUCT(SUMIF(caps_data!$B:$B,TRIM(MID(SUBSTITUTE($C3,", ",REPT(" ",100)),(ROW(INDIRECT("1:50"))-1)*100+1,100)),caps_data!X:X))} -> 2.436434 | Z3: {=SUMPRODUCT(SUMIF(caps_data!$B:$B,TRIM(MID(SUBSTITUTE($C3,", ",REPT(" ",100)),(ROW(INDIRECT("1:50"))-1)*100+1,100)),caps_data!Y:Y))} -> 2.436434 | AA3: {=SUMPRODUCT(SUMIF(caps_data!$B:$B,TRIM(MID(SUBSTITUTE($C3,", ",REPT(" ",100)),(ROW(INDIRECT("1:50"))-1)*100+1,100)),caps_data!Z:Z))} -> 2.436434 | AB3: {=SUMPRODUCT(SUMIF(caps_data!$B:$B,TRIM(MID(SUBSTITUTE($C3,", ",REPT(" ",100)),(ROW(INDIRECT("1:50"))-1)*100+1,100)),caps_data!AA:AA))} -> 2.436434 | AC3: {=SUMPRODUCT(SUMIF(caps_data!$B:$B,TRIM(MID(SUBSTITUTE($C3,", ",REPT(" ",100)),(ROW(INDIRECT("1:50"))-1)*100+1,100)),caps_data!AB:AB))} -> 2.436434 | AD3: {=SUMPRODUCT(SUMIF(caps_data!$B:$B,TRIM(MID(SUBSTITUTE($C3,", ",REPT(" ",100)),(ROW(INDIRECT("1:50"))-1)*100+1,100)),caps_data!AC:AC))} -> 2.436434 | AE3: {=SUMPRODUCT(SUMIF(caps_data!$B:$B,TRIM(MID(SUBSTITUTE($C3,", ",REPT(" ",100)),(ROW(INDIRECT("1:50"))-1)*100+1,100)),caps_data!AD:AD))} -> 2.436434 | AF3: {=SUMPRODUCT(SUMIF(caps_data!$B:$B,TRIM(MID(SUBSTITUTE($C3,", ",REPT(" ",100)),(ROW(INDIRECT("1:50"))-1)*100+1,100)),caps_data!AE:AE))} -> 2.436434 | AG3: {=SUMPRODUCT(SUMIF(caps_data!$B:$B,TRIM(MID(SUBSTITUTE($C3,", ",REPT(" ",100)),(ROW(INDIRECT("1:50"))-1)*100+1,100)),caps_data!AF:AF))} -> 2.436434 | AH3: {=SUMPRODUCT(SUMIF(caps_data!$B:$B,TRIM(MID(SUBSTITUTE($C3,", ",REPT(" ",100)),(ROW(INDIRECT("1:50"))-1)*100+1,100)),caps_data!AG:AG))} -> 2.436434 | AI3: {=SUMPRODUCT(SUMIF(caps_data!$B:$B,TRIM(MID(SUBSTITUTE($C3,", ",REPT(" ",100)),(ROW(INDIRECT("1:50"))-1)*100+1,100)),caps_data!AH:AH))} -> 2.436434
A4: RSD-DEEP | B4: Deep Retrofit | C4: R-RTFT-Apt_E, R-RTFT-Apt_F, R-RTFT-Apt_G, R-RTFT-Att_E, R-RTFT-Att_F, R-RTFT-Att_G, R-RTFT-Det_E, R-RTFT-Det_F, R-RTFT-Det_G | E4: {=SUMPRODUCT(SUMIF(caps_data!$B:$B,TRIM(MID(SUBSTITUTE($C4,", ",REPT(" ",100)),(ROW(INDIRECT("1:50"))-1)*100+1,100)),caps_data!D:D))} -> 3.6584498 | F4: {=SUMPRODUCT(SUMIF(caps_data!$B:$B,TRIM(MID(SUBSTITUTE($C4,", ",REPT(" ",100)),(ROW(INDIRECT("1:50"))-1)*100+1,100)),caps_data!E:E))} -> 25.399042 | G4: {=SUMPRODUCT(SUMIF(caps_data!$B:$B,TRIM(MID(SUBSTITUTE($C4,", ",REPT(" ",100)),(ROW(INDIRECT("1:50"))-1)*100+1,100)),caps_data!F:F))} -> 37.836289 | H4: {=SUMPRODUCT(SUMIF(caps_data!$B:$B,TRIM(MID(SUBSTITUTE($C4,", ",REPT(" ",100)),(ROW(INDIRECT("1:50"))-1)*100+1,100)),caps_data!G:G))} -> 0 | I4: {=SUMPRODUCT(SUMIF(caps_data!$B:$B,TRIM(MID(SUBSTITUTE($C4,", ",REPT(" ",100)),(ROW(INDIRECT("1:50"))-1)*100+1,100)),caps_data!H:H))} -> 0 | J4: {=SUMPRODUCT(SUMIF(caps_data!$B:$B,TRIM(MID(SUBSTITUTE($C4,", ",REPT(" ",100)),(ROW(INDIRECT("1:50"))-1)*100+1,100)),caps_data!I:I))} -> 7.2471677 | K4: {=SUMPRODUCT(SUMIF(caps_data!$B:$B,TRIM(MID(SUBSTITUTE($C4,", ",REPT(" ",100)),(ROW(INDIRECT("1:50"))-1)*100+1,100)),caps_data!J:J))} -> 22.364961 | L4: {=SUMPRODUCT(SUMIF(caps_data!$B:$B,TRIM(MID(SUBSTITUTE($C4,", ",REPT(" ",100)),(ROW(INDIRECT("1:50"))-1)*100+1,100)),caps_data!K:K))} -> 7.3921218 | M4: {=SUMPRODUCT(SUMIF(caps_data!$B:$B,TRIM(MID(SUBSTITUTE($C4,", ",REPT(" ",100)),(ROW(INDIRECT("1:50"))-1)*100+1,100)),caps_data!L:L))} -> 3.1129013 | N4: {=SUMPRODUCT(SUMIF(caps_data!$B:$B,TRIM(MID(SUBSTITUTE($C4,", ",REPT(" ",100)),(ROW(INDIRECT("1:50"))-1)*100+1,100)),caps_data!M:M))} -> 3.1129013 | O4: {=SUMPRODUCT(SUMIF(caps_data!$B:$B,TRIM(MID(SUBSTITUTE($C4,", ",REPT(" ",100)),(ROW(INDIRECT("1:50"))-1)*100+1,100)),caps_data!N:N))} -> 0.69717873 | P4: {=SUMPRODUCT(SUMIF(caps_data!$B:$B,TRIM(MID(SUBSTITUTE($C4,", ",REPT(" ",100)),(ROW(INDIRECT("1:50"))-1)*100+1,100)),caps_data!O:O))} -> 0 | Q4: {=SUMPRODUCT(SUMIF(caps_data!$B:$B,TRIM(MID(SUBSTITUTE($C4,", ",REPT(" ",100)),(ROW(INDIRECT("1:50"))-1)*100+1,100)),caps_data!P:P))} -> 0.031665839 | R4: {=SUMPRODUCT(SUMIF(caps_data!$B:$B,TRIM(MID(SUBSTITUTE($C4,", ",REPT(" ",100)),(ROW(INDIRECT("1:50"))-1)*100+1,100)),caps_data!Q:Q))} -> 0.015832931 | S4: {=SUMPRODUCT(SUMIF(caps_data!$B:$B,TRIM(MID(SUBSTITUTE($C4,", ",REPT(" ",100)),(ROW(INDIRECT("1:50"))-1)*100+1,100)),caps_data!R:R))} -> 0.015832923 | T4: {=SUMPRODUCT(SUMIF(caps_data!$B:$B,TRIM(MID(SUBSTITUTE($C4,", ",REPT(" ",100)),(ROW(INDIRECT("1:50"))-1)*100+1,100)),caps_data!S:S))} -> 0.01583288 | U4: {=SUMPRODUCT(SUMIF(caps_data!$B:$B,TRIM(MID(SUBSTITUTE($C4,", ",REPT(" ",100)),(ROW(INDIRECT("1:50"))-1)*100+1,100)),caps_data!T:T))} -> 0.015832963
A5: RSD-APT-HP | B5: Heat Pumps | C5: R-HC_Apt_ELC_HPN1, R-HC_Apt_ELC_HPN2-AB, R-HC_Apt_ELC_HPN2-C, R-HC_Apt_ELC_HPN2-D, R-HC_Apt_ELC_HPN2-E, R-HC_Apt_ELC_HPN2-F, R-HC_Apt_ELC_HPN2-G, R-SH_Apt_ELC_HPN1, R-SH_Apt_ELC_HPN2-AB, R-SH_Apt_ELC_HPN2-C, R-SH_Apt_ELC_HPN2-D, R-SH_Apt_ELC_HPN2-E, R-SH_Apt_ELC_HPN2-F, R-SH_Apt_ELC_HPN2-G, R-SH_Apt_ELC_HPN3-AB, R-SH_Apt_ELC_HPN3-C, R-SH_Apt_ELC_HPN3-D, R-SH_Apt_ELC_HPN3-E, R-SH_Apt_ELC_HPN3-F, R-SH_Apt_ELC_HPN3-G, R-SW_Apt_ELC_HPN1-AB, R-SW_Apt_ELC_HPN1-C, R-SW_Apt_ELC_HPN1-D, R-SW_Apt_ELC_HPN1-E, R-SW_Apt_ELC_HPN1-F, R-SW_Apt_ELC_HPN1-G, R-SW_Apt_GAS_HHPN1, R-SW_Apt_GAS_HPN1, R-SW_Apt_GAS_HPN2 | D5: {=SUMPRODUCT(SUMIF(caps_data!$B:$B,TRIM(MID(SUBSTITUTE($C5,", ",REPT(" ",100)),(ROW(INDIRECT("1:50"))-1)*100+1,100)),caps_data!C:C))} -> 0 | E5: {=SUMPRODUCT(SUMIF(caps_data!$B:$B,TRIM(MID(SUBSTITUTE($C5,", ",REPT(" ",100)),(ROW(INDIRECT("1:50"))-1)*100+1,100)),caps_data!D:D))} -> 0 | G5: {=SUMPRODUCT(SUMIF(caps_data!$B:$B,TRIM(MID(SUBSTITUTE($C5,", ",REPT(" ",100)),(ROW(INDIRECT("1:50"))-1)*100+1,100)),caps_data!F:F))} -> 3.8060493 | J5: {=SUMPRODUCT(SUMIF(caps_data!$B:$B,TRIM(MID(SUBSTITUTE($C5,", ",REPT(" ",100)),(ROW(INDIRECT("1:50"))-1)*100+1,100)),caps_data!I:I))} -> 20.788283 | K5: {=SUMPRODUCT(SUMIF(caps_data!$B:$B,TRIM(MID(SUBSTITUTE($C5,", ",REPT(" ",100)),(ROW(INDIRECT("1:50"))-1)*100+1,100)),caps_data!J:J))} -> 17.116404 | L5: {=SUMPRODUCT(SUMIF(caps_data!$B:$B,TRIM(MID(SUBSTITUTE($C5,", ",REPT(" ",100)),(ROW(INDIRECT("1:50"))-1)*100+1,100)),caps_data!K:K))} -> 0.10122871 | M5: {=SUMPRODUCT(SUMIF(caps_data!$B:$B,TRIM(MID(SUBSTITUTE($C5,", ",REPT(" ",100)),(ROW(INDIRECT("1:50"))-1)*100+1,100)),caps_data!L:L))} -> 0.097261719 | N5: {=SUMPRODUCT(SUMIF(caps_data!$B:$B,TRIM(MID(SUBSTITUTE($C5,", ",REPT(" ",100)),(ROW(INDIRECT("1:50"))-1)*100+1,100)),caps_data!M:M))} -> 0.091833754 | O5: {=SUMPRODUCT(SUMIF(caps_data!$B:$B,TRIM(MID(SUBSTITUTE($C5,", ",REPT(" ",100)),(ROW(INDIRECT("1:50"))-1)*100+1,100)),caps_data!N:N))} -> 0.086427549 | P5: {=SUMPRODUCT(SUMIF(caps_data!$B:$B,TRIM(MID(SUBSTITUTE($C5,", ",REPT(" ",100)),(ROW(INDIRECT("1:50"))-1)*100+1,100)),caps_data!O:O))} -> 0.0040535265 | Q5: {=SUMPRODUCT(SUMIF(caps_data!$B:$B,TRIM(MID(SUBSTITUTE($C5,", ",REPT(" ",100)),(ROW(INDIRECT("1:50"))-1)*100+1,100)),caps_data!P:P))} -> 0.32227998 | R5: {=SUMPRODUCT(SUMIF(caps_data!$B:$B,TRIM(MID(SUBSTITUTE($C5,", ",REPT(" ",100)),(ROW(INDIRECT("1:50"))-1)*100+1,100)),caps_data!Q:Q))} -> 0.13578381 | T5: {=SUMPRODUCT(SUMIF(caps_data!$B:$B,TRIM(MID(SUBSTITUTE($C5,", ",REPT(" ",100)),(ROW(INDIRECT("1:50"))-1)*100+1,100)),caps_data!S:S))} -> 0.0040533582 | AC5: {=SUMPRODUCT(SUMIF(caps_data!$B:$B,TRIM(MID(SUBSTITUTE($C5,", ",REPT(" ",100)),(ROW(INDIRECT("1:50"))-1)*100+1,100)),caps_data!AB:AB))} -> 1.521845 | AD5: {=SUMPRODUCT(SUMIF(caps_data!$B:$B,TRIM(MID(SUBSTITUTE($C5,", ",REPT(" ",100)),(ROW(INDIRECT("1:50"))-1)*100+1,100)),caps_data!AC:AC))} -> 18.024512 | AE5: {=SUMPRODUCT(SUMIF(caps_data!$B:$B,TRIM(MID(SUBSTITUTE($C5,", ",REPT(" ",100)),(ROW(INDIRECT("1:50"))-1)*100+1,100)),caps_data!AD:AD))} -> 19.424702 | AF5: {=SUMPRODUCT(SUMIF(caps_data!$B:$B,TRIM(MID(SUBSTITUTE($C5,", ",REPT(" ",100)),(ROW(INDIRECT("1:50"))-1)*100+1,100)),caps_data!AE:AE))} -> 0.25204397 | AG5: {=SUMPRODUCT(SUMIF(caps_data!$B:$B,TRIM(MID(SUBSTITUTE($C5,", ",REPT(" ",100)),(ROW(INDIRECT("1:50"))-1)*100+1,100)),caps_data!AF:AF))} -> 0.24822133 | AH5: {=SUMPRODUCT(SUMIF(caps_data!$B:$B,TRIM(MID(SUBSTITUTE($C5,", ",REPT(" ",100)),(ROW(INDIRECT("1:50"))-1)*100+1,100)),caps_data!AG:AG))} -> 0.24253002 | AI5: {=SUMPRODUCT(SUMIF(caps_data!$B:$B,TRIM(MID(SUBSTITUTE($C5,", ",REPT(" ",100)),(ROW(INDIRECT("1:50"))-1)*100+1,100)),caps_data!AH:AH))} -> 0.23673321
A6: RSD-BIOGAS | B6: Biogas | C6: R-SH_Apt_GAS_N1,R-SH_Att_GAS_N1,R-SH_Det_GAS_N1,R-SW_Apt_GAS_HHPN1,R-SW_Apt_GAS_HPN1,R-SW_Apt_GAS_HPN2,R-SW_Apt_GAS_N1,R-SW_Att_GAS_HHPN1,R-SW_Att_GAS_HPN1,R-SW_Att_GAS_HPN2,R-SW_Att_GAS_N1,R-SW_Att_GAS_N2,R-SW_Att_GAS_N3,R-SW_Det_GAS_HHPN1,R-SW_Det_GAS_HPN1,R-SW_Det_GAS_HPN2,R-SW_Det_GAS_N1,R-SW_Det_GAS_N2,R-SW_Det_GAS_N3 | D6: {=SUMPRODUCT(SUMIF(caps_data!$B:$B,TRIM(MID(SUBSTITUTE($C6,", ",REPT(" ",100)),(ROW(INDIRECT("1:50"))-1)*100+1,100)),caps_data!C:C))} -> 0 | E6: {=SUMPRODUCT(SUMIF(caps_data!$B:$B,TRIM(MID(SUBSTITUTE($C6,", ",REPT(" ",100)),(ROW(INDIRECT("1:50"))-1)*100+1,100)),caps_data!D:D))} -> 0 | F6: {=SUMPRODUCT(SUMIF(caps_data!$B:$B,TRIM(MID(SUBSTITUTE($C6,", ",REPT(" ",100)),(ROW(INDIRECT("1:50"))-1)*100+1,100)),caps_data!E:E))} -> 0 | G6: {=SUMPRODUCT(SUMIF(caps_data!$B:$B,TRIM(MID(SUBSTITUTE($C6,", ",REPT(" ",100)),(ROW(INDIRECT("1:50"))-1)*100+1,100)),caps_data!F:F))} -> 0 | H6: {=SUMPRODUCT(SUMIF(caps_data!$B:$B,TRIM(MID(SUBSTITUTE($C6,", ",REPT(" ",100)),(ROW(INDIRECT("1:50"))-1)*100+1,100)),caps_data!G:G))} -> 0 | I6: {=SUMPRODUCT(SUMIF(caps_data!$B:$B,TRIM(MID(SUBSTITUTE($C6,", ",REPT(" ",100)),(ROW(INDIRECT("1:50"))-1)*100+1,100)),caps_data!H:H))} -> 0 | J6: {=SUMPRODUCT(SUMIF(caps_data!$B:$B,TRIM(MID(SUBSTITUTE($C6,", ",REPT(" ",100)),(ROW(INDIRECT("1:50"))-1)*100+1,100)),caps_data!I:I))} -> 0 | K6: {=SUMPRODUCT(SUMIF(caps_data!$B:$B,TRIM(MID(SUBSTITUTE($C6,", ",REPT(" ",100)),(ROW(INDIRECT("1:50"))-1)*100+1,100)),caps_data!J:J))} -> 0 | L6: {=SUMPRODUCT(SUMIF(caps_data!$B:$B,TRIM(MID(SUBSTITUTE($C6,", ",REPT(" ",100)),(ROW(INDIRECT("1:50"))-1)*100+1,100)),caps_data!K:K))} -> 0 | M6: {=SUMPRODUCT(SUMIF(caps_data!$B:$B,TRIM(MID(SUBSTITUTE($C6,", ",REPT(" ",100)),(ROW(INDIRECT("1:50"))-1)*100+1,100)),caps_data!L:L))} -> 0 | N6: {=SUMPRODUCT(SUMIF(caps_data!$B:$B,TRIM(MID(SUBSTITUTE($C6,", ",REPT(" ",100)),(ROW(INDIRECT("1:50"))-1)*100+1,100)),caps_data!M:M))} -> 0 | O6: {=SUMPRODUCT(SUMIF(caps_data!$B:$B,TRIM(MID(SUBSTITUTE($C6,", ",REPT(" ",100)),(ROW(INDIRECT("1:50"))-1)*100+1,100)),caps_data!N:N))} -> 0 | P6: {=SUMPRODUCT(SUMIF(caps_data!$B:$B,TRIM(MID(SUBSTITUTE($C6,", ",REPT(" ",100)),(ROW(INDIRECT("1:50"))-1)*100+1,100)),caps_data!O:O))} -> 0 | Q6: {=SUMPRODUCT(SUMIF(caps_data!$B:$B,TRIM(MID(SUBSTITUTE($C6,", ",REPT(" ",100)),(ROW(INDIRECT("1:50"))-1)*100+1,100)),caps_data!P:P))} -> 0 | R6: {=SUMPRODUCT(SUMIF(caps_data!$B:$B,TRIM(MID(SUBSTITUTE($C6,", ",REPT(" ",100)),(ROW(INDIRECT("1:50"))-1)*100+1,100)),caps_data!Q:Q))} -> 0 | S6: {=SUMPRODUCT(SUMIF(caps_data!$B:$B,TRIM(MID(SUBSTITUTE($C6,", ",REPT(" ",100)),(ROW(INDIRECT("1:50"))-1)*100+1,100)),caps_data!R:R))} -> 0 | T6: {=SUMPRODUCT(SUMIF(caps_data!$B:$B,TRIM(MID(SUBSTITUTE($C6,", ",REPT(" ",100)),(ROW(INDIRECT("1:50"))-1)*100+1,100)),caps_data!S:S))} -> 0 | U6: {=SUMPRODUCT(SUMIF(caps_data!$B:$B,TRIM(MID(SUBSTITUTE($C6,", ",REPT(" ",100)),(ROW(INDIRECT("1:50"))-1)*100+1,100)),caps_data!T:T))} -> 0 | V6: {=SUMPRODUCT(SUMIF(caps_data!$B:$B,TRIM(MID(SUBSTITUTE($C6,", ",REPT(" ",100)),(ROW(INDIRECT("1:50"))-1)*100+1,100)),caps_data!U:U))} -> 0 | W6: {=SUMPRODUCT(SUMIF(caps_data!$B:$B,TRIM(MID(SUBSTITUTE($C6,", ",REPT(" ",100)),(ROW(INDIRECT("1:50"))-1)*100+1,100)),caps_data!V:V))} -> 0 | X6: {=SUMPRODUCT(SUMIF(caps_data!$B:$B,TRIM(MID(SUBSTITUTE($C6,", ",REPT(" ",100)),(ROW(INDIRECT("1:50"))-1)*100+1,100)),caps_data!W:W))} -> 0 | Y6: {=SUMPRODUCT(SUMIF(caps_data!$B:$B,TRIM(MID(SUBSTITUTE($C6,", ",REPT(" ",100)),(ROW(INDIRECT("1:50"))-1)*100+1,100)),caps_data!X:X))} -> 0 | Z6: {=SUMPRODUCT(SUMIF(caps_data!$B:$B,TRIM(MID(SUBSTITUTE($C6,", ",REPT(" ",100)),(ROW(INDIRECT("1:50"))-1)*100+1,100)),caps_data!Y:Y))} -> 0 | AA6: {=SUMPRODUCT(SUMIF(caps_data!$B:$B,TRIM(MID(SUBSTITUTE($C6,", ",REPT(" ",100)),(ROW(INDIRECT("1:50"))-1)*100+1,100)),caps_data!Z:Z))} -> 0 | AB6: {=SUMPRODUCT(SUMIF(caps_data!$B:$B,TRIM(MID(SUBSTITUTE($C6,", ",REPT(" ",100)),(ROW(INDIRECT("1:50"))-1)*100+1,100)),caps_data!AA:AA))} -> 0 | AC6: {=SUMPRODUCT(SUMIF(caps_data!$B:$B,TRIM(MID(SUBSTITUTE($C6,", ",REPT(" ",100)),(ROW(INDIRECT("1:50"))-1)*100+1,100)),caps_data!AB:AB))} -> 0 | AD6: {=SUMPRODUCT(SUMIF(caps_data!$B:$B,TRIM(MID(SUBSTITUTE($C6,", ",REPT(" ",100)),(ROW(INDIRECT("1:50"))-1)*100+1,100)),caps_data!AC:AC))} -> 0 | AE6: {=SUMPRODUCT(SUMIF(caps_data!$B:$B,TRIM(MID(SUBSTITUTE($C6,", ",REPT(" ",100)),(ROW(INDIRECT("1:50"))-1)*100+1,100)),caps_data!AD:AD))} -> 0 | AF6: {=SUMPRODUCT(SUMIF(caps_data!$B:$B,TRIM(MID(SUBSTITUTE($C6,", ",REPT(" ",100)),(ROW(INDIRECT("1:50"))-1)*100+1,100)),caps_data!AE:AE))} -> 0 | AG6: {=SUMPRODUCT(SUMIF(caps_data!$B:$B,TRIM(MID(SUBSTITUTE($C6,", ",REPT(" ",100)),(ROW(INDIRECT("1:50"))-1)*100+1,100)),caps_data!AF:AF))} -> 0 | AH6: {=SUMPRODUCT(SUMIF(caps_data!$B:$B,TRIM(MID(SUBSTITUTE($C6,", ",REPT(" ",100)),(ROW(INDIRECT("1:50"))-1)*100+1,100)),caps_data!AG:AG))} -> 0 | AI6: {=SUMPRODUCT(SUMIF(caps_data!$B:$B,TRIM(MID(SUBSTITUTE($C6,", ",REPT(" ",100)),(ROW(INDIRECT("1:50"))-1)*100+1,100)),caps_data!AH:AH))} -> 0
A7: RSD-ATT-HP | B7: Heat Pumps | C7: R-HC_Att_ELC_HPN1, R-HC_Att_ELC_HPN2-AB, R-HC_Att_ELC_HPN2-C, R-HC_Att_ELC_HPN2-D, R-HC_Att_ELC_HPN2-E, R-HC_Att_ELC_HPN2-F, R-HC_Att_ELC_HPN2-G, R-SH_Att_ELC_HPN1, R-SH_Att_ELC_HPN2-AB, R-SH_Att_ELC_HPN2-C, R-SH_Att_ELC_HPN2-D, R-SH_Att_ELC_HPN2-E, R-SH_Att_ELC_HPN2-F, R-SH_Att_ELC_HPN2-G, R-SH_Att_ELC_HPN3-AB, R-SH_Att_ELC_HPN3-C, R-SH_Att_ELC_HPN3-D, R-SH_Att_ELC_HPN3-E, R-SH_Att_ELC_HPN3-F, R-SH_Att_ELC_HPN3-G, R-SW_Att_ELC_HPN1-AB, R-SW_Att_ELC_HPN1-C, R-SW_Att_ELC_HPN1-D, R-SW_Att_ELC_HPN1-E, R-SW_Att_ELC_HPN1-F, R-SW_Att_ELC_HPN1-G, R-SW_Att_ELC_HPN2-AB, R-SW_Att_ELC_HPN2-C, R-SW_Att_ELC_HPN2-D, R-SW_Att_ELC_HPN2-E, R-SW_Att_ELC_HPN2-F, R-SW_Att_ELC_HPN2-G, R-SW_Att_GAS_HHPN1, R-SW_Att_GAS_HPN1, R-SW_Att_GAS_HPN2 | D7: {=SUMPRODUCT(SUMIF(caps_data!$B:$B,TRIM(MID(SUBSTITUTE($C7,", ",REPT(" ",100)),(ROW(INDIRECT("1:50"))-1)*100+1,100)),caps_data!C:C))} -> 6.1992245 | E7: {=SUMPRODUCT(SUMIF(caps_data!$B:$B,TRIM(MID(SUBSTITUTE($C7,", ",REPT(" ",100)),(ROW(INDIRECT("1:50"))-1)*100+1,100)),caps_data!D:D))} -> 52.486207 | F7: {=SUMPRODUCT(SUMIF(caps_data!$B:$B,TRIM(MID(SUBSTITUTE($C7,", ",REPT(" ",100)),(ROW(INDIRECT("1:50"))-1)*100+1,100)),caps_data!E:E))} -> 48.139253 | G7: {=SUMPRODUCT(SUMIF(caps_data!$B:$B,TRIM(MID(SUBSTITUTE($C7,", ",REPT(" ",100)),(ROW(INDIRECT("1:50"))-1)*100+1,100)),caps_data!F:F))} -> 48.176539 | H7: {=SUMPRODUCT(SUMIF(caps_data!$B:$B,TRIM(MID(SUBSTITUTE($C7,", ",REPT(" ",100)),(ROW(INDIRECT("1:50"))-1)*100+1,100)),caps_data!G:G))} -> 47.254031 | I7: {=SUMPRODUCT(SUMIF(caps_data!$B:$B,TRIM(MID(SUBSTITUTE($C7,", ",REPT(" ",100)),(ROW(INDIRECT("1:50"))-1)*100+1,100)),caps_data!H:H))} -> 36.341222 | J7: {=SUMPRODUCT(SUMIF(caps_data!$B:$B,TRIM(MID(SUBSTITUTE($C7,", ",REPT(" ",100)),(ROW(INDIRECT("1:50"))-1)*100+1,100)),caps_data!I:I))} -> 34.001223 | K7: {=SUMPRODUCT(SUMIF(caps_data!$B:$B,TRIM(MID(SUBSTITUTE($C7,", ",REPT(" ",100)),(ROW(INDIRECT("1:50"))-1)*100+1,100)),caps_data!J:J))} -> 19.83235 | L7: {=SUMPRODUCT(SUMIF(caps_data!$B:$B,TRIM(MID(SUBSTITUTE($C7,", ",REPT(" ",100)),(ROW(INDIRECT("1:50"))-1)*100+1,100)),caps_data!K:K))} -> 0.58261382 | M7: {=SUMPRODUCT(SUMIF(caps_data!$B:$B,TRIM(MID(SUBSTITUTE($C7,", ",REPT(" ",100)),(ROW(INDIRECT("1:50"))-1)*100+1,100)),caps_data!L:L))} -> 0.62415261 | N7: {=SUMPRODUCT(SUMIF(caps_data!$B:$B,TRIM(MID(SUBSTITUTE($C7,", ",REPT(" ",100)),(ROW(INDIRECT("1:50"))-1)*100+1,100)),caps_data!M:M))} -> 0.63315861 | O7: {=SUMPRODUCT(SUMIF(caps_data!$B:$B,TRIM(MID(SUBSTITUTE($C7,", ",REPT(" ",100)),(ROW(INDIRECT("1:50"))-1)*100+1,100)),caps_data!N:N))} -> 0.63217534 | P7: {=SUMPRODUCT(SUMIF(caps_data!$B:$B,TRIM(MID(SUBSTITUTE($C7,", ",REPT(" ",100)),(ROW(INDIRECT("1:50"))-1)*100+1,100)),caps_data!O:O))} -> 0.46476519 | Q7: {=SUMPRODUCT(SUMIF(caps_data!$B:$B,TRIM(MID(SUBSTITUTE($C7,", ",REPT(" ",100)),(ROW(INDIRECT("1:50"))-1)*100+1,100)),caps_data!P:P))} -> 4.7339117 | R7: {=SUMPRODUCT(SUMIF(caps_data!$B:$B,TRIM(MID(SUBSTITUTE($C7,", ",REPT(" ",100)),(ROW(INDIRECT("1:50"))-1)*100+1,100)),caps_data!Q:Q))} -> 4.4787926 | S7: {=SUMPRODUCT(SUMIF(caps_data!$B:$B,TRIM(MID(SUBSTITUTE($C7,", ",REPT(" ",100)),(ROW(INDIRECT("1:50"))-1)*100+1,100)),caps_data!R:R))} -> 0.54255293 | T7: {=SUMPRODUCT(SUMIF(caps_data!$B:$B,TRIM(MID(SUBSTITUTE($C7,", ",REPT(" ",100)),(ROW(INDIRECT("1:50"))-1)*100+1,100)),caps_data!S:S))} -> 0.51895152 | U7: {=SUMPRODUCT(SUMIF(caps_data!$B:$B,TRIM(MID(SUBSTITUTE($C7,", ",REPT(" ",100)),(ROW(INDIRECT("1:50"))-1)*100+1,100)),caps_data!T:T))} -> 10.607765 | V7: {=SUMPRODUCT(SUMIF(caps_data!$B:$B,TRIM(MID(SUBSTITUTE($C7,", ",REPT(" ",100)),(ROW(INDIRECT("1:50"))-1)*100+1,100)),caps_data!U:U))} -> 10.684082 | W7: {=SUMPRODUCT(SUMIF(caps_data!$B:$B,TRIM(MID(SUBSTITUTE($C7,", ",REPT(" ",100)),(ROW(INDIRECT("1:50"))-1)*100+1,100)),caps_data!V:V))} -> 11.39974 | X7: {=SUMPRODUCT(SUMIF(caps_data!$B:$B,TRIM(MID(SUBSTITUTE($C7,", ",REPT(" ",100)),(ROW(INDIRECT("1:50"))-1)*100+1,100)),caps_data!W:W))} -> 12.110286 | Y7: {=SUMPRODUCT(SUMIF(caps_data!$B:$B,TRIM(MID(SUBSTITUTE($C7,", ",REPT(" ",100)),(ROW(INDIRECT("1:50"))-1)*100+1,100)),caps_data!X:X))} -> 59.873935 | Z7: {=SUMPRODUCT(SUMIF(caps_data!$B:$B,TRIM(MID(SUBSTITUTE($C7,", ",REPT(" ",100)),(ROW(INDIRECT("1:50"))-1)*100+1,100)),caps_data!Y:Y))} -> 47.455386 | AA7: {=SUMPRODUCT(SUMIF(caps_data!$B:$B,TRIM(MID(SUBSTITUTE($C7,", ",REPT(" ",100)),(ROW(INDIRECT("1:50"))-1)*100+1,100)),caps_data!Z:Z))} -> 47.49267 | AB7: {=SUMPRODUCT(SUMIF(caps_data!$B:$B,TRIM(MID(SUBSTITUTE($C7,", ",REPT(" ",100)),(ROW(INDIRECT("1:50"))-1)*100+1,100)),caps_data!AA:AA))} -> 46.830457 | AC7: {=SUMPRODUCT(SUMIF(caps_data!$B:$B,TRIM(MID(SUBSTITUTE($C7,", ",REPT(" ",100)),(ROW(INDIRECT("1:50"))-1)*100+1,100)),caps_data!AB:AB))} -> 35.901575 | AD7: {=SUMPRODUCT(SUMIF(caps_data!$B:$B,TRIM(MID(SUBSTITUTE($C7,", ",REPT(" ",100)),(ROW(INDIRECT("1:50"))-1)*100+1,100)),caps_data!AC:AC))} -> 33.54466 | AE7: {=SUMPRODUCT(SUMIF(caps_data!$B:$B,TRIM(MID(SUBSTITUTE($C7,", ",REPT(" ",100)),(ROW(INDIRECT("1:50"))-1)*100+1,100)),caps_data!AD:AD))} -> 19.367589 | AF7: {=SUMPRODUCT(SUMIF(caps_data!$B:$B,TRIM(MID(SUBSTITUTE($C7,", ",REPT(" ",100)),(ROW(INDIRECT("1:50"))-1)*100+1,100)),caps_data!AE:AE))} -> 2.2877872 | AG7: {=SUMPRODUCT(SUMIF(caps_data!$B:$B,TRIM(MID(SUBSTITUTE($C7,", ",REPT(" ",100)),(ROW(INDIRECT("1:50"))-1)*100+1,100)),caps_data!AF:AF))} -> 0.92469243 | AH7: {=SUMPRODUCT(SUMIF(caps_data!$B:$B,TRIM(MID(SUBSTITUTE($C7,", ",REPT(" ",100)),(ROW(INDIRECT("1:50"))-1)*100+1,100)),caps_data!AG:AG))} -> 3.193718 | AI7: {=SUMPRODUCT(SUMIF(caps_data!$B:$B,TRIM(MID(SUBSTITUTE($C7,", ",REPT(" ",100)),(ROW(INDIRECT("1:50"))-1)*100+1,100)),caps_data!AH:AH))} -> 0.95594929
A8: RSD-DH | B8: District Heating | C8: R-SW_Apt_HET_N1, R-SW_Apt_HET_N2 | D8: {=SUMPRODUCT(SUMIF(caps_data!$B:$B,TRIM(MID(SUBSTITUTE($C8,", ",REPT(" ",100)),(ROW(INDIRECT("1:50"))-1)*100+1,100)),caps_data!C:C))} -> 0 | E8: {=SUMPRODUCT(SUMIF(caps_data!$B:$B,TRIM(MID(SUBSTITUTE($C8,", ",REPT(" ",100)),(ROW(INDIRECT("1:50"))-1)*100+1,100)),caps_data!D:D))} -> 0 | H8: {=SUMPRODUCT(SUMIF(caps_data!$B:$B,TRIM(MID(SUBSTITUTE($C8,", ",REPT(" ",100)),(ROW(INDIRECT("1:50"))-1)*100+1,100)),caps_data!G:G))} -> 0.30981051 | I8: {=SUMPRODUCT(SUMIF(caps_data!$B:$B,TRIM(MID(SUBSTITUTE($C8,", ",REPT(" ",100)),(ROW(INDIRECT("1:50"))-1)*100+1,100)),caps_data!H:H))} -> 3.5732957 | J8: {=SUMPRODUCT(SUMIF(caps_data!$B:$B,TRIM(MID(SUBSTITUTE($C8,", ",REPT(" ",100)),(ROW(INDIRECT("1:50"))-1)*100+1,100)),caps_data!I:I))} -> 1.435172 | L8: {=SUMPRODUCT(SUMIF(caps_data!$B:$B,TRIM(MID(SUBSTITUTE($C8,", ",REPT(" ",100)),(ROW(INDIRECT("1:50"))-1)*100+1,100)),caps_data!K:K))} -> 0.89317595 | M8: {=SUMPRODUCT(SUMIF(caps_data!$B:$B,TRIM(MID(SUBSTITUTE($C8,", ",REPT(" ",100)),(ROW(INDIRECT("1:50"))-1)*100+1,100)),caps_data!L:L))} -> 0.7222118 | N8: {=SUMPRODUCT(SUMIF(caps_data!$B:$B,TRIM(MID(SUBSTITUTE($C8,", ",REPT(" ",100)),(ROW(INDIRECT("1:50"))-1)*100+1,100)),caps_data!M:M))} -> 4.9216741 | O8: {=SUMPRODUCT(SUMIF(caps_data!$B:$B,TRIM(MID(SUBSTITUTE($C8,", ",REPT(" ",100)),(ROW(INDIRECT("1:50"))-1)*100+1,100)),caps_data!N:N))} -> 1.2658376 | Q8: {=SUMPRODUCT(SUMIF(caps_data!$B:$B,TRIM(MID(SUBSTITUTE($C8,", ",REPT(" ",100)),(ROW(INDIRECT("1:50"))-1)*100+1,100)),caps_data!P:P))} -> 2.6974966 | R8: {=SUMPRODUCT(SUMIF(caps_data!$B:$B,TRIM(MID(SUBSTITUTE($C8,", ",REPT(" ",100)),(ROW(INDIRECT("1:50"))-1)*100+1,100)),caps_data!Q:Q))} -> 3.5008444 | S8: {=SUMPRODUCT(SUMIF(caps_data!$B:$B,TRIM(MID(SUBSTITUTE($C8,", ",REPT(" ",100)),(ROW(INDIRECT("1:50"))-1)*100+1,100)),caps_data!R:R))} -> 3.6729575 | T8: {=SUMPRODUCT(SUMIF(caps_data!$B:$B,TRIM(MID(SUBSTITUTE($C8,", ",REPT(" ",100)),(ROW(INDIRECT("1:50"))-1)*100+1,100)),caps_data!S:S))} -> 3.6747755 | U8: {=SUMPRODUCT(SUMIF(caps_data!$B:$B,TRIM(MID(SUBSTITUTE($C8,", ",REPT(" ",100)),(ROW(INDIRECT("1:50"))-1)*100+1,100)),caps_data!T:T))} -> 3.6812978 | V8: {=SUMPRODUCT(SUMIF(caps_data!$B:$B,TRIM(MID(SUBSTITUTE($C8,", ",REPT(" ",100)),(ROW(INDIRECT("1:50"))-1)*100+1,100)),caps_data!U:U))} -> 3.697412 | W8: {=SUMPRODUCT(SUMIF(caps_data!$B:$B,TRIM(MID(SUBSTITUTE($C8,", ",REPT(" ",100)),(ROW(INDIRECT("1:50"))-1)*100+1,100)),caps_data!V:V))} -> 3.7074574 | X8: {=SUMPRODUCT(SUMIF(caps_data!$B:$B,TRIM(MID(SUBSTITUTE($C8,", ",REPT(" ",100)),(ROW(INDIRECT("1:50"))-1)*100+1,100)),caps_data!W:W))} -> 0.6289541 | Y8: {=SUMPRODUCT(SUMIF(caps_data!$B:$B,TRIM(MID(SUBSTITUTE($C8,", ",REPT(" ",100)),(ROW(INDIRECT("1:50"))-1)*100+1,100)),caps_data!X:X))} -> 0.50563414 | Z8: {=SUMPRODUCT(SUMIF(caps_data!$B:$B,TRIM(MID(SUBSTITUTE($C8,", ",REPT(" ",100)),(ROW(INDIRECT("1:50"))-1)*100+1,100)),caps_data!Y:Y))} -> 0.14565916 | AD8: {=SUMPRODUCT(SUMIF(caps_data!$B:$B,TRIM(MID(SUBSTITUTE($C8,", ",REPT(" ",100)),(ROW(INDIRECT("1:50"))-1)*100+1,100)),caps_data!AC:AC))} -> 1.3464679 | AE8: {=SUMPRODUCT(SUMIF(caps_data!$B:$B,TRIM(MID(SUBSTITUTE($C8,", ",REPT(" ",100)),(ROW(INDIRECT("1:50"))-1)*100+1,100)),caps_data!AD:AD))} -> 0.72456075 | AF8: {=SUMPRODUCT(SUMIF(caps_data!$B:$B,TRIM(MID(SUBSTITUTE($C8,", ",REPT(" ",100)),(ROW(INDIRECT("1:50"))-1)*100+1,100)),caps_data!AE:AE))} -> 1.6585341 | AG8: {=SUMPRODUCT(SUMIF(caps_data!$B:$B,TRIM(MID(SUBSTITUTE($C8,", ",REPT(" ",100)),(ROW(INDIRECT("1:50"))-1)*100+1,100)),caps_data!AF:AF))} -> 1.4650857 | AH8: {=SUMPRODUCT(SUMIF(caps_data!$B:$B,TRIM(MID(SUBSTITUTE($C8,", ",REPT(" ",100)),(ROW(INDIRECT("1:50"))-1)*100+1,100)),caps_data!AG:AG))} -> 5.6562457 | AI8: {=SUMPRODUCT(SUMIF(caps_data!$B:$B,TRIM(MID(SUBSTITUTE($C8,", ",REPT(" ",100)),(ROW(INDIRECT("1:50"))-1)*100+1,100)),caps_data!AH:AH))} -> 1.9897582
A9: RSD_BLD-DET-HP | B9: Heat Pumps | C9: R-SH_Det_ELC_HPN2-AB, R-SH_Det_ELC_HPN2-C, R-SH_Det_ELC_HPN2-D, R-SH_Det_ELC_HPN2-E, R-SH_Det_ELC_HPN2-F, R-SH_Det_ELC_HPN2-G, R-SH_Det_ELC_HPN3-AB, R-SH_Det_ELC_HPN3-C, R-SH_Det_ELC_HPN3-D, R-SH_Det_ELC_HPN3-E, R-SH_Det_ELC_HPN3-F, R-SH_Det_ELC_HPN3-G, R-SW_Det_ELC_HPN1-AB, R-SW_Det_ELC_HPN1-C, R-SW_Det_ELC_HPN1-D, R-SW_Det_ELC_HPN1-E, R-SW_Det_ELC_HPN1-F, R-SW_Det_ELC_HPN1-G, R-SW_Det_ELC_HPN2-AB, R-SW_Det_ELC_HPN2-C, R-SW_Det_ELC_HPN2-D, R-SW_Det_ELC_HPN2-E, R-SW_Det_ELC_HPN2-F, R-SW_Det_ELC_HPN2-G, R-SW_Det_GAS_HHPN1, R-SW_Det_GAS_HPN1 | D9: {=SUMPRODUCT(SUMIF(caps_data!$B:$B,TRIM(MID(SUBSTITUTE($C9,", ",REPT(" ",100)),(ROW(INDIRECT("1:50"))-1)*100+1,100)),caps_data!C:C))} -> 32.079368 | E9: {=SUMPRODUCT(SUMIF(caps_data!$B:$B,TRIM(MID(SUBSTITUTE($C9,", ",REPT(" ",100)),(ROW(INDIRECT("1:50"))-1)*100+1,100)),caps_data!D:D))} -> 42.424052 | F9: {=SUMPRODUCT(SUMIF(caps_data!$B:$B,TRIM(MID(SUBSTITUTE($C9,", ",REPT(" ",100)),(ROW(INDIRECT("1:50"))-1)*100+1,100)),caps_data!E:E))} -> 41.337958 | G9: {=SUMPRODUCT(SUMIF(caps_data!$B:$B,TRIM(MID(SUBSTITUTE($C9,", ",REPT(" ",100)),(ROW(INDIRECT("1:50"))-1)*100+1,100)),caps_data!F:F))} -> 41.860193 | H9: {=SUMPRODUCT(SUMIF(caps_data!$B:$B,TRIM(MID(SUBSTITUTE($C9,", ",REPT(" ",100)),(ROW(INDIRECT("1:50"))-1)*100+1,100)),caps_data!G:G))} -> 42.491091 | I9: {=SUMPRODUCT(SUMIF(caps_data!$B:$B,TRIM(MID(SUBSTITUTE($C9,", ",REPT(" ",100)),(ROW(INDIRECT("1:50"))-1)*100+1,100)),caps_data!H:H))} -> 42.85694 | J9: {=SUMPRODUCT(SUMIF(caps_data!$B:$B,TRIM(MID(SUBSTITUTE($C9,", ",REPT(" ",100)),(ROW(INDIRECT("1:50"))-1)*100+1,100)),caps_data!I:I))} -> 42.836404 | K9: {=SUMPRODUCT(SUMIF(caps_data!$B:$B,TRIM(MID(SUBSTITUTE($C9,", ",REPT(" ",100)),(ROW(INDIRECT("1:50"))-1)*100+1,100)),caps_data!J:J))} -> 43.332715 | L9: {=SUMPRODUCT(SUMIF(caps_data!$B:$B,TRIM(MID(SUBSTITUTE($C9,", ",REPT(" ",100)),(ROW(INDIRECT("1:50"))-1)*100+1,100)),caps_data!K:K))} -> 43.60472 | M9: {=SUMPRODUCT(SUMIF(caps_data!$B:$B,TRIM(MID(SUBSTITUTE($C9,", ",REPT(" ",100)),(ROW(INDIRECT("1:50"))-1)*100+1,100)),caps_data!L:L))} -> 41.803296 | N9: {=SUMPRODUCT(SUMIF(caps_data!$B:$B,TRIM(MID(SUBSTITUTE($C9,", ",REPT(" ",100)),(ROW(INDIRECT("1:50"))-1)*100+1,100)),caps_data!M:M))} -> 36.774871 | O9: {=SUMPRODUCT(SUMIF(caps_data!$B:$B,TRIM(MID(SUBSTITUTE($C9,", ",REPT(" ",100)),(ROW(INDIRECT("1:50"))-1)*100+1,100)),caps_data!N:N))} -> 36.645657 | P9: {=SUMPRODUCT(SUMIF(caps_data!$B:$B,TRIM(MID(SUBSTITUTE($C9,", ",REPT(" ",100)),(ROW(INDIRECT("1:50"))-1)*100+1,100)),caps_data!O:O))} -> 30.802555 | Q9: {=SUMPRODUCT(SUMIF(caps_data!$B:$B,TRIM(MID(SUBSTITUTE($C9,", ",REPT(" ",100)),(ROW(INDIRECT("1:50"))-1)*100+1,100)),caps_data!P:P))} -> 33.834227 | R9: {=SUMPRODUCT(SUMIF(caps_data!$B:$B,TRIM(MID(SUBSTITUTE($C9,", ",REPT(" ",100)),(ROW(INDIRECT("1:50"))-1)*100+1,100)),caps_data!Q:Q))} -> 34.060836 | S9: {=SUMPRODUCT(SUMIF(caps_data!$B:$B,TRIM(MID(SUBSTITUTE($C9,", ",REPT(" ",100)),(ROW(INDIRECT("1:50"))-1)*100+1,100)),caps_data!R:R))} -> 40.535006 | T9: {=SUMPRODUCT(SUMIF(caps_data!$B:$B,TRIM(MID(SUBSTITUTE($C9,", ",REPT(" ",100)),(ROW(INDIRECT("1:50"))-1)*100+1,100)),caps_data!S:S))} -> 13.811183 | U9: {=SUMPRODUCT(SUMIF(caps_data!$B:$B,TRIM(MID(SUBSTITUTE($C9,", ",REPT(" ",100)),(ROW(INDIRECT("1:50"))-1)*100+1,100)),caps_data!T:T))} -> 0.16414233 | V9: {=SUMPRODUCT(SUMIF(caps_data!$B:$B,TRIM(MID(SUBSTITUTE($C9,", ",REPT(" ",100)),(ROW(INDIRECT("1:50"))-1)*100+1,100)),caps_data!U:U))} -> 0.15744705 | W9: {=SUMPRODUCT(SUMIF(caps_data!$B:$B,TRIM(MID(SUBSTITUTE($C9,", ",REPT(" ",100)),(ROW(INDIRECT("1:50"))-1)*100+1,100)),caps_data!V:V))} -> 0.14754486 | X9: {=SUMPRODUCT(SUMIF(caps_data!$B:$B,TRIM(MID(SUBSTITUTE($C9,", ",REPT(" ",100)),(ROW(INDIRECT("1:50"))-1)*100+1,100)),caps_data!W:W))} -> 30.00265 | Y9: {=SUMPRODUCT(SUMIF(caps_data!$B:$B,TRIM(MID(SUBSTITUTE($C9,", ",REPT(" ",100)),(ROW(INDIRECT("1:50"))-1)*100+1,100)),caps_data!X:X))} -> 41.120152 | Z9: {=SUMPRODUCT(SUMIF(caps_data!$B:$B,TRIM(MID(SUBSTITUTE($C9,", ",REPT(" ",100)),(ROW(INDIRECT("1:50"))-1)*100+1,100)),caps_data!Y:Y))} -> 39.639707 | AA9: {=SUMPRODUCT(SUMIF(caps_data!$B:$B,TRIM(MID(SUBSTITUTE($C9,", ",REPT(" ",100)),(ROW(INDIRECT("1:50"))-1)*100+1,100)),caps_data!Z:Z))} -> 40.16052 | AB9: {=SUMPRODUCT(SUMIF(caps_data!$B:$B,TRIM(MID(SUBSTITUTE($C9,", ",REPT(" ",100)),(ROW(INDIRECT("1:50"))-1)*100+1,100)),caps_data!AA:AA))} -> 40.839335 | AC9: {=SUMPRODUCT(SUMIF(caps_data!$B:$B,TRIM(MID(SUBSTITUTE($C9,", ",REPT(" ",100)),(ROW(INDIRECT("1:50"))-1)*100+1,100)),caps_data!AB:AB))} -> 41.283815 | AD9: {=SUMPRODUCT(SUMIF(caps_data!$B:$B,TRIM(MID(SUBSTITUTE($C9,", ",REPT(" ",100)),(ROW(INDIRECT("1:50"))-1)*100+1,100)),caps_data!AC:AC))} -> 41.247639 | AE9: {=SUMPRODUCT(SUMIF(caps_data!$B:$B,TRIM(MID(SUBSTITUTE($C9,", ",REPT(" ",100)),(ROW(INDIRECT("1:50"))-1)*100+1,100)),caps_data!AD:AD))} -> 41.367349 | AF9: {=SUMPRODUCT(SUMIF(caps_data!$B:$B,TRIM(MID(SUBSTITUTE($C9,", ",REPT(" ",100)),(ROW(INDIRECT("1:50"))-1)*100+1,100)),caps_data!AE:AE))} -> 41.622692 | AG9: {=SUMPRODUCT(SUMIF(caps_data!$B:$B,TRIM(MID(SUBSTITUTE($C9,", ",REPT(" ",100)),(ROW(INDIRECT("1:50"))-1)*100+1,100)),caps_data!AF:AF))} -> 39.804133 | AH9: {=SUMPRODUCT(SUMIF(caps_data!$B:$B,TRIM(MID(SUBSTITUTE($C9,", ",REPT(" ",100)),(ROW(INDIRECT("1:50"))-1)*100+1,100)),caps_data!AG:AG))} -> 34.526476 | AI9: {=SUMPRODUCT(SUMIF(caps_data!$B:$B,TRIM(MID(SUBSTITUTE($C9,", ",REPT(" ",100)),(ROW(INDIRECT("1:50"))-1)*100+1,100)),caps_data!AH:AH))} -> 34.375212
N13: Coefficient | O13: 0.98
B17: UC_N | C17: Pset_Set | D17: Pset_PN | E17: Pset_CI | F17: Pset_CO | G17: Cset_CN | H17: Attribute | I17: Year | J17: LimType | K17: UC_NCAP | L17: UC_FLO | M17: AllRegions | N17: UC_RHSRT~0 | O17: UC_Desc | P17: 2022 | Q17: 2023 | R17: 2024 | S17: 2025 | T17: 2026 | U17: 2027 | V17: 2028 | W17: 2029 | X17: 2030 | Y17: 2031 | Z17: 2032 | AA17: 2033 | AB17: 2034 | AC17: 2035 | AD17: 2036 | AE17: 2037 | AF17: 2038 | AG17: 2039 | AH17: 2040 | AI17: 2041 | AJ17: 2042 | AK17: 2043 | AL17: 2044 | AM17: 2045 | AN17: 2046 | AO17: 2047 | AP17: 2048 | AQ17: 2049 | AR17: 2050
B18: =+A3 -> RSD-SHALLOW | D18: =+C3 -> R-RTFT-Apt_B3, R-RTFT-Apt_C, R-RTFT-Apt_D, R-RTFT-Att_B3, R-RTFT-Att_C, R-RTFT-Att_D, R-RTFT-Det_B3, R-RTFT-Det_C, R-RTFT-Det_D | J18: FX | K18: 1 | N18: 5 | P18: {=+SUM(D3:G3*$O$13)} -> 13.669525 | Q18: =+H3*$O$13 -> 0 | R18: =+I3*$O$13 -> 0 | S18: =+J3*$O$13 -> 0 | T18: =+K3*$O$13 -> 0 | U18: =+L3*$O$13 -> 0 | V18: =+M3*$O$13 -> 0 | W18: =+N3*$O$13 -> 0 | X18: =+O3*$O$13 -> 0 | ... AR18: =+AI3*$O$13 -> 2.3877053
B19: =+A4 -> RSD-DEEP | D19: =+C4 -> R-RTFT-Apt_E, R-RTFT-Apt_F, R-RTFT-Apt_G, R-RTFT-Att_E, R-RTFT-Att_F, R-RTFT-Att_G, R-RTFT-Det_E, R-RTFT-Det_F, R-RTFT-Det_G | J19: FX | K19: 1 | N19: 5 | P19: {=+SUM(D4:G4*$O$13)/2} -> 32.777953 | Q19: =P19 -> 32.777953 | R19: =+I4*$O$13 -> 0 | S19: =+J4*$O$13 -> 7.1022244 | T19: =+K4*$O$13 -> 21.917662 | U19: =+L4*$O$13 -> 7.2442794 | V19: =+M4*$O$13 -> 3.0506433 | W19: =+N4*$O$13 -> 3.0506433 | X19: =+O4*$O$13 -> 0.68323515 | Y19: =+P4*$O$13 -> 0 | ... AR19: =+AI4*$O$13 -> 0
B20: =+A5 -> RSD-APT-HP | D20: =+C5 -> R-HC_Apt_ELC_HPN1, R-HC_Apt_ELC_HPN2-AB, R-HC_Apt_ELC_HPN2-C, R-HC_Apt_ELC_HPN2-D, R-HC_Apt_ELC_HPN2-E, R-HC_Apt_ELC_HPN2-F, R-HC_Apt_ELC_HPN2-G, R-SH_Apt_ELC_HPN1, R-SH_Apt_ELC_HPN2-AB, R-SH_Apt_ELC_HPN2-C, R-SH_Apt_ELC_HPN2-D, R-SH_Apt_ELC_HPN2-E, R-SH_Apt_ELC_HPN2-F, R-SH_Apt_ELC_HPN2-G, R-SH_Apt_ELC_HPN3-AB, R-SH_Apt_ELC_HPN3-C, R-SH_Apt_ELC_HPN3-D, R-SH_Apt_ELC_HPN3-E, R-SH_Apt_ELC_HPN3-F, R-SH_Apt_ELC_HPN3-G, R-SW_Apt_ELC_HPN1-AB, R-SW_Apt_ELC_HPN1-C, R-SW_Apt_ELC_HPN1-D, R-SW_Apt_ELC_HPN1-E, R-SW_Apt_ELC_HPN1-F, R-SW_Apt_ELC_HPN1-G, R-SW_Apt_GAS_HHPN1, R-SW_Apt_GAS_HPN1, R-SW_Apt_GAS_HPN2 | J20: FX | K20: 1 | N20: 5 | T20: =+K5*$O$13 -> 16.774075 | U20: =+L5*$O$13 -> 0.099204134 | V20: =+M5*$O$13 -> 0.095316485 | W20: =+N5*$O$13 -> 0.089997079 | X20: =+O5*$O$13 -> 0.084698998 | Y20: =+P5*$O$13 -> 0.003972456 | Z20: =+Q5*$O$13 -> 0.31583438 | AA20: =+R5*$O$13 -> 0.13306814 | ... AR20: =+AI5*$O$13 -> 0.23199855
B21: =+A6 -> RSD-BIOGAS | D21: =+C6 -> R-SH_Apt_GAS_N1,R-SH_Att_GAS_N1,R-SH_Det_GAS_N1,R-SW_Apt_GAS_HHPN1,R-SW_Apt_GAS_HPN1,R-SW_Apt_GAS_HPN2,R-SW_Apt_GAS_N1,R-SW_Att_GAS_HHPN1,R-SW_Att_GAS_HPN1,R-SW_Att_GAS_HPN2,R-SW_Att_GAS_N1,R-SW_Att_GAS_N2,R-SW_Att_GAS_N3,R-SW_Det_GAS_HHPN1,R-SW_Det_GAS_HPN1,R-SW_Det_GAS_HPN2,R-SW_Det_GAS_N1,R-SW_Det_GAS_N2,R-SW_Det_GAS_N3 | J21: FX | K21: 1 | N21: 5 | T21: =+K6*$O$13 -> 0 | U21: =+L6*$O$13 -> 0 | V21: =+M6*$O$13 -> 0 | W21: =+N6*$O$13 -> 0 | X21: =+O6*$O$13 -> 0 | Y21: =+P6*$O$13 -> 0 | Z21: =+Q6*$O$13 -> 0 | AA21: =+R6*$O$13 -> 0 | ... AR21: =+AI6*$O$13 -> 0
B22: =+A7 -> RSD-ATT-HP | D22: =+C7 -> R-HC_Att_ELC_HPN1, R-HC_Att_ELC_HPN2-AB, R-HC_Att_ELC_HPN2-C, R-HC_Att_ELC_HPN2-D, R-HC_Att_ELC_HPN2-E, R-HC_Att_ELC_HPN2-F, R-HC_Att_ELC_HPN2-G, R-SH_Att_ELC_HPN1, R-SH_Att_ELC_HPN2-AB, R-SH_Att_ELC_HPN2-C, R-SH_Att_ELC_HPN2-D, R-SH_Att_ELC_HPN2-E, R-SH_Att_ELC_HPN2-F, R-SH_Att_ELC_HPN2-G, R-SH_Att_ELC_HPN3-AB, R-SH_Att_ELC_HPN3-C, R-SH_Att_ELC_HPN3-D, R-SH_Att_ELC_HPN3-E, R-SH_Att_ELC_HPN3-F, R-SH_Att_ELC_HPN3-G, R-SW_Att_ELC_HPN1-AB, R-SW_Att_ELC_HPN1-C, R-SW_Att_ELC_HPN1-D, R-SW_Att_ELC_HPN1-E, R-SW_Att_ELC_HPN1-F, R-SW_Att_ELC_HPN1-G, R-SW_Att_ELC_HPN2-AB, R-SW_Att_ELC_HPN2-C, R-SW_Att_ELC_HPN2-D, R-SW_Att_ELC_HPN2-E, R-SW_Att_ELC_HPN2-F, R-SW_Att_ELC_HPN2-G, R-SW_Att_GAS_HHPN1, R-SW_Att_GAS_HPN1, R-SW_Att_GAS_HPN2 | J22: FX | K22: 1 | N22: 5 | P22: =+G7*$O$13 -> 47.213008 | Q22: =+H7*$O$13 -> 46.30895 | R22: =+I7*$O$13 -> 35.614398 | S22: =+J7*$O$13 -> 33.321199 | T22: =+K7*$O$13 -> 19.435703 | U22: =+L7*$O$13 -> 0.57096155 | V22: =+M7*$O$13 -> 0.61166956 | W22: =+N7*$O$13 -> 0.62049544 | ... AR22: =+AI7*$O$13 -> 0.9368303
B23: =+A8 -> RSD-DH | D23: R-SW_Apt_HET_N1, R-SW_Apt_HET_N2, R-SW_Att_HET_N1, R-SW_Att_HET_N2, R-SW_Det_HET_N1, R-SW_Det_HET_N2 | J23: FX | K23: 1 | N23: 5 | P23: =+G8*$O$13 -> 0 | Q23: =+H8*$O$13 -> 0.3036143 | R23: =+I8*$O$13 -> 3.5018298 | S23: =+J8*$O$13 -> 1.4064685 | T23: =+K8*$O$13 -> 0 | U23: =+L8*$O$13 -> 0.87531243 | V23: =+M8*$O$13 -> 0.70776757 | W23: =+N8*$O$13 -> 4.8232406 | ... AR23: =+AI8*$O$13 -> 1.949963
B24: =+A9 -> RSD_BLD-DET-HP | D24: R-SH_Det_ELC_HPN2-AB, R-SH_Det_ELC_HPN2-C, R-SH_Det_ELC_HPN2-D, R-SH_Det_ELC_HPN2-E, R-SH_Det_ELC_HPN2-F, R-SH_Det_ELC_HPN2-G, R-SH_Det_ELC_HPN3-AB, R-SH_Det_ELC_HPN3-C, R-SH_Det_ELC_HPN3-D, R-SH_Det_ELC_HPN3-E, R-SH_Det_ELC_HPN3-F, R-SH_Det_ELC_HPN3-G, R-SW_Det_ELC_HPN1-AB, R-SW_Det_ELC_HPN1-C, R-SW_Det_ELC_HPN1-D, R-SW_Det_ELC_HPN1-E, R-SW_Det_ELC_HPN1-F, R-SW_Det_ELC_HPN1-G, R-SW_Det_ELC_HPN2-AB, R-SW_Det_ELC_HPN2-C, R-SW_Det_ELC_HPN2-D, R-SW_Det_ELC_HPN2-E, R-SW_Det_ELC_HPN2-F, R-SW_Det_ELC_HPN2-G, R-SW_Det_GAS_HHPN1, R-SW_Det_GAS_HPN1 | J24: FX | K24: 1 | N24: 5 | P24: =+G9 -> 41.860193 | Q24: =+H9 -> 42.491091 | R24: =+I9 -> 42.85694 | S24: =+J9 -> 42.836404 | T24: =+K9 -> 43.332715 | U24: =+L9 -> 43.60472 | V24: =+M9 -> 41.803296 | W24: =+N9 -> 36.774871 | ... AR24: =+AI9 -> 34.375212
C27: WAM NEP25 | E27: Units | F27: 2018 | G27: 2019 | H27: 2020 | I27: 2021 | J27: 2022 | K27: 2023 | L27: 2024 | M27: 2025 | N27: 2026 | O27: 2027 | P27: 2028 | Q27: 2029 | R27: 2030 | S27: 2031 | T27: 2032 | U27: 2033 | V27: 2034 | W27: 2035 | X27: 2036 | Y27: 2037 | Z27: 2038 | AA27: 2039 | AB27: 2040 | AC27: 2041 | AD27: 2042 | AE27: 2043 | AF27: 2044 | AG27: 2045 | AH27: 2046 | AI27: 2047 | AJ27: 2048 | AK27: 2049 | AL27: 2050
C28: BEVs | E28: # vehicles | F28: 4528 | G28: 8473 | H28: 12576 | I28: 21085 | J28: 36002 | K28: 57730 | L28: 76458.133 | M28: 101504.6 | N28: 131806.53 | O28: 168374.63 | P28: 212769.94 | Q28: 266253.76 | R28: 330739.76 | S28: 402894.63 | T28: 483270.39 | U28: 572769.39 | V28: 671364.77 | W28: 803011.77 | X28: 934123.03 | Y28: 1062667.6 | Z28: 1188757.2 | AA28: 1327958.6 | AB28: 1470126.2
C29: PHEVs | E29: # vehicles | F29: 2791 | G29: 6306 | H29: 12228 | I29: 23671 | J29: 33157 | K29: 46227 | L29: 65580.1 | M29: 88429.862 | N29: 115259.45 | O29: 146809.33 | P29: 183964.44 | Q29: 227783.37 | R29: 279411.37 | S29: 332264.2 | T29: 387049.06 | U29: 443151.33 | V29: 501364.83 | W29: 533242.83 | X29: 553528.33 | Y29: 569779.54 | Z29: 578052.05 | AA29: 577462.84 | AB29: 570363.07
C30: Electric Buses | E30: # vehicles | K30: 61 | L30: 282 | M30: 282 | N30: 282 | O30: 282 | P30: 282 | Q30: 282 | R30: 282 | S30: 282 | T30: 282 | U30: 282 | V30: 282 | W30: 282 | X30: 282 | Y30: 282 | Z30: 282 | AA30: 282 | AB30: 282
C31: PHEV LGV | E31: # vehicles | F31: 10 | G31: 57 | H31: 103 | I31: 208 | J31: 379 | K31: 675 | L31: 937.5 | M31: 1200 | N31: 2160 | O31: 3120 | P31: 4080 | Q31: 5040 | R31: 6000 | S31: 7800 | T31: 9600 | U31: 11400 | V31: 13200 | W31: 15000 | X31: 14000 | Y31: 13000 | Z31: 12000 | AA31: 11000 | AB31: 10000
C32: Battery Electric Trucks (LGV + HGV) | E32: # vehicles | F32: 167 | G32: 454 | H32: 878 | I32: 1770 | J32: 2135 | K32: 2856 | L32: 3926.2143 | M32: 4996.4286 | N32: 8917.1429 | O32: 12837.857 | P32: 16758.571 | Q32: 20679.286 | R32: 24600 | S32: 29090 | T32: 33580 | U32: 38070 | V32: 42560 | W32: 47050 | X32: 69184.875 | Y32: 91319.749 | Z32: 113454.62 | AA32: 135589.5 | AB32: 157724.37
C33: LGV | E33: # vehicles | F33: 167 | G33: 454 | H33: 878 | I33: 1770 | J33: 2135 | K33: 2821 | L33: 3810.5 | M33: 4800 | N33: 8640 | O33: 12480 | P33: 16320 | Q33: 20160 | R33: 24000 | S33: 28200 | T33: 32400 | U33: 36600 | V33: 40800 | W33: 45000 | X33: 66844.875 | Y33: 88689.749 | Z33: 110534.62 | AA33: 132379.5 | AB33: 154224.37
C34: HGV | E34: # vehicles | F34: 0 | G34: 0 | H34: 0 | I34: 0 | J34: 0 | K34: 35 | L34: 115.71429 | M34: 196.42857 | N34: 277.14286 | O34: 357.85714 | P34: 438.57143 | Q34: 519.28571 | R34: 600 | S34: 890 | T34: 1180 | U34: 1470 | V34: 1760 | W34: 2050 | X34: 2340 | Y34: 2630 | Z34: 2920 | AA34: 3210 | AB34: 3500
C35: Onshore wind | E35: MW | L35: 4740.55 | M35: 5044.2812 | N35: 5540.25 | O35: 5865.5 | P35: 6207.875 | Q35: 6579.75 | R35: 6930.625 | S35: 7281.125 | T35: 7685.25 | U35: 8093.125 | V35: 8507.5 | W35: 8927.125 | X35: 9282 | Y35: 9591.5 | Z35: 9953.25 | AA35: 10242.5 | AB35: 10550.5
C36: Offshore wind | E36: MW | L36: 25 | M36: 25 | N36: 25 | O36: 25 | P36: 25 | Q36: 231.25 | R36: 1525 | S36: 2862.5 | T36: 3500 | U36: 4000 | V36: 4500 | W36: 5175 | X36: 5875 | Y36: 6575 | Z36: 7350 | AA36: 8350 | AB36: 9325
C37: Solar | E37: MW | L37: 914.9375 | M37: 1680.75 | N37: 2789.75 | O37: 3543.375 | P37: 4296.75 | Q37: 5050.375 | R37: 5805.25 | S37: 6505.5 | T37: 7105.375 | U37: 7695.375 | V37: 8277.75 | W37: 8857.625 | X37: 9402.375 | Y37: 9880 | Z37: 10349.75 | AA37: 10812.75 | AB37: 11268.5
C38: Biofuel Blending Ethanol (transport) | E38: % share | M38: 10 | N38: 10 | O38: 10 | P38: 10 | Q38: 10 | R38: 10 | S38: 10 | T38: 10 | U38: 10 | V38: 10 | W38: 10 | X38: 10 | Y38: 10 | Z38: 10 | AA38: 10 | AB38: 10
C39: Biofuel Blending Biodiesel (transport) | E39: % share | M39: 12 | N39: 13.6 | O39: 15.2 | P39: 16.8 | Q39: 18.4 | R39: 20 | S39: 20 | T39: 20 | U39: 20 | V39: 20 | W39: 20 | X39: 20 | Y39: 20 | Z39: 20 | AA39: 20 | AB39: 20
C40: Biomethane | E40: TWh | M40: 0.25 | N40: 0.45 | O40: 0.8 | P40: 1.45 | Q40: 2.6 | R40: 4.3 | S40: 5.7 | T40: 5.7 | U40: 5.7 | V40: 5.7 | W40: 5.7 | X40: 5.7 | Y40: 5.7 | Z40: 5.7 | AA40: 5.7 | AB40: 5.7
C41: Retrofits | D41: For projected years we have provided here the number of dwellings that undertake energy efficiency measures that bring the dwelling from a BER worse than B2 to one of B2 or better, excluding solar PV. This may not align exactly with the wording of the CAP target of "B2 cost optimal or carbon equivalent". For 2024 we include an estimate of the cumulative number of dwellings that have undergone upgrade works from 2018-2024 that improved their BER rating to B2 or better through SEAI schemes or Local Authority schemes, excluding solar PV only upgrades. | E41: # Homes B2 (total) | L41: 30290 | M41: 10808 | N41: 25024.6 | O41: 39241.2 | P41: 53457.8 | Q41: 67674.4 | R41: 81891 | S41: 100657.8 | T41: 119424.6 | U41: 138191.4 | V41: 156958.2 | W41: 175725 | X41: 194491.8 | Y41: 213258.6 | Z41: 232025.4 | AA41: 250792.2 | AB41: 269559
C42: Heat Pumps (Residential) | D42: Assume that this item is for HP retrofits, excluding HP installed in new dwellings. The figure given for 2024 is the total number of HPs installed through SEAI and Local Authority retrofit schemes for 2019-2024. | E42: # Heat Pumps (total) | L42: 22594 | M42: 31445.34 | N42: 53015.01 | O42: 74768.033 | P42: 97085.801 | Q42: 119719.6 | R42: 142350.37 | S42: 165081.94 | T42: 187346.89 | U42: 210029.48 | V42: 232675.83 | W42: 254838.99 | X42: 277005.17 | Y42: 299162.27 | Z42: 321719.29 | AA42: 338758.85 | AB42: 407140.97
C43: District Heating (Residential) | E43: TWh | J43: 0.0009 | K43: 0.0009 | L43: 0.0014 | M43: 0.0014 | N43: 0.0014 | O43: 0.0014 | P43: 0.015754 | Q43: 0.030108 | R43: 0.044462 | S43: 0.0940158 | T43: 0.1435696 | U43: 0.1931234 | V43: 0.2426772 | W43: 0.292231 | X43: 0.3417848 | Y43: 0.3913386 | Z43: 0.4408924 | AA43: 0.4904462 | AB43: 0.54
C44: District Heating (Commercial) | D44: Assume includes public services | E44: TWh | J44: 0.0036 | K44: 0.0036 | L44: 0.0056 | M44: 0.0056 | N44: 0.0056 | O44: 0.0056 | P44: 0.063016 | Q44: 0.120432 | R44: 0.177848 | S44: 0.3760632 | T44: 0.5742784 | U44: 0.7724936 | V44: 0.9707088 | W44: 1.168924 | X44: 1.3671392 | Y44: 1.5653544 | Z44: 1.7635696 | AA44: 1.9617848 | AB44: 2.16
B46: ~UC_Sets: R_E: AllRegions
B47: ~UC_Sets: T_S:
J48: ~UC_T: UC_RHSRT
B49: UC_N | C49: Pset_Set | D49: Pset_PN | E49: Pset_CI | F49: Pset_CO | G49: Cset_CN | H49: Attribute | I49: Year | J49: LimType | K49: UC_CAP | L49: UC_FLO | M49: AllRegions | N49: UC_RHSRT~0 | O49: UC_Desc | P49: 2019 | Q49: 2020 | R49: 2021 | S49: 2022 | T49: 2023 | U49: 2024 | V49: 2025 | W49: 2026 | X49: 2027 | Y49: 2028 | Z49: 2029 | AA49: 2030 | AB49: 2031 | AC49: 2032 | AD49: 2033 | AE49: 2034 | AF49: 2035 | AG49: 2036 | AH49: 2037 | AI49: 2038 | AJ49: 2039 | AK49: 2040 | AL49: 2041 | AM49: 2042 | AN49: 2043 | AO49: 2044 | AP49: 2045 | AQ49: 2046 | AR49: 2047
B50: RSD-SHALLOW | D50: =_xlfn.TEXTJOIN(",",TRUE,D18:D19) -> R-RTFT-Apt_B3, R-RTFT-Apt_C, R-RTFT-Apt_D, R-RTFT-Att_B3, R-RTFT-Att_C, R-RTFT-Att_D, R-RTFT-Det_B3, R-RTFT-Det_C, R-RTFT-Det_D,R-RTFT-Apt_E, R-RTFT-Apt_F, R-RTFT-Apt_G, R-RTFT-Att_E, R-RTFT-Att_F, R-RTFT-Att_G, R-RTFT-Det_E, R-RTFT-Det_F, R-RTFT-Det_G | J50: FX | K50: 1 | N50: 5 | U50: =L41/1000 -> 30.29 | V50: =M41/1000+U50 -> 41.098 | W50: =N41/1000+$V$50 -> 66.1226 | X50: =O41/1000+$V$50 -> 80.3392 | Y50: =P41/1000+$V$50 -> 94.5558 | Z50: =Q41/1000+$V$50 -> 108.7724 | AA50: =R41/1000+$V$50 -> 122.989 | AB50: =S41/1000+$V$50 -> 141.7558 | AC50: =T41/1000+$V$50 -> 160.5226 | AD50: =U41/1000+$V$50 -> 179.2894 | ... AK50: =AB41/1000+$V$50 -> 310.657
B51: RSD-APT-HP | D51: =_xlfn.TEXTJOIN(",",TRUE,D20,D22,D24) -> R-HC_Apt_ELC_HPN1, R-HC_Apt_ELC_HPN2-AB, R-HC_Apt_ELC_HPN2-C, R-HC_Apt_ELC_HPN2-D, R-HC_Apt_ELC_HPN2-E, R-HC_Apt_ELC_HPN2-F, R-HC_Apt_ELC_HPN2-G, R-SH_Apt_ELC_HPN1, R-SH_Apt_ELC_HPN2-AB, R-SH_Apt_ELC_HPN2-C, R-SH_Apt_ELC_HPN2-D, R-SH_Apt_ELC_HPN2-E, R-SH_Apt_ELC_HPN2-F, R-SH_Apt_ELC_HPN2-G, R-SH_Apt_ELC_HPN3-AB, R-SH_Apt_ELC_HPN3-C, R-SH_Apt_ELC_HPN3-D, R-SH_Apt_ELC_HPN3-E, R-SH_Apt_ELC_HPN3-F, R-SH_Apt_ELC_HPN3-G, R-SW_Apt_ELC_HPN1-AB, R-SW_Apt_ELC_HPN1-C, R-SW_Apt_ELC_HPN1-D, R-SW_Apt_ELC_HPN1-E, R-SW_Apt_ELC_HPN1-F, R-SW_Apt_ELC_HPN1-G, R-SW_Apt_GAS_HHPN1, R-SW_Apt_GAS_HPN1, R-SW_Apt_GAS_HPN2,R-HC_Att_ELC_HPN1, R-HC_Att_ELC_HPN2-AB, R-HC_Att_ELC_HPN2-C, R-HC_Att_ELC_HPN2-D, R-HC_Att_ELC_HPN2-E, R-HC_Att_ELC_HPN2-F, R-HC_Att_ELC_HPN2-G, R-SH_Att_ELC_HPN1, R-SH_Att_ELC_HPN2-AB, R-SH_Att_ELC_HPN2-C, R-SH_Att_ELC_HPN2-D, R-SH_Att_ELC_HPN2-E, R-SH_Att_ELC_HPN2-F, R-SH_Att_ELC_HPN2-G, R-SH_Att_ELC_HPN3-AB, R-SH_Att_ELC_HPN3-C, R-SH_Att_ELC_HPN3-D, R-SH_Att_ELC_HPN3-E, R-SH_Att_ELC_HPN3-F, R-SH_Att_ELC_HPN3-G, R-SW_Att_ELC_HPN1-AB, R-SW_Att_ELC_HPN1-C, R-SW_Att_ELC_HPN1-D, R-SW_Att_ELC_HPN1-E, R-SW_Att_ELC_HPN1-F, R-SW_Att_ELC_HPN1-G, R-SW_Att_ELC_HPN2-AB, R-SW_Att_ELC_HPN2-C, R-SW_Att_ELC_HPN2-D, R-SW_Att_ELC_HPN2-E, R-SW_Att_ELC_HPN2-F, R-SW_Att_ELC_HPN2-G, R-SW_Att_GAS_HHPN1, R-SW_Att_GAS_HPN1, R-SW_Att_GAS_HPN2,R-SH_Det_ELC_HPN2-AB, R-SH_Det_ELC_HPN2-C, R-SH_Det_ELC_HPN2-D, R-SH_Det_ELC_HPN2-E, R-SH_Det_ELC_HPN2-F, R-SH_Det_ELC_HPN2-G, R-SH_Det_ELC_HPN3-AB, R-SH_Det_ELC_HPN3-C, R-SH_Det_ELC_HPN3-D, R-SH_Det_ELC_HPN3-E, R-SH_Det_ELC_HPN3-F, R-SH_Det_ELC_HPN3-G, R-SW_Det_ELC_HPN1-AB, R-SW_Det_ELC_HPN1-C, R-SW_Det_ELC_HPN1-D, R-SW_Det_ELC_HPN1-E, R-SW_Det_ELC_HPN1-F, R-SW_Det_ELC_HPN1-G, R-SW_Det_ELC_HPN2-AB, R-SW_Det_ELC_HPN2-C, R-SW_Det_ELC_HPN2-D, R-SW_Det_ELC_HPN2-E, R-SW_Det_ELC_HPN2-F, R-SW_Det_ELC_HPN2-G, R-SW_Det_GAS_HHPN1, R-SW_Det_GAS_HPN1 | J51: FX | K51: 1 | N51: 5 | U51: =L42/1000 -> 22.594 | V51: =M42/1000 -> 31.44534 | W51: =N42/1000 -> 53.01501 | X51: =O42/1000 -> 74.768033 | Y51: =P42/1000 -> 97.085801 | Z51: =Q42/1000 -> 119.7196 | AA51: =R42/1000 -> 142.35037 | AB51: =S42/1000 -> 165.08194 | ... AK51: =AB42/1000 -> 407.14097
B52: RSD-DH | D52: FT-RSDHET | G52: RSDHET | J52: FX | L52: 1 | N52: 5 | U52: =L43*3.6 -> 0.00504 | V52: =M43*3.6 -> 0.00504 | W52: =N43*3.6 -> 0.00504 | X52: =O43*3.6 -> 0.00504 | Y52: =P43*3.6 -> 0.0567144 | Z52: =Q43*3.6 -> 0.1083888 | AA52: =R43*3.6 -> 0.1600632 | AB52: =S43*3.6 -> 0.33845688 | ... AK52: =AB43*3.6 -> 1.944

Sheet caps_data
A1: Sum of Pv | C1: Period
A2: Processset | B2: Process | C2: 2019 | D2: 2020 | E2: 2021 | F2: 2022 | G2: 2023 | H2: 2024 | I2: 2025 | J2: 2026 | K2: 2027 | L2: 2028 | M2: 2029 | N2: 2030 | O2: 2031 | P2: 2032 | Q2: 2033 | R2: 2034 | S2: 2035 | T2: 2036 | U2: 2037 | V2: 2038 | W2: 2039 | X2: 2040 | Y2: 2041 | Z2: 2042 | AA2: 2043 | AB2: 2044 | AC2: 2045 | AD2: 2046 | AE2: 2047 | AF2: 2048 | AG2: 2049 | AH2: 2050 | AI2: 2051
A3: RSD_BLD-APT-GAS | B3: R-SH_Apt_GAS_N1 | C3: 1.7160034e-08 | D3: 3.8102819e-08 | E3: 12.278797 | F3: 19.825402 | G3: 24.044883 | H3: 19.758847 | I3: 1.0218077e-06 | J3: 2.7234303e-07 | K3: 17.689611 | L3: 9.7204249 | M3: 5.7371397e-07 | N3: 3.1707238e-07 | O3: 2.4137496e-07 | P3: 2.2945189e-07 | Q3: 2.2376458e-07 | R3: 2.129197e-07 | S3: 2.3655244e-07 | T3: 1.9900107e-07 | U3: 2.0624173e-07 | V3: 2.1404149e-07 | W3: 2.2503015e-07 | X3: 2.485652e-07 | Y3: 2.3921012e-07 | Z3: 2.4569638e-07 | AA3: 6.5181817e-07 | AB3: 15.748897 | AC3: 24.395097 | AD3: 22.068062 | AE3: 1.9976813 | AF3: 2.1824728 | AG3: 19.5633 | AH3: 12.036995 | AI3: 2.9276262e-07
A4: RSD_BLD-APT-GAS | B4: R-SW_Apt_GAS_HHPN1 | C4: 1.371523e-08 | D4: 1.9185486e-08 | E4: 1.3095955e-07 | F4: 1.6645494e-07 | G4: 1.6787947e-07 | H4: 1.7886392e-07 | I4: 1.8728163e-07 | J4: 1.8952866e-07 | K4: 2.3918148e-07 | L4: 2.6451057e-07 | M4: 2.8001413e-07 | N4: 2.9643338e-07 | O4: 3.1513228e-07 | P4: 3.3732519e-07 | Q4: 3.5222904e-07 | R4: 3.6693381e-07 | S4: 3.8230975e-07 | T4: 3.9889871e-07 | U4: 4.1527781e-07 | V4: 4.318309e-07 | W4: 4.4815633e-07 | X4: 4.6461563e-07 | Y4: 4.7808188e-07 | Z4: 4.93161e-07 | AA4: 5.0840053e-07 | AB4: 5.2358937e-07 | AC4: 5.3977745e-07 | AD4: 5.5647795e-07 | AE4: 5.7232389e-07 | AF4: 5.8767912e-07 | AG4: 6.0516494e-07 | AH4: 6.2108202e-07 | AI4: 6.2344681e-07
A5: RSD_BLD-APT-GAS | B5: R-SW_Apt_GAS_HPN1 | AH5: 1.1842358e-08 | AI5: 1.3872828e-08
A6: RSD_BLD-APT-GAS | B6: R-SW_Apt_GAS_N1 | C6: 1.5262237e-08 | D6: 1.5119179e-08 | E6: 14.819728 | F6: 1.1684581e-07 | G6: 1.5019322e-07 | H6: 1.3247698e-07 | I6: 1.1796547e-07 | J6: 9.4790671e-08 | K6: 3.6271754e-07 | L6: 7.8588961 | M6: 12.991167 | N6: 16.261578 | O6: 27.83524 | P6: 20.397975 | Q6: 20.012236 | R6: 20.15113 | S6: 20.21607 | T6: 20.276701 | U6: 20.453009 | V6: 20.604245 | W6: 39.198115 | X6: 30.463964 | Y6: 3.3906424 | Z6: 23.871186 | AA6: 43.062372 | AB6: 20.148851 | AC6: 16.71263 | AD6: 13.394335 | AE6: 13.697286 | AF6: 13.543874 | AG6: 13.474311 | AH6: 21.242619 | AI6: 26.34532
A7: RSD_BLD-APT-HP | B7: R-SH_Apt_ELC_HPN2-AB | E7: 1.1522513e-08 | F7: 2.7696676e-08 | G7: 5.3280628e-08 | H7: 1.2647152e-07 | I7: 17.874578 | J7: 0.10929543 | K7: 0.1012284 | L7: 0.097261508 | M7: 0.09183359 | N7: 0.08642739 | O7: 0.0040534341 | P7: 0.32227989 | Q7: 0.1357837 | R7: 7.0142981e-07 | S7: 0.0040532407 | T7: 1.8133579e-07 | U7: 1.460284e-07 | V7: 1.2174236e-07 | W7: 1.0302308e-07 | X7: 2.0039927e-07 | Y7: 7.2151308e-08 | Z7: 5.5201909e-08 | AA7: 2.0444511e-07 | AB7: 1.5218447 | AC7: 18.024425 | AD7: 0.25975663 | AE7: 0.25204195 | AF7: 0.2482208 | AG7: 0.24252953 | AH7: 0.23673272 | AI7: 2.3741752e-07
A8: RSD_BLD-APT-HP | B8: R-SH_Apt_ELC_HPN2-C | E8: 1.7445127e-08 | F8: 8.3952821e-08 | G8: 3.015709e-07 | H8: 9.6173418e-07 | I8: 2.913705 | J8: 17.007108 | K8: 2.231818e-07 | L8: 1.1336628e-07 | M8: 7.7988577e-08 | N8: 6.0213781e-08 | O8: 2.0872898e-08 | P8: 2.0392392e-08 | Q8: 1.9437913e-08 | R8: 1.726897e-08 | S8: 1.7114732e-08 | T8: 1.5765633e-08 | U8: 1.5177106e-08 | V8: 1.4582609e-08 | W8: 1.3969929e-08 | X8: 1.4933732e-08 | Y8: 1.4657026e-08 | Z8: 1.6563993e-08 | AA8: 2.5393331e-08 | AB8: 5.1464912e-08 | AC8: 8.6790911e-05 | AD8: 19.164945 | AE8: 1.7015881e-06 | AF8: 2.1302274e-07 | AG8: 1.326945e-07 | AH8: 6.8191494e-08 | AI8: 2.4130222e-08
A9: RSD_BLD-APT-HP | B9: R-SH_Apt_ELC_HPN2-D | E9: 1.0225533e-08 | F9: 2.2538505e-08 | G9: 3.9988665e-08 | H9: 9.8009634e-08 | I9: 0.13569612 | J9: 4.6175139 | K9: 2.4667234 | L9: 2.4651634 | M9: 2.4668795 | N9: 2.4668773 | O9: 2.9729468e-08 | P9: 3.1321754e-08 | Q9: 3.0949552e-08 | R9: 2.8624566e-08 | S9: 3.0530716e-08 | T9: 2.8112015e-08 | U9: 2.8374772e-08 | V9: 2.8642241e-08 | W9: 2.8845195e-08 | X9: 3.4576199e-08 | Y9: 2.8427457e-08 | Z9: 2.7561817e-08 | AA9: 4.4354145e-08 | AB9: 6.3733712e-08 | AC9: 1.0537359e-07 | AD9: 3.2492196e-07 | AE9: 1.0014549e-06 | AF9: 5.7992432e-07 | AG9: 0.36953178 | AH9: 1.1926867e-06 | AI9: 5.3692021e-08
A10: RSD_BLD-APT-HP | B10: R-SH_Apt_ELC_HPN2-E | F10: 1.0710193e-08 | G10: 1.345163e-08 | H10: 1.6704031e-08 | I10: 2.1296103e-08 | J10: 2.2859723e-08 | K10: 2.59562e-08 | L10: 2.9913098e-08 | M10: 3.4821987e-08 | N10: 4.1223326e-08 | O10: 1.9850242e-08 | P10: 2.0939981e-08 | Q10: 2.0808278e-08 | R10: 2.0068167e-08 | S10: 2.1335165e-08 | T10: 2.0513326e-08 | U10: 2.103061e-08 | V10: 2.1585586e-08 | W10: 2.2147391e-08 | X10: 2.5914932e-08 | Y10: 2.2902178e-08 | Z10: 2.240728e-08 | AA10: 3.4174003e-08 | AB10: 4.7475388e-08 | AC10: 4.9397881e-08 | AD10: 5.7179104e-08 | AE10: 6.6650391e-08 | AF10: 6.7317991e-08 | AG10: 8.1006283e-08 | AH10: 8.6238394e-08 | AI10: 3.8617672e-08
A11: RSD_BLD-APT-HP | B11: R-SH_Apt_ELC_HPN2-F | I11: 1.1359694e-08 | J11: 1.1882989e-08 | K11: 1.3735905e-08 | L11: 1.6156637e-08 | M11: 1.9096853e-08 | N11: 2.347261e-08 | O11: 1.6419987e-08 | P11: 1.7530181e-08 | Q11: 1.7722423e-08 | R11: 1.6786789e-08 | S11: 1.7767738e-08 | T11: 1.7312978e-08 | U11: 1.7786548e-08 | V11: 1.8291408e-08 | W11: 1.880657e-08 | X11: 2.1528199e-08 | Y11: 1.9578121e-08 | Z11: 1.9334896e-08 | AA11: 2.7457567e-08 | AB11: 3.5488062e-08 | AC11: 3.6932156e-08 | AD11: 4.1138986e-08 | AE11: 4.7207603e-08 | AF11: 4.8451287e-08 | AG11: 5.6213332e-08 | AH11: 6.1065318e-08 | AI11: 3.4204855e-08
A12: RSD_BLD-APT-HP | B12: R-SH_Apt_ELC_HPN2-G | L12: 1.168545e-08 | M12: 1.3459522e-08 | N12: 1.6072227e-08 | O12: 1.3878942e-08 | P12: 1.4855015e-08 | Q12: 1.5131554e-08 | R12: 1.4928419e-08 | S12: 1.5575309e-08 | T12: 1.4830742e-08 | U12: 1.5272995e-08 | V12: 1.5733524e-08 | W12: 1.6206463e-08 | X12: 1.82511e-08 | Y12: 1.6961868e-08 | Z12: 1.6880549e-08 | AA12: 2.2745665e-08 | AB12: 2.8057876e-08 | AC12: 2.9207249e-08 | AD12: 3.2026327e-08 | AE12: 3.6231745e-08 | AF12: 3.7510482e-08 | AG12: 4.2582126e-08 | AH12: 4.671666e-08 | AI12: 3.0495474e-08
A13: RSD_BLD-APT-HP | B13: R-SH_Apt_ELC_HPN3-AB | O13: 1.0182156e-08 | P13: 1.0679225e-08 | Q13: 1.0983733e-08 | R13: 1.1166793e-08 | S13: 1.1581957e-08 | T13: 1.1649851e-08 | U13: 1.1227766e-08 | V13: 1.1420625e-08 | W13: 1.1601078e-08 | X13: 1.2480939e-08 | Y13: 1.1778627e-08 | Z13: 1.1629223e-08 | AA13: 1.4518917e-08 | AB13: 1.5824996e-08 | AC13: 1.6375749e-08 | AD13: 1.6993924e-08 | AE13: 1.772529e-08 | AF13: 1.8665469e-08 | AG13: 1.9803797e-08 | AH13: 2.2134449e-08 | AI13: 2.5476864e-08
A14: RSD_BLD-APT-HP | B14: R-SH_Apt_ELC_HPN3-C | H14: 1.0068954e-08 | I14: 1.1379499e-08 | J14: 1.2513979e-08 | K14: 1.2377781e-08 | L14: 1.2117708e-08 | M14: 1.1847991e-08 | N14: 1.1553333e-08 | AA14: 1.2006217e-08 | AB14: 1.5310029e-08 | AC14: 1.9783753e-08 | AD14: 2.0581807e-08 | AE14: 2.1322781e-08 | AF14: 2.1112229e-08 | AG14: 2.1223494e-08 | AH14: 2.0470239e-08 | AI14: 1.5361089e-08
A15: RSD_BLD-APT-HP | B15: R-SH_Apt_ELC_HPN3-D | G15: 1.0914336e-08 | H15: 1.4150866e-08 | I15: 1.8507511e-08 | J15: 2.1412077e-08 | K15: 2.0808136e-08 | L15: 1.9888935e-08 | M15: 1.9006392e-08 | N15: 1.8107145e-08 | O15: 1.1149099e-08 | P15: 1.1665645e-08 | Q15: 1.1720101e-08 | R15: 1.1189731e-08 | S15: 1.1564126e-08 | T15: 1.1789667e-08 | U15: 1.2057834e-08 | V15: 1.2332616e-08 | W15: 1.2605671e-08 | X15: 1.3762086e-08 | Y15: 1.2988898e-08 | Z15: 1.2907469e-08 | AA15: 1.663394e-08 | AB15: 1.88243e-08 | AC15: 2.1311723e-08 | AD15: 2.4652708e-08 | AE15: 2.6746815e-08 | AF15: 2.7749608e-08 | AG15: 3.077405e-08 | AH15: 3.3881204e-08 | AI15: 2.5833629e-08
A16: RSD_BLD-APT-HP | B16: R-SH_Apt_ELC_HPN3-E | AA16: 1.0337097e-08 | AB16: 1.1487293e-08 | AC16: 1.1918934e-08 | AD16: 1.2619952e-08 | AE16: 1.3452823e-08 | AF16: 1.4800347e-08 | AG16: 1.6156022e-08 | AH16: 1.7587627e-08 | AI16: 1.6931259e-08
A17: RSD_BLD-APT-HP | B17: R-SH_Apt_ELC_HPN3-F | AB17: 1.0741922e-08 | AC17: 1.1151354e-08 | AD17: 1.1797137e-08 | AE17: 1.2565283e-08 | AF17: 1.3886794e-08 | AG17: 1.5138234e-08 | AH17: 1.6465629e-08 | AI17: 1.6127094e-08
A18: RSD_BLD-APT-HP | B18: R-SH_Apt_ELC_HPN3-G | AB18: 1.0046543e-08 | AC18: 1.0435773e-08 | AD18: 1.1032284e-08 | AE18: 1.1741761e-08 | AF18: 1.3037324e-08 | AG18: 1.4194962e-08 | AH18: 1.5423031e-08 | AI18: 1.5350819e-08
A19: RSD_BLD-APT-HP | B19: R-SW_Apt_ELC_HPN1-AB | E19: 3.3217029e-08 | F19: 1.913798 | K19: 1.0809348e-08 | L19: 1.0148555e-08 | Q19: 1.0181185e-08 | R19: 1.0755831e-08 | S19: 1.1354486e-08 | T19: 1.1922199e-08 | U19: 1.2589213e-08 | V19: 1.3328767e-08 | W19: 1.4074965e-08 | X19: 1.5768651e-08 | Y19: 1.6136458e-08 | Z19: 1.6646515e-08 | AA19: 1.7146538e-08 | AB19: 1.762887e-08 | AC19: 1.82441e-08 | AD19: 1.8957429e-08 | AE19: 1.9709796e-08 | AF19: 2.064242e-08 | AG19: 2.1220756e-08 | AH19: 2.3055092e-08 | AI19: 2.8556411e-08
A20: RSD_BLD-APT-HP | B20: R-SW_Apt_ELC_HPN1-C | E20: 3.3272787e-08 | F20: 1.9098509 | K20: 1.0588206e-08 | R20: 1.0502884e-08 | S20: 1.0963024e-08 | T20: 1.159206e-08 | U20: 1.2211582e-08 | V20: 1.2895831e-08 | W20: 1.3576491e-08 | X20: 1.5184876e-08 | Y20: 1.5596869e-08 | Z20: 1.6247211e-08 | AA20: 1.6904528e-08 | AB20: 1.7611255e-08 | AC20: 1.8462013e-08 | AD20: 1.9182998e-08 | AE20: 1.9934684e-08 | AF20: 2.0804588e-08 | AG20: 2.0541392e-08 | AH20: 2.2933682e-08 | AI20: 2.7281446e-08
A21: RSD_BLD-APT-HP | B21: R-SW_Apt_ELC_HPN1-D | E21: 3.3442791e-08 | F21: 1.8922512 | K21: 1.088797e-08 | L21: 1.0231433e-08 | Q21: 1.0241856e-08 | R21: 1.0703915e-08 | S21: 1.1303928e-08 | T21: 1.198249e-08 | U21: 1.2658221e-08 | V21: 1.3407686e-08 | W21: 1.4166044e-08 | X21: 1.5876528e-08 | Y21: 1.6257353e-08 | Z21: 1.6784796e-08 | AA21: 1.7306959e-08 | AB21: 1.7818335e-08 | AC21: 1.8519903e-08 | AD21: 1.9332393e-08 | AE21: 2.0126469e-08 | AF21: 1.9894059e-08 | AG21: 2.0903147e-08 | AH21: 2.3519162e-08 | AI21: 2.8583703e-08
A22: RSD_BLD-APT-HP | B22: R-SW_Apt_ELC_HPN1-E | F22: 1.0230291e-08 | X22: 1.0995252e-08 | Y22: 1.1294741e-08 | Z22: 1.1706369e-08 | AA22: 1.2106254e-08 | AB22: 1.2507718e-08 | AC22: 1.2968934e-08 | AD22: 1.351306e-08 | AE22: 1.4102348e-08 | AF22: 1.4904933e-08 | AG22: 1.4457213e-08 | AH22: 1.6554916e-08 | AI22: 2.0517308e-08
A23: RSD_BLD-APT-HP | B23: R-SW_Apt_ELC_HPN1-F | X23: 1.0279113e-08 | Y23: 1.0548419e-08 | Z23: 1.0918661e-08 | AA23: 1.1320732e-08 | AB23: 1.1728384e-08 | AC23: 1.2197475e-08 | AD23: 1.2752537e-08 | AE23: 1.3362269e-08 | AF23: 1.4093908e-08 | AG23: 1.3716583e-08 | AH23: 1.5850559e-08 | AI23: 1.9882559e-08
A24: RSD_BLD-APT-HP | B24: R-SW_Apt_ELC_HPN1-G | Y24: 1.0148622e-08 | Z24: 1.0508458e-08 | AA24: 1.0899746e-08 | AB24: 1.1297482e-08 | AC24: 1.1754515e-08 | AD24: 1.2294628e-08 | AE24: 1.288977e-08 | AF24: 1.3604944e-08 | AG24: 1.3943492e-08 | AH24: 1.5305768e-08 | AI24: 2.1258454e-08
A25: RSD_BLD-APT-HP | B25: R-SW_Apt_GAS_HHPN1 | C25: 1.371523e-08 | D25: 1.9185486e-08 | E25: 1.3095955e-07 | F25: 1.6645494e-07 | G25: 1.6787947e-07 | H25: 1.7886392e-07 | I25: 1.8728163e-07 | J25: 1.8952866e-07 | K25: 2.3918148e-07 | L25: 2.6451057e-07 | M25: 2.8001413e-07 | N25: 2.9643338e-07 | O25: 3.1513228e-07 | P25: 3.3732519e-07 | Q25: 3.5222904e-07 | R25: 3.6693381e-07 | S25: 3.8230975e-07 | T25: 3.9889871e-07 | U25: 4.1527781e-07 | V25: 4.318309e-07 | W25: 4.4815633e-07 | X25: 4.6461563e-07 | Y25: 4.7808188e-07 | Z25: 4.93161e-07 | AA25: 5.0840053e-07 | AB25: 5.2358937e-07 | AC25: 5.3977745e-07 | AD25: 5.5647795e-07 | AE25: 5.7232389e-07 | AF25: 5.8767912e-07 | AG25: 6.0516494e-07 | AH25: 6.2108202e-07 | AI25: 6.2344681e-07
A26: RSD_BLD-APT-HP | B26: R-SW_Apt_GAS_HPN1 | AH26: 1.1842358e-08 | AI26: 1.3872828e-08
A27: RSD_BLD-APT-OTH | B27: R-SH_Apt_KER_N1 | C27: 1.3145019e-08 | D27: 0.0040533675 | E27: 2.7803365e-08 | F27: 4.1719015e-08 | G27: 3.0617006e-08 | H27: 2.9260065e-08 | I27: 2.8622428e-08 | J27: 2.4715088e-08 | K27: 3.1906566e-08 | L27: 3.3166468e-08 | M27: 2.9599881e-08 | N27: 2.7511602e-08 | O27: 2.660512e-08 | P27: 2.7229718e-08 | Q27: 2.7138248e-08 | R27: 2.6809633e-08 | S27: 2.7931818e-08 | T27: 2.6279704e-08 | U27: 2.6580023e-08 | V27: 2.6865507e-08 | W27: 2.7194112e-08 | X27: 2.8091333e-08 | Y27: 2.7977668e-08 | Z27: 2.8530019e-08 | AA27: 3.8587702e-08 | AB27: 5.0696482e-08 | AC27: 5.2450165e-08 | AD27: 5.4492318e-08 | AE27: 5.6918171e-08 | AF27: 6.0160443e-08 | AG27: 6.5336329e-08 | AH27: 7.3812202e-08 | AI27: 5.503964e-08
A28: RSD_BLD-APT-OTH | B28: R-SH_Apt_LPG_N1 | E28: 1.3804496e-08 | F28: 1.479812e-08 | G28: 1.5306883e-08 | H28: 1.5603348e-08 | I28: 1.560691e-08 | J28: 1.4890607e-08 | K28: 1.6668657e-08 | L28: 1.7209451e-08 | M28: 1.6957957e-08 | N28: 1.787263e-08 | O28: 1.7580886e-08 | P28: 1.7543254e-08 | Q28: 1.7529002e-08 | R28: 1.7398182e-08 | S28: 1.7849747e-08 | T28: 1.7387882e-08 | U28: 1.7611926e-08 | V28: 1.7860115e-08 | W28: 1.8150323e-08 | X28: 1.8762592e-08 | Y28: 1.891356e-08 | Z28: 1.9438948e-08 | AA28: 2.3517899e-08 | AB28: 2.7347056e-08 | AC28: 2.8682806e-08 | AD28: 3.0292395e-08 | AE28: 3.2315583e-08 | AF28: 3.5387771e-08 | AG28: 3.9403881e-08 | AH28: 4.5661029e-08 | AI28: 4.8405508e-08
A29: RSD_BLD-APT-OTH | B29: R-SH_Apt_WOO_N1 | E29: 1.4658392e-08 | F29: 1.7035116e-08 | G29: 1.7907132e-08 | H29: 1.9062099e-08 | I29: 1.9919979e-08 | J29: 1.9792715e-08 | K29: 2.3124984e-08 | L29: 2.5279992e-08 | M29: 2.6404833e-08 | N29: 2.7572232e-08 | O29: 2.8742626e-08 | P29: 2.998377e-08 | Q29: 3.1003615e-08 | R29: 2.9264828e-08 | S29: 2.8576551e-08 | T29: 2.7700864e-08 | U29: 2.6934032e-08 | V29: 2.6231336e-08 | W29: 2.5699276e-08 | X29: 2.6444711e-08 | Y29: 2.5387821e-08 | Z29: 2.5399337e-08 | AA29: 2.8244007e-08 | AB29: 3.0124336e-08 | AC29: 3.1307576e-08 | AD29: 3.2588442e-08 | AE29: 3.3803853e-08 | AF29: 3.4299884e-08 | AG29: 3.5785293e-08 | AH29: 3.6986887e-08 | AI29: 3.2876273e-08
A30: RSD_BLD-APT-OTH | B30: R-SW_Apt_HET_N1 | E30: 9.9874947e-08 | F30: 3.0749569e-07 | G30: 0.15490526 | H30: 1.7866479 | I30: 0.71758599 | J30: 4.2566511e-07 | K30: 0.44658797 | L30: 0.3611059 | M30: 2.460837 | N30: 0.63291878 | O30: 7.8410308e-06 | P30: 1.3487483 | Q30: 1.7504222 | R30: 1.8364787 | S30: 1.8373877 | T30: 1.8406489 | U30: 1.848706 | V30: 1.8537287 | W30: 0.31447705 | X30: 0.25281707 | Y30: 0.072829581 | Z30: 8.104984e-07 | AA30: 1.0972801e-06 | AB30: 1.8663517e-06 | AC30: 0.67323394 | AD30: 0.36228037 | AE30: 0.82926706 | AF30: 0.73254284 | AG30: 2.8281228 | AH30: 0.99487908 | AI30: 0.3612481
A31: RSD_BLD-APT-OTH | B31: R-SW_Apt_HET_N2 | E31: 9.9874947e-08 | F31: 3.0749569e-07 | G31: 0.15490526 | H31: 1.7866478 | I31: 0.71758598 | J31: 4.2566511e-07 | K31: 0.44658798 | L31: 0.3611059 | M31: 2.460837 | N31: 0.63291878 | O31: 7.8410308e-06 | P31: 1.3487483 | Q31: 1.7504222 | R31: 1.8364788 | S31: 1.8373877 | T31: 1.8406489 | U31: 1.8487059 | V31: 1.8537287 | W31: 0.31447705 | X31: 0.25281707 | Y31: 0.072829581 | Z31: 8.104984e-07 | AA31: 1.0972801e-06 | AB31: 1.8663517e-06 | AC31: 0.67323393 | AD31: 0.36228038 | AE31: 0.82926706 | AF31: 0.73254284 | AG31: 2.8281229 | AH31: 0.99487907 | AI31: 0.3612481
A32: RSD_BLD-APT-OTH | B32: R-SW_Apt_KER_N1 | C32: 26.104789 | D32: 17.26816 | E32: 1.7022086e-08 | F32: 1.7777943e-08 | G32: 1.7303268e-08 | H32: 1.7697803e-08 | I32: 1.7668326e-08 | J32: 1.6176406e-08 | K32: 2.5410896e-08 | L32: 3.160071e-08 | M32: 3.2876199e-08 | N32: 3.420253e-08 | O32: 3.5564369e-08 | P32: 3.7642449e-08 | Q32: 3.8290053e-08 | R32: 3.8933561e-08 | S32: 3.9654564e-08 | T32: 4.0500512e-08 | U32: 4.1339049e-08 | V32: 4.2240867e-08 | W32: 4.3309787e-08 | X32: 4.4556082e-08 | Y32: 4.5448811e-08 | Z32: 4.678521e-08 | AA32: 4.8192352e-08 | AB32: 4.9957332e-08 | AC32: 5.1717862e-08 | AD32: 5.3803094e-08 | AE32: 5.6368145e-08 | AF32: 5.9740382e-08 | AG32: 6.4737606e-08 | AH32: 7.3460456e-08 | AI32: 9.753906e-08
A33: RSD_BLD-APT-OTH | B33: R-SW_Apt_LPG_N1 | E33: 1.0988764e-08 | F33: 1.1022688e-08 | G33: 1.1817965e-08 | H33: 1.1974969e-08 | I33: 1.2003929e-08 | J33: 1.1543692e-08 | K33: 1.4706362e-08 | L33: 1.6333389e-08 | M33: 1.6899375e-08 | N33: 1.9167221e-08 | O33: 1.9751778e-08 | P33: 2.0110703e-08 | Q33: 2.0327361e-08 | R33: 2.0516752e-08 | S33: 2.0845973e-08 | T33: 2.1305784e-08 | U33: 2.1751004e-08 | V33: 2.2252655e-08 | W33: 2.2809904e-08 | X33: 2.3507704e-08 | Y33: 2.4121048e-08 | Z33: 2.4976228e-08 | AA33: 2.5945091e-08 | AB33: 2.7028603e-08 | AC33: 2.8349792e-08 | AD33: 2.9942198e-08 | AE33: 3.1929605e-08 | AF33: 3.4539733e-08 | AG33: 3.829846e-08 | AH33: 4.4442826e-08 | AI33: 5.8633931e-08
A34: RSD_BLD-APT-OTH | B34: R-SW_Apt_WOO_N1 | E34: 1.2279548e-08 | F34: 1.3279967e-08 | G34: 1.4889471e-08 | H34: 1.6131847e-08 | I34: 1.6858823e-08 | J34: 1.6820461e-08 | K34: 2.1711631e-08 | L34: 2.4944127e-08 | M34: 2.7089717e-08 | N34: 2.9471324e-08 | O34: 3.1568315e-08 | P34: 3.342297e-08 | Q34: 3.495624e-08 | R34: 3.2719741e-08 | S34: 3.1165064e-08 | T34: 3.110778e-08 | U34: 2.9979394e-08 | V34: 2.9199163e-08 | W34: 2.8450006e-08 | X34: 2.9171979e-08 | Y34: 2.7856793e-08 | Z34: 2.7790675e-08 | AA34: 2.8361421e-08 | AB34: 2.8647144e-08 | AC34: 2.9754461e-08 | AD34: 3.097942e-08 | AE34: 3.2133995e-08 | AF34: 3.2560562e-08 | AG34: 3.3944213e-08 | AH34: 3.4879691e-08 | AI34: 3.5518629e-08
A35: RSD_BLD-ATT-GAS | B35: R-SH_Att_GAS_N1 | C35: 8.633834e-08 | D35: 6.5457689e-08 | E35: 5.1413127e-08 | F35: 3.2544381e-08 | G35: 2.4025524e-08 | H35: 2.3244141e-08 | I35: 2.2740184e-08 | J35: 2.2248121e-08 | K35: 2.6734632e-08 | L35: 3.359384e-08 | M35: 4.5365861e-08 | N35: 7.4512102e-08 | O35: 2.9262414e-07 | P35: 3.0264452e-07 | Q35: 3.0437945e-07 | R35: 2.9373747e-07 | S35: 2.9554098e-07 | T35: 3.2217331e-07 | U35: 3.3385561e-07 | V35: 3.4316998e-07 | W35: 3.5307808e-07 | X35: 2.8551982e-07 | Y35: 3.7722993e-07 | Z35: 3.9987808e-07 | AA35: 4.085383e-07 | AB35: 4.0667164e-07 | AC35: 4.1881824e-07 | AD35: 4.7586198e-07 | AE35: 4.3756149e-07 | AF35: 4.4613362e-07 | AG35: 4.2697041e-07 | AH35: 4.4999345e-07 | AI35: 3.3474805e-07
A36: RSD_BLD-ATT-GAS | B36: R-SW_Att_GAS_HHPN1 | C36: 3.2230379e-08 | D36: 3.5435015e-08 | E36: 3.8970969e-08 | F36: 3.9360699e-08 | G36: 5.2246345e-08 | H36: 5.4536227e-08 | I36: 5.7120442e-08 | J36: 5.9604217e-08 | K36: 9.6260341e-08 | L36: 1.5605118e-07 | M36: 2.1844566e-07 | N36: 3.1028858e-07 | O36: 4.6310488e-07 | P36: 4.913423e-07 | Q36: 5.0936151e-07 | R36: 5.2754763e-07 | S36: 5.465727e-07 | T36: 5.6659938e-07 | U36: 5.8672837e-07 | V36: 6.0802753e-07 | W36: 6.2995641e-07 | X36: 6.2904197e-07 | Y36: 6.7309557e-07 | Z36: 6.8925766e-07 | AA36: 7.10192e-07 | AB36: 7.2254951e-07 | AC36: 7.3715569e-07 | AD36: 7.5341923e-07 | AE36: 7.842612e-07 | AF36: 8.0453405e-07 | AG36: 8.2624614e-07 | AH36: 8.4641481e-07 | AI36: 8.6457335e-07
A37: RSD_BLD-ATT-GAS | B37: R-SW_Att_GAS_HPN1 | AE37: 1.058e-08 | AF37: 1.108258e-08 | AG37: 1.203638e-08 | AH37: 1.3553977e-08 | AI37: 1.7097348e-08
A38: RSD_BLD-ATT-GAS | B38: R-SW_Att_GAS_N1 | C38: 4.1689666e-08 | D38: 3.489366e-08 | E38: 2.8110101e-08 | F38: 1.7547878e-08 | G38: 1.5990329e-08 | H38: 1.5481063e-08 | I38: 1.5185894e-08 | J38: 1.491581e-08 | K38: 1.8783163e-08 | L38: 2.5011885e-08 | M38: 3.6228611e-08 | N38: 6.3411594e-08 | O38: 1.0055912e-06 | P38: 1.135518e-06 | Q38: 1.2720462e-06 | R38: 1.4384548e-06 | S38: 1.6626039e-06 | T38: 1.9790453e-06 | U38: 2.4573985e-06 | V38: 3.2669283e-06 | W38: 5.0388757e-06 | X38: 6.7398827e-07 | Y38: 2.9378918 | Z38: 4.2630272 | AA38: 9.1794228 | AB38: 19.908257 | AC38: 21.690993 | AD38: 18.02883 | AE38: 6.3924723e-06 | AF38: 0.99083973 | AG38: 3.9122551e-06 | AH38: 5.2969138e-05 | AI38: 1.825694e-06
A39: RSD_BLD-ATT-GAS | B39: R-SW_Att_GAS_N2 | M39: 1.1941044e-08 | N39: 1.4632025e-08 | O39: 1.8612327e-08 | P39: 1.9514669e-08 | Q39: 2.0037353e-08 | R39: 2.0548328e-08 | S39: 2.1483813e-08 | T39: 2.2253378e-08 | U39: 2.3023233e-08 | V39: 2.3997668e-08 | W39: 2.529995e-08 | X39: 2.6017671e-08 | Y39: 2.7677092e-08 | Z39: 2.910481e-08 | AA39: 3.0275959e-08 | AB39: 3.1596265e-08 | AC39: 3.292054e-08 | AD39: 3.4155425e-08 | AE39: 3.5412808e-08 | AF39: 3.6627105e-08 | AG39: 3.7880343e-08 | AH39: 4.0020528e-08 | AI39: 4.372998e-08
A40: RSD_BLD-ATT-GAS | B40: R-SW_Att_GAS_N3 | C40: 1.6518572e-08 | D40: 1.5956767e-08 | E40: 1.4994352e-08 | F40: 1.2241366e-08 | G40: 1.1829115e-08 | H40: 1.1818525e-08 | I40: 1.1878119e-08 | J40: 1.1932001e-08 | K40: 1.4063024e-08 | L40: 1.698583e-08 | M40: 2.1015235e-08 | N40: 2.6814247e-08 | O40: 3.6069638e-08 | P40: 3.7313288e-08 | Q40: 3.786193e-08 | R40: 3.7884695e-08 | S40: 3.8041494e-08 | T40: 3.8767846e-08 | U40: 3.9275624e-08 | V40: 4.0500925e-08 | W40: 4.1771525e-08 | X40: 4.203927e-08 | Y40: 4.3972677e-08 | Z40: 4.5438847e-08 | AA40: 4.6559777e-08 | AB40: 4.7766972e-08 | AC40: 4.8991613e-08 | AD40: 5.0111733e-08 | AE40: 5.1155314e-08 | AF40: 5.2081726e-08 | AG40: 5.2920586e-08 | AH40: 5.4613857e-08 | AI40: 5.7887708e-08
A41: RSD_BLD-ATT-HP | B41: R-SH_Att_ELC_HPN2-AB | C41: 4.5742383 | D41: 20.619872 | E41: 47.326747 | F41: 1.7767418e-05 | G41: 0.57513076 | H41: 0.57817794 | I41: 0.55771551 | J41: 0.5768541 | K41: 0.58260511 | L41: 0.624143 | M41: 0.6331545 | N41: 0.63217142 | O41: 0.46476189 | P41: 0.55080843 | Q41: 0.55104189 | R41: 0.54255018 | S41: 0.51894883 | T41: 0.49552423 | U41: 0.49162063 | V41: 0.48341877 | W41: 5.0281193 | X41: 21.042296 | Y41: 47.455367 | Z41: 0.12863701 | AA41: 0.96404333 | AB41: 0.95101989 | AC41: 0.91364588 | AD41: 0.91552017 | AE41: 0.90262908 | AF41: 0.92468691 | AG41: 0.91180601 | AH41: 0.82990896 | AI41: 0.64089884
A42: RSD_BLD-ATT-HP | B42: R-SH_Att_ELC_HPN2-C | C42: 1.6249858 | D42: 31.866335 | E42: 0.81250493 | F42: 48.176521 | G42: 46.6789 | H42: 35.763044 | I42: 33.443507 | J42: 19.255495 | K42: 7.8698621e-06 | L42: 8.5016329e-06 | M42: 2.7088821e-06 | N42: 2.072379e-06 | O42: 5.0279627e-07 | P42: 1.2288107e-07 | Q42: 9.1588825e-08 | R42: 6.3259772e-08 | S42: 5.146704e-08 | T42: 4.9682464e-08 | U42: 4.2548844e-08 | V42: 7.1464593e-08 | W42: 3.4047757e-06 | X42: 31.053844 | Y42: 1.46605e-05 | Z42: 47.36403 | AA42: 45.86641 | AB42: 34.950552 | AC42: 32.631011 | AD42: 15.261961 | AE42: 2.2714277e-07 | AF42: 9.7727535e-08 | AG42: 5.8611313e-08 | AH42: 3.5618673e-08 | AI42: 2.3871526e-08
A43: RSD_BLD-ATT-HP | B43: R-SH_Att_ELC_HPN2-D | C43: 1.9053444e-07 | D43: 5.1085978e-07 | E43: 0.70532944 | F43: 0.7053314 | G43: 0.70533088 | H43: 0.70533158 | I43: 0.70533253 | J43: 18.573334 | K43: 31.549372 | L43: 35.963153 | M43: 40.130614 | N43: 42.491285 | O43: 0.70533344 | P43: 29.087019 | Q43: 7.1233519e-07 | R43: 1.9315221e-07 | S43: 1.3467277e-07 | T43: 1.6250212e-07 | U43: 1.2575801e-07 | V43: 1.0147359e-07 | W43: 8.628783e-08 | X43: 6.9962011e-08 | Y43: 6.4787242e-08 | Z43: 7.5351465e-08 | AA43: 9.2612828e-08 | AB43: 1.2667425e-07 | AC43: 2.3014779e-07 | AD43: 17.868001 | AE43: 30.844041 | AF43: 35.25782 | AG43: 39.425284 | AH43: 41.785953 | AI43: 1.6195952e-07
A44: RSD_BLD-ATT-HP | B44: R-SH_Att_ELC_HPN2-E | C44: 2.8345251e-08 | D44: 3.2409651e-08 | E44: 3.8138e-08 | F44: 4.3888633e-08 | G44: 5.2719954e-08 | H44: 6.7779769e-08 | I44: 8.7416339e-08 | J44: 1.084574e-07 | K44: 1.325477e-07 | L44: 1.7265517e-07 | M44: 2.2957948e-07 | N44: 3.5174342e-07 | O44: 7.644281e-07 | P44: 4.1831009 | Q44: 3.9277484 | R44: 4.2007841e-07 | S44: 3.2180793e-07 | T44: 10.112238 | U44: 10.192459 | V44: 10.916318 | W44: 7.0821604 | X44: 7.7777921 | Y44: 1.7166222e-06 | Z44: 6.0698124e-07 | AA44: 5.5536293e-07 | AB44: 2.9719825e-07 | AC44: 3.1919036e-07 | AD44: 3.1901039 | AE44: 1.3851544 | AF44: 1.8557675e-06 | AG44: 2.2819082 | AH44: 0.12603639 | AI44: 1.2904058e-07
A45: RSD_BLD-ATT-HP | B45: R-SH_Att_ELC_HPN2-F | C45: 2.2473148e-08 | D45: 2.5186396e-08 | E45: 2.8988516e-08 | F45: 3.225218e-08 | G45: 3.7217568e-08 | H45: 4.4639908e-08 | I45: 5.3093825e-08 | J45: 6.1136374e-08 | K45: 6.933663e-08 | L45: 8.0438815e-08 | M45: 9.2880315e-08 | N45: 1.105616e-07 | O45: 1.3656898e-07 | P45: 1.7072152e-07 | Q45: 1.7493522e-07 | R45: 1.2667791e-07 | S45: 1.1821671e-07 | T45: 1.8857053e-07 | U45: 1.9350457e-07 | V45: 1.9869348e-07 | W45: 2.0361395e-07 | X45: 2.0888017e-07 | Y45: 1.9025268e-07 | Z45: 1.6346256e-07 | AA45: 1.6328852e-07 | AB45: 1.3323039e-07 | AC45: 1.390747e-07 | AD45: 2.561017e-07 | AE45: 2.6904358e-07 | AF45: 2.4642934e-07 | AG45: 3.073587e-07 | AH45: 3.4428368e-07 | AI45: 1.0288422e-07
A46: RSD_BLD-ATT-HP | B46: R-SH_Att_ELC_HPN2-G | C46: 1.8627241e-08 | D46: 2.0615507e-08 | E46: 2.3441619e-08 | F46: 2.559393e-08 | G46: 2.890034e-08 | H46: 3.3474204e-08 | I46: 3.8392372e-08 | J46: 4.2910506e-08 | K46: 4.7382432e-08 | L46: 5.2996016e-08 | M46: 5.8936033e-08 | N46: 6.6538599e-08 | O46: 7.6216078e-08 | P46: 8.6634363e-08 | Q46: 8.8801369e-08 | R46: 7.5521334e-08 | S46: 7.3238865e-08 | T46: 9.5730393e-08 | U46: 9.8225438e-08 | V46: 1.0083683e-07 | W46: 1.0347306e-07 | X46: 1.0613019e-07 | Y46: 1.0256022e-07 | Z46: 9.5672101e-08 | AA46: 9.6884222e-08 | AB46: 8.6748007e-08 | AC46: 9.0250184e-08 | AD46: 1.3010431e-07 | AE46: 1.3650696e-07 | AF46: 1.3404827e-07 | AG46: 1.5603686e-07 | AH46: 1.7542994e-07 | AI46: 8.5857671e-08
A47: RSD_BLD-ATT-HP | B47: R-SH_Att_ELC_HPN3-AB | AD47: 1.081973e-08 | AE47: 1.1481792e-08 | AF47: 1.2282506e-08 | AG47: 1.3388678e-08 | AH47: 1.4794356e-08 | AI47: 1.8692621e-08
A48: RSD_BLD-ATT-HP | B48: R-SH_Att_ELC_HPN3-D | AG48: 1.0259663e-08 | AH48: 1.1117966e-08 | AI48: 1.3323626e-08
A49: RSD_BLD-ATT-HP | B49: R-SH_Att_ELC_HPN3-E | AH49: 1.0486239e-08 | AI49: 1.2518987e-08
A50: RSD_BLD-ATT-HP | B50: R-SH_Att_ELC_HPN3-F | AH50: 1.0122673e-08 | AI50: 1.2118294e-08
A51: RSD_BLD-ATT-HP | B51: R-SH_Att_ELC_HPN3-G | AI51: 1.1746447e-08
A52: RSD_BLD-ATT-HP | B52: R-SW_Att_ELC_HPN1-AB | O52: 1.6080963e-08 | P52: 1.7341493e-08 | Q52: 1.5588335e-08 | R52: 1.6559301e-08 | S52: 1.7621245e-08 | T52: 1.9546893e-08 | U52: 2.0852543e-08 | V52: 2.2151213e-08 | W52: 2.3537776e-08 | X52: 2.2783251e-08 | Y52: 2.5958231e-08 | Z52: 2.6683732e-08 | AA52: 2.784802e-08 | AB52: 2.8769193e-08 | AC52: 2.961462e-08 | AD52: 3.0490972e-08 | AE52: 3.3106279e-08 | AF52: 3.5039475e-08 | AG52: 3.667125e-08 | AH52: 4.0694455e-08 | AI52: 5.1211136e-08
A53: RSD_BLD-ATT-HP | B53: R-SW_Att_ELC_HPN1-C | O53: 1.0330463e-08 | P53: 1.0320577e-08 | R53: 1.0063915e-08 | S53: 1.0765485e-08 | T53: 1.2302992e-08 | U53: 1.3207275e-08 | V53: 1.4194633e-08 | W53: 1.5286705e-08 | X53: 1.5135535e-08 | Y53: 1.7026626e-08 | Z53: 1.7567459e-08 | AA53: 1.8358976e-08 | AB53: 1.9045805e-08 | AC53: 1.9719122e-08 | AD53: 2.0446133e-08 | AE53: 2.2075372e-08 | AF53: 2.3396803e-08 | AG53: 2.4159329e-08 | AH53: 2.6728041e-08 | AI53: 3.3864823e-08
A54: RSD_BLD-ATT-HP | B54: R-SW_Att_ELC_HPN1-D | T54: 1.044095e-08 | U54: 1.1237423e-08 | V54: 1.1985653e-08 | W54: 1.2786273e-08 | X54: 1.2702508e-08 | Y54: 1.4253563e-08 | Z54: 1.4762841e-08 | AA54: 1.5482434e-08 | AB54: 1.6135506e-08 | AC54: 1.6798562e-08 | AD54: 1.7533252e-08 | AE54: 1.9028146e-08 | AF54: 2.0364072e-08 | AG54: 2.1159942e-08 | AH54: 2.3928243e-08 | AI54: 3.1491973e-08
A55: RSD_BLD-ATT-HP | B55: R-SW_Att_ELC_HPN1-E | V55: 1.0178243e-08 | W55: 1.088627e-08 | X55: 1.0884957e-08 | Y55: 1.2221961e-08 | Z55: 1.2672182e-08 | AA55: 1.330382e-08 | AB55: 1.3873549e-08 | AC55: 1.4468204e-08 | AD55: 1.5152674e-08 | AE55: 1.6486595e-08 | AF55: 1.7722812e-08 | AG55: 1.8390181e-08 | AH55: 2.0952858e-08 | AI55: 2.8010536e-08
A56: RSD_BLD-ATT-HP | B56: R-SW_Att_ELC_HPN1-F | W56: 1.0330403e-08 | X56: 1.0344676e-08 | Y56: 1.1618382e-08 | Z56: 1.2058189e-08 | AA56: 1.2670617e-08 | AB56: 1.3227858e-08 | AC56: 1.3811987e-08 | AD56: 1.4485166e-08 | AE56: 1.5775088e-08 | AF56: 1.6985119e-08 | AG56: 1.7613992e-08 | AH56: 2.0118893e-08 | AI56: 2.7040685e-08
A57: RSD_BLD-ATT-HP | B57: R-SW_Att_ELC_HPN1-G | Y57: 1.1054658e-08 | Z57: 1.1484421e-08 | AA57: 1.2078821e-08 | AB57: 1.2624137e-08 | AC57: 1.3198108e-08 | AD57: 1.3860395e-08 | AE57: 1.5109619e-08 | AF57: 1.6294987e-08 | AG57: 1.6887723e-08 | AH57: 1.9338382e-08 | AI57: 2.6131648e-08
A58: RSD_BLD-ATT-HP | B58: R-SW_Att_ELC_HPN2-AB | C58: 8.3705326e-08 | D58: 8.4606428e-08 | E58: 8.572453e-08 | F58: 8.5065181e-08 | G58: 8.3123325e-08 | H58: 8.6384514e-08 | I58: 8.9982971e-08 | J58: 9.3462466e-08 | K58: 1.1646133e-07 | L58: 1.4980787e-07 | M58: 1.8102014e-07 | N58: 2.2484301e-07 | O58: 2.8764725e-07 | P58: 3.009636e-07 | Q58: 3.0901981e-07 | R58: 3.1780949e-07 | S58: 3.2618774e-07 | T58: 3.3475627e-07 | U58: 3.4358377e-07 | V58: 3.5292374e-07 | W58: 3.6198226e-07 | X58: 3.622903e-07 | Y58: 3.8683313e-07 | Z58: 4.0267965e-07 | AA58: 4.1991818e-07 | AB58: 4.363703e-07 | AC58: 4.5268676e-07 | AD58: 4.6862367e-07 | AE58: 4.9383197e-07 | AF58: 5.1532283e-07 | AG58: 5.3776335e-07 | AH58: 5.6199115e-07 | AI58: 5.7826192e-07
A59: RSD_BLD-ATT-HP | B59: R-SW_Att_ELC_HPN2-C | C59: 7.8755163e-08 | D59: 7.9371688e-08 | E59: 8.0189232e-08 | F59: 7.9473155e-08 | G59: 7.7700554e-08 | H59: 8.0449298e-08 | I59: 8.3476622e-08 | J59: 8.6389655e-08 | K59: 1.059782e-07 | L59: 1.3339322e-07 | M59: 1.5819762e-07 | N59: 1.913914e-07 | O59: 2.4089816e-07 | P59: 2.5368426e-07 | Q59: 2.624101e-07 | R59: 2.7169033e-07 | S59: 2.8078294e-07 | T59: 2.905867e-07 | U59: 3.0031726e-07 | V59: 3.1295015e-07 | W59: 3.2632417e-07 | X59: 3.3054026e-07 | Y59: 3.458285e-07 | Z59: 3.535061e-07 | AA59: 3.6162961e-07 | AB59: 3.6857181e-07 | AC59: 3.7513953e-07 | AD59: 3.80995e-07 | AE59: 3.913713e-07 | AF59: 3.978479e-07 | AG59: 4.0329704e-07 | AH59: 4.0572449e-07 | AI59: 4.0088818e-07
A60: RSD_BLD-ATT-HP | B60: R-SW_Att_ELC_HPN2-D | C60: 7.4610521e-08 | D60: 7.5431984e-08 | E60: 7.6396037e-08 | F60: 7.5944591e-08 | G60: 7.4459382e-08 | H60: 7.7155325e-08 | I60: 8.0082365e-08 | J60: 8.2939075e-08 | K60: 1.0124711e-07 | L60: 1.2658333e-07 | M60: 1.4938252e-07 | N60: 1.7948479e-07 | O60: 2.2370969e-07 | P60: 2.3610554e-07 | Q60: 2.4424486e-07 | R60: 2.5294364e-07 | S60: 2.614805e-07 | T60: 2.7066119e-07 | U60: 2.7991263e-07 | V60: 2.8973269e-07 | W60: 2.9931777e-07 | X60: 3.029234e-07 | Y60: 3.162509e-07 | Z60: 3.2367524e-07 | AA60: 3.3147591e-07 | AB60: 3.3784228e-07 | AC60: 3.4446423e-07 | AD60: 3.5081557e-07 | AE60: 3.6129659e-07 | AF60: 3.6914149e-07 | AG60: 3.7694953e-07 | AH60: 3.8505763e-07 | AI60: 3.9509065e-07
A61: RSD_BLD-ATT-HP | B61: R-SW_Att_ELC_HPN2-E | C61: 7.0539125e-08 | D61: 7.1452159e-08 | E61: 7.2526549e-08 | F61: 7.2343216e-08 | G61: 7.1199486e-08 | H61: 7.386341e-08 | I61: 7.6728819e-08 | J61: 7.9535895e-08 | K61: 9.6647911e-08 | L61: 1.2007656e-07 | M61: 1.4108025e-07 | N61: 1.6847121e-07 | O61: 2.0810272e-07 | P61: 2.1962747e-07 | Q61: 2.2716352e-07 | R61: 2.3527392e-07 | S61: 2.4320772e-07 | T61: 2.5174741e-07 | U61: 2.6039813e-07 | V61: 2.6963163e-07 | W61: 2.7866212e-07 | X61: 2.8257342e-07 | Y61: 2.9482293e-07 | Z61: 3.014045e-07 | AA61: 3.0826929e-07 | AB61: 3.134516e-07 | AC61: 3.1905874e-07 | AD61: 3.2476686e-07 | AE61: 3.3430697e-07 | AF61: 3.4145694e-07 | AG61: 3.488e-07 | AH61: 3.5626978e-07 | AI61: 3.6544188e-07
A62: RSD_BLD-ATT-HP | B62: R-SW_Att_ELC_HPN2-F | C62: 6.9343997e-08 | D62: 7.0304318e-08 | E62: 7.1401982e-08 | F62: 7.127911e-08 | G62: 7.0220656e-08 | H62: 7.2862095e-08 | I62: 7.5697962e-08 | J62: 7.8482038e-08 | K62: 9.522574e-08 | L62: 1.1806971e-07 | M62: 1.3852118e-07 | N62: 1.6508473e-07 | O62: 2.0332748e-07 | P62: 2.1455777e-07 | Q62: 2.218735e-07 | R62: 2.2976023e-07 | S62: 2.3745666e-07 | T62: 2.4573593e-07 | U62: 2.5412413e-07 | V62: 2.6308164e-07 | W62: 2.7182359e-07 | X62: 2.7569515e-07 | Y62: 2.875413e-07 | Z62: 2.9399673e-07 | AA62: 3.0068874e-07 | AB62: 3.0573727e-07 | AC62: 3.1122112e-07 | AD62: 3.1680414e-07 | AE62: 3.2606237e-07 | AF62: 3.330422e-07 | AG62: 3.4020558e-07 | AH62: 3.4748856e-07 | AI62: 3.5652913e-07
A63: RSD_BLD-ATT-HP | B63: R-SW_Att_ELC_HPN2-G | C63: 6.8200328e-08 | D63: 6.9187851e-08 | E63: 7.0307217e-08 | F63: 7.0241861e-08 | G63: 6.9264965e-08 | H63: 7.1884269e-08 | I63: 7.4691191e-08 | J63: 7.7452618e-08 | K63: 9.3840868e-08 | L63: 1.1612342e-07 | M63: 1.3604626e-07 | N63: 1.6182284e-07 | O63: 1.9875309e-07 | P63: 2.0970345e-07 | Q63: 2.1681052e-07 | R63: 2.2448549e-07 | S63: 2.3195735e-07 | T63: 2.3999054e-07 | U63: 2.4813069e-07 | V63: 2.5682754e-07 | W63: 2.6529749e-07 | X63: 2.6912869e-07 | Y63: 2.8059503e-07 | Z63: 2.8692937e-07 | AA63: 2.9345698e-07 | AB63: 2.9837753e-07 | AC63: 3.0374296e-07 | AD63: 3.0920574e-07 | AE63: 3.181975e-07 | AF63: 3.2501508e-07 | AG63: 3.3200728e-07 | AH63: 3.3911254e-07 | AI63: 3.4802622e-07
A64: RSD_BLD-ATT-HP | B64: R-SW_Att_GAS_HHPN1 | C64: 3.2230379e-08 | D64: 3.5435015e-08 | E64: 3.8970969e-08 | F64: 3.9360699e-08 | G64: 5.2246345e-08 | H64: 5.4536227e-08 | I64: 5.7120442e-08 | J64: 5.9604217e-08 | K64: 9.6260341e-08 | L64: 1.5605118e-07 | M64: 2.1844566e-07 | N64: 3.1028858e-07 | O64: 4.6310488e-07 | P64: 4.913423e-07 | Q64: 5.0936151e-07 | R64: 5.2754763e-07 | S64: 5.465727e-07 | T64: 5.6659938e-07 | U64: 5.8672837e-07 | V64: 6.0802753e-07 | W64: 6.2995641e-07 | X64: 6.2904197e-07 | Y64: 6.7309557e-07 | Z64: 6.8925766e-07 | AA64: 7.10192e-07 | AB64: 7.2254951e-07 | AC64: 7.3715569e-07 | AD64: 7.5341923e-07 | AE64: 7.842612e-07 | AF64: 8.0453405e-07 | AG64: 8.2624614e-07 | AH64: 8.4641481e-07 | AI64: 8.6457335e-07
A65: RSD_BLD-ATT-HP | B65: R-SW_Att_GAS_HPN1 | AE65: 1.058e-08 | AF65: 1.108258e-08 | AG65: 1.203638e-08 | AH65: 1.3553977e-08 | AI65: 1.7097348e-08
A66: RSD_BLD-ATT-OTH | B66: R-SH_Att_FPL_N1 | C66: 5.8408882e-08 | D66: 1.6124153 | AI66: 1.1435947e-08
A67: RSD_BLD-ATT-OTH | B67: R-SH_Att_HVO_N1 | C67: 1.7950242e-08 | D67: 1.7740766e-08 | E67: 1.8668198e-08 | F67: 1.7630274e-08 | G67: 1.987678e-08 | H67: 1.9700103e-08 | I67: 1.9731569e-08 | J67: 2.0379453e-08 | K67: 2.7991206e-08 | L67: 4.413167e-08 | M67: 5.8393516e-08 | N67: 8.5683852e-08 | O67: 1.8400121e-07 | P67: 2.0548568e-07 | Q67: 2.3249786e-07 | R67: 2.1948315e-07 | S67: 2.1212028e-07 | T67: 2.135479e-07 | U67: 1.6986994e-07 | V67: 1.4435079e-07 | W67: 1.2698146e-07 | X67: 1.1452066e-07 | Y67: 1.0778721e-07 | Z67: 1.0250006e-07 | AA67: 9.8584004e-08 | AB67: 9.6977433e-08 | AC67: 9.4954572e-08 | AD67: 9.3693668e-08 | AE67: 9.1792118e-08 | AF67: 9.6309307e-08 | AG67: 1.0637248e-07 | AH67: 1.4097983e-07 | AI67: 1.3979291e-07
A68: RSD_BLD-ATT-OTH | B68: R-SH_Att_KER_N1 | C68: 6.4782404e-08 | D68: 4.5678237e-08 | E68: 1.1147545e-08 | L68: 1.0603081e-08 | M68: 1.2949522e-08 | N68: 1.732346e-08 | O68: 3.0022408e-08 | P68: 3.1069524e-08 | Q68: 3.119724e-08 | R68: 3.0997752e-08 | S68: 3.1095692e-08 | T68: 3.1799497e-08 | U68: 3.2068458e-08 | V68: 3.2301575e-08 | W68: 3.2514648e-08 | X68: 3.0632231e-08 | Y68: 3.3256079e-08 | Z68: 3.3670759e-08 | AA68: 3.463814e-08 | AB68: 3.5157635e-08 | AC68: 3.5947611e-08 | AD68: 3.7783544e-08 | AE68: 3.9953221e-08 | AF68: 4.1835761e-08 | AG68: 4.5919639e-08 | AH68: 5.0898524e-08 | AI68: 6.1773178e-08
A69: RSD_BLD-ATT-OTH | B69: R-SH_Att_LPG_N1 | C69: 1.0696746e-08 | L69: 1.0520433e-08 | M69: 1.2708433e-08 | N69: 1.588359e-08 | O69: 2.1576973e-08 | P69: 2.2749793e-08 | Q69: 2.2770204e-08 | R69: 2.2639866e-08 | S69: 2.2677043e-08 | T69: 2.3015413e-08 | U69: 2.3109161e-08 | V69: 2.3203783e-08 | W69: 2.3846208e-08 | X69: 2.3451601e-08 | Y69: 2.4623082e-08 | Z69: 2.5142726e-08 | AA69: 2.5927511e-08 | AB69: 2.6629791e-08 | AC69: 2.7574298e-08 | AD69: 2.9146817e-08 | AE69: 3.1107169e-08 | AF69: 3.3479905e-08 | AG69: 3.74951e-08 | AH69: 4.4701255e-08 | AI69: 5.9639871e-08
A70: RSD_BLD-ATT-OTH | B70: R-SH_Att_WOO_N1 | X70: 1.0152333e-08 | Y70: 1.0327025e-08 | Z70: 1.0694749e-08 | AA70: 1.1085179e-08 | AB70: 1.147785e-08 | AC70: 1.1967608e-08 | AD70: 1.2596798e-08 | AE70: 1.3012517e-08 | AF70: 1.3481507e-08 | AG70: 1.3968745e-08 | AH70: 1.4831807e-08 | AI70: 1.5353688e-08
A71: RSD_BLD-ATT-OTH | B71: R-SW_Att_FPL_N1 | C71: 1.7863576e-08 | AI71: 1.3447137e-08
A72: RSD_BLD-ATT-OTH | B72: R-SW_Att_HET_N1 | C72: 4.5367738 | D72: 2.0855847e-07 | E72: 1.2435889e-07 | F72: 6.8868735e-08 | G72: 0.5888595 | H72: 6.0686651 | I72: 7.0814756 | J72: 5.3789243 | K72: 8.559958 | L72: 6.6513835 | M72: 4.6323755 | N72: 3.4449771 | O72: 23.13566 | P72: 7.4712309 | Q72: 21.66623 | R72: 17.557015 | S72: 19.06081 | T72: 18.653123 | U72: 18.584989 | V72: 18.164153 | W72: 26.404198 | X72: 7.7362605e-07 | Y72: 0.66257487 | Z72: 9.2191439e-06 | AA72: 3.3322872e-05 | AB72: 1.0834849e-05 | AC72: 4.3882505e-06 | AD72: 2.5155857e-06 | AE72: 10.967282 | AF72: 9.1159675 | AG72: 6.2941916 | AH72: 6.0570891 | AI72: 25.655697
A73: RSD_BLD-ATT-OTH | B73: R-SW_Att_HET_N2 | C73: 4.5367741 | D73: 2.0855847e-07 | E73: 1.2435889e-07 | F73: 6.8868735e-08 | G73: 0.58885949 | H73: 6.0686644 | I73: 7.0814762 | J73: 5.3789235 | K73: 8.5599622 | L73: 6.6513834 | M73: 4.6323752 | N73: 3.4449771 | O73: 23.135659 | P73: 7.4712309 | Q73: 21.666227 | R73: 17.557015 | S73: 19.060809 | T73: 18.653123 | U73: 18.584989 | V73: 18.164156 | W73: 26.404201 | X73: 7.7362605e-07 | Y73: 0.66257487 | Z73: 9.2191439e-06 | AA73: 3.3322872e-05 | AB73: 1.0834849e-05 | AC73: 4.3882505e-06 | AD73: 2.5155857e-06 | AE73: 10.967282 | AF73: 9.1159678 | AG73: 6.2941916 | AH73: 6.0570891 | AI73: 25.655697
A74: RSD_BLD-ATT-OTH | B74: R-SW_Att_HVO_N1 | D74: 1.0001109e-08 | E74: 1.0415336e-08 | F74: 1.0081483e-08 | G74: 1.3794764e-08 | H74: 1.3721196e-08 | I74: 1.3903806e-08 | J74: 1.4206702e-08 | K74: 2.0788864e-08 | L74: 3.5205998e-08 | M74: 5.2942562e-08 | N74: 8.9709366e-08 | O74: 7.3703508e-07 | P74: 1.1693021e-06 | Q74: 0.95573021 | R74: 12.979937 | S74: 9.6333551 | T74: 1.631225e-05 | U74: 5.2074709e-07 | V74: 2.9911692e-07 | W74: 2.1992399e-07 | X74: 1.7522884e-07 | Y74: 1.5909761e-07 | Z74: 1.4413526e-07 | AA74: 1.3372701e-07 | AB74: 1.3133202e-07 | AC74: 1.262873e-07 | AD74: 1.1829624e-07 | AE74: 1.1905631e-07 | AF74: 1.2933771e-07 | AG74: 1.4810437e-07 | AH74: 1.9727384e-07 | AI74: 2.184116e-07
A75: RSD_BLD-ATT-OTH | B75: R-SW_Att_KER_N1 | C75: 41.774905 | D75: 1.4422677e-07 | M75: 1.0245554e-08 | N75: 1.4518298e-08 | O75: 3.2527437e-08 | P75: 3.4387167e-08 | Q75: 3.5006621e-08 | R75: 3.5609166e-08 | S75: 3.6293285e-08 | T75: 3.7082464e-08 | U75: 3.7866825e-08 | V75: 3.8744712e-08 | W75: 3.9784857e-08 | X75: 3.4971777e-08 | Y75: 4.1488566e-08 | Z75: 4.2012647e-08 | AA75: 4.3666986e-08 | AB75: 4.500407e-08 | AC75: 4.560543e-08 | AD75: 4.614158e-08 | AE75: 5.0893955e-08 | AF75: 5.3779571e-08 | AG75: 5.8211327e-08 | AH75: 6.6751111e-08 | AI75: 8.7515918e-08
A76: RSD_BLD-ATT-OTH | B76: R-SW_Att_KER_N2 | C76: 1.0325023e-08 | V76: 1.0022593e-08 | W76: 1.02718e-08 | X76: 1.0342595e-08 | Y76: 1.0824701e-08 | Z76: 1.1163906e-08 | AA76: 1.1573671e-08 | AB76: 1.2005251e-08 | AC76: 1.2492386e-08 | AD76: 1.3068327e-08 | AE76: 1.3923912e-08 | AF76: 1.5305729e-08 | AG76: 1.6797708e-08 | AH76: 1.9262835e-08 | AI76: 2.4867434e-08
A77: RSD_BLD-ATT-OTH | B77: R-SW_Att_KER_N3 | C77: 1.6459742e-08 | AI77: 1.1272881e-08
A78: RSD_BLD-ATT-OTH | B78: R-SW_Att_LPG_N1 | M78: 1.0507822e-08 | N78: 1.379421e-08 | O78: 2.1240294e-08 | P78: 2.2829935e-08 | Q78: 2.2893201e-08 | R78: 2.2959425e-08 | S78: 2.3158268e-08 | T78: 2.3520606e-08 | U78: 2.3838163e-08 | V78: 2.4277335e-08 | W78: 2.486015e-08 | X78: 2.3961995e-08 | Y78: 2.6131039e-08 | Z78: 2.6829151e-08 | AA78: 2.7908044e-08 | AB78: 2.8939492e-08 | AC78: 3.0053146e-08 | AD78: 3.1386605e-08 | AE78: 3.4341302e-08 | AF78: 3.7712031e-08 | AG78: 4.2197979e-08 | AH78: 4.9788792e-08 | AI78: 6.6810589e-08
A79: RSD_BLD-ATT-OTH | B79: R-SW_Att_WOO_N1 | Q79: 1.0187972e-08 | R79: 1.0119404e-08 | S79: 1.011128e-08 | T79: 1.0288493e-08 | U79: 1.0299321e-08 | V79: 1.0392149e-08 | W79: 1.0603978e-08 | X79: 1.0920796e-08 | Y79: 1.1077028e-08 | Z79: 1.1458373e-08 | AA79: 1.1863546e-08 | AB79: 1.2275131e-08 | AC79: 1.2789519e-08 | AD79: 1.3611826e-08 | AE79: 1.4049381e-08 | AF79: 1.4517688e-08 | AG79: 1.4841575e-08 | AH79: 1.5489741e-08 | AI79: 1.6212422e-08
A80: RSD_BLD-DET-GAS | B80: R-SH_Det_GAS_N1 | C80: 2.0505056e-08 | D80: 1.8963464e-08 | E80: 1.6832814e-08 | F80: 1.2906923e-08 | G80: 1.017929e-08 | H80: 1.0000404e-08 | K80: 1.144879e-08 | L80: 1.3688593e-08 | M80: 1.7417817e-08 | N80: 2.4382885e-08 | O80: 4.1448168e-08 | P80: 4.3994539e-08 | Q80: 4.6875352e-08 | R80: 4.9867888e-08 | S80: 5.2543453e-08 | T80: 5.6312976e-08 | U80: 5.91014e-08 | V80: 6.2405163e-08 | W80: 6.6424225e-08 | X80: 6.696747e-08 | Y80: 7.0240401e-08 | Z80: 7.3653254e-08 | AA80: 7.5010908e-08 | AB80: 7.8924251e-08 | AC80: 8.1482202e-08 | AD80: 8.1397444e-08 | AE80: 8.1683535e-08 | AF80: 8.7776843e-08 | AG80: 9.0591512e-08 | AH80: 9.4725934e-08 | AI80: 1.1562509e-07
A81: RSD_BLD-DET-GAS | B81: R-SW_Det_GAS_HHPN1 | C81: 4.3300665e-08 | D81: 4.7058288e-08 | E81: 4.8319595e-08 | F81: 5.0080696e-08 | G81: 4.6596627e-08 | H81: 4.9957557e-08 | I81: 5.4186788e-08 | J81: 5.8416312e-08 | K81: 8.2079987e-08 | L81: 1.1040145e-07 | M81: 1.555563e-07 | N81: 2.3534232e-07 | O81: 3.9472931e-07 | P81: 4.5025255e-07 | Q81: 5.1425918e-07 | R81: 5.5700444e-07 | S81: 5.9097557e-07 | T81: 6.2976737e-07 | U81: 6.4996707e-07 | V81: 6.7097472e-07 | W81: 6.9288825e-07 | X81: 6.9514289e-07 | Y81: 7.0521472e-07 | Z81: 7.1452549e-07 | AA81: 7.2431061e-07 | AB81: 7.5179934e-07 | AC81: 7.74109e-07 | AD81: 7.8814335e-07 | AE81: 8.0504703e-07 | AF81: 8.5109161e-07 | AG81: 8.8059871e-07 | AH81: 9.0024464e-07 | AI81: 8.9958494e-07
A82: RSD_BLD-DET-GAS | B82: R-SW_Det_GAS_HPN1 | AA82: 1.0163036e-08 | AB82: 1.1397249e-08 | AC82: 1.1828942e-08 | AD82: 1.2174366e-08 | AE82: 1.2618989e-08 | AF82: 1.197275e-08 | AG82: 1.3068744e-08 | AH82: 1.467093e-08 | AI82: 1.6594631e-08
A83: RSD_BLD-DET-GAS | B83: R-SW_Det_GAS_N1 | C83: 14.757392 | D83: 2.146062e-07 | E83: 6.9874186e-08 | F83: 1.9757747e-08 | G83: 1.2758777e-08 | H83: 1.2769697e-08 | I83: 1.3011651e-08 | J83: 1.3149652e-08 | K83: 1.6464256e-08 | L83: 2.0140948e-08 | M83: 2.7036308e-08 | N83: 4.4153974e-08 | O83: 1.7000011e-07 | P83: 1.5849269e-07 | Q83: 1.6874291e-07 | R83: 2.2208854e-07 | S83: 3.5578021e-07 | T83: 2.5998632 | U83: 40.110714 | V83: 39.141317 | W83: 8.9167986 | X83: 5.8596756e-07 | Y83: 4.4966193e-07 | Z83: 3.8623873e-07 | AA83: 3.4774214e-07 | AB83: 4.3503798e-07 | AC83: 4.8028361e-07 | AD83: 4.1298268e-07 | AE83: 3.8623414e-07 | AF83: 1.1634444e-06 | AG83: 11.014823 | AH83: 10.935552 | AI83: 10.612413
A84: RSD_BLD-DET-GAS | B84: R-SW_Det_GAS_N2 | C84: 1.1162314e-08 | D84: 1.1222532e-08 | E84: 1.0585828e-08 | M84: 1.1082206e-08 | N84: 1.3511052e-08 | O84: 1.7189944e-08 | P84: 1.7781328e-08 | Q84: 1.8221871e-08 | R84: 1.8794607e-08 | S84: 1.9337933e-08 | T84: 1.9981867e-08 | U84: 2.0707339e-08 | V84: 2.161739e-08 | W84: 2.2860006e-08 | X84: 2.3665665e-08 | Y84: 2.4972976e-08 | Z84: 2.6243443e-08 | AA84: 2.7083141e-08 | AB84: 2.8219243e-08 | AC84: 2.919118e-08 | AD84: 2.9933349e-08 | AE84: 3.0343165e-08 | AF84: 3.1645084e-08 | AG84: 3.298994e-08 | AH84: 3.4660775e-08 | AI84: 3.3339214e-08
A85: RSD_BLD-DET-GAS | B85: R-SW_Det_GAS_N3 | C85: 2.3123156e-08 | D85: 2.2295477e-08 | E85: 2.0014706e-08 | F85: 1.3398264e-08 | G85: 1.0450515e-08 | H85: 1.0651091e-08 | I85: 1.0969542e-08 | J85: 1.1228542e-08 | K85: 1.319265e-08 | L85: 1.5130846e-08 | M85: 1.8039068e-08 | N85: 2.2619415e-08 | O85: 2.9794833e-08 | P85: 3.0338568e-08 | Q85: 3.0744012e-08 | R85: 3.0884954e-08 | S85: 3.1016852e-08 | T85: 3.1275748e-08 | U85: 3.1630502e-08 | V85: 3.2225754e-08 | W85: 3.3251139e-08 | X85: 3.371768e-08 | Y85: 3.4895289e-08 | Z85: 3.5989096e-08 | AA85: 3.6581916e-08 | AB85: 3.7457164e-08 | AC85: 3.8134266e-08 | AD85: 3.858691e-08 | AE85: 3.8656736e-08 | AF85: 3.9579331e-08 | AG85: 4.0555399e-08 | AH85: 4.1674406e-08 | AI85: 3.8263619e-08
A86: RSD_BLD-DET-HP | B86: R-SH_Det_ELC_HPN2-AB | C86: 29.880837 | D86: 0.81724706 | E86: 39.718657 | F86: 0.080398623 | G86: 0.032474366 | H86: 0.24674098 | I86: 0.24560879 | J86: 0.27298315 | K86: 0.28798482 | L86: 0.32905385 | M86: 0.34362319 | N86: 0.34946628 | O86: 0.07105917 | P86: 0.22151015 | Q86: 0.21775357 | R86: 0.20736068 | S86: 0.1856065 | T86: 0.16413715 | U86: 0.157443 | V86: 0.14754113 | W86: 30.002644 | X86: 0.91210193 | Y86: 39.639689 | Z86: 9.0177305e-06 | AA86: 1.6421138e-06 | AB86: 0.29289918 | AC86: 0.27612708 | AD86: 0.28771677 | AE86: 0.28605659 | AF86: 0.30998999 | AG86: 0.30583249 | AH86: 0.28963003 | AI86: 3.4079544e-08
A87: RSD_BLD-DET-HP | B87: R-SH_Det_ELC_HPN2-C | C87: 1.5995423 | D87: 41.007816 | E87: 0.79978373 | F87: 40.960277 | G87: 41.639099 | H87: 41.790682 | I87: 41.771278 | J87: 21.514951 | K87: 0.79976959 | L87: 0.79976898 | M87: 0.79976888 | N87: 0.79976945 | O87: 3.701653e-07 | P87: 8.0851819e-08 | Q87: 6.3536619e-08 | R87: 5.0821535e-08 | S87: 4.1950365e-08 | T87: 3.4947801e-08 | U87: 2.9744141e-08 | V87: 4.5115262e-08 | W87: 3.1648783e-06 | X87: 40.208046 | Y87: 1.4351596e-05 | Z87: 40.160507 | AA87: 40.83933 | AB87: 40.990912 | AC87: 40.971508 | AD87: 20.715181 | AE87: 1.7547217e-07 | AF87: 7.9360883e-08 | AG87: 4.5710259e-08 | AH87: 2.8847287e-08 | AI87: 1.859606e-08
A88: RSD_BLD-DET-HP | B88: R-SH_Det_ELC_HPN2-D | C88: 0.59898788 | D88: 0.59898842 | E88: 0.81951708 | F88: 0.81951714 | G88: 0.81951716 | H88: 0.81951714 | I88: 0.81951724 | J88: 21.183965 | K88: 42.156149 | L88: 40.313655 | M88: 35.040156 | N88: 29.574964 | O88: 0.81951581 | P88: 3.1141002e-07 | Q88: 2.0067752e-07 | R88: 1.3680463e-07 | S88: 1.0205204e-07 | T88: 7.7273555e-08 | U88: 6.1487323e-08 | V88: 5.0442162e-08 | W88: 4.5274839e-08 | X88: 4.9926759e-08 | Y88: 5.5467359e-08 | Z88: 6.4687287e-08 | AA88: 7.9423101e-08 | AB88: 1.0860454e-07 | AC88: 1.9594096e-07 | AD88: 20.364447 | AE88: 41.336632 | AF88: 39.494139 | AG88: 34.22064 | AH88: 28.755445 | AI88: 8.0072291e-08
A89: RSD_BLD-DET-HP | B89: R-SH_Det_ELC_HPN2-E | C89: 3.0815885e-08 | D89: 3.8477853e-08 | E89: 4.435409e-08 | F89: 5.4739317e-08 | G89: 7.6125247e-08 | H89: 1.215022e-07 | I89: 2.8931543e-07 | J89: 0.36081555 | K89: 0.36081615 | L89: 0.36081609 | M89: 0.36081602 | N89: 5.6909496 | O89: 29.681471 | P89: 33.612712 | Q89: 32.381647 | R89: 2.4697922e-06 | S89: 1.011928e-06 | T89: 4.7911251e-07 | U89: 3.0397139e-07 | V89: 2.1752335e-07 | W89: 1.6466766e-07 | X89: 1.2991652e-07 | Y89: 1.0453147e-07 | Z89: 8.604466e-08 | AA89: 7.1546022e-08 | AB89: 5.9729932e-08 | AC89: 4.9863999e-08 | AD89: 4.7687217e-08 | AE89: 5.5077896e-08 | AF89: 7.0430431e-08 | AG89: 1.1364798e-07 | AH89: 5.3301328 | AI89: 29.320655
A90: RSD_BLD-DET-HP | B90: R-SH_Det_ELC_HPN2-F | C90: 2.3423756e-08 | D90: 2.8057819e-08 | E90: 3.0994149e-08 | F90: 3.5587477e-08 | G90: 4.4353885e-08 | H90: 5.7607427e-08 | I90: 8.118425e-08 | J90: 1.3473204e-07 | K90: 2.1871656e-07 | L90: 5.5223103e-07 | M90: 0.23050555 | N90: 0.23050679 | O90: 0.23050634 | P90: 2.0315114e-06 | Q90: 1.4614326 | R90: 40.32764 | S90: 13.625573 | T90: 1.9332656e-06 | U90: 9.1752685e-07 | V90: 5.84017e-07 | W90: 4.1742469e-07 | X90: 3.1429208e-07 | Y90: 2.4416623e-07 | Z90: 1.9630369e-07 | AA90: 1.6020767e-07 | AB90: 1.3147419e-07 | AC90: 1.0802853e-07 | AD90: 8.8478061e-08 | AE90: 7.1672934e-08 | AF90: 5.8137994e-08 | AG90: 5.4771739e-08 | AH90: 1.0016877e-07 | AI90: 1.0530483e-07
A91: RSD_BLD-DET-HP | B91: R-SH_Det_ELC_HPN2-G | C91: 1.8908147e-08 | D91: 2.2091071e-08 | E91: 2.3904713e-08 | F91: 2.6472122e-08 | G91: 3.1472896e-08 | H91: 3.7998222e-08 | I91: 4.7605943e-08 | J91: 6.3058923e-08 | K91: 7.8639575e-08 | L91: 1.0316737e-07 | M91: 1.5931585e-07 | N91: 5.84496e-07 | O91: 0.55177545 | P91: 5.2957452e-07 | Q91: 1.0302307e-06 | R91: 2.0415355e-06 | S91: 24.129162 | T91: 38.595256 | U91: 0.96973197 | V91: 1.7695018 | W91: 23.198247 | X91: 10.344775 | Y91: 1.8794943 | Z91: 1.8551335 | AA91: 2.6759874 | AB91: 4.0229988 | AC91: 3.7550743 | AD91: 3.8454861 | AE91: 3.5600556 | AF91: 5.8125461 | AG91: 4.9919082e-07 | AH91: 8.28673e-08 | AI91: 3.8055175e-08
A92: RSD_BLD-DET-HP | B92: R-SH_Det_ELC_HPN3-AB | AC92: 1.0335604e-08 | AD92: 1.0942697e-08 | AE92: 1.1673499e-08 | AF92: 1.2503391e-08 | AG92: 1.3791333e-08 | AH92: 1.6212827e-08 | AI92: 1.3751455e-08
A93: RSD_BLD-DET-HP | B93: R-SH_Det_ELC_HPN3-C | C93: 1.7997591e-08 | D93: 2.1982863e-08 | E93: 2.200706e-08 | F93: 2.1944741e-08 | V93: 1.0324076e-08 | W93: 1.2861196e-08 | X93: 1.3447634e-08 | Y93: 1.384812e-08 | Z93: 1.4312454e-08 | AA93: 1.4809431e-08 | AB93: 1.5394377e-08 | AC93: 1.6049445e-08 | AD93: 1.6808109e-08 | AE93: 1.6397015e-08 | AF93: 1.5799429e-08 | AG93: 1.4867989e-08 | AH93: 1.3463413e-08 | AI93: -3.4536481e-07
A94: RSD_BLD-DET-HP | B94: R-SH_Det_ELC_HPN3-D | C94: 1.347491e-08 | D94: 1.5892883e-08 | E94: 1.5972355e-08 | F94: 1.5996401e-08 | X94: 1.0196485e-08 | Y94: 1.0605379e-08 | Z94: 1.1099313e-08 | AA94: 1.1674138e-08 | AB94: 1.2406725e-08 | AC94: 1.3326732e-08 | AD94: 1.4558798e-08 | AE94: 1.5236482e-08 | AF94: 1.6156016e-08 | AG94: 1.74402e-08 | AH94: 1.9675742e-08
A95: RSD_BLD-DET-HP | B95: R-SH_Det_ELC_HPN3-E | F95: 1.0418022e-08 | W95: 1.0107869e-08 | X95: 1.0346077e-08 | Y95: 1.0467963e-08 | Z95: 1.0582394e-08 | AA95: 1.0676811e-08 | AB95: 1.076053e-08 | AC95: 1.0798938e-08 | AD95: 1.1058702e-08 | AE95: 1.1749418e-08 | AF95: 1.2773311e-08 | AG95: 1.4401108e-08 | AH95: 1.7894457e-08 | AI95: 1.0658745e-08
A96: RSD_BLD-DET-HP | B96: R-SH_Det_ELC_HPN3-F | W96: 1.0113797e-08 | X96: 1.0428243e-08 | Y96: 1.0639725e-08 | Z96: 1.0859614e-08 | AA96: 1.10809e-08 | AB96: 1.1319399e-08 | AC96: 1.1546285e-08 | AD96: 1.1752712e-08 | AE96: 1.1947988e-08 | AF96: 1.2153807e-08 | AG96: 1.2781496e-08 | AH96: 1.5404714e-08
A97: RSD_BLD-DET-HP | B97: R-SH_Det_ELC_HPN3-G | W97: 1.0042016e-08 | X97: 1.0417817e-08 | Y97: 1.0706345e-08 | Z97: 1.1024618e-08 | AA97: 1.1370568e-08 | AB97: 1.1770395e-08 | AC97: 1.2207484e-08 | AD97: 1.2699304e-08 | AE97: 1.3297844e-08 | AF97: 1.4109684e-08 | AG97: 1.4815995e-08 | AH97: 1.4421973e-08
A98: RSD_BLD-DET-HP | B98: R-SW_Det_ELC_HPN1-AB | P98: 1.081534e-08 | Q98: 1.3922134e-08 | R98: 1.6176175e-08 | S98: 1.8057276e-08 | T98: 2.0424214e-08 | U98: 2.1559211e-08 | V98: 2.2722314e-08 | W98: 2.3947783e-08 | X98: 2.3852379e-08 | Y98: 2.3984814e-08 | Z98: 2.4152209e-08 | AA98: 2.5101771e-08 | AB98: 2.6708174e-08 | AC98: 2.7974268e-08 | AD98: 2.8601731e-08 | AE98: 2.9724822e-08 | AF98: 3.3218068e-08 | AG98: 3.641958e-08 | AH98: 4.0292394e-08 | AI98: 4.5850981e-08
A99: RSD_BLD-DET-HP | B99: R-SW_Det_ELC_HPN1-C | R99: 1.1186753e-08 | S99: 1.2315226e-08 | T99: 1.367963e-08 | U99: 1.4386479e-08 | V99: 1.5316107e-08 | W99: 1.6414633e-08 | X99: 1.6584896e-08 | Y99: 1.6771168e-08 | Z99: 1.6975488e-08 | AA99: 1.7959331e-08 | AB99: 1.8978225e-08 | AC99: 1.9830002e-08 | AD99: 2.0357092e-08 | AE99: 2.1078222e-08 | AF99: 2.2790475e-08 | AG99: 2.4448945e-08 | AH99: 2.6289497e-08 | AI99: 3.1750004e-08
A100: RSD_BLD-DET-HP | B100: R-SW_Det_ELC_HPN1-D | S100: 1.0788716e-08 | T100: 1.2720894e-08 | U100: 1.3364034e-08 | V100: 1.3999264e-08 | W100: 1.4677281e-08 | X100: 1.4878047e-08 | Y100: 1.5096386e-08 | Z100: 1.5328412e-08 | AA100: 1.559198e-08 | AB100: 1.6489361e-08 | AC100: 1.7272167e-08 | AD100: 1.7822012e-08 | AE100: 1.8570497e-08 | AF100: 2.0092723e-08 | AG100: 2.1811711e-08 | AH100: 2.4057142e-08 | AI100: 2.9931968e-08
...
