Workbook

Sheet Cover
A16: TIMES-Ireland Model
A19: Document type: | B19: Scenario
A20: Sector(s): | B20: All sectors
A21: Purpose: | B21: Impose historical bounds on emissions, car sales, fuel consumption, etc.
A23: Original developer(s): | B23: Olexandr Balyk (UCC, olexandr.balyk@ucc.ie)
B24: Vahid Aryanpur (UCC, vahid.aryanpur@ucc.ie)
B25: Hannah Daly (UCC, h.daly@ucc.ie)
A26: Current maintainer(s): | B26: Bakytzhan Suleimenov (UCC, bsuleimenov@ucc.ie)
B27: Vahid Aryanpur (UCC, vahid.aryanpur@ucc.ie)
A29: Part of TIM version: | B29: 1
A30: Model repository: | B30: https://github.com/MaREI-EPMG/TIMES-Ireland-model
A31: Licence: | B31: CC BY-NC-SA 4.0 (unless specified otherwise)
B32: https://creativecommons.org/licenses/by-nc-sa/4.0/

Sheet Regions
C3: {=INDEX(C5:C7,$A$4)} -> IE | D3: {=INDEX(D5:D7,$A$4)} -> National | E3: {=INDEX(E5:E7,$A$4)} -> IE-CW | F3: {=INDEX(F5:F7,$A$4)} -> IE-D | G3: {=INDEX(G5:G7,$A$4)} -> IE-KE | H3: {=INDEX(H5:H7,$A$4)} -> IE-KK | I3: {=INDEX(I5:I7,$A$4)} -> IE-LS | J3: {=INDEX(J5:J7,$A$4)} -> IE-LD | ... AD3: {=INDEX(AD5:AD7,$A$4)} -> IE-MN
A4: 1
A5: Development | C5: IE | D5: National | E5: =A11 -> IE-CW | F5: =A16 -> IE-D | G5: =A19 -> IE-KE | H5: =A20 -> IE-KK | I5: =A21 -> IE-LS | J5: =A24 -> IE-LD | K5: =A25 -> IE-LH | L5: =A27 -> IE-MH | M5: =A29 -> IE-OY | N5: =A34 -> IE-WH | O5: =A35 -> IE-WX | P5: =A36 -> IE-WW | Q5: =A13 -> IE-CE | R5: =A14 -> IE-CO | S5: =A18 -> IE-KY | T5: =A23 -> IE-LK | U5: =A32 -> IE-TA | V5: =A33 -> IE-WD | W5: =A17 -> IE-G | X5: =A22 -> IE-LM | Y5: =A26 -> IE-MO | Z5: =A30 -> IE-RN | AA5: =A31 -> IE-SO | AB5: =A12 -> IE-CN | AC5: =A15 -> IE-DL | AD5: =A28 -> IE-MN
A6: Single-region | C6: =C5 -> IE | D6: ="*"&D5 -> *National | E6: ="*"&E5 -> *IE-CW | F6: ="*"&F5 -> *IE-D | G6: ="*"&G5 -> *IE-KE | H6: ="*"&H5 -> *IE-KK | I6: ="*"&I5 -> *IE-LS | J6: ="*"&J5 -> *IE-LD | K6: ="*"&K5 -> *IE-LH | ... AD6: ="*"&AD5 -> *IE-MN
A7: Multi-region | C7: ="*"&C5 -> *IE | D7: =D5 -> National | E7: =E5 -> IE-CW | F7: =F5 -> IE-D | G7: =G5 -> IE-KE | H7: =H5 -> IE-KK | I7: =I5 -> IE-LS | J7: =J5 -> IE-LD | K7: =K5 -> IE-LH | ... AD7: =AD5 -> IE-MN
A10: Code | B10: County name
A11: IE-CW | B11: Carlow
A12: IE-CN | B12: Cavan
A13: IE-CE | B13: Clare
A14: IE-CO | B14: Cork
A15: IE-DL | B15: Donegal
A16: IE-D | B16: Dublin
A17: IE-G | B17: Galway
A18: IE-KY | B18: Kerry
A19: IE-KE | B19: Kildare
A20: IE-KK | B20: Kilkenny
A21: IE-LS | B21: Laois
... A36: IE-WW | B36: Wicklow
A37: Source: https://en.wikipedia.org/wiki/ISO_3166-2:IE

Sheet SUP
A1: UC - Each Region/All Periods
B2: ="~UC_Sets: R_E: " & _xlfn.TEXTJOIN(",",TRUE,Regions!C3,Regions!D3) -> ~UC_Sets: R_E: IE,National
B3: ~UC_Sets: T_S:
H4: =IF(RIGHT(B2,1)<>" ","~UC_T","") -> ~UC_T
B5: UC_N | C5: Cset_CN | D5: Pset_Set | E5: Pset_PN | F5: Year | G5: LimType | H5: Other_indexes | I5: UC_IRE | J5: UC_RHSRTS | K5: UC_Desc
B6: *Units | J6: *Pja
B7: UC_Historic_ELC-Import | C7: ELCC | D7: IRE | E7: IMPELC* | F7: 2018 | G7: FX | H7: imp | I7: 1 | J7: =Conversions!$B$2*'EB2018'!$AO$3 -> 5.8385184 | K7: Historic electricity import
F8: 2019 | G8: FX | J8: =Conversions!$B$2*'EB2019'!$AO$3 -> 7.8478966
F9: 2020 | G9: FX | J9: =Conversions!$B$2*'EB2020'!$AO$3 -> 6.3411437
F10: 2021 | G10: FX | J10: =Conversions!$B$2*'EB2021'!$AO$3 -> 8.8241635
F11: 2022 | G11: FX | J11: =Conversions!$B$2*'EB2022'!$AO$3 -> 5.6948893
F12: 0 | G12: FX | J12: 1
B13: UC_Historic_ELC-Export | C13: ELCC | D13: IRE | E13: EXPELC* | F13: 2018 | G13: FX | H13: exp | I13: 1 | J13: =Conversions!$B$2*'EB2018'!$AO$4 -> 5.9383641 | K13: Historic electricity export
F14: 2019 | G14: FX | J14: =Conversions!$B$2*'EB2019'!$AO$4 -> 5.5271334
F15: 2020 | G15: FX | J15: =Conversions!$B$2*'EB2020'!$AO$4 -> 6.8879158
F16: 2021 | G16: FX | J16: =Conversions!$B$2*'EB2021'!$AO$4 -> 3.1077995
F17: 2022 | G17: FX | J17: =Conversions!$B$2*'EB2022'!$AO$4 -> 4.7878933
F18: 0 | G18: FX | J18: 1
H21: deact~UC_T
B22: UC_N | C22: Cset_CN | D22: Pset_Set | E22: Pset_PN | F22: Year | G22: LimType | H22: Other_indexes | I22: UC_COMPRD | J22: UC_RHSRTS | K22: UC_Desc
B23: UC_Historic_BIOGAS-Production | C23: BIOGAS*G | F23: 2018 | G23: UP | I23: 1 | J23: =Conversions!$B$2*'EB2018'!$AH$2 -> 0.70393223 | K23: Historic production of biogas
F24: 2019 | G24: UP | J24: =Conversions!$B$2*'EB2019'!$AH$2 -> 0.78962633
F25: 2020 | G25: UP | J25: =Conversions!$B$2*'EB2020'!$AH$2 -> 0.87833841
F26: 2021 | G26: UP | J26: =Conversions!$B$2*'EB2021'!$AH$2 -> 0.94933194
F27: 2022 | G27: UP | J27: =Conversions!$B$2*'EB2022'!$AH$2 -> 1.1527997
F28: 0 | G28: UP | J28: 1

Sheet PWR
K1: Calibration margin | L1: 0.05
B2: deact~TFM_INS-TS | P2: ~TFM_INS-TS
B3: LimType | C3: PSET_PN | D3: Attribute | E3: Region | F3: 2018 | G3: 2019 | H3: 2020 | I3: 2021 | J3: 2022 | K3: 0 | P3: LimType | Q3: PSET_PN | R3: Attribute | S3: Region | T3: 2018 | U3: 2019 | V3: 2020 | W3: 2021 | X3: 2022 | Y3: 0
C4: FT-PWRBGS | D4: ACT_BND | E4: =_xlfn.TEXTJOIN(",",TRUE,Regions!$C$3:$D$3) -> IE,National | F4: =ROUNDUP(Conversions!$B$2*SUM('EB2018'!$AG$10,'EB2018'!$AG$11,'EB2018'!$AH$10,'EB2018'!$AH$11),1) -> 1.7 | G4: =ROUNDUP(Conversions!$B$2*SUM('EB2019'!$AG$10,'EB2019'!$AG$11,'EB2019'!$AH$10,'EB2019'!$AH$11),1) -> 1.7 | H4: =ROUNDUP(Conversions!$B$2*SUM('EB2020'!$AG$10,'EB2020'!$AG$11,'EB2020'!$AH$10,'EB2020'!$AH$11),1) -> 1.6 | I4: =ROUNDUP(Conversions!$B$2*SUM('EB2021'!$AG$10,'EB2021'!$AG$11,'EB2021'!$AH$10,'EB2021'!$AH$11),1) -> 1.7 | J4: =ROUNDUP(Conversions!$B$2*SUM('EB2022'!$AG$10,'EB2022'!$AG$11,'EB2022'!$AH$10,'EB2022'!$AH$11),1) -> 1.6 | K4: 1 | P4: UP | Q4: FT-PWRBGS | R4: ACT_BND | S4: =_xlfn.TEXTJOIN(",",TRUE,Regions!$C$3:$D$3) -> IE,National | T4: =+F4*(1+$L$1) -> 1.785 | U4: =+G4*(1+$L$1) -> 1.785 | V4: =+H4*(1+$L$1) -> 1.68 | W4: =+I4*(1+$L$1) -> 1.785 | X4: =+J4*(1+$L$1) -> 1.68 | Y4: 1
B5: LO | C5: FT-PWRBIO | D5: ACT_BND | E5: =_xlfn.TEXTJOIN(",",TRUE,Regions!$C$3:$D$3) -> IE,National | F5: =ROUNDUP(Conversions!$B$2*SUM('EB2018'!$AE$10,'EB2018'!$AE$11),1) -> 3.2 | G5: =ROUNDUP(Conversions!$B$2*SUM('EB2019'!$AE$10,'EB2019'!$AE$11),1) -> 3.3 | H5: =ROUNDUP(Conversions!$B$2*SUM('EB2020'!$AE$10,'EB2020'!$AE$11),1) -> 4.2 | I5: =ROUNDUP(Conversions!$B$2*SUM('EB2021'!$AE$10,'EB2021'!$AE$11),1) -> 4.3 | J5: =ROUNDUP(Conversions!$B$2*SUM('EB2022'!$AE$10,'EB2022'!$AE$11),1) -> 4.6 | K5: 1 | P5: UP | Q5: FT-PWRBIO | R5: ACT_BND | S5: =_xlfn.TEXTJOIN(",",TRUE,Regions!$C$3:$D$3) -> IE,National | T5: =+F5*(1+$L$1) -> 3.36 | U5: =+G5*(1+$L$1) -> 3.465 | V5: =+H5*(1+$L$1) -> 4.41 | W5: =+I5*(1+$L$1) -> 4.515 | X5: =+J5*(1+$L$1) -> 4.83 | Y5: 1
C6: FT-PWRCOA | D6: ACT_BND | E6: =_xlfn.TEXTJOIN(",",TRUE,Regions!$C$3:$D$3) -> IE,National | F6: =ROUNDUP(Conversions!$B$2*SUM('EB2018'!$C$10,'EB2018'!$C$11),1) -> 20.5 | G6: =ROUNDUP(Conversions!$B$2*SUM('EB2019'!$C$10,'EB2019'!$C$11),1) -> 6.2 | H6: =ROUNDUP(Conversions!$B$2*SUM('EB2020'!$C$10,'EB2020'!$C$11),1) -> 8.2 | I6: =ROUNDUP(Conversions!$B$2*SUM('EB2021'!$C$10,'EB2021'!$C$11),1) -> 28.2 | J6: =ROUNDUP(Conversions!$B$2*SUM('EB2022'!$C$10,'EB2022'!$C$11),1) -> 23.7 | K6: 5 | P6: UP | Q6: FT-PWRCOA | R6: ACT_BND | S6: =_xlfn.TEXTJOIN(",",TRUE,Regions!$C$3:$D$3) -> IE,National | T6: =+F6*(1+$L$1) -> 21.525 | U6: =+G6*(1+$L$1) -> 6.51 | V6: =+H6*(1+$L$1) -> 8.61 | W6: =+I6*(1+$L$1) -> 29.61 | X6: =+J6*(1+$L$1) -> 24.885 | Y6: 5
C7: FT-PWRDIS | D7: ACT_BND | E7: =_xlfn.TEXTJOIN(",",TRUE,Regions!$C$3:$D$3) -> IE,National | F7: =ROUNDUP(Conversions!$B$2*SUM('EB2018'!$U$10,'EB2018'!$U$11),1) -> 0.4 | G7: =ROUNDUP(Conversions!$B$2*SUM('EB2019'!$U$10,'EB2019'!$U$11),1) -> 0.6 | H7: =ROUNDUP(Conversions!$B$2*SUM('EB2020'!$U$10,'EB2020'!$U$11),1) -> 0.5 | I7: =ROUNDUP(Conversions!$B$2*SUM('EB2021'!$U$10,'EB2021'!$U$11),1) -> 1.3 | J7: =ROUNDUP(Conversions!$B$2*SUM('EB2022'!$U$10,'EB2022'!$U$11),1) -> 1.2 | K7: 1 | P7: UP | Q7: FT-PWRDIS | R7: ACT_BND | S7: =_xlfn.TEXTJOIN(",",TRUE,Regions!$C$3:$D$3) -> IE,National | T7: =+F7*(1+$L$1) -> 0.42 | U7: =+G7*(1+$L$1) -> 0.63 | V7: =+H7*(1+$L$1) -> 0.525 | W7: =+I7*(1+$L$1) -> 1.365 | X7: =+J7*(1+$L$1) -> 1.26 | Y7: 1
C8: FT-PWRGAS | D8: ACT_BND | E8: =_xlfn.TEXTJOIN(",",TRUE,Regions!$C$3:$D$3) -> IE,National | F8: =ROUNDUP(Conversions!$B$2*SUM('EB2018'!$AA$10,'EB2018'!$AA$11),1) -> 103.1 | G8: =ROUNDUP(Conversions!$B$2*SUM('EB2019'!$AA$10,'EB2019'!$AA$11),1) -> 105.6 | H8: =ROUNDUP(Conversions!$B$2*SUM('EB2020'!$AA$10,'EB2020'!$AA$11),1) -> 107.5 | I8: =ROUNDUP(Conversions!$B$2*SUM('EB2021'!$AA$10,'EB2021'!$AA$11),1) -> 98.1 | J8: =ROUNDUP(Conversions!$B$2*SUM('EB2022'!$AA$10,'EB2022'!$AA$11),1) -> 108.7 | K8: 1 | P8: UP | Q8: FT-PWRGAS | R8: ACT_BND | S8: =_xlfn.TEXTJOIN(",",TRUE,Regions!$C$3:$D$3) -> IE,National | T8: =+F8*(1+$L$1) -> 108.255 | U8: =+G8*(1+$L$1) -> 110.88 | V8: =+H8*(1+$L$1) -> 112.875 | W8: =+I8*(1+$L$1) -> 103.005 | X8: =+J8*(1+$L$1) -> 114.135 | Y8: 1
B9: FX | C9: FT-PWRHFO | D9: ACT_BND | E9: =_xlfn.TEXTJOIN(",",TRUE,Regions!$C$3:$D$3) -> IE,National | F9: =ROUNDUP(Conversions!$B$2*SUM('EB2018'!$S$10,'EB2018'!$S$11),1) -> 1.1 | G9: =ROUNDUP(Conversions!$B$2*SUM('EB2019'!$S$10,'EB2019'!$S$11),1) -> 2.8 | H9: =ROUNDUP(Conversions!$B$2*SUM('EB2020'!$S$10,'EB2020'!$S$11),1) -> 4 | I9: =ROUNDUP(Conversions!$B$2*SUM('EB2021'!$S$10,'EB2021'!$S$11),1) -> 13.8 | J9: =ROUNDUP(Conversions!$B$2*SUM('EB2022'!$S$10,'EB2022'!$S$11),1) -> 9.5 | K9: 1 | P9: UP | Q9: FT-PWRHFO | R9: ACT_BND | S9: =_xlfn.TEXTJOIN(",",TRUE,Regions!$C$3:$D$3) -> IE,National | T9: =+F9*(1+$L$1) -> 1.155 | U9: =+G9*(1+$L$1) -> 2.94 | V9: =+H9*(1+$L$1) -> 4.2 | W9: =+I9*(1+$L$1) -> 14.49 | X9: =+J9*(1+$L$1) -> 9.975 | Y9: 1
C10: FT-PWRHYD | D10: ACT_BND | E10: =_xlfn.TEXTJOIN(",",TRUE,Regions!$C$3:$D$3) -> IE,National | F10: =ROUNDUP(Conversions!$B$2*SUM(-'EB2018'!$AC$22),1) -> 2.5 | G10: =ROUNDUP(Conversions!$B$2*SUM(-'EB2019'!$AC$22),1) -> 3.2 | H10: =ROUNDUP(Conversions!$B$2*SUM(-'EB2020'!$AC$22),1) -> 3.4 | I10: =ROUNDUP(Conversions!$B$2*SUM(-'EB2021'!$AC$22),1) -> 2.7 | J10: =ROUNDUP(Conversions!$B$2*SUM(-'EB2022'!$AC$22),1) -> 2.6 | K10: 1 | P10: * | Q10: FT-PWRHYD | R10: ACT_BND | S10: =_xlfn.TEXTJOIN(",",TRUE,Regions!$C$3:$D$3) -> IE,National | T10: =+F10*(1+$L$1) -> 2.625 | U10: =+G10*(1+$L$1) -> 3.36 | V10: =+H10*(1+$L$1) -> 3.57 | W10: =+I10*(1+$L$1) -> 2.835 | X10: =+J10*(1+$L$1) -> 2.73 | Y10: 1
B11: LO | C11: FT-PWRMSW | D11: ACT_BND | E11: =_xlfn.TEXTJOIN(",",TRUE,Regions!$C$3:$D$3) -> IE,National | F11: =ROUNDUP(Conversions!$B$2*SUM('EB2018'!$AF$10,'EB2018'!$AF$11,'EB2018'!$AN$10,'EB2018'!$AN$11),1) -> 8 | G11: =ROUNDUP(Conversions!$B$2*SUM('EB2019'!$AF$10,'EB2019'!$AF$11,'EB2019'!$AN$10,'EB2019'!$AN$11),1) -> 7.8 | H11: =ROUNDUP(Conversions!$B$2*SUM('EB2020'!$AF$10,'EB2020'!$AF$11,'EB2020'!$AN$10,'EB2020'!$AN$11),1) -> 8.2 | I11: =ROUNDUP(Conversions!$B$2*SUM('EB2021'!$AF$10,'EB2021'!$AF$11,'EB2021'!$AN$10,'EB2021'!$AN$11),1) -> 7.8 | J11: =ROUNDUP(Conversions!$B$2*SUM('EB2022'!$AF$10,'EB2022'!$AF$11,'EB2022'!$AN$10,'EB2022'!$AN$11),1) -> 7.9 | K11: 1 | P11: UP | Q11: FT-PWRMSW | R11: ACT_BND | S11: =_xlfn.TEXTJOIN(",",TRUE,Regions!$C$3:$D$3) -> IE,National | T11: =+F11*(1+$L$1) -> 8.4 | U11: =+G11*(1+$L$1) -> 8.19 | V11: =+H11*(1+$L$1) -> 8.61 | W11: =+I11*(1+$L$1) -> 8.19 | X11: =+J11*(1+$L$1) -> 8.295 | Y11: 1
C12: FT-PWRPEA | D12: ACT_BND | E12: =_xlfn.TEXTJOIN(",",TRUE,Regions!$C$3:$D$3) -> IE,National | F12: =ROUNDUP(Conversions!$B$2*SUM('EB2018'!$H$10,'EB2018'!$H$11),1) -> 19.9 | G12: =ROUNDUP(Conversions!$B$2*SUM('EB2019'!$H$10,'EB2019'!$H$11),1) -> 18.2 | H12: =ROUNDUP(Conversions!$B$2*SUM('EB2020'!$H$10,'EB2020'!$H$11),1) -> 9 | I12: =ROUNDUP(Conversions!$B$2*SUM('EB2021'!$H$10,'EB2021'!$H$11),1) -> 3 | J12: =ROUNDUP(Conversions!$B$2*SUM('EB2022'!$H$10,'EB2022'!$H$11),1) -> 2.3 | K12: 1 | P12: UP | Q12: FT-PWRPEA | R12: ACT_BND | S12: =_xlfn.TEXTJOIN(",",TRUE,Regions!$C$3:$D$3) -> IE,National | T12: =+F12*(1+$L$1) -> 20.895 | U12: =+G12*(1+$L$1) -> 19.11 | V12: =+H12*(1+$L$1) -> 9.45 | W12: =+I12*(1+$L$1) -> 3.15 | X12: =+J12*(1+$L$1) -> 2.415 | Y12: 1
C13: FT-PWRSOL | D13: ACT_BND | E13: =_xlfn.TEXTJOIN(",",TRUE,Regions!$C$3:$D$3) -> IE,National | F13: =ROUNDUP(Conversions!$B$2*SUM(-'EB2018'!$AK$22),1) -> 0.1 | G13: =ROUNDUP(Conversions!$B$2*SUM(-'EB2019'!$AK$22),1) -> 0.2 | H13: =ROUNDUP(Conversions!$B$2*SUM(-'EB2020'!$AK$22),1) -> 0.2 | I13: =ROUNDUP(Conversions!$B$2*SUM(-'EB2021'!$AK$22),1) -> 0.3 | J13: =ROUNDUP(Conversions!$B$2*SUM(-'EB2022'!$AK$22),1) -> 0.6 | K13: 1 | P13: * | Q13: FT-PWRSOL | R13: ACT_BND | S13: =_xlfn.TEXTJOIN(",",TRUE,Regions!$C$3:$D$3) -> IE,National | T13: =+F13*(1+$L$1) -> 0.105 | U13: =+G13*(1+$L$1) -> 0.21 | V13: =+H13*(1+$L$1) -> 0.21 | W13: =+I13*(1+$L$1) -> 0.315 | X13: =+J13*(1+$L$1) -> 0.63 | Y13: 1
C14: FT-PWRWIN | D14: ACT_BND | E14: =_xlfn.TEXTJOIN(",",TRUE,Regions!$C$3:$D$3) -> IE,National | F14: =ROUNDUP(Conversions!$B$2*SUM(-'EB2018'!$AD$22),1) -> 31.2 | G14: =ROUNDUP(Conversions!$B$2*SUM(-'EB2019'!$AD$22),1) -> 36.1 | H14: =ROUNDUP(Conversions!$B$2*SUM(-'EB2020'!$AD$22),1) -> 41.6 | I14: =ROUNDUP(Conversions!$B$2*SUM(-'EB2021'!$AD$22),1) -> 35.3 | J14: =ROUNDUP(Conversions!$B$2*SUM(-'EB2022'!$AD$22),1) -> 40.4 | K14: 1 | P14: * | Q14: FT-PWRWIN | R14: ACT_BND | S14: =_xlfn.TEXTJOIN(",",TRUE,Regions!$C$3:$D$3) -> IE,National | T14: =+F14*(1+$L$1) -> 32.76 | U14: =+G14*(1+$L$1) -> 37.905 | V14: =+H14*(1+$L$1) -> 43.68 | W14: =+I14*(1+$L$1) -> 37.065 | X14: =+J14*(1+$L$1) -> 42.42 | Y14: 1
P15: LO | Q15: FT-PWRBGS | R15: ACT_BND | S15: =_xlfn.TEXTJOIN(",",TRUE,Regions!$C$3:$D$3) -> IE,National | T15: =+F4*(1-$L$1) -> 1.615 | U15: =+G4*(1-$L$1) -> 1.615 | V15: =+H4*(1-$L$1) -> 1.52 | W15: =+I4*(1-$L$1) -> 1.615 | X15: =+J4*(1-$L$1) -> 1.52 | Y15: 1
P16: LO | Q16: FT-PWRBIO | R16: ACT_BND | S16: =_xlfn.TEXTJOIN(",",TRUE,Regions!$C$3:$D$3) -> IE,National | T16: =+F5*(1-$L$1) -> 3.04 | U16: =+G5*(1-$L$1) -> 3.135 | V16: =+H5*(1-$L$1) -> 3.99 | W16: =+I5*(1-$L$1) -> 4.085 | X16: =+J5*(1-$L$1) -> 4.37 | Y16: 1
P17: LO | Q17: FT-PWRCOA | R17: ACT_BND | S17: =_xlfn.TEXTJOIN(",",TRUE,Regions!$C$3:$D$3) -> IE,National | T17: =+F6*(1-$L$1) -> 19.475 | U17: =+G6*(1-$L$1) -> 5.89 | V17: =+H6*(1-$L$1) -> 7.79 | W17: =+I6*(1-$L$1) -> 26.79 | X17: =+J6*(1-$L$1) -> 22.515 | Y17: 1
C18: FT-PWRBGS | D18: ACT_BND | E18: IE,National | F18: 1.7 | G18: 1.7 | H18: 1.6 | I18: 1.7 | J18: 1.6 | K18: 1 | P18: LO | Q18: FT-PWRDIS | R18: ACT_BND | S18: =_xlfn.TEXTJOIN(",",TRUE,Regions!$C$3:$D$3) -> IE,National | T18: =+F7*(1-$L$1) -> 0.38 | U18: =+G7*(1-$L$1) -> 0.57 | V18: =+H7*(1-$L$1) -> 0.475 | W18: =+I7*(1-$L$1) -> 1.235 | X18: =+J7*(1-$L$1) -> 1.14 | Y18: 1
C19: FT-PWRBIO | D19: ACT_BND | E19: IE,National | F19: 3.2 | G19: 3.3 | H19: 4.2 | I19: 4.3 | J19: 4.6 | K19: 1 | P19: LO | Q19: FT-PWRGAS | R19: ACT_BND | S19: =_xlfn.TEXTJOIN(",",TRUE,Regions!$C$3:$D$3) -> IE,National | T19: =+F8*(1-$L$1) -> 97.945 | U19: =+G8*(1-$L$1) -> 100.32 | V19: =+H8*(1-$L$1) -> 102.125 | W19: =+I8*(1-$L$1) -> 93.195 | X19: =+J8*(1-$L$1) -> 103.265 | Y19: 1
C20: FT-PWRCOA | D20: ACT_BND | E20: IE,National | F20: 20.5 | G20: 6.2 | H20: 8.2 | I20: 28.2 | J20: 23.7 | K20: 5 | P20: LO | Q20: FT-PWRHFO | R20: ACT_BND | S20: =_xlfn.TEXTJOIN(",",TRUE,Regions!$C$3:$D$3) -> IE,National | T20: =+F9*(1-$L$1) -> 1.045 | U20: =+G9*(1-$L$1) -> 2.66 | V20: =+H9*(1-$L$1) -> 3.8 | W20: =+I9*(1-$L$1) -> 13.11 | X20: =+J9*(1-$L$1) -> 9.025 | Y20: 1
B21: * | C21: FT-PWRDIS | D21: ACT_BND | E21: IE,National | F21: 0.4 | G21: 0.6 | H21: 0.5 | I21: 1.3 | J21: 1.2 | K21: 1 | P21: * | Q21: FT-PWRHYD | R21: ACT_BND | S21: =_xlfn.TEXTJOIN(",",TRUE,Regions!$C$3:$D$3) -> IE,National | T21: =+F10*(1-$L$1) -> 2.375 | U21: =+G10*(1-$L$1) -> 3.04 | V21: =+H10*(1-$L$1) -> 3.23 | W21: =+I10*(1-$L$1) -> 2.565 | X21: =+J10*(1-$L$1) -> 2.47 | Y21: 1
C22: FT-PWRGAS | D22: ACT_BND | E22: IE,National | F22: 103.1 | G22: 105.6 | H22: 107.5 | I22: 98.1 | J22: 108.7 | K22: 1 | P22: LO | Q22: FT-PWRMSW | R22: ACT_BND | S22: =_xlfn.TEXTJOIN(",",TRUE,Regions!$C$3:$D$3) -> IE,National | T22: =+F11*(1-$L$1) -> 7.6 | U22: =+G11*(1-$L$1) -> 7.41 | V22: =+H11*(1-$L$1) -> 7.79 | W22: =+I11*(1-$L$1) -> 7.41 | X22: =+J11*(1-$L$1) -> 7.505 | Y22: 1
B23: * | C23: FT-PWRHFO | D23: ACT_BND | E23: IE,National | F23: 1.1 | G23: 2.8 | H23: 4 | I23: 13.8 | J23: 9.5 | K23: 1 | P23: LO | Q23: FT-PWRPEA | R23: ACT_BND | S23: =_xlfn.TEXTJOIN(",",TRUE,Regions!$C$3:$D$3) -> IE,National | T23: =+F12*(1-$L$1) -> 18.905 | U23: =+G12*(1-$L$1) -> 17.29 | V23: =+H12*(1-$L$1) -> 8.55 | W23: =+I12*(1-$L$1) -> 2.85 | X23: =+J12*(1-$L$1) -> 2.185 | Y23: 1
C24: FT-PWRHYD | D24: ACT_BND | E24: IE,National | F24: 2.5 | G24: 3.2 | H24: 3.4 | I24: 2.7 | J24: 2.6 | K24: 1 | P24: * | Q24: FT-PWRSOL | R24: ACT_BND | S24: =_xlfn.TEXTJOIN(",",TRUE,Regions!$C$3:$D$3) -> IE,National | T24: =+F13*(1-$L$1) -> 0.095 | U24: =+G13*(1-$L$1) -> 0.19 | V24: =+H13*(1-$L$1) -> 0.19 | W24: =+I13*(1-$L$1) -> 0.285 | X24: =+J13*(1-$L$1) -> 0.57 | Y24: 1
C25: FT-PWRMSW | D25: ACT_BND | E25: IE,National | F25: 8 | G25: 7.8 | H25: 8.2 | I25: 7.8 | J25: 7.9 | K25: 1 | P25: * | Q25: FT-PWRWIN | R25: ACT_BND | S25: =_xlfn.TEXTJOIN(",",TRUE,Regions!$C$3:$D$3) -> IE,National | T25: =+F14*(1-$L$1) -> 29.64 | U25: =+G14*(1-$L$1) -> 34.295 | V25: =+H14*(1-$L$1) -> 39.52 | W25: =+I14*(1-$L$1) -> 33.535 | X25: =+J14*(1-$L$1) -> 38.38 | Y25: 1
C26: FT-PWRPEA | D26: ACT_BND | E26: IE,National | F26: 19.9 | G26: 18.2 | H26: 9 | I26: 3 | J26: 2.3 | K26: 1
C27: FT-PWRSOL | D27: ACT_BND | E27: IE,National | F27: 0.1 | G27: 0.2 | H27: 0.3 | I27: 0.4 | J27: 0.6 | K27: 1
C28: FT-PWRWIN | D28: ACT_BND | E28: IE,National | F28: 31.2 | G28: 36.1 | H28: 41.6 | I28: 35.2 | J28: 40.4 | K28: 1

Sheet PWR-CAPs
B3: ="~UC_Sets: R_E: " & _xlfn.TEXTJOIN(",",TRUE,Regions!$C$3:$D$3) -> ~UC_Sets: R_E: IE,National
B4: ~UC_Sets: T_S:
E5: ~UC_T
B6: UC_N | C6: Pset_PN | D6: Year | E6: LimType | F6: UC_CAP | G6: UC_RHSRTS | H6: UC_Desc
B7: *Units | G7: *GW
B8: *UC_PWR_WON_Historic | C8: P*WIN*ON* | D8: 2019 | E8: UP | F8: 1 | G8: =+L9/1000*1.02 -> 4.195056 | H8: Historic Capacity of Wind Onshore | K8: 2018 | L8: 3667
B9: * | C9: =$C$8 -> P*WIN*ON* | D9: 2020 | E9: FX | F9: 1 | G9: =+L10/1000 -> 4.3229 | K9: 2019 | L9: 4112.8
B10: * | C10: =$C$8 -> P*WIN*ON* | D10: 2021 | E10: =+E9 -> FX | F10: 1 | G10: =+L11/1000 -> 4.3322 | K10: 2020 | L10: 4322.9
B11: * | C11: =$C$8 -> P*WIN*ON* | D11: 2022 | E11: =+E10 -> FX | F11: 1 | G11: =+L12/1000 -> 4.5273 | K11: 2021 | L11: 4332.2
B12: * | C12: =$C$8 -> P*WIN*ON* | D12: 2023 | E12: =+E11 -> FX | F12: 1 | G12: 4.777 | K12: 2022 | L12: 4527.3
B13: * | C13: =$C$8 -> P*WIN*ON* | D13: 0 | E13: =+E12 -> FX | G13: 1
B14: UC_PWR_PV_Historic | C14: P*SOL*PV* | D14: 2019 | E14: FX | F14: 1 | G14: 0.02 | H14: Historic Capacity of PV
C15: =$C$14 -> P*SOL*PV* | D15: 2020 | E15: =$E$14 -> FX | F15: 1 | G15: 0.053
C16: =$C$14 -> P*SOL*PV* | D16: 2021 | E16: =$E$14 -> FX | F16: 1 | G16: 0.261
C17: =$C$14 -> P*SOL*PV* | D17: 2022 | E17: =$E$14 -> FX | F17: 1 | G17: 0.384
C18: =$C$14 -> P*SOL*PV* | D18: 2023 | E18: =$E$14 -> FX | F18: 1 | G18: 0.716
C19: =$C$14 -> P*SOL*PV* | D19: 2024 | E19: =$E$14 -> FX | F19: 1 | G19: =G18+0.239 -> 0.955
C20: =$C$14 -> P*SOL*PV* | D20: 0 | E20: =$E$14 -> FX | G20: 1

Sheet AGR
B2: ~TFM_INS-TS
B3: LimType | C3: PSET_PN | D3: Attribute | E3: Region | F3: 2018 | G3: 2019 | H3: 2020 | I3: 2021 | J3: 2022 | K3: 0
B4: FX | C4: FT-AGRELC | D4: ACT_BND | E4: =_xlfn.TEXTJOIN(",",TRUE,Regions!$C$3:$D$3) -> IE,National | F4: =ROUNDUP(Conversions!$B$2*SUM('EB2018'!$AO$70,'EB2018'!$AO$71),1) -> 2.1 | G4: =ROUNDUP(Conversions!$B$2*SUM('EB2019'!$AO$70,'EB2019'!$AO$71),1) -> 2 | H4: =ROUNDUP(Conversions!$B$2*SUM('EB2020'!$AO$70,'EB2020'!$AO$71),1) -> 2.1 | I4: =ROUNDUP(Conversions!$B$2*SUM('EB2021'!$AO$70,'EB2021'!$AO$71),1) -> 2 | J4: =ROUNDUP(Conversions!$B$2*SUM('EB2022'!$AO$70,'EB2022'!$AO$71),1) -> 1.9 | K4: 1
B5: FX | C5: FT-AGRDST | D5: ACT_BND | E5: =_xlfn.TEXTJOIN(",",TRUE,Regions!$C$3:$D$3) -> IE,National | F5: =ROUNDUP(Conversions!$B$2*SUM('EB2018'!$U$70,'EB2018'!$U$71),1) -> 8.5 | G5: =ROUNDUP(Conversions!$B$2*SUM('EB2019'!$U$70,'EB2019'!$U$71),1) -> 8.7 | H5: =ROUNDUP(Conversions!$B$2*SUM('EB2020'!$U$70,'EB2020'!$U$71),1) -> 8.5 | I5: =ROUNDUP(Conversions!$B$2*SUM('EB2021'!$U$70,'EB2021'!$U$71),1) -> 8.5 | J5: =ROUNDUP(Conversions!$B$2*SUM('EB2022'!$U$70,'EB2022'!$U$71),1) -> 12.1 | K5: 1

Sheet IND
M1: Calibration margin | N1: 0.2
B2: deact~TFM_INS-TS | P2: ~TFM_INS-TS
B3: LimType | C3: PSET_PN | D3: Attribute | E3: Region | F3: 2018 | G3: 2019 | H3: 2020 | I3: 2021 | J3: 2022 | K3: 0 | P3: LimType | Q3: PSET_PN | R3: Attribute | S3: Region | T3: *2018 | U3: 2019 | V3: 2020 | W3: 2021 | X3: 2022 | Y3: 0
B4: * | C4: FT-INDCOK | D4: ACT_BND | E4: =_xlfn.TEXTJOIN(",",TRUE,Regions!$C$3:$D$3) -> IE,National | F4: =ROUNDUP(Conversions!$B$2*SUM('EB2018'!$V$30),1) -> 6 | G4: =ROUNDUP(Conversions!$B$2*SUM('EB2019'!$V$30),1) -> 5.8 | H4: =ROUNDUP(Conversions!$B$2*SUM('EB2020'!$V$30),1) -> 5.3 | I4: =ROUNDUP(Conversions!$B$2*SUM('EB2021'!$V$30),1) -> 6.1 | J4: =ROUNDUP(Conversions!$B$2*SUM('EB2022'!$V$30),1) -> 5 | K4: 1 | P4: UP | Q4: FT-INDCOK | R4: ACT_BND | S4: =_xlfn.TEXTJOIN(",",TRUE,Regions!$C$3:$D$3) -> IE,National | T4: =+F4*(1+$N$1) -> 7.2 | U4: =+G4*(1+$N$1) -> 6.96 | V4: =+H4*(1+$N$1) -> 6.36 | W4: =+I4*(1+$N$1) -> 7.32 | X4: =+J4*(1+$N$1) -> 6 | Y4: 1
C5: FT-INDBIO | D5: ACT_BND | E5: =_xlfn.TEXTJOIN(",",TRUE,Regions!$C$3:$D$3) -> IE,National | F5: =ROUNDUP(Conversions!$B$2*SUM('EB2018'!$AE$30),1) -> 6.5 | G5: =ROUNDUP(Conversions!$B$2*SUM('EB2019'!$AE$30),1) -> 6.2 | H5: =ROUNDUP(Conversions!$B$2*SUM('EB2020'!$AE$30),1) -> 5.8 | I5: =ROUNDUP(Conversions!$B$2*SUM('EB2021'!$AE$30),1) -> 5.3 | J5: =ROUNDUP(Conversions!$B$2*SUM('EB2022'!$AE$30),1) -> 5.5 | K5: 1 | P5: UP | Q5: FT-INDBIO | R5: ACT_BND | S5: =_xlfn.TEXTJOIN(",",TRUE,Regions!$C$3:$D$3) -> IE,National | T5: =+F5*(1+$N$1) -> 7.8 | U5: =+G5*(1+$N$1) -> 7.44 | V5: =+H5*(1+$N$1) -> 6.96 | W5: =+I5*(1+$N$1) -> 6.36 | X5: =+J5*(1+$N$1) -> 6.6 | Y5: 1
C6: FT-INDCOA | D6: ACT_BND | E6: =_xlfn.TEXTJOIN(",",TRUE,Regions!$C$3:$D$3) -> IE,National | F6: =ROUNDUP(Conversions!$B$2*SUM('EB2018'!$C$30),1) -> 4.5 | G6: =ROUNDUP(Conversions!$B$2*SUM('EB2019'!$C$30),1) -> 3.4 | H6: =ROUNDUP(Conversions!$B$2*SUM('EB2020'!$C$30),1) -> 3.2 | I6: =ROUNDUP(Conversions!$B$2*SUM('EB2021'!$C$30),1) -> 3.8 | J6: =ROUNDUP(Conversions!$B$2*SUM('EB2022'!$C$30),1) -> 3 | K6: 1 | P6: UP | Q6: FT-INDCOA | R6: ACT_BND | S6: =_xlfn.TEXTJOIN(",",TRUE,Regions!$C$3:$D$3) -> IE,National | T6: =+F6*(1+$N$1) -> 5.4 | U6: =+G6*(1+$N$1) -> 4.08 | V6: =+H6*(1+$N$1) -> 3.84 | W6: =+I6*(1+$N$1) -> 4.56 | X6: =+J6*(1+$N$1) -> 3.6 | Y6: 5
C7: FT-INDPEA,FT-INDWOO | D7: ACT_BND | E7: =_xlfn.TEXTJOIN(",",TRUE,Regions!$C$3:$D$3) -> IE,National | F7: =ROUNDUP(Conversions!$B$2*SUM('EB2018'!$H$30),1) -> 0.1 | G7: =ROUNDUP(Conversions!$B$2*SUM('EB2019'!$H$30),1) -> 0 | H7: =ROUNDUP(Conversions!$B$2*SUM('EB2020'!$H$30),1) -> 0 | I7: =ROUNDUP(Conversions!$B$2*SUM('EB2021'!$H$30),1) -> 0 | J7: =ROUNDUP(Conversions!$B$2*SUM('EB2022'!$H$30),1) -> 0 | K7: 1 | P7: UP | Q7: FT-INDPEA,FT-INDWOO | R7: ACT_BND | S7: =_xlfn.TEXTJOIN(",",TRUE,Regions!$C$3:$D$3) -> IE,National | T7: =+F7*(1+$N$1) -> 0.12 | U7: =+G7*(1+$N$1) -> 0 | V7: =+H7*(1+$N$1) -> 0 | W7: =+I7*(1+$N$1) -> 0 | X7: =+J7*(1+$N$1) -> 0 | Y7: 1
C8: FT-INDELC | D8: ACT_BND | E8: =_xlfn.TEXTJOIN(",",TRUE,Regions!$C$3:$D$3) -> IE,National | F8: =ROUNDUP(Conversions!$B$2*SUM('EB2018'!$AO$30),1) -> 23.4 | G8: =ROUNDUP(Conversions!$B$2*SUM('EB2019'!$AO$30),1)+1.5 -> 25.6 | H8: =ROUNDUP(Conversions!$B$2*SUM('EB2020'!$AO$30),1) -> 24.9 | I8: =ROUNDUP(Conversions!$B$2*SUM('EB2021'!$AO$30),1) -> 24.7 | J8: =ROUNDUP(Conversions!$B$2*SUM('EB2022'!$AO$30),1) -> 24.8 | K8: 1 | P8: UP | Q8: FT-INDELC | R8: ACT_BND | S8: =_xlfn.TEXTJOIN(",",TRUE,Regions!$C$3:$D$3) -> IE,National | T8: =+F8*(1+$N$1) -> 28.08 | U8: =+G8*(1+$N$1) -> 30.72 | V8: =+H8*(1+$N$1) -> 29.88 | W8: =+I8*(1+$N$1) -> 29.64 | X8: =+J8*(1+$N$1) -> 29.76 | Y8: 1
B9: * | C9: FT-INDNWS | D9: ACT_BND | E9: =_xlfn.TEXTJOIN(",",TRUE,Regions!$C$3:$D$3) -> IE,National | F9: =ROUNDUP(Conversions!$B$2*SUM('EB2018'!$AN$30),1) -> 2.3 | G9: =ROUNDUP(Conversions!$B$2*SUM('EB2019'!$AN$30),1) -> 2.4 | H9: =ROUNDUP(Conversions!$B$2*SUM('EB2020'!$AN$30),1) -> 2.3 | I9: =ROUNDUP(Conversions!$B$2*SUM('EB2021'!$AN$30),1) -> 2.3 | J9: =ROUNDUP(Conversions!$B$2*SUM('EB2022'!$AN$30),1) -> 2.5 | K9: 1 | P9: UP | Q9: FT-INDNWS | R9: ACT_BND | S9: =_xlfn.TEXTJOIN(",",TRUE,Regions!$C$3:$D$3) -> IE,National | T9: =+F9*(1+3*$N$1) -> 3.68 | U9: =+G9*(1+3*$N$1) -> 3.84 | V9: =+H9*(1+3*$N$1) -> 3.68 | W9: =+I9*(1+3*$N$1) -> 3.68 | X9: =+J9*(1+3*$N$1) -> 4 | Y9: 1
C10: FT-INDGAS | D10: ACT_BND | E10: =_xlfn.TEXTJOIN(",",TRUE,Regions!$C$3:$D$3) -> IE,National | F10: =ROUNDUP(Conversions!$B$2*SUM('EB2018'!$AA$30),1) -> 41.5 | G10: =ROUNDUP(Conversions!$B$2*SUM('EB2019'!$AA$30),1) -> 43.1 | H10: =ROUNDUP(Conversions!$B$2*SUM('EB2020'!$AA$30),1) -> 43.9 | I10: =ROUNDUP(Conversions!$B$2*SUM('EB2021'!$AA$30),1) -> 41.4 | J10: =ROUNDUP(Conversions!$B$2*SUM('EB2022'!$AA$30),1) -> 38.1 | K10: 1 | P10: UP | Q10: FT-INDGAS | R10: ACT_BND | S10: =_xlfn.TEXTJOIN(",",TRUE,Regions!$C$3:$D$3) -> IE,National | T10: =+F10*(1+$N$1) -> 49.8 | U10: =+G10*(1+$N$1) -> 51.72 | V10: =+H10*(1+$N$1) -> 52.68 | W10: =+I10*(1+$N$1) -> 49.68 | X10: =+J10*(1+$N$1) -> 45.72 | Y10: 1
B11: * | C11: FT-INDCOK | D11: ACT_BND | E11: =_xlfn.TEXTJOIN(",",TRUE,Regions!$C$3:$D$3) -> IE,National | F11: =ROUNDUP(Conversions!$B$2*SUM('EB2018'!$AP$30),1) -> 0 | G11: =ROUNDUP(Conversions!$B$2*SUM('EB2019'!$AP$30),1) -> 0 | H11: =ROUNDUP(Conversions!$B$2*SUM('EB2020'!$AP$30),1) -> 0 | I11: =ROUNDUP(Conversions!$B$2*SUM('EB2021'!$AP$30),1) -> 0 | J11: =ROUNDUP(Conversions!$B$2*SUM('EB2022'!$AP$30),1) -> 0 | K11: 1 | P11: * | Q11: * | R11: * | S11: *
C12: FT-INDBGS | D12: ACT_BND | E12: =_xlfn.TEXTJOIN(",",TRUE,Regions!$C$3:$D$3) -> IE,National | F12: =ROUNDUP(Conversions!$B$2*SUM('EB2018'!$AH$30),1) -> 0.2 | G12: =ROUNDUP(Conversions!$B$2*SUM('EB2019'!$AH$30),1) -> 0.2 | H12: =ROUNDUP(Conversions!$B$2*SUM('EB2020'!$AH$30),1) -> 0.3 | I12: =ROUNDUP(Conversions!$B$2*SUM('EB2021'!$AH$30),1) -> 0.3 | J12: =ROUNDUP(Conversions!$B$2*SUM('EB2022'!$AH$30),1) -> 0.3 | K12: 1 | P12: UP | Q12: FT-INDBGS | R12: ACT_BND | S12: =_xlfn.TEXTJOIN(",",TRUE,Regions!$C$3:$D$3) -> IE,National | T12: =+F12*(1+$N$1) -> 0.24 | U12: =+G12*(1+$N$1) -> 0.24 | V12: =+H12*(1+$N$1) -> 0.36 | W12: =+I12*(1+$N$1) -> 0.36 | X12: =+J12*(1+$N$1) -> 0.36 | Y12: 1
C13: FT-INDOIL | D13: ACT_BND | E13: =_xlfn.TEXTJOIN(",",TRUE,Regions!$C$3:$D$3) -> IE,National | F13: =ROUNDUP(Conversions!$B$2*SUM('EB2018'!$Q$30,'EB2018'!$U$30,'EB2018'!$S$30,'EB2018'!$T$30),1) -> 8.2 | G13: =ROUNDUP(Conversions!$B$2*SUM('EB2019'!$Q$30,'EB2019'!$U$30,'EB2019'!$S$30,'EB2019'!$T$30),1) -> 8.1 | H13: =ROUNDUP(Conversions!$B$2*SUM('EB2020'!$Q$30,'EB2020'!$U$30,'EB2020'!$S$30,'EB2020'!$T$30),1) -> 8.6 | I13: =ROUNDUP(Conversions!$B$2*SUM('EB2021'!$Q$30,'EB2021'!$U$30,'EB2021'!$S$30,'EB2021'!$T$30),1) -> 8.2 | J13: =ROUNDUP(Conversions!$B$2*SUM('EB2022'!$Q$30,'EB2021'!$U$30,'EB2021'!$S$30,'EB2021'!$T$30),1) -> 8.2 | K13: 1 | P13: UP | Q13: FT-INDOIL | R13: ACT_BND | S13: =_xlfn.TEXTJOIN(",",TRUE,Regions!$C$3:$D$3) -> IE,National | T13: =+F13*(1+$N$1) -> 9.84 | U13: =+G13*(1+$N$1) -> 9.72 | V13: =+H13*(1+$N$1) -> 10.32 | W13: =+I13*(1+$N$1) -> 9.84 | X13: =+J13*(1+$N$1) -> 9.84 | Y13: 5
C14: FT-INDRWS | D14: ACT_BND | E14: =_xlfn.TEXTJOIN(",",TRUE,Regions!$C$3:$D$3) -> IE,National | F14: =ROUNDUP(Conversions!$B$2*SUM('EB2018'!$AF$30),1) -> 1.8 | G14: =ROUNDUP(Conversions!$B$2*SUM('EB2019'!$AF$30),1) -> 1.7 | H14: =ROUNDUP(Conversions!$B$2*SUM('EB2020'!$AF$30),1) -> 1.9 | I14: =ROUNDUP(Conversions!$B$2*SUM('EB2021'!$AF$30),1) -> 2 | J14: =ROUNDUP(Conversions!$B$2*SUM('EB2022'!$AF$30),1) -> 2.3 | K14: 1 | P14: UP | Q14: FT-INDRWS | R14: ACT_BND | S14: =_xlfn.TEXTJOIN(",",TRUE,Regions!$C$3:$D$3) -> IE,National | T14: =+F14*(1+$N$1) -> 2.16 | U14: =+G14*(1+$N$1) -> 2.04 | V14: =+H14*(1+$N$1) -> 2.28 | W14: =+I14*(1+$N$1) -> 2.4 | X14: =+J14*(1+$N$1) -> 2.76 | Y14: 1
P15: LO | Q15: FT-INDCOK | R15: ACT_BND | S15: =_xlfn.TEXTJOIN(",",TRUE,Regions!$C$3:$D$3) -> IE,National | T15: =+F4*(1-$N$1) -> 4.8 | U15: =+G4*(1-$N$1) -> 4.64 | V15: =+H4*(1-$N$1) -> 4.24 | W15: =+I4*(1-$N$1) -> 4.88 | X15: =+J4*(1-$N$1) -> 4 | Y15: 1
F16: =SUM(F4:F15) -> 94.5 | G16: =SUM(G4:G15) -> 96.5 | H16: =SUM(H4:H15) -> 96.2 | I16: =SUM(I4:I15) -> 94.1 | J16: =SUM(J4:J15) -> 89.7 | P16: LO | Q16: FT-INDBIO | R16: ACT_BND | S16: =_xlfn.TEXTJOIN(",",TRUE,Regions!$C$3:$D$3) -> IE,National | T16: =+F5*(1-$N$1)*0.95 -> 4.94 | U16: =+G5*(1-$N$1) -> 4.96 | V16: =+H5*(1-$N$1) -> 4.64 | W16: =+I5*(1-$N$1) -> 4.24 | X16: =+J5*(1-$N$1) -> 4.4 | Y16: 1
P17: LO | Q17: FT-INDCOA | R17: ACT_BND | S17: =_xlfn.TEXTJOIN(",",TRUE,Regions!$C$3:$D$3) -> IE,National | T17: =+F6*(1-$N$1) -> 3.6 | U17: =+G6*(1-$N$1) -> 2.72 | V17: =+H6*(1-$N$1) -> 2.56 | W17: =+I6*(1-$N$1) -> 3.04 | X17: =+J6*(1-$N$1) -> 2.4 | Y17: 1
C18: FT-INDCOA | P18: * | Q18: FT-INDPEA,FT-INDWOO | R18: ACT_BND | S18: =_xlfn.TEXTJOIN(",",TRUE,Regions!$C$3:$D$3) -> IE,National | T18: =+F7*(1-$N$1)*0.95 -> 0.076 | U18: =+G7*(1-$N$1) -> 0 | V18: =+H7*(1-$N$1) -> 0 | W18: =+I7*(1-$N$1) -> 0 | X18: =+J7*(1-$N$1) -> 0 | Y18: 1
C19: FT-INDPEA | P19: LO | Q19: FT-INDELC | R19: ACT_BND | S19: =_xlfn.TEXTJOIN(",",TRUE,Regions!$C$3:$D$3) -> IE,National | T19: =+F8*(1-$N$1) -> 18.72 | U19: =+G8*(1-$N$1) -> 20.48 | V19: =+H8*(1-$N$1) -> 19.92 | W19: =+I8*(1-$N$1) -> 19.76 | X19: =+J8*(1-$N$1) -> 19.84 | Y19: 1
C20: FT-INDOIL | P20: LO | Q20: FT-INDNWS | R20: ACT_BND | S20: =_xlfn.TEXTJOIN(",",TRUE,Regions!$C$3:$D$3) -> IE,National | T20: =+F9*(1-3*$N$1) -> 0.92 | U20: =+G9*(1-3*$N$1) -> 0.96 | V20: =+H9*(1-3*$N$1) -> 0.92 | W20: =+I9*(1-3*$N$1) -> 0.92 | X20: =+J9*(1-3*$N$1) -> 1 | Y20: 5
C21: FT-INDCOK | P21: LO | Q21: FT-INDGAS | R21: ACT_BND | S21: =_xlfn.TEXTJOIN(",",TRUE,Regions!$C$3:$D$3) -> IE,National | T21: =+F10*(1-$N$1) -> 33.2 | U21: =+G10*(1-$N$1) -> 34.48 | V21: =+H10*(1-$N$1) -> 35.12 | W21: =+I10*(1-$N$1) -> 33.12 | X21: =+J10*(1-$N$1) -> 30.48 | Y21: 1
C22: FT-INDGAS | P22: * | Q22: * | R22: * | S22: *
C23: FT-INDELC | P23: * | Q23: FT-INDBGS | R23: ACT_BND | S23: =_xlfn.TEXTJOIN(",",TRUE,Regions!$C$3:$D$3) -> IE,National | T23: =+F12*(1-$N$1)*0.9 -> 0.144 | U23: =+G12*(1-$N$1) -> 0.16 | V23: =+H12*(1-$N$1) -> 0.24 | W23: =+I12*(1-$N$1) -> 0.24 | X23: =+J12*(1-$N$1) -> 0.24 | Y23: 1
C24: FT-INDBGS | P24: LO | Q24: FT-INDOIL | R24: ACT_BND | S24: =_xlfn.TEXTJOIN(",",TRUE,Regions!$C$3:$D$3) -> IE,National | T24: =+F13*(1-$N$1) -> 6.56 | U24: =+G13*(1-$N$1) -> 6.48 | V24: =+H13*(1-$N$1) -> 6.88 | W24: =+I13*(1-$N$1) -> 6.56 | X24: =+J13*(1-$N$1) -> 6.56 | Y24: 1
C25: FT-INDBIO | P25: LO | Q25: FT-INDRWS | R25: ACT_BND | S25: =_xlfn.TEXTJOIN(",",TRUE,Regions!$C$3:$D$3) -> IE,National | T25: =+F14*(1-3*$N$1) -> 0.72 | U25: =+G14*(1-3*$N$1) -> 0.68 | V25: =+H14*(1-3*$N$1) -> 0.76 | W25: =+I14*(1-3*$N$1) -> 0.8 | X25: =+J14*(1-3*$N$1) -> 0.92 | Y25: 5
C26: FT-INDRWS
C27: FT-INDNWS
C28: FT-INDH2G
C29: FT-INDH2L
C30: FT-INDWOO

Sheet RSD
M1: Calibration margin | N1: 0.02
B2: deact~TFM_INS-TS | P2: ~TFM_INS-TS
B3: LimType | C3: PSET_PN | D3: Attribute | E3: Region | F3: 2018 | G3: 2019 | H3: 2020 | I3: 2021 | J3: 2022 | K3: 0 | P3: LimType | Q3: PSET_PN | R3: Attribute | S3: Region | T3: 2018 | U3: 2019 | V3: 2020 | W3: 2021 | X3: 2022 | Y3: 0
B4: * | C4: FT-RSDBDL | D4: ACT_BND | E4: =_xlfn.TEXTJOIN(",",TRUE,Regions!$C$3:$D$3) -> IE,National | F4: =ROUNDUP(Conversions!$B$2*SUM('EB2018'!$AI$56),1) -> 0 | G4: =ROUNDUP(Conversions!$B$2*SUM('EB2019'!$AI$56),1) -> 0 | H4: =ROUNDUP(Conversions!$B$2*SUM('EB2020'!$AI$56),1) -> 0 | I4: =ROUNDUP(Conversions!$B$2*SUM('EB2021'!$AI$56),1) -> 0 | J4: =ROUNDUP(Conversions!$B$2*SUM('EB2022'!$AI$56),1) -> 0 | K4: 1 | P4: UP | Q4: FT-RSDBDL | R4: ACT_BND | S4: =_xlfn.TEXTJOIN(",",TRUE,Regions!$C$3:$D$3) -> IE,National | T4: =+F4*(1+$N$1) -> 0 | U4: =+G4*(1+$N$1) -> 0 | V4: =+H4*(1+$N$1) -> 0 | W4: =+I4*(1+$N$1) -> 0 | X4: =+J4*(1+$N$1) -> 0 | Y4: 1
C5: FT-RSDWOO | D5: ACT_BND | E5: =_xlfn.TEXTJOIN(",",TRUE,Regions!$C$3:$D$3) -> IE,National | F5: =ROUNDUP(Conversions!$B$2*SUM('EB2018'!$AE$56),1) -> 1.3 | G5: =ROUNDUP(Conversions!$B$2*SUM('EB2019'!$AE$56),1) -> 1.1 | H5: =ROUNDUP(Conversions!$B$2*SUM('EB2020'!$AE$56),1) -> 1.1 | I5: =ROUNDUP(Conversions!$B$2*SUM('EB2021'!$AE$56),1) -> 1.2 | J5: =ROUNDUP(Conversions!$B$2*SUM('EB2022'!$AE$56),1) -> 1 | K5: 1 | P5: UP | Q5: FT-RSDWOO | R5: ACT_BND | S5: =_xlfn.TEXTJOIN(",",TRUE,Regions!$C$3:$D$3) -> IE,National | T5: =+F5*(1+$N$1) -> 1.326 | U5: =+G5*(1+$N$1) -> 1.122 | V5: =+H5*(1+$N$1) -> 1.122 | W5: =+I5*(1+$N$1) -> 1.224 | X5: =+J5*(1+$N$1) -> 1.02 | Y5: 1
C6: FT-RSDCOA | D6: ACT_BND | E6: =_xlfn.TEXTJOIN(",",TRUE,Regions!$C$3:$D$3) -> IE,National | F6: =ROUNDUP(Conversions!$B$2*SUM('EB2018'!$C$56),1) -> 9.1 | G6: =ROUNDUP(Conversions!$B$2*SUM('EB2019'!$C$56),1) -> 7.8 | H6: =ROUNDUP(Conversions!$B$2*SUM('EB2020'!$C$56),1) -> 8.2 | I6: =ROUNDUP(Conversions!$B$2*SUM('EB2021'!$C$56),1) -> 7.8 | J6: =ROUNDUP(Conversions!$B$2*SUM('EB2022'!$C$56),1) -> 5.2 | K6: 1 | P6: UP | Q6: FT-RSDCOA | R6: ACT_BND | S6: =_xlfn.TEXTJOIN(",",TRUE,Regions!$C$3:$D$3) -> IE,National | T6: =+F6*(1+$N$1) -> 9.282 | U6: =+G6*(1+$N$1) -> 7.956 | V6: =+H6*(1+$N$1) -> 8.364 | W6: =+I6*(1+$N$1) -> 7.956 | X6: =+J6*(1+$N$1) -> 5.304 | Y6: 5
C7: FT-RSDPEA | D7: ACT_BND | E7: =_xlfn.TEXTJOIN(",",TRUE,Regions!$C$3:$D$3) -> IE,National | F7: =ROUNDUP(Conversions!$B$2*SUM('EB2018'!$H$56),1) -> 8.3 | G7: =ROUNDUP(Conversions!$B$2*SUM('EB2019'!$H$56),1) -> 7.7 | H7: =ROUNDUP(Conversions!$B$2*SUM('EB2020'!$H$56),1) -> 8 | I7: =ROUNDUP(Conversions!$B$2*SUM('EB2021'!$H$56),1) -> 7.6 | J7: =ROUNDUP(Conversions!$B$2*SUM('EB2022'!$H$56),1) -> 6.6 | K7: 1 | P7: UP | Q7: FT-RSDPEA | R7: ACT_BND | S7: =_xlfn.TEXTJOIN(",",TRUE,Regions!$C$3:$D$3) -> IE,National | T7: =+F7*(1+$N$1) -> 8.466 | U7: =+G7*(1+$N$1) -> 7.854 | V7: =+H7*(1+$N$1) -> 8.16 | W7: =+I7*(1+$N$1) -> 7.752 | X7: =+J7*(1+$N$1) -> 6.732 | Y7: 5
C8: FT-RSDELC | D8: ACT_BND | E8: =_xlfn.TEXTJOIN(",",TRUE,Regions!$C$3:$D$3) -> IE,National | F8: =ROUNDUP(Conversions!$B$2*SUM('EB2018'!$AO$56),1) -> 29.5 | G8: =ROUNDUP(Conversions!$B$2*SUM('EB2019'!$AO$56),1)+1.5 -> 30.8 | H8: =ROUNDUP(Conversions!$B$2*SUM('EB2020'!$AO$56),1) -> 31.4 | I8: =ROUNDUP(Conversions!$B$2*SUM('EB2021'!$AO$56),1) -> 31.8 | J8: =ROUNDUP(Conversions!$B$2*SUM('EB2022'!$AO$56),1) -> 30 | K8: 1 | P8: UP | Q8: FT-RSDELC | R8: ACT_BND | S8: =_xlfn.TEXTJOIN(",",TRUE,Regions!$C$3:$D$3) -> IE,National | T8: =+F8*(1+$N$1) -> 30.09 | U8: =+G8*(1+$N$1) -> 31.416 | V8: =+H8*(1+$N$1) -> 32.028 | W8: =+I8*(1+$N$1) -> 32.436 | X8: =+J8*(1+$N$1) -> 30.6 | Y8: 1
B9: * | C9: FT-RSDETH | D9: ACT_BND | E9: =_xlfn.TEXTJOIN(",",TRUE,Regions!$C$3:$D$3) -> IE,National | F9: =ROUNDUP(Conversions!$B$2*SUM('EB2018'!$AJ$56),1) -> 0 | G9: =ROUNDUP(Conversions!$B$2*SUM('EB2019'!$AJ$56),1) -> 0 | H9: =ROUNDUP(Conversions!$B$2*SUM('EB2020'!$AJ$56),1) -> 0 | I9: =ROUNDUP(Conversions!$B$2*SUM('EB2021'!$AJ$56),1) -> 0 | J9: =ROUNDUP(Conversions!$B$2*SUM('EB2022'!$AJ$56),1) -> 0 | K9: 1 | P9: UP | Q9: FT-RSDETH | R9: ACT_BND | S9: =_xlfn.TEXTJOIN(",",TRUE,Regions!$C$3:$D$3) -> IE,National | T9: =+F9*(1+$N$1) -> 0 | U9: =+G9*(1+$N$1) -> 0 | V9: =+H9*(1+$N$1) -> 0 | W9: =+I9*(1+$N$1) -> 0 | X9: =+J9*(1+$N$1) -> 0 | Y9: 1
C10: FT-RSDGAS | D10: ACT_BND | E10: =_xlfn.TEXTJOIN(",",TRUE,Regions!$C$3:$D$3) -> IE,National | F10: =ROUNDUP(Conversions!$B$2*SUM('EB2018'!$AA$56),1) -> 25.3 | G10: =ROUNDUP(Conversions!$B$2*SUM('EB2019'!$AA$56),1) -> 24.8 | H10: =ROUNDUP(Conversions!$B$2*SUM('EB2020'!$AA$56),1) -> 24.7 | I10: =ROUNDUP(Conversions!$B$2*SUM('EB2021'!$AA$56),1) -> 25 | J10: =ROUNDUP(Conversions!$B$2*SUM('EB2022'!$AA$56),1) -> 22.7 | K10: 1 | P10: UP | Q10: FT-RSDGAS | R10: ACT_BND | S10: =_xlfn.TEXTJOIN(",",TRUE,Regions!$C$3:$D$3) -> IE,National | T10: =+F10*(1+$N$1) -> 25.806 | U10: =+G10*(1+$N$1) -> 25.296 | V10: =+H10*(1+$N$1) -> 25.194 | W10: =+I10*(1+$N$1) -> 25.5 | X10: =+J10*(1+$N$1) -> 23.154 | Y10: 1
B11: * | C11: FT-RSDHET | D11: ACT_BND | E11: =_xlfn.TEXTJOIN(",",TRUE,Regions!$C$3:$D$3) -> IE,National | F11: =ROUNDUP(Conversions!$B$2*SUM('EB2018'!$AP$56),1) -> 0 | G11: =ROUNDUP(Conversions!$B$2*SUM('EB2019'!$AP$56),1) -> 0 | H11: =ROUNDUP(Conversions!$B$2*SUM('EB2020'!$AP$56),1) -> 0 | I11: =ROUNDUP(Conversions!$B$2*SUM('EB2021'!$AP$56),1) -> 0 | J11: =ROUNDUP(Conversions!$B$2*SUM('EB2022'!$AP$56),1) -> 0 | K11: 1 | P11: UP | Q11: FT-RSDHET | R11: ACT_BND | S11: =_xlfn.TEXTJOIN(",",TRUE,Regions!$C$3:$D$3) -> IE,National | T11: =+F11*(1+$N$1) -> 0 | U11: =+G11*(1+$N$1) -> 0 | V11: =+H11*(1+$N$1) -> 0 | W11: =+I11*(1+$N$1) -> 0 | X11: =+J11*(1+$N$1) -> 0 | Y11: 1
C12: FT-RSDLPG | D12: ACT_BND | E12: =_xlfn.TEXTJOIN(",",TRUE,Regions!$C$3:$D$3) -> IE,National | F12: =ROUNDUP(Conversions!$B$2*SUM('EB2018'!$T$56),1) -> 2.3 | G12: =ROUNDUP(Conversions!$B$2*SUM('EB2019'!$T$56),1) -> 2.1 | H12: =ROUNDUP(Conversions!$B$2*SUM('EB2020'!$T$56),1) -> 2.4 | I12: =ROUNDUP(Conversions!$B$2*SUM('EB2021'!$T$56),1) -> 2.1 | J12: =ROUNDUP(Conversions!$B$2*SUM('EB2022'!$T$56),1) -> 1.9 | K12: 1 | P12: UP | Q12: FT-RSDLPG | R12: ACT_BND | S12: =_xlfn.TEXTJOIN(",",TRUE,Regions!$C$3:$D$3) -> IE,National | T12: =+F12*(1+$N$1) -> 2.346 | U12: =+G12*(1+$N$1) -> 2.142 | V12: =+H12*(1+$N$1) -> 2.448 | W12: =+I12*(1+$N$1) -> 2.142 | X12: =+J12*(1+$N$1) -> 1.938 | Y12: 1
C13: FT-RSDKER | D13: ACT_BND | E13: =_xlfn.TEXTJOIN(",",TRUE,Regions!$C$3:$D$3) -> IE,National | F13: =ROUNDUP(Conversions!$B$2*SUM('EB2018'!$Q$56,'EB2018'!$U$56,'EB2018'!$V$56),1) -> 50.5 | G13: =ROUNDUP(Conversions!$B$2*SUM('EB2019'!$Q$56,'EB2019'!$U$56,'EB2019'!$V$56),1) -> 49.9 | H13: =ROUNDUP(Conversions!$B$2*SUM('EB2020'!$Q$56,'EB2020'!$U$56,'EB2020'!$V$56),1) -> 57.2 | I13: =ROUNDUP(Conversions!$B$2*SUM('EB2021'!$Q$56,'EB2021'!$U$56,'EB2021'!$V$56),1) -> 52.3 | J13: =ROUNDUP(Conversions!$B$2*SUM('EB2022'!$Q$56,'EB2021'!$U$56,'EB2021'!$V$56),1) -> 46.1 | K13: 1 | P13: UP | Q13: FT-RSDKER | R13: ACT_BND | S13: =_xlfn.TEXTJOIN(",",TRUE,Regions!$C$3:$D$3) -> IE,National | T13: =+F13*(1+$N$1) -> 51.51 | U13: =+G13*(1+$N$1) -> 50.898 | V13: =+H13*(1+$N$1) -> 58.344 | W13: =+I13*(1+$N$1) -> 53.346 | X13: =+J13*(1+$N$1) -> 47.022 | Y13: 5
C14: FT-RSDSOL | D14: ACT_BND | E14: =_xlfn.TEXTJOIN(",",TRUE,Regions!$C$3:$D$3) -> IE,National | F14: =ROUNDUP(Conversions!$B$2*SUM('EB2018'!$AL$56),1) -> 0.6 | G14: =ROUNDUP(Conversions!$B$2*SUM('EB2019'!$AL$56),1) -> 0.6 | H14: =ROUNDUP(Conversions!$B$2*SUM('EB2020'!$AL$56),1) -> 0.6 | I14: =ROUNDUP(Conversions!$B$2*SUM('EB2021'!$AL$56),1) -> 0.6 | J14: =ROUNDUP(Conversions!$B$2*SUM('EB2022'!$AL$56),1) -> 0.6 | K14: 1 | P14: UP | Q14: FT-RSDBGS | R14: ACT_BND | S14: =_xlfn.TEXTJOIN(",",TRUE,Regions!$C$3:$D$3) -> IE,National | T14: 0 | U14: 0 | V14: 0 | W14: 0 | X14: 0 | Y14: 1
P15: * | Q15: FT-RSDBDL | R15: ACT_BND | S15: =_xlfn.TEXTJOIN(",",TRUE,Regions!$C$3:$D$3) -> IE,National | T15: =+F4*(1-$N$1) -> 0 | U15: =+G4*(1-$N$1) -> 0 | V15: =+H4*(1-$N$1) -> 0 | W15: =+I4*(1-$N$1) -> 0 | X15: =+J4*(1-$N$1) -> 0 | Y15: 1
P16: LO | Q16: FT-RSDWOO | R16: ACT_BND | S16: =_xlfn.TEXTJOIN(",",TRUE,Regions!$C$3:$D$3) -> IE,National | T16: =+F5*(1-$N$1)*0.95 -> 1.2103 | U16: =+G5*(1-$N$1) -> 1.078 | V16: =+H5*(1-$N$1) -> 1.078 | W16: =+I5*(1-$N$1) -> 1.176 | X16: =+J5*(1-$N$1) -> 0.98 | Y16: 1
P17: LO | Q17: FT-RSDCOA | R17: ACT_BND | S17: =_xlfn.TEXTJOIN(",",TRUE,Regions!$C$3:$D$3) -> IE,National | T17: =+F6*(1-$N$1) -> 8.918 | U17: =+G6*(1-$N$1) -> 7.644 | V17: =+H6*(1-$N$1) -> 8.036 | W17: =+I6*(1-$N$1) -> 7.644 | X17: =+J6*(1-$N$1) -> 5.096 | Y17: 1
P18: LO | Q18: FT-RSDPEA | R18: ACT_BND | S18: =_xlfn.TEXTJOIN(",",TRUE,Regions!$C$3:$D$3) -> IE,National | T18: =+F7*(1-$N$1)*0.95 -> 7.7273 | U18: =+G7*(1-$N$1) -> 7.546 | V18: =+H7*(1-$N$1) -> 7.84 | W18: =+I7*(1-$N$1) -> 7.448 | X18: =+J7*(1-$N$1) -> 6.468 | Y18: 1
P19: LO | Q19: FT-RSDELC | R19: ACT_BND | S19: =_xlfn.TEXTJOIN(",",TRUE,Regions!$C$3:$D$3) -> IE,National | T19: =+F8*(1-$N$1) -> 28.91 | U19: =+G8*(1-$N$1) -> 30.184 | V19: =+H8*(1-$N$1) -> 30.772 | W19: =+I8*(1-$N$1) -> 31.164 | X19: =+J8*(1-$N$1) -> 29.4 | Y19: 1
P20: * | Q20: FT-RSDETH | R20: ACT_BND | S20: =_xlfn.TEXTJOIN(",",TRUE,Regions!$C$3:$D$3) -> IE,National | T20: =+F9*(1-$N$1) -> 0 | U20: =+G9*(1-$N$1) -> 0 | V20: =+H9*(1-$N$1) -> 0 | W20: =+I9*(1-$N$1) -> 0 | X20: =+J9*(1-$N$1) -> 0 | Y20: 1
P21: LO | Q21: FT-RSDGAS | R21: ACT_BND | S21: =_xlfn.TEXTJOIN(",",TRUE,Regions!$C$3:$D$3) -> IE,National | T21: =+F10*(1-$N$1) -> 24.794 | U21: =+G10*(1-$N$1) -> 24.304 | V21: =+H10*(1-$N$1) -> 24.206 | W21: =+I10*(1-$N$1) -> 24.5 | X21: =+J10*(1-$N$1) -> 22.246 | Y21: 1
P22: * | Q22: FT-RSDHET | R22: ACT_BND | S22: =_xlfn.TEXTJOIN(",",TRUE,Regions!$C$3:$D$3) -> IE,National | T22: =+F11*(1-$N$1) -> 0 | U22: =+G11*(1-$N$1) -> 0 | V22: =+H11*(1-$N$1) -> 0 | W22: =+I11*(1-$N$1) -> 0 | X22: =+J11*(1-$N$1) -> 0 | Y22: 1
P23: LO | Q23: FT-RSDLPG | R23: ACT_BND | S23: =_xlfn.TEXTJOIN(",",TRUE,Regions!$C$3:$D$3) -> IE,National | T23: =+F12*(1-$N$1)*0.8 -> 1.8032 | U23: =+G12*(1-$N$1)*0.8 -> 1.6464 | V23: =+H12*(1-$N$1)*0.8 -> 1.8816 | W23: =+I12*(1-$N$1)*0.8 -> 1.6464 | X23: =+J12*(1-$N$1)*0.8 -> 1.4896 | Y23: 1
P24: LO | Q24: FT-RSDKER | R24: ACT_BND | S24: =_xlfn.TEXTJOIN(",",TRUE,Regions!$C$3:$D$3) -> IE,National | T24: =+F13*(1-$N$1) -> 49.49 | U24: =+G13*(1-$N$1) -> 48.902 | V24: =+H13*(1-$N$1) -> 56.056 | W24: =+I13*(1-$N$1) -> 51.254 | X24: =+J13*(1-$N$1) -> 45.178 | Y24: 1
P25: * | Q25: FT-RSDSOL | R25: ACT_BND | S25: =_xlfn.TEXTJOIN(",",TRUE,Regions!$C$3:$D$3) -> IE,National | T25: =+F14*(1-$N$1) -> 0.588 | U25: =+G14*(1-$N$1) -> 0.588 | V25: =+H14*(1-$N$1) -> 0.588 | W25: =+I14*(1-$N$1) -> 0.588 | X25: =+J14*(1-$N$1) -> 0.588 | Y25: 1

Sheet SRV
M1: Calibration margin | N1: 0.03
B2: deact~TFM_INS-TS | P2: ~TFM_INS-TS
B3: LimType | C3: PSET_PN | D3: Attribute | E3: Region | F3: 2018 | G3: 2019 | H3: 2020 | I3: 2021 | J3: 2022 | K3: 0 | P3: LimType | Q3: PSET_PN | R3: Attribute | S3: Region | T3: 2018 | U3: 2019 | V3: 2020 | W3: 2021 | X3: 2022 | Y3: 0
C4: FT-SRVAHT | D4: ACT_BND | E4: =_xlfn.TEXTJOIN(",",TRUE,Regions!$C$3:$D$3) -> IE,National | F4: =ROUNDUP(Conversions!$B$2*SUM('EB2018'!$AM$57),1) -> 0.7 | G4: =ROUNDUP(Conversions!$B$2*SUM('EB2019'!$AM$57),1) -> 0.7 | H4: =ROUNDUP(Conversions!$B$2*SUM('EB2020'!$AM$57),1) -> 0.9 | I4: =ROUNDUP(Conversions!$B$2*SUM('EB2021'!$AM$57),1) -> 1 | J4: =0.31+ROUNDUP(Conversions!$B$2*SUM('EB2022'!$AM$57),1) -> 1.31 | K4: 1 | P4: UP | Q4: FT-SRVAHT | R4: ACT_BND | S4: =_xlfn.TEXTJOIN(",",TRUE,Regions!$C$3:$D$3) -> IE,National | T4: =+F4*(2+$N$1) -> 1.421 | U4: =+G4*(2+$N$1) -> 1.421 | V4: =+H4*(2+$N$1) -> 1.827 | W4: =+I4*(2+$N$1) -> 2.03 | X4: =+J4*(2+$N$1) -> 2.6593 | Y4: 1
C5: FT-SRVBDL | D5: ACT_BND | E5: =_xlfn.TEXTJOIN(",",TRUE,Regions!$C$3:$D$3) -> IE,National | F5: =ROUNDUP(Conversions!$B$2*SUM('EB2018'!$AI$57),1) -> 0 | G5: =ROUNDUP(Conversions!$B$2*SUM('EB2019'!$AI$57),1) -> 0 | H5: =ROUNDUP(Conversions!$B$2*SUM('EB2020'!$AI$57),1) -> 0 | I5: =ROUNDUP(Conversions!$B$2*SUM('EB2021'!$AI$57),1) -> 0 | J5: =ROUNDUP(Conversions!$B$2*SUM('EB2022'!$AI$57),1) -> 0 | K5: 1 | P5: UP | Q5: FT-SRVBDL | R5: ACT_BND | S5: =_xlfn.TEXTJOIN(",",TRUE,Regions!$C$3:$D$3) -> IE,National | T5: =+F5*(1+$N$1) -> 0 | U5: =+G5*(1+$N$1) -> 0 | V5: =+H5*(1+$N$1) -> 0 | W5: =+I5*(1+$N$1) -> 0 | X5: =+J5*(1+$N$1) -> 0 | Y5: 1
C6: FT-SRVBGS | D6: ACT_BND | E6: =_xlfn.TEXTJOIN(",",TRUE,Regions!$C$3:$D$3) -> IE,National | F6: =ROUNDUP(Conversions!$B$2*SUM('EB2018'!$AH$57),1) -> 0.3 | G6: =ROUNDUP(Conversions!$B$2*SUM('EB2019'!$AH$57),1) -> 0.3 | H6: =ROUNDUP(Conversions!$B$2*SUM('EB2020'!$AH$57),1) -> 0.3 | I6: =ROUNDUP(Conversions!$B$2*SUM('EB2021'!$AH$57),1) -> 0.3 | J6: =ROUNDUP(Conversions!$B$2*SUM('EB2022'!$AH$57),1) -> 0.3 | K6: 1 | P6: UP | Q6: FT-SRVBGS | R6: ACT_BND | S6: =_xlfn.TEXTJOIN(",",TRUE,Regions!$C$3:$D$3) -> IE,National | T6: =+F6*(1+$N$1) -> 0.309 | U6: =+G6*(1+$N$1) -> 0.309 | V6: =+H6*(1+$N$1) -> 0.309 | W6: =+I6*(1+$N$1) -> 0.309 | X6: =+J6*(1+$N$1) -> 0.309 | Y6: 1
C7: FT-SRVBIO | D7: ACT_BND | E7: =_xlfn.TEXTJOIN(",",TRUE,Regions!$C$3:$D$3) -> IE,National | F7: =ROUNDUP(Conversions!$B$2*SUM('EB2018'!$AE$57),1) -> 0.8 | G7: =ROUNDUP(Conversions!$B$2*SUM('EB2019'!$AE$57),1) -> 0.6 | H7: =ROUNDUP(Conversions!$B$2*SUM('EB2020'!$AE$57),1) -> 0.7 | I7: =ROUNDUP(Conversions!$B$2*SUM('EB2021'!$AE$57),1) -> 0.8 | J7: =ROUNDUP(Conversions!$B$2*SUM('EB2022'!$AE$57),1) -> 0.9 | K7: 1 | P7: UP | Q7: FT-SRVBIO | R7: ACT_BND | S7: =_xlfn.TEXTJOIN(",",TRUE,Regions!$C$3:$D$3) -> IE,National | T7: =+F7*(1+$N$1)*1.03 -> 0.84872 | U7: =+G7*(1+$N$1) -> 0.618 | V7: =+H7*(1+$N$1) -> 0.721 | W7: =+I7*(1+$N$1) -> 0.824 | X7: =+J7*(1+$N$1) -> 0.927 | Y7: 1
C8: FT-SRVCOA | D8: ACT_BND | E8: =_xlfn.TEXTJOIN(",",TRUE,Regions!$C$3:$D$3) -> IE,National | F8: =ROUNDUP(Conversions!$B$2*SUM('EB2018'!$C$57),1) -> 0.1 | G8: =ROUNDUP(Conversions!$B$2*SUM('EB2019'!$C$57),1) -> 0.1 | H8: =ROUNDUP(Conversions!$B$2*SUM('EB2020'!$C$57),1) -> 0.1 | I8: =ROUNDUP(Conversions!$B$2*SUM('EB2021'!$C$57),1) -> 0.1 | J8: =ROUNDUP(Conversions!$B$2*SUM('EB2022'!$C$57),1) -> 0.1 | K8: 1 | P8: UP | Q8: FT-SRVCOA | R8: ACT_BND | S8: =_xlfn.TEXTJOIN(",",TRUE,Regions!$C$3:$D$3) -> IE,National | T8: =+F8*(1+$N$1) -> 0.103 | U8: =+G8*(1+$N$1) -> 0.103 | V8: =+H8*(1+$N$1) -> 0.103 | W8: =+I8*(1+$N$1) -> 0.103 | X8: =+J8*(1+$N$1) -> 0.103 | Y8: 5
C9: FT-SRVELC | D9: ACT_BND | E9: =_xlfn.TEXTJOIN(",",TRUE,Regions!$C$3:$D$3) -> IE,National | F9: =ROUNDUP(Conversions!$B$2*SUM('EB2018'!$AO$57),1) -> 45.4 | G9: =ROUNDUP(Conversions!$B$2*SUM('EB2019'!$AO$57),1) -> 46.9 | H9: =ROUNDUP(Conversions!$B$2*SUM('EB2020'!$AO$57),1) -> 44.6 | I9: =ROUNDUP(Conversions!$B$2*SUM('EB2021'!$AO$57),1) -> 49.1 | J9: =ROUNDUP(Conversions!$B$2*SUM('EB2022'!$AO$57),1) -> 53.7 | K9: 1 | P9: UP | Q9: FT-SRVELC | R9: ACT_BND | S9: =_xlfn.TEXTJOIN(",",TRUE,Regions!$C$3:$D$3) -> IE,National | T9: =+F9*(1+$N$1) -> 46.762 | U9: =+G9*(1+$N$1) -> 48.307 | V9: =+H9*(1+$N$1) -> 45.938 | W9: =+I9*(1+$N$1) -> 50.573 | X9: =+J9*(1+$N$1) -> 55.311 | Y9: 1
C10: FT-SRVETH | D10: ACT_BND | E10: =_xlfn.TEXTJOIN(",",TRUE,Regions!$C$3:$D$3) -> IE,National | F10: =ROUNDUP(Conversions!$B$2*SUM('EB2018'!$AJ$57),1) -> 0 | G10: =ROUNDUP(Conversions!$B$2*SUM('EB2019'!$AJ$57),1) -> 0 | H10: =ROUNDUP(Conversions!$B$2*SUM('EB2020'!$AJ$57),1) -> 0 | I10: =ROUNDUP(Conversions!$B$2*SUM('EB2021'!$AJ$57),1) -> 0 | J10: =ROUNDUP(Conversions!$B$2*SUM('EB2022'!$AJ$57),1) -> 0 | K10: 1 | P10: UP | Q10: FT-SRVETH | R10: ACT_BND | S10: =_xlfn.TEXTJOIN(",",TRUE,Regions!$C$3:$D$3) -> IE,National | T10: =+F10*(1+$N$1) -> 0 | U10: =+G10*(1+$N$1) -> 0 | V10: =+H10*(1+$N$1) -> 0 | W10: =+I10*(1+$N$1) -> 0 | X10: =+J10*(1+$N$1) -> 0 | Y10: 1
C11: FT-SRVGAS | D11: ACT_BND | E11: =_xlfn.TEXTJOIN(",",TRUE,Regions!$C$3:$D$3) -> IE,National | F11: =ROUNDUP(Conversions!$B$2*SUM('EB2018'!$AA$57),1) -> 14.5 | G11: =ROUNDUP(Conversions!$B$2*SUM('EB2019'!$AA$57),1) -> 14.2 | H11: =ROUNDUP(Conversions!$B$2*SUM('EB2020'!$AA$57),1) -> 12.9 | I11: =ROUNDUP(Conversions!$B$2*SUM('EB2021'!$AA$57),1) -> 14.7 | J11: =ROUNDUP(Conversions!$B$2*SUM('EB2022'!$AA$57),1) -> 14.4 | K11: 1 | P11: UP | Q11: FT-SRVGAS | R11: ACT_BND | S11: =_xlfn.TEXTJOIN(",",TRUE,Regions!$C$3:$D$3) -> IE,National | T11: =+F11*(1+$N$1) -> 14.935 | U11: =+G11*(1+$N$1) -> 14.626 | V11: =+H11*(1+$N$1) -> 13.287 | W11: =+I11*(1+$N$1) -> 15.141 | X11: =+J11*(1+$N$1) -> 14.832 | Y11: 1
C12: FT-SRVHET | D12: ACT_BND | E12: =_xlfn.TEXTJOIN(",",TRUE,Regions!$C$3:$D$3) -> IE,National | F12: =ROUNDUP(Conversions!$B$2*SUM('EB2018'!$AP$57),1) -> 0 | G12: =ROUNDUP(Conversions!$B$2*SUM('EB2019'!$AP$57),1) -> 0 | H12: =ROUNDUP(Conversions!$B$2*SUM('EB2020'!$AP$57),1) -> 0 | I12: =ROUNDUP(Conversions!$B$2*SUM('EB2021'!$AP$57),1) -> 0 | J12: =ROUNDUP(Conversions!$B$2*SUM('EB2022'!$AP$57),1) -> 0 | K12: 1 | P12: UP | Q12: FT-SRVHET | R12: ACT_BND | S12: =_xlfn.TEXTJOIN(",",TRUE,Regions!$C$3:$D$3) -> IE,National | T12: =+F12*(1+$N$1) -> 0 | U12: =+G12*(1+$N$1) -> 0 | V12: =+H12*(1+$N$1) -> 0 | W12: =+I12*(1+$N$1) -> 0 | X12: =+J12*(1+$N$1) -> 0 | Y12: 1
C13: FT-SRVLPG | D13: ACT_BND | E13: =_xlfn.TEXTJOIN(",",TRUE,Regions!$C$3:$D$3) -> IE,National | F13: =ROUNDUP(Conversions!$B$2*SUM('EB2018'!$T$57),1) -> 2.8 | G13: =ROUNDUP(Conversions!$B$2*SUM('EB2019'!$T$57),1) -> 3 | H13: =ROUNDUP(Conversions!$B$2*SUM('EB2020'!$T$57),1) -> 2.3 | I13: =ROUNDUP(Conversions!$B$2*SUM('EB2021'!$T$57),1) -> 2.6 | J13: =ROUNDUP(Conversions!$B$2*SUM('EB2022'!$T$57),1) -> 2.7 | K13: 1 | P13: UP | Q13: FT-SRVLPG | R13: ACT_BND | S13: =_xlfn.TEXTJOIN(",",TRUE,Regions!$C$3:$D$3) -> IE,National | T13: =+F13*(1+$N$1) -> 2.884 | U13: =+G13*(1+$N$1) -> 3.09 | V13: =+H13*(1+$N$1) -> 2.369 | W13: =+I13*(1+$N$1) -> 2.678 | X13: =+J13*(1+$N$1) -> 2.781 | Y13: 5
C14: FT-SRVOIL | D14: ACT_BND | E14: =_xlfn.TEXTJOIN(",",TRUE,Regions!$C$3:$D$3) -> IE,National | F14: =ROUNDUP(Conversions!$B$2*SUM('EB2018'!$Q$57,'EB2018'!$S$57,'EB2018'!$U$57),1) -> 7.1 | G14: =ROUNDUP(Conversions!$B$2*SUM('EB2019'!$Q$57,'EB2019'!$S$57,'EB2019'!$U$57),1) -> 6.4 | H14: =ROUNDUP(Conversions!$B$2*SUM('EB2020'!$Q$57,'EB2020'!$S$57,'EB2020'!$U$57),1) -> 5.8 | I14: =ROUNDUP(Conversions!$B$2*SUM('EB2021'!$Q$57,'EB2021'!$S$57,'EB2021'!$U$57),1) -> 5.6 | J14: =ROUNDUP(Conversions!$B$2*SUM('EB2022'!$Q$57,'EB2021'!$S$57,'EB2021'!$U$57),1) -> 5.3 | K14: 1 | P14: UP | Q14: FT-SRVOIL | R14: ACT_BND | S14: =_xlfn.TEXTJOIN(",",TRUE,Regions!$C$3:$D$3) -> IE,National | T14: =+F14*(1+$N$1) -> 7.313 | U14: =+G14*(1+$N$1) -> 6.592 | V14: =+H14*(1+$N$1) -> 5.974 | W14: =+I14*(1+$N$1) -> 5.768 | X14: =+J14*(1+$N$1) -> 5.459 | Y14: 5
C15: FT-SRVSOL | D15: ACT_BND | E15: =_xlfn.TEXTJOIN(",",TRUE,Regions!$C$3:$D$3) -> IE,National | F15: =ROUNDUP(Conversions!$B$2*SUM('EB2018'!$AL$57),1) -> 0.1 | G15: =ROUNDUP(Conversions!$B$2*SUM('EB2019'!$AL$57),1) -> 0.1 | H15: =ROUNDUP(Conversions!$B$2*SUM('EB2020'!$AL$57),1) -> 0.1 | I15: =ROUNDUP(Conversions!$B$2*SUM('EB2021'!$AL$57),1) -> 0.1 | J15: =ROUNDUP(Conversions!$B$2*SUM('EB2022'!$AL$57),1) -> 0.1 | K15: 1 | P15: UP | Q15: FT-SRVSOL | R15: ACT_BND | S15: =_xlfn.TEXTJOIN(",",TRUE,Regions!$C$3:$D$3) -> IE,National | T15: =+F15*(5+$N$1) -> 0.503 | U15: =+G15*(5+$N$1) -> 0.503 | V15: =+H15*(5+$N$1) -> 0.503 | W15: =+I15*(5+$N$1) -> 0.503 | X15: =+J15*(5+$N$1) -> 0.503 | Y15: 1
P16: * | Q16: FT-SRVAHT | R16: ACT_BND | S16: =_xlfn.TEXTJOIN(",",TRUE,Regions!$C$3:$D$3) -> IE,National | T16: =+F4*(1-$N$1) -> 0.679 | U16: =+G4*(1-$N$1) -> 0.679 | V16: =+H4*(1-$N$1) -> 0.873 | W16: =+I4*(1-$N$1) -> 0.97 | X16: =+J4*(1-$N$1) -> 1.2707 | Y16: 1
P17: * | Q17: FT-SRVBDL | R17: ACT_BND | S17: =_xlfn.TEXTJOIN(",",TRUE,Regions!$C$3:$D$3) -> IE,National | T17: =+F5*(1-$N$1) -> 0 | U17: =+G5*(1-$N$1) -> 0 | V17: =+H5*(1-$N$1) -> 0 | W17: =+I5*(1-$N$1) -> 0 | X17: =+J5*(1-$N$1) -> 0 | Y17: 1
P18: * | Q18: FT-SRVBGS | R18: ACT_BND | S18: =_xlfn.TEXTJOIN(",",TRUE,Regions!$C$3:$D$3) -> IE,National | T18: =+F6*(1-$N$1) -> 0.291 | U18: =+G6*(1-$N$1) -> 0.291 | V18: =+H6*(1-$N$1) -> 0.291 | W18: =+I6*(1-$N$1) -> 0.291 | X18: =+J6*(1-$N$1) -> 0.291 | Y18: 1
P19: LO | Q19: FT-SRVBIO | R19: ACT_BND | S19: =_xlfn.TEXTJOIN(",",TRUE,Regions!$C$3:$D$3) -> IE,National | T19: =+F7*(1-$N$1)*0.93 -> 0.72168 | U19: =+G7*(1-$N$1) -> 0.582 | V19: =+H7*(1-$N$1) -> 0.679 | W19: =+I7*(1-$N$1) -> 0.776 | X19: =+J7*(1-$N$1) -> 0.873 | Y19: 1
P20: * | Q20: FT-SRVCOA | R20: ACT_BND | S20: =_xlfn.TEXTJOIN(",",TRUE,Regions!$C$3:$D$3) -> IE,National | T20: =+F8*(1-$N$1) -> 0.097 | U20: =+G8*(1-$N$1) -> 0.097 | V20: =+H8*(1-$N$1) -> 0.097 | W20: =+I8*(1-$N$1) -> 0.097 | X20: =+J8*(1-$N$1) -> 0.097 | Y20: 1
P21: LO | Q21: FT-SRVELC | R21: ACT_BND | S21: =_xlfn.TEXTJOIN(",",TRUE,Regions!$C$3:$D$3) -> IE,National | T21: =+F9*(1-$N$1) -> 44.038 | U21: =+G9*(1-$N$1) -> 45.493 | V21: =+H9*(1-$N$1) -> 43.262 | W21: =+I9*(1-$N$1) -> 47.627 | X21: =+J9*(1-$N$1) -> 52.089 | Y21: 1
P22: * | Q22: FT-SRVETH | R22: ACT_BND | S22: =_xlfn.TEXTJOIN(",",TRUE,Regions!$C$3:$D$3) -> IE,National | T22: =+F10*(1-$N$1) -> 0 | U22: =+G10*(1-$N$1) -> 0 | V22: =+H10*(1-$N$1) -> 0 | W22: =+I10*(1-$N$1) -> 0 | X22: =+J10*(1-$N$1) -> 0 | Y22: 1
P23: LO | Q23: FT-SRVGAS | R23: ACT_BND | S23: =_xlfn.TEXTJOIN(",",TRUE,Regions!$C$3:$D$3) -> IE,National | T23: =+F11*(1-$N$1)*0.97 -> 13.64305 | U23: =+G11*(1-$N$1) -> 13.774 | V23: =+H11*(1-$N$1) -> 12.513 | W23: =+I11*(1-$N$1) -> 14.259 | X23: =+J11*(1-$N$1) -> 13.968 | Y23: 1
P24: * | Q24: FT-SRVHET | R24: ACT_BND | S24: =_xlfn.TEXTJOIN(",",TRUE,Regions!$C$3:$D$3) -> IE,National | T24: =+F12*(1-$N$1) -> 0 | U24: =+G12*(1-$N$1) -> 0 | V24: =+H12*(1-$N$1) -> 0 | W24: =+I12*(1-$N$1) -> 0 | X24: =+J12*(1-$N$1) -> 0 | Y24: 1
P25: LO | Q25: FT-SRVLPG | R25: ACT_BND | S25: =_xlfn.TEXTJOIN(",",TRUE,Regions!$C$3:$D$3) -> IE,National | T25: =+F13*(1-$N$1) -> 2.716 | U25: =+G13*(1-$N$1) -> 2.91 | V25: =+H13*(1-$N$1) -> 2.231 | W25: =+I13*(1-$N$1) -> 2.522 | X25: =+J13*(1-$N$1) -> 2.619 | Y25: 1
P26: LO | Q26: FT-SRVOIL | R26: ACT_BND | S26: =_xlfn.TEXTJOIN(",",TRUE,Regions!$C$3:$D$3) -> IE,National | T26: =+F14*(1-$N$1) -> 6.887 | U26: =+G14*(1-$N$1) -> 6.208 | V26: =+H14*(1-$N$1) -> 5.626 | W26: =+I14*(1-$N$1) -> 5.432 | X26: =+J14*(1-$N$1) -> 5.141 | Y26: 1
P27: * | Q27: FT-SRVSOL | R27: ACT_BND | S27: =_xlfn.TEXTJOIN(",",TRUE,Regions!$C$3:$D$3) -> IE,National | T27: =+F15*(1-$N$1) -> 0.097 | U27: =+G15*(1-$N$1) -> 0.097 | V27: =+H15*(1-$N$1) -> 0.097 | W27: =+I15*(1-$N$1) -> 0.097 | X27: =+J15*(1-$N$1) -> 0.097 | Y27: 1

Sheet TRA
G4: =IF(RIGHT(B2,1)<>" ","UC_T","") -> UC_T
B5: UC_N | C5: Cset_CN | D5: Cset_Set | E5: Pset_PN | F5: Year | G5: LimType | H5: UC_COMPRD | I5: UC_RHSTS | J5: UC_Desc
B6: *Units | I6: *kt
B7: ="UC_Historic_"&C7&"-cons_Multi" -> UC_Historic_TRABDL-cons_Multi | C7: TRABDL | F7: 2018 | G7: UP | H7: 1 | I7: =F49 -> 5.9 | J7: Historic biodiesel consumption in TRA - Multi
F8: 2019 | G8: UP | I8: =G49 -> 6.8
F9: 2020 | G9: UP | I9: =H49 -> 6.5
F10: 2021 | G10: UP | I10: =I49 -> 6.7
F11: 2022 | G11: UP | I11: =J49 -> 8.4
F12: 0 | I12: =VLOOKUP("Value", 'CO2-config'!$B$4:$D$14,MATCH($F12,'CO2-config'!$B$6:$D$6,),FALSE) -> 1
B13: ="UC_Historic_"&C13&"-cons_Multi" -> UC_Historic_TRADST-cons_Multi | C13: TRADST | F13: 2018 | G13: UP | H13: 1 | I13: =F50 -> 141.9 | J13: Historic diesel consumption in TRA - Multi
F14: 2019 | G14: UP | I14: =G50 -> 133.22
F15: 2020 | G15: UP | I15: =H50 -> 113.3
F16: 2021 | G16: UP | I16: =I50 -> 120.9
F17: 2022 | G17: UP | I17: =J50 -> 126.3
F18: 0 | I18: =VLOOKUP("Value", 'CO2-config'!$B$4:$D$14,MATCH($F18,'CO2-config'!$B$6:$D$6,),FALSE) -> 1
B19: ="UC_Historic_"&C19&"-cons_Multi" -> UC_Historic_TRAELC-cons_Multi | C19: TRAELC | F19: 2018 | G19: UP | H19: 1 | I19: =F51 -> 0.383 | J19: Historic electricity consumption in TRA - Multi
F20: 2019 | G20: UP | I20: =G51 -> 0.52
F21: 2020 | G21: UP | I21: =H51 -> 0.65
F22: 2021 | G22: UP | I22: =I51 -> 0.72
F23: 2022 | G23: UP | I23: =J51 -> 0.8
F24: 0 | I24: =VLOOKUP("Value", 'CO2-config'!$B$4:$D$14,MATCH($F24,'CO2-config'!$B$6:$D$6,),FALSE) -> 1
B25: ="UC_Historic_"&C25&"-cons_Multi" -> UC_Historic_TRAETH-cons_Multi | C25: TRAETH | F25: 2018 | G25: UP | H25: 1 | I25: =F52 -> 1.2 | J25: Historic ethanol consumption in TRA - Multi
F26: 2019 | G26: UP | I26: =G52 -> 1.1
F27: 2020 | G27: UP | I27: =H52 -> 0.9
F28: 2021 | G28: UP | I28: =I52 -> 0.9
F29: 2022 | G29: UP | I29: =J52 -> 1
F30: 0 | I30: =VLOOKUP("Value", 'CO2-config'!$B$4:$D$14,MATCH($F30,'CO2-config'!$B$6:$D$6,),FALSE) -> 1
B31: ="UC_Historic_"&C31&"-cons_Multi" -> UC_Historic_TRAGSL-cons_Multi | C31: TRAGSL | F31: 2018 | G31: UP | H31: 1 | I31: =F53 -> 34.4 | J31: Historic gasoline consumption in TRA - Multi
F32: 2019 | G32: UP | I32: =G53 -> 32.7
F33: 2020 | G33: UP | I33: =H53 -> 27.87
F34: 2021 | G34: UP | I34: =I53 -> 25.7
F35: 2022 | G35: UP | I35: =J53 -> 29.3
F36: 0 | I36: =VLOOKUP("Value", 'CO2-config'!$B$4:$D$14,MATCH($F36,'CO2-config'!$B$6:$D$6,),FALSE) -> 1
B37: ="UC_Historic_"&C37&"-cons_Multi" -> UC_Historic_TRAKER-cons_Multi | C37: TRAKER | F37: 2018 | G37: UP | H37: 1 | I37: =F54 -> 46.202 | J37: Historic jet kerosene consumption in TRA - Multi
F38: 2019 | G38: UP | I38: =G54 -> 46.8
F39: 2020 | G39: UP | I39: =H54 -> 16.7
F40: 2021 | G40: UP | I40: =I54 -> 18.7
F41: 2022 | G41: UP | I41: =J54 -> 42.7
F42: 0 | I42: =VLOOKUP("Value", 'CO2-config'!$B$4:$D$14,MATCH($F42,'CO2-config'!$B$6:$D$6,),FALSE) -> 1
N46: Calibration margin | O46: 0.035
B47: deact~TFM_INS-TS | Q47: ~TFM_INS-TS
B48: LimType | C48: PSET_PN | D48: Attribute | E48: Region | F48: 2018 | G48: 2019 | H48: 2020 | I48: 2021 | J48: 2022 | K48: 0 | Q48: LimType | R48: PSET_PN | S48: Attribute | T48: Region | U48: 2018 | V48: 2019 | W48: 2020 | X48: 2021 | Y48: 2022 | Z48: 0
C49: FT-TRABDL | D49: ACT_BND | E49: =_xlfn.TEXTJOIN(",",TRUE,Regions!$C$3) -> IE | F49: =ROUNDUP(Conversions!$B$2*SUM('EB2018'!$AI$45),1)+0.5 -> 5.9 | G49: =ROUNDUP(Conversions!$B$2*SUM('EB2019'!$AI$45),1) -> 6.8 | H49: =ROUNDUP(Conversions!$B$2*SUM('EB2020'!$AI$45),1) -> 6.5 | I49: =ROUNDUP(Conversions!$B$2*SUM('EB2021'!$AI$45),1) -> 6.7 | J49: =ROUNDUP(Conversions!$B$2*SUM('EB2022'!$AI$45),1) -> 8.4 | K49: 1 | Q49: * | R49: FT-TRABDL | S49: ACT_BND | T49: =_xlfn.TEXTJOIN(",",TRUE,Regions!$C$3) -> IE | U49: =+F49*(1+$O$46) -> 6.1065 | V49: =+G49*(1+$O$46) -> 7.038 | W49: =+H49*(1+$O$46) -> 6.7275 | X49: =+I49*(1+$O$46) -> 6.9345 | Y49: =+J49*(1+$O$46) -> 8.694 | Z49: 1
C50: FT-TRADST | D50: ACT_BND | E50: =_xlfn.TEXTJOIN(",",TRUE,Regions!$C$3) -> IE | F50: =11.6+ROUNDUP(Conversions!$B$2*SUM('EB2018'!$U$45),1) -> 141.9 | G50: =2.32+ROUNDUP(Conversions!$B$2*SUM('EB2019'!$U$45),1) -> 133.22 | H50: =ROUNDUP(Conversions!$B$2*SUM('EB2020'!$U$45),1) -> 113.3 | I50: =ROUNDUP(Conversions!$B$2*SUM('EB2021'!$U$45),1) -> 120.9 | J50: =ROUNDUP(Conversions!$B$2*SUM('EB2022'!$U$45),1) -> 126.3 | K50: 1 | Q50: UP | R50: FT-TRADST | S50: ACT_BND | T50: =_xlfn.TEXTJOIN(",",TRUE,Regions!$C$3) -> IE | U50: =(F49+F50)*(1+$O$46) -> 152.973 | V50: =(G49+G50)*(1+$O$46) -> 144.9207 | W50: =(H49+H50)*(1+$O$46) -> 123.993 | X50: =(I49+I50)*(1+$O$46) -> 132.066 | Y50: =(J49+J50)*(1+$O$46) -> 139.4145 | Z50: 1
C51: FT-TRAELC | D51: ACT_BND | E51: =_xlfn.TEXTJOIN(",",TRUE,Regions!$C$3) -> IE | F51: =ROUNDUP(Conversions!$B$2*SUM('EB2018'!$AO$45),1)+0.083 -> 0.383 | G51: =0.22+ROUNDUP(Conversions!$B$2*SUM('EB2019'!$AO$45),1) -> 0.52 | H51: =0.25+ROUNDUP(Conversions!$B$2*SUM('EB2020'!$AO$45),1) -> 0.65 | I51: =0.12+ROUNDUP(Conversions!$B$2*SUM('EB2021'!$AO$45),1) -> 0.72 | J51: =ROUNDUP(Conversions!$B$2*SUM('EB2022'!$AO$45),1) -> 0.8 | K51: 1 | Q51: UP | R51: FT-TRAELC | S51: ACT_BND | T51: =_xlfn.TEXTJOIN(",",TRUE,Regions!$C$3) -> IE | U51: =+F51*(1+$O$46) -> 0.396405 | V51: =+G51*(1+$O$46) -> 0.5382 | W51: =+H51*(1+$O$46) -> 0.67275 | X51: =+I51*(1+$O$46) -> 0.7452 | Y51: =+J51*(1+$O$46) -> 0.828 | Z51: 1
C52: FT-TRAETH | D52: ACT_BND | E52: =_xlfn.TEXTJOIN(",",TRUE,Regions!$C$3) -> IE | F52: =ROUNDUP(Conversions!$B$2*SUM('EB2018'!$AJ$45),1) -> 1.2 | G52: =ROUNDUP(Conversions!$B$2*SUM('EB2019'!$AJ$45),1) -> 1.1 | H52: =ROUNDUP(Conversions!$B$2*SUM('EB2020'!$AJ$45),1) -> 0.9 | I52: =ROUNDUP(Conversions!$B$2*SUM('EB2021'!$AJ$45),1) -> 0.9 | J52: =ROUNDUP(Conversions!$B$2*SUM('EB2022'!$AJ$45),1) -> 1 | K52: 1 | Q52: * | R52: FT-TRAETH | S52: ACT_BND | T52: =_xlfn.TEXTJOIN(",",TRUE,Regions!$C$3) -> IE | U52: =+F52*(1.1+$O$46) -> 1.362 | V52: =+G52*(1.1+$O$46) -> 1.2485 | W52: =+H52*(1.1+$O$46) -> 1.0215 | X52: =+I52*(1.1+$O$46) -> 1.0215 | Y52: =+J52*(1.1+$O$46) -> 1.135 | Z52: 1
C53: FT-TRAGSL | D53: ACT_BND | E53: =_xlfn.TEXTJOIN(",",TRUE,Regions!$C$3) -> IE | F53: =ROUNDUP(Conversions!$B$2*SUM('EB2018'!$P$45),1) -> 34.4 | G53: =ROUNDUP(Conversions!$B$2*SUM('EB2019'!$P$45),1) -> 32.7 | H53: =3.57+ROUNDUP(Conversions!$B$2*SUM('EB2020'!$P$45),1) -> 27.87 | I53: =ROUNDUP(Conversions!$B$2*SUM('EB2021'!$P$45),1) -> 25.7 | J53: =ROUNDUP(Conversions!$B$2*SUM('EB2022'!$P$45),1) -> 29.3 | K53: 1 | Q53: UP | R53: FT-TRAGSL | S53: ACT_BND | T53: =_xlfn.TEXTJOIN(",",TRUE,Regions!$C$3) -> IE | U53: =(F52+F53)*(1+$O$46) -> 36.846 | V53: =(G52+G53)*(1+$O$46) -> 34.983 | W53: =(H52+H53)*(1+$O$46) -> 29.77695 | X53: =(I52+I53)*(1+$O$46) -> 27.531 | Y53: =(J52+J53)*(1+$O$46) -> 31.3605 | Z53: 1
C54: FT-TRAKER | D54: ACT_BND | E54: =_xlfn.TEXTJOIN(",",TRUE,Regions!$C$3) -> IE | F54: =ROUNDUP(Conversions!$B$2*SUM('EB2018'!$R$45),1)+0.002 -> 46.202 | G54: =ROUNDUP(Conversions!$B$2*SUM('EB2019'!$R$45),1) -> 46.8 | H54: =ROUNDUP(Conversions!$B$2*SUM('EB2020'!$R$45),1) -> 16.7 | I54: =ROUNDUP(Conversions!$B$2*SUM('EB2021'!$R$45),1) -> 18.7 | J54: =ROUNDUP(Conversions!$B$2*SUM('EB2022'!$R$45),1) -> 42.7 | K54: 1 | Q54: UP | R54: FT-TRAKER | S54: ACT_BND | T54: =_xlfn.TEXTJOIN(",",TRUE,Regions!$C$3) -> IE | U54: =+F54*(1.05+$O$46) -> 50.12917 | V54: =+G54*(1.05+$O$46) -> 50.778 | W54: =+H54*(1.05+$O$46) -> 18.1195 | X54: =+I54*(1.05+$O$46) -> 20.2895 | Y54: =+J54*(1.1+$O$46) -> 48.4645 | Z54: 1
C55: FT-TRACNG | D55: ACT_BND | E55: IE | F55: =ROUNDUP(Conversions!$B$2*SUM('EB2018'!$AA$45),1)+0.002 -> 1.002 | G55: =ROUNDUP(Conversions!$B$2*SUM('EB2019'!$AA$45),1)+0.002 -> 0.802 | H55: =ROUNDUP(Conversions!$B$2*SUM('EB2020'!$AA$45),1)+0.002 -> 0.702 | I55: =ROUNDUP(Conversions!$B$2*SUM('EB2021'!$AA$45),1)+0.002 -> 0.702 | J55: =ROUNDUP(Conversions!$B$2*SUM('EB2022'!$AA$45),1)+0.002 -> 0.702 | Q55: * | R55: FT-TRABDL | S55: ACT_BND | T55: =_xlfn.TEXTJOIN(",",TRUE,Regions!$C$3) -> IE | U55: =+F49*(1-$O$46) -> 5.6935 | V55: =+G49*(1-$O$46) -> 6.562 | W55: =+H49*(1-$O$46) -> 6.2725 | X55: =+I49*(1-$O$46) -> 6.4655 | Y55: =+J49*(1-$O$46) -> 8.106 | Z55: 1
Q56: LO | R56: FT-TRADST | S56: ACT_BND | T56: =_xlfn.TEXTJOIN(",",TRUE,Regions!$C$3) -> IE | U56: =+F50*(1-$O$46) -> 136.9335 | V56: =+G50*(1-$O$46) -> 128.5573 | W56: =+H50*(1-$O$46) -> 109.3345 | X56: =+I50*(1-$O$46) -> 116.6685 | Y56: =+J50*(1-$O$46) -> 121.8795 | Z56: 1
Q57: LO | R57: FT-TRAELC | S57: ACT_BND | T57: =_xlfn.TEXTJOIN(",",TRUE,Regions!$C$3) -> IE | U57: =+F51*(1-$O$46) -> 0.369595 | V57: =+G51*(1-$O$46) -> 0.5018 | W57: =+H51*(1-$O$46) -> 0.62725 | X57: =+I51*(1-$O$46) -> 0.6948 | Y57: =+J51*(1-$O$46) -> 0.772 | Z57: 1
Q58: * | R58: FT-TRAETH | S58: ACT_BND | T58: =_xlfn.TEXTJOIN(",",TRUE,Regions!$C$3) -> IE | U58: =+F52*(1-$O$46) -> 1.158 | V58: =+G52*(1-$O$46) -> 1.0615 | W58: =+H52*(1-$O$46) -> 0.8685 | X58: =+I52*(1-$O$46) -> 0.8685 | Y58: =+J52*(1-$O$46) -> 0.965 | Z58: 1
Q59: LO | R59: FT-TRAGSL | S59: ACT_BND | T59: =_xlfn.TEXTJOIN(",",TRUE,Regions!$C$3) -> IE | U59: =+F53*(1-$O$46) -> 33.196 | V59: =+G53*(1-$O$46) -> 31.5555 | W59: =+H53*(1-$O$46) -> 26.89455 | X59: =+I53*(1-$O$46) -> 24.8005 | Y59: =+J53*(1-$O$46) -> 28.2745 | Z59: 1
Q60: LO | R60: FT-TRAKER | S60: ACT_BND | T60: =_xlfn.TEXTJOIN(",",TRUE,Regions!$C$3) -> IE | U60: =+F54*(1-$O$46) -> 44.58493 | V60: =+G54*(1-$O$46) -> 45.162 | W60: =+H54*(1-$O$46) -> 16.1155 | X60: =+I54*(1-$O$46) -> 18.0455 | Y60: =+J54*(0.95-$O$46) -> 39.0705 | Z60: 1
Q61: UP | R61: FT-TRABJK | S61: ACT_BND | T61: IE | U61: 0 | V61: 0 | W61: 0 | X61: 0 | Y61: 0 | Z61: 1
Q62: UP | R62: FT-TRACNG | S62: ACT_BND | T62: IE | U62: =+F55*(1+$O$46) -> 1.03707 | V62: =+G55*(1+$O$46) -> 0.83007 | W62: =+H55*(1+$O$46) -> 0.72657 | X62: =+I55*(1+$O$46) -> 0.72657 | Y62: =+J55*(1+$O$46) -> 0.72657 | Z62: 5
Q63: UP | R63: FT-TRABNG | S63: ACT_BND | T63: IE | U63: 0 | V63: 0 | W63: 0 | X63: 0 | Y63: 0 | Z63: 1
Q64: UP | R64: FT-TRALNG | S64: ACT_BND | T64: IE | U64: 0 | V64: 0 | W64: 0 | X64: 0 | Y64: 0 | Z64: 1

Sheet TRA-CAPs
C1: NCAP for new vehicles according to actual sales in 2019
C3: Trans - Insert
D4: ~TFM_INS
D5: TimeSlice | E5: LimType | F5: Attribute | G5: Year | H5: =Regions!C$3 -> IE | I5: =Regions!E$3 -> IE-CW | J5: =Regions!F$3 -> IE-D | K5: =Regions!G$3 -> IE-KE | L5: =Regions!H$3 -> IE-KK | M5: =Regions!I$3 -> IE-LS | N5: =Regions!J$3 -> IE-LD | O5: =Regions!K$3 -> IE-LH | P5: =Regions!L$3 -> IE-MH | ... AH5: =Regions!AD$3 -> IE-MN | AI5: Pset_PN | AJ5: Pset_PD
A6: =AI6 -> T-CAR*, T-LGT*, T-HGT* | E6: FX | F6: NCAP_BND | G6: 2019 | H6: 0 | I6: =H6 -> 0 | J6: =I6 -> 0 | K6: =J6 -> 0 | L6: =K6 -> 0 | M6: =L6 -> 0 | N6: =M6 -> 0 | O6: =N6 -> 0 | P6: =O6 -> 0 | ... AH6: =AG6 -> 0 | AI6: =AI47 -> T-CAR*, T-LGT*, T-HGT* | AJ6: *New
A7: =AI7 -> T-CAR-ICE_DST21 | B7: Diesel | E7: FX | F7: NCAP_BND | G7: 2019 | H7: =SUMIFS('New vehicle sales'!$G$186:$G$215,'New vehicle sales'!$C$186:$C$215,'TRA-CAPs'!G7,'New vehicle sales'!$E$186:$E$215,B7)/1000 -> 53.201 | I7: =$H7*'New vehicle sales'!D$44 -> 0.63606157 | J7: =$H7*'New vehicle sales'!E$44 -> 15.053103 | K7: =$H7*'New vehicle sales'!F$44 -> 2.4858822 | L7: =$H7*'New vehicle sales'!G$44 -> 1.10865 | M7: =$H7*'New vehicle sales'!H$44 -> 0.94626057 | N7: =$H7*'New vehicle sales'!I$44 -> 0.45664555 | O7: =$H7*'New vehicle sales'!J$44 -> 1.4399311 | P7: =$H7*'New vehicle sales'!K$44 -> 2.1790907 | ... AH7: =$H7*'New vehicle sales'!AC$44 -> 0.68582301 | AI7: =AI48 -> T-CAR-ICE_DST21 | AJ7: *New
A8: =AI8 -> T-CAR-ICE_GSL21 | B8: Petrol | E8: FX | F8: NCAP_BND | G8: 2019 | H8: =SUMIFS('New vehicle sales'!$G$186:$G$215,'New vehicle sales'!$C$186:$C$215,'TRA-CAPs'!G8,'New vehicle sales'!$E$186:$E$215,B8)/1000 -> 45.761 | I8: =$H8*'New vehicle sales'!D$44 -> 0.54711027 | J8: =$H8*'New vehicle sales'!E$44 -> 12.947972 | K8: =$H8*'New vehicle sales'!F$44 -> 2.138239 | L8: =$H8*'New vehicle sales'!G$44 -> 0.95360863 | M8: =$H8*'New vehicle sales'!H$44 -> 0.81392887 | N8: =$H8*'New vehicle sales'!I$44 -> 0.39278504 | O8: =$H8*'New vehicle sales'!J$44 -> 1.2385611 | P8: =$H8*'New vehicle sales'!K$44 -> 1.8743514 | ... AH8: =$H8*'New vehicle sales'!AC$44 -> 0.58991272 | AI8: =AI49 -> T-CAR-ICE_GSL21 | AJ8: *New
A9: =AI9 -> T-CAR-HEV_GSL21 | B9: Hybrid | E9: FX | F9: NCAP_BND | G9: 2019 | H9: =SUMIFS('New vehicle sales'!$G$186:$G$215,'New vehicle sales'!$C$186:$C$215,'TRA-CAPs'!G9,'New vehicle sales'!$E$186:$E$215,B9)/1000 -> 10.9 | I9: =$H9*'New vehicle sales'!D$44 -> 0.13031844 | J9: =$H9*'New vehicle sales'!E$44 -> 3.0841305 | K9: =$H9*'New vehicle sales'!F$44 -> 0.50931591 | L9: =$H9*'New vehicle sales'!G$44 -> 0.22714394 | M9: =$H9*'New vehicle sales'!H$44 -> 0.19387305 | N9: =$H9*'New vehicle sales'!I$44 -> 0.093559078 | O9: =$H9*'New vehicle sales'!J$44 -> 0.29501794 | P9: =$H9*'New vehicle sales'!K$44 -> 0.44645944 | ... AH9: =$H9*'New vehicle sales'!AC$44 -> 0.14051373 | AI9: =AI50 -> T-CAR-HEV_GSL21 | AJ9: *New
A10: =AI10 -> T-CAR-BEV100_ELC21 | B10: Electric | E10: FX | F10: NCAP_BND | G10: 2019 | H10: =SUMIFS('New vehicle sales'!$G$186:$G$215,'New vehicle sales'!$C$186:$C$215,'TRA-CAPs'!G10,'New vehicle sales'!$E$186:$E$215,B10)/1000 -> 3.443 | I10: =$H10*'New vehicle sales'!D$44 -> 0.041163888 | J10: =$H10*'New vehicle sales'!E$44 -> 0.97418911 | K10: =$H10*'New vehicle sales'!F$44 -> 0.16087841 | L10: =$H10*'New vehicle sales'!G$44 -> 0.071748312 | M10: =$H10*'New vehicle sales'!H$44 -> 0.061238983 | N10: =$H10*'New vehicle sales'!I$44 -> 0.029552652 | O10: =$H10*'New vehicle sales'!J$44 -> 0.093187777 | P10: =$H10*'New vehicle sales'!K$44 -> 0.14102384 | ... AH10: =$H10*'New vehicle sales'!AC$44 -> 0.04438429 | AI10: =AI51 -> T-CAR-BEV100_ELC21 | AJ10: *New
A11: =AI11 -> T-CAR-PHEV40_GSL21 | E11: FX | F11: NCAP_BND | G11: 2019 | H11: =SUMIFS('New vehicle sales'!$G$186:$G$215,'New vehicle sales'!$C$186:$C$215,'TRA-CAPs'!G11,'New vehicle sales'!$E$186:$E$215,B11)/1000 -> 0 | I11: =$H11*'New vehicle sales'!D$44 -> 0 | J11: =$H11*'New vehicle sales'!E$44 -> 0 | K11: =$H11*'New vehicle sales'!F$44 -> 0 | L11: =$H11*'New vehicle sales'!G$44 -> 0 | M11: =$H11*'New vehicle sales'!H$44 -> 0 | N11: =$H11*'New vehicle sales'!I$44 -> 0 | O11: =$H11*'New vehicle sales'!J$44 -> 0 | P11: =$H11*'New vehicle sales'!K$44 -> 0 | ... AH11: =$H11*'New vehicle sales'!AC$44 -> 0 | AI11: =AI52 -> T-CAR-PHEV40_GSL21 | AJ11: *New
A12: =AI12 -> T-CAR-HEV_DST21 | E12: FX | F12: NCAP_BND | G12: 2019 | H12: =SUMIFS('New vehicle sales'!$G$186:$G$215,'New vehicle sales'!$C$186:$C$215,'TRA-CAPs'!G12,'New vehicle sales'!$E$186:$E$215,B12)/1000 -> 0 | I12: =$H12*'New vehicle sales'!D$44 -> 0 | J12: =$H12*'New vehicle sales'!E$44 -> 0 | K12: =$H12*'New vehicle sales'!F$44 -> 0 | L12: =$H12*'New vehicle sales'!G$44 -> 0 | M12: =$H12*'New vehicle sales'!H$44 -> 0 | N12: =$H12*'New vehicle sales'!I$44 -> 0 | O12: =$H12*'New vehicle sales'!J$44 -> 0 | P12: =$H12*'New vehicle sales'!K$44 -> 0 | ... AH12: =$H12*'New vehicle sales'!AC$44 -> 0 | AI12: =AI53 -> T-CAR-HEV_DST21 | AJ12: *New
A13: =AI13 -> T-CAR-PHEV40_DST21 | E13: FX | F13: NCAP_BND | G13: 2019 | H13: =SUMIFS('New vehicle sales'!$G$186:$G$215,'New vehicle sales'!$C$186:$C$215,'TRA-CAPs'!G13,'New vehicle sales'!$E$186:$E$215,B13)/1000 -> 0 | I13: =$H13*'New vehicle sales'!D$44 -> 0 | J13: =$H13*'New vehicle sales'!E$44 -> 0 | K13: =$H13*'New vehicle sales'!F$44 -> 0 | L13: =$H13*'New vehicle sales'!G$44 -> 0 | M13: =$H13*'New vehicle sales'!H$44 -> 0 | N13: =$H13*'New vehicle sales'!I$44 -> 0 | O13: =$H13*'New vehicle sales'!J$44 -> 0 | P13: =$H13*'New vehicle sales'!K$44 -> 0 | ... AH13: =$H13*'New vehicle sales'!AC$44 -> 0 | AI13: =AI54 -> T-CAR-PHEV40_DST21 | AJ13: *New
A14: =AI14 -> T-LGT-ICE_DST61 | E14: FX | F14: NCAP_BND | G14: 2019 | H14: ='New vehicle sales'!C19/1000 -> 24.959 | I14: =$H14*'New vehicle sales'!D$44 -> 0.29840531 | J14: =$H14*'New vehicle sales'!E$44 -> 7.062093 | K14: =$H14*'New vehicle sales'!F$44 -> 1.16624 | L14: =$H14*'New vehicle sales'!G$44 -> 0.52011796 | M14: =$H14*'New vehicle sales'!H$44 -> 0.44393372 | N14: =$H14*'New vehicle sales'!I$44 -> 0.21423312 | O14: =$H14*'New vehicle sales'!J$44 -> 0.67553695 | P14: =$H14*'New vehicle sales'!K$44 -> 1.0223102 | ... AH14: =$H14*'New vehicle sales'!AC$44 -> 0.32175065 | AI14: =AI55 -> T-LGT-ICE_DST61 | AJ14: *New
A15: =AI15 -> T-LGT-HEV_DST61 | E15: FX | F15: NCAP_BND | G15: 2019 | H15: ='New vehicle sales'!C20/1000 -> 0.005 | I15: =$H15*'New vehicle sales'!D$44 -> 5.9779099e-05 | J15: =$H15*'New vehicle sales'!E$44 -> 0.0014147388 | K15: =$H15*'New vehicle sales'!F$44 -> 0.00023363115 | L15: =$H15*'New vehicle sales'!G$44 -> 0.00010419447 | M15: =$H15*'New vehicle sales'!H$44 -> 8.8932593e-05 | N15: =$H15*'New vehicle sales'!I$44 -> 4.2917008e-05 | O15: =$H15*'New vehicle sales'!J$44 -> 0.00013532933 | P15: =$H15*'New vehicle sales'!K$44 -> 0.00020479791 | ... AH15: =$H15*'New vehicle sales'!AC$44 -> 6.4455838e-05 | AI15: =AI56 -> T-LGT-HEV_DST61 | AJ15: *New
A16: =AI16 -> T-LGT-BEV_ELC61 | E16: FX | F16: NCAP_BND | G16: 2019 | H16: ='New vehicle sales'!C21/1000 -> 0.327 | I16: =$H16*'New vehicle sales'!D$44 -> 0.0039095531 | J16: =$H16*'New vehicle sales'!E$44 -> 0.092523915 | K16: =$H16*'New vehicle sales'!F$44 -> 0.015279477 | L16: =$H16*'New vehicle sales'!G$44 -> 0.0068143183 | M16: =$H16*'New vehicle sales'!H$44 -> 0.0058161916 | N16: =$H16*'New vehicle sales'!I$44 -> 0.0028067723 | O16: =$H16*'New vehicle sales'!J$44 -> 0.0088505382 | P16: =$H16*'New vehicle sales'!K$44 -> 0.013393783 | ... AH16: =$H16*'New vehicle sales'!AC$44 -> 0.0042154118 | AI16: =AI57 -> T-LGT-BEV_ELC61 | AJ16: *New
A17: =AI17 -> T-HGT-ICE_DST81 | E17: FX | F17: NCAP_BND | G17: 2019 | H17: ='New vehicle sales'!C34/1000 -> 1.62 | I17: =$H17*'New vehicle sales'!D$44 -> 0.019368428 | J17: =$H17*'New vehicle sales'!E$44 -> 0.45837536 | K17: =$H17*'New vehicle sales'!F$44 -> 0.075696493 | L17: =$H17*'New vehicle sales'!G$44 -> 0.033759008 | M17: =$H17*'New vehicle sales'!H$44 -> 0.02881416 | N17: =$H17*'New vehicle sales'!I$44 -> 0.013905111 | O17: =$H17*'New vehicle sales'!J$44 -> 0.043846703 | P17: =$H17*'New vehicle sales'!K$44 -> 0.066354523 | ... AH17: =$H17*'New vehicle sales'!AC$44 -> 0.020883692 | AI17: =AI58 -> T-HGT-ICE_DST81 | AJ17: *New
C21: NCAP for new vehicles according to actual sales in 2020
C24: Trans - Insert
D25: ~TFM_INS
D26: TimeSlice | E26: LimType | F26: Attribute | G26: Year | H26: =Regions!C$3 -> IE | I26: =Regions!E$3 -> IE-CW | J26: =Regions!F$3 -> IE-D | K26: =Regions!G$3 -> IE-KE | L26: =Regions!H$3 -> IE-KK | M26: =Regions!I$3 -> IE-LS | N26: =Regions!J$3 -> IE-LD | O26: =Regions!K$3 -> IE-LH | P26: =Regions!L$3 -> IE-MH | ... AH26: =Regions!AD$3 -> IE-MN | AI26: Pset_PN | AJ26: Pset_PD
A27: =AI27 -> T-CAR*, T-LGT*, T-HGT* | E27: FX | F27: =F6 -> NCAP_BND | G27: 2020 | H27: 0 | I27: =H27 -> 0 | J27: =I27 -> 0 | K27: =J27 -> 0 | L27: =K27 -> 0 | M27: =L27 -> 0 | N27: =M27 -> 0 | O27: =N27 -> 0 | P27: =O27 -> 0 | ... AH27: =AG27 -> 0 | AI27: T-CAR*, T-LGT*, T-HGT* | AJ27: =AJ6 -> *New
A28: =AI28 -> T-CAR-ICE_DST21 | B28: Diesel | E28: FX | F28: NCAP_BND | G28: 2020 | H28: =SUMIFS('New vehicle sales'!$G$186:$G$215,'New vehicle sales'!$C$186:$C$215,'TRA-CAPs'!G28,'New vehicle sales'!$E$186:$E$215,B28)/1000 -> 36.208 | I28: =$H28*'New vehicle sales'!D$44 -> 0.43289632 | J28: =$H28*'New vehicle sales'!E$44 -> 10.244972 | K28: =$H28*'New vehicle sales'!F$44 -> 1.6918633 | L28: =$H28*'New vehicle sales'!G$44 -> 0.75453467 | M28: =$H28*'New vehicle sales'!H$44 -> 0.64401426 | N28: =$H28*'New vehicle sales'!I$44 -> 0.31078781 | O28: =$H28*'New vehicle sales'!J$44 -> 0.98000088 | P28: =$H28*'New vehicle sales'!K$44 -> 1.4830645 | ... AH28: =$H28*'New vehicle sales'!AC$44 -> 0.4667634 | AI28: ='New vehicle sales'!B58 -> T-CAR-ICE_DST21 | AJ28: *New
A29: =AI29 -> T-CAR-ICE_GSL21 | B29: Petrol | E29: FX | F29: NCAP_BND | G29: 2020 | H29: =SUMIFS('New vehicle sales'!$G$186:$G$215,'New vehicle sales'!$C$186:$C$215,'TRA-CAPs'!G29,'New vehicle sales'!$E$186:$E$215,B29)/1000 -> 31.507 | I29: =$H29*'New vehicle sales'!D$44 -> 0.37669202 | J29: =$H29*'New vehicle sales'!E$44 -> 8.9148348 | K29: =$H29*'New vehicle sales'!F$44 -> 1.4722033 | L29: =$H29*'New vehicle sales'!G$44 -> 0.65657103 | M29: =$H29*'New vehicle sales'!H$44 -> 0.56039984 | N29: =$H29*'New vehicle sales'!I$44 -> 0.27043724 | O29: =$H29*'New vehicle sales'!J$44 -> 0.85276424 | P29: =$H29*'New vehicle sales'!K$44 -> 1.2905136 | ... AH29: =$H29*'New vehicle sales'!AC$44 -> 0.40616202 | AI29: ='New vehicle sales'!B57 -> T-CAR-ICE_GSL21 | AJ29: *New
A30: =AI30 -> T-CAR-HEV_GSL21 | B30: Hybrid | E30: FX | F30: NCAP_BND | G30: 2020 | H30: =SUMIFS('New vehicle sales'!$G$186:$G$215,'New vehicle sales'!$C$186:$C$215,'TRA-CAPs'!G30,'New vehicle sales'!$E$186:$E$215,B30)/1000 -> 12.654 | I30: =$H30*'New vehicle sales'!D$44 -> 0.15128894 | J30: =$H30*'New vehicle sales'!E$44 -> 3.5804209 | K30: =$H30*'New vehicle sales'!F$44 -> 0.59127372 | L30: =$H30*'New vehicle sales'!G$44 -> 0.26369536 | M30: =$H30*'New vehicle sales'!H$44 -> 0.22507061 | N30: =$H30*'New vehicle sales'!I$44 -> 0.10861436 | O30: =$H30*'New vehicle sales'!J$44 -> 0.34249147 | P30: =$H30*'New vehicle sales'!K$44 -> 0.51830255 | ... AH30: =$H30*'New vehicle sales'!AC$44 -> 0.16312484 | AI30: ='New vehicle sales'!B63 -> T-CAR-HEV_GSL21 | AJ30: *New
A31: =AI31 -> T-CAR-BEV100_ELC21 | B31: Electric | E31: FX | F31: NCAP_BND | G31: 2020 | H31: =SUMIFS('New vehicle sales'!$G$186:$G$215,'New vehicle sales'!$C$186:$C$215,'TRA-CAPs'!G31,'New vehicle sales'!$E$186:$E$215,B31)/1000 -> 3.94 | I31: =$H31*'New vehicle sales'!D$44 -> 0.04710593 | J31: =$H31*'New vehicle sales'!E$44 -> 1.1148141 | K31: =$H31*'New vehicle sales'!F$44 -> 0.18410135 | L31: =$H31*'New vehicle sales'!G$44 -> 0.082105242 | M31: =$H31*'New vehicle sales'!H$44 -> 0.070078883 | N31: =$H31*'New vehicle sales'!I$44 -> 0.033818603 | O31: =$H31*'New vehicle sales'!J$44 -> 0.10663951 | P31: =$H31*'New vehicle sales'!K$44 -> 0.16138075 | ... AH31: =$H31*'New vehicle sales'!AC$44 -> 0.050791201 | AI31: ='New vehicle sales'!B71 -> T-CAR-BEV100_ELC21 | AJ31: *New
A32: =AI32 -> T-CAR-PHEV40_GSL21 | E32: FX | F32: NCAP_BND | G32: 2020 | H32: =SUMIFS('New vehicle sales'!$G$186:$G$215,'New vehicle sales'!$C$186:$C$215,'TRA-CAPs'!G32,'New vehicle sales'!$E$186:$E$215,B32)/1000 -> 0 | I32: =$H32*'New vehicle sales'!D$44 -> 0 | J32: =$H32*'New vehicle sales'!E$44 -> 0 | K32: =$H32*'New vehicle sales'!F$44 -> 0 | L32: =$H32*'New vehicle sales'!G$44 -> 0 | M32: =$H32*'New vehicle sales'!H$44 -> 0 | N32: =$H32*'New vehicle sales'!I$44 -> 0 | O32: =$H32*'New vehicle sales'!J$44 -> 0 | P32: =$H32*'New vehicle sales'!K$44 -> 0 | ... AH32: =$H32*'New vehicle sales'!AC$44 -> 0 | AI32: ='New vehicle sales'!B67 -> T-CAR-PHEV40_GSL21 | AJ32: *New
A33: =AI33 -> T-CAR-HEV_DST21 | E33: FX | F33: NCAP_BND | G33: 2020 | H33: =SUMIFS('New vehicle sales'!$G$186:$G$215,'New vehicle sales'!$C$186:$C$215,'TRA-CAPs'!G33,'New vehicle sales'!$E$186:$E$215,B33)/1000 -> 0 | I33: =$H33*'New vehicle sales'!D$44 -> 0 | J33: =$H33*'New vehicle sales'!E$44 -> 0 | K33: =$H33*'New vehicle sales'!F$44 -> 0 | L33: =$H33*'New vehicle sales'!G$44 -> 0 | M33: =$H33*'New vehicle sales'!H$44 -> 0 | N33: =$H33*'New vehicle sales'!I$44 -> 0 | O33: =$H33*'New vehicle sales'!J$44 -> 0 | P33: =$H33*'New vehicle sales'!K$44 -> 0 | ... AH33: =$H33*'New vehicle sales'!AC$44 -> 0 | AI33: ='New vehicle sales'!B64 -> T-CAR-HEV_DST21 | AJ33: *New
A34: =AI34 -> T-CAR-PHEV40_DST21 | E34: FX | F34: NCAP_BND | G34: 2020 | H34: =SUMIFS('New vehicle sales'!$G$186:$G$215,'New vehicle sales'!$C$186:$C$215,'TRA-CAPs'!G34,'New vehicle sales'!$E$186:$E$215,B34)/1000 -> 0 | I34: =$H34*'New vehicle sales'!D$44 -> 0 | J34: =$H34*'New vehicle sales'!E$44 -> 0 | K34: =$H34*'New vehicle sales'!F$44 -> 0 | L34: =$H34*'New vehicle sales'!G$44 -> 0 | M34: =$H34*'New vehicle sales'!H$44 -> 0 | N34: =$H34*'New vehicle sales'!I$44 -> 0 | O34: =$H34*'New vehicle sales'!J$44 -> 0 | P34: =$H34*'New vehicle sales'!K$44 -> 0 | ... AH34: =$H34*'New vehicle sales'!AC$44 -> 0 | AI34: ='New vehicle sales'!B70 -> T-CAR-PHEV40_DST21 | AJ34: *New
A35: =AI35 -> T-LGT-ICE_DST61 | E35: FX | F35: NCAP_BND | G35: 2020 | H35: ='New vehicle sales'!D19/1000 -> 20.928 | I35: =$H35*'New vehicle sales'!D$44 -> 0.2502114 | J35: =$H35*'New vehicle sales'!E$44 -> 5.9215306 | K35: =$H35*'New vehicle sales'!F$44 -> 0.97788654 | L35: =$H35*'New vehicle sales'!G$44 -> 0.43611637 | M35: =$H35*'New vehicle sales'!H$44 -> 0.37223626 | N35: =$H35*'New vehicle sales'!I$44 -> 0.17963343 | O35: =$H35*'New vehicle sales'!J$44 -> 0.56643444 | P35: =$H35*'New vehicle sales'!K$44 -> 0.85720213 | ... AH35: =$H35*'New vehicle sales'!AC$44 -> 0.26978636 | AI35: ='New vehicle sales'!B108 -> T-LGT-ICE_DST61 | AJ35: *New
A36: =AI36 -> T-LGT-HEV_DST61 | E36: FX | F36: NCAP_BND | G36: 2020 | H36: ='New vehicle sales'!D20/1000 -> 0.035 | I36: =$H36*'New vehicle sales'!D$44 -> 0.00041845369 | J36: =$H36*'New vehicle sales'!E$44 -> 0.0099031713 | K36: =$H36*'New vehicle sales'!F$44 -> 0.0016354181 | L36: =$H36*'New vehicle sales'!G$44 -> 0.00072936129 | M36: =$H36*'New vehicle sales'!H$44 -> 0.00062252815 | N36: =$H36*'New vehicle sales'!I$44 -> 0.00030041906 | O36: =$H36*'New vehicle sales'!J$44 -> 0.00094730531 | P36: =$H36*'New vehicle sales'!K$44 -> 0.0014335854 | ... AH36: =$H36*'New vehicle sales'!AC$44 -> 0.00045119087 | AI36: ='New vehicle sales'!B109 -> T-LGT-HEV_DST61 | AJ36: *New
A37: =AI37 -> T-LGT-BEV_ELC61 | E37: FX | F37: NCAP_BND | G37: 2020 | H37: ='New vehicle sales'!D21/1000 -> 0.727 | I37: =$H37*'New vehicle sales'!D$44 -> 0.008691881 | J37: =$H37*'New vehicle sales'!E$44 -> 0.20570302 | K37: =$H37*'New vehicle sales'!F$44 -> 0.033969969 | L37: =$H37*'New vehicle sales'!G$44 -> 0.015149876 | M37: =$H37*'New vehicle sales'!H$44 -> 0.012930799 | N37: =$H37*'New vehicle sales'!I$44 -> 0.006240133 | O37: =$H37*'New vehicle sales'!J$44 -> 0.019676885 | P37: =$H37*'New vehicle sales'!K$44 -> 0.029777616 | ... AH37: =$H37*'New vehicle sales'!AC$44 -> 0.0093718789 | AI37: ='New vehicle sales'!B114 -> T-LGT-BEV_ELC61 | AJ37: *New
A38: =AI38 -> T-HGT-ICE_DST81 | E38: FX | F38: NCAP_BND | G38: 2020 | H38: ='New vehicle sales'!D34/1000 -> 1.542 | I38: =$H38*'New vehicle sales'!D$44 -> 0.018435874 | J38: =$H38*'New vehicle sales'!E$44 -> 0.43630543 | K38: =$H38*'New vehicle sales'!F$44 -> 0.072051847 | L38: =$H38*'New vehicle sales'!G$44 -> 0.032133575 | M38: =$H38*'New vehicle sales'!H$44 -> 0.027426812 | N38: =$H38*'New vehicle sales'!I$44 -> 0.013235605 | O38: =$H38*'New vehicle sales'!J$44 -> 0.041735565 | P38: =$H38*'New vehicle sales'!K$44 -> 0.063159675 | ... AH38: =$H38*'New vehicle sales'!AC$44 -> 0.019878181 | AI38: ='New vehicle sales'!B124 -> T-HGT-ICE_DST81 | AJ38: *New
C42: NCAP for new vehicles according to actual sales in 2021
C44: Trans - Insert
D45: ~TFM_INS
D46: TimeSlice | E46: LimType | F46: Attribute | G46: Year | H46: =Regions!C$3 -> IE | I46: =Regions!E$3 -> IE-CW | J46: =Regions!F$3 -> IE-D | K46: =Regions!G$3 -> IE-KE | L46: =Regions!H$3 -> IE-KK | M46: =Regions!I$3 -> IE-LS | N46: =Regions!J$3 -> IE-LD | O46: =Regions!K$3 -> IE-LH | P46: =Regions!L$3 -> IE-MH | ... AH46: =Regions!AD$3 -> IE-MN | AI46: Pset_PN | AJ46: Pset_PD
A47: =AI47 -> T-CAR*, T-LGT*, T-HGT* | E47: FX | F47: =F6 -> NCAP_BND | G47: 2021 | H47: 0 | I47: =H47 -> 0 | J47: =I47 -> 0 | K47: =J47 -> 0 | L47: =K47 -> 0 | M47: =L47 -> 0 | N47: =M47 -> 0 | O47: =N47 -> 0 | P47: =O47 -> 0 | ... AH47: =AG47 -> 0 | AI47: =AI27 -> T-CAR*, T-LGT*, T-HGT* | AJ47: =AJ6 -> *New
A48: =AI48 -> T-CAR-ICE_DST21 | B48: Diesel | E48: FX | F48: NCAP_BND | G48: 2021 | H48: =SUMIFS('New vehicle sales'!$G$186:$G$215,'New vehicle sales'!$C$186:$C$215,'TRA-CAPs'!G48,'New vehicle sales'!$E$186:$E$215,B48)/1000 -> 34.396 | I48: =$H48*'New vehicle sales'!D$44 -> 0.41123238 | J48: =$H$48*'New vehicle sales'!E$44 -> 9.7322709 | K48: =$H$48*'New vehicle sales'!F$44 -> 1.6071954 | L48: =$H$48*'New vehicle sales'!G$44 -> 0.7167746 | M48: =$H$48*'New vehicle sales'!H$44 -> 0.61178509 | N48: =$H$48*'New vehicle sales'!I$44 -> 0.29523468 | O48: =$H$48*'New vehicle sales'!J$44 -> 0.93095753 | P48: =$H$48*'New vehicle sales'!K$44 -> 1.4088458 | Q48: =$H$48*'New vehicle sales'!L$44 -> 0.56312948 | ... AH48: =$H$48*'New vehicle sales'!AC$44 -> 0.4434046 | AI48: =AI28 -> T-CAR-ICE_DST21 | AJ48: *New
A49: =AI49 -> T-CAR-ICE_GSL21 | B49: Petrol | E49: FX | F49: NCAP_BND | G49: 2021 | H49: =SUMIFS('New vehicle sales'!$G$186:$G$215,'New vehicle sales'!$C$186:$C$215,'TRA-CAPs'!G49,'New vehicle sales'!$E$186:$E$215,B49)/1000 -> 32.95 | I49: =$H49*'New vehicle sales'!D$44 -> 0.39394426 | J49: =$H49*'New vehicle sales'!E$44 -> 9.3231284 | K49: =$H49*'New vehicle sales'!F$44 -> 1.5396293 | L49: =$H49*'New vehicle sales'!G$44 -> 0.68664156 | M49: =$H49*'New vehicle sales'!H$44 -> 0.58606579 | N49: =$H49*'New vehicle sales'!I$44 -> 0.28282309 | O49: =$H49*'New vehicle sales'!J$44 -> 0.89182028 | P49: =$H49*'New vehicle sales'!K$44 -> 1.3496182 | ... AH49: =$H49*'New vehicle sales'!AC$44 -> 0.42476397 | AI49: =AI29 -> T-CAR-ICE_GSL21 | AJ49: *New
A50: =AI50 -> T-CAR-HEV_GSL21 | B50: Hybrid | E50: FX | F50: NCAP_BND | G50: 2021 | H50: =SUMIFS('New vehicle sales'!$G$186:$G$215,'New vehicle sales'!$C$186:$C$215,'TRA-CAPs'!G50,'New vehicle sales'!$E$186:$E$215,B50)/1000 -> 25.661 | I50: =$H50*'New vehicle sales'!D$44 -> 0.30679829 | J50: =$H50*'New vehicle sales'!E$44 -> 7.2607223 | K50: =$H50*'New vehicle sales'!F$44 -> 1.1990418 | L50: =$H50*'New vehicle sales'!G$44 -> 0.53474686 | M50: =$H50*'New vehicle sales'!H$44 -> 0.45641985 | N50: =$H50*'New vehicle sales'!I$44 -> 0.22025867 | O50: =$H50*'New vehicle sales'!J$44 -> 0.69453719 | P50: =$H50*'New vehicle sales'!K$44 -> 1.0510638 | ... AH50: =$H50*'New vehicle sales'!AC$44 -> 0.33080025 | AI50: =AI30 -> T-CAR-HEV_GSL21 | AJ50: *New
A51: =AI51 -> T-CAR-BEV100_ELC21 | B51: Electric | E51: FX | F51: NCAP_BND | G51: 2021 | H51: =SUMIFS('New vehicle sales'!$G$186:$G$215,'New vehicle sales'!$C$186:$C$215,'TRA-CAPs'!G51,'New vehicle sales'!$E$186:$E$215,B51)/1000 -> 8.554 | I51: =$H51*'New vehicle sales'!D$44 -> 0.10227008 | J51: =$H51*'New vehicle sales'!E$44 -> 2.4203351 | K51: =$H51*'New vehicle sales'!F$44 -> 0.39969617 | L51: =$H51*'New vehicle sales'!G$44 -> 0.1782559 | M51: =$H51*'New vehicle sales'!H$44 -> 0.15214588 | N51: =$H51*'New vehicle sales'!I$44 -> 0.073422418 | O51: =$H51*'New vehicle sales'!J$44 -> 0.23152142 | P51: =$H51*'New vehicle sales'!K$44 -> 0.35036826 | ... AH51: =$H51*'New vehicle sales'!AC$44 -> 0.11027105 | AI51: =AI31 -> T-CAR-BEV100_ELC21 | AJ51: *New
A52: =AI52 -> T-CAR-PHEV40_GSL21 | E52: FX | F52: NCAP_BND | G52: 2021 | H52: =SUMIFS('New vehicle sales'!$G$186:$G$215,'New vehicle sales'!$C$186:$C$215,'TRA-CAPs'!G52,'New vehicle sales'!$E$186:$E$215,B52)/1000 -> 0 | I52: =$H52*'New vehicle sales'!D$44 -> 0 | J52: =$H52*'New vehicle sales'!E$44 -> 0 | K52: =$H52*'New vehicle sales'!F$44 -> 0 | L52: =$H52*'New vehicle sales'!G$44 -> 0 | M52: =$H52*'New vehicle sales'!H$44 -> 0 | N52: =$H52*'New vehicle sales'!I$44 -> 0 | O52: =$H52*'New vehicle sales'!J$44 -> 0 | P52: =$H52*'New vehicle sales'!K$44 -> 0 | ... AH52: =$H52*'New vehicle sales'!AC$44 -> 0 | AI52: =AI32 -> T-CAR-PHEV40_GSL21 | AJ52: *New
A53: =AI53 -> T-CAR-HEV_DST21 | E53: FX | F53: NCAP_BND | G53: 2021 | H53: =SUMIFS('New vehicle sales'!$G$186:$G$215,'New vehicle sales'!$C$186:$C$215,'TRA-CAPs'!G53,'New vehicle sales'!$E$186:$E$215,B53)/1000 -> 0 | I53: =$H53*'New vehicle sales'!D$44 -> 0 | J53: =$H53*'New vehicle sales'!E$44 -> 0 | K53: =$H53*'New vehicle sales'!F$44 -> 0 | L53: =$H53*'New vehicle sales'!G$44 -> 0 | M53: =$H53*'New vehicle sales'!H$44 -> 0 | N53: =$H53*'New vehicle sales'!I$44 -> 0 | O53: =$H53*'New vehicle sales'!J$44 -> 0 | P53: =$H53*'New vehicle sales'!K$44 -> 0 | ... AH53: =$H53*'New vehicle sales'!AC$44 -> 0 | AI53: =AI33 -> T-CAR-HEV_DST21 | AJ53: *New
A54: =AI54 -> T-CAR-PHEV40_DST21 | E54: FX | F54: NCAP_BND | G54: 2021 | H54: =SUMIFS('New vehicle sales'!$G$186:$G$215,'New vehicle sales'!$C$186:$C$215,'TRA-CAPs'!G54,'New vehicle sales'!$E$186:$E$215,B54)/1000 -> 0 | I54: =$H54*'New vehicle sales'!D$44 -> 0 | J54: =$H54*'New vehicle sales'!E$44 -> 0 | K54: =$H54*'New vehicle sales'!F$44 -> 0 | L54: =$H54*'New vehicle sales'!G$44 -> 0 | M54: =$H54*'New vehicle sales'!H$44 -> 0 | N54: =$H54*'New vehicle sales'!I$44 -> 0 | O54: =$H54*'New vehicle sales'!J$44 -> 0 | P54: =$H54*'New vehicle sales'!K$44 -> 0 | ... AH54: =$H54*'New vehicle sales'!AC$44 -> 0 | AI54: =AI34 -> T-CAR-PHEV40_DST21 | AJ54: *New
A55: =AI55 -> T-LGT-ICE_DST61 | E55: FX | F55: NCAP_BND | G55: 2021 | H55: ='New vehicle sales'!E19/1000 -> 25.370191 | I55: =$H55*'New vehicle sales'!D$44 -> 0.30332144 | J55: =$H55*'New vehicle sales'!E$44 -> 7.1784386 | K55: =$H55*'New vehicle sales'!F$44 -> 1.1854534 | L55: =$H55*'New vehicle sales'!G$44 -> 0.52868673 | M55: =$H55*'New vehicle sales'!H$44 -> 0.45124738 | N55: =$H55*'New vehicle sales'!I$44 -> 0.21776254 | O55: =$H55*'New vehicle sales'!J$44 -> 0.6866662 | P55: =$H55*'New vehicle sales'!K$44 -> 1.0391524 | ... AH55: =$H55*'New vehicle sales'!AC$44 -> 0.32705139 | AI55: =AI35 -> T-LGT-ICE_DST61 | AJ55: *New
A56: =AI56 -> T-LGT-HEV_DST61 | E56: FX | F56: NCAP_BND | G56: 2021 | H56: ='New vehicle sales'!E20/1000 -> 0.184 | I56: =$H56*'New vehicle sales'!D$44 -> 0.0021998708 | J56: =$H56*'New vehicle sales'!E$44 -> 0.052062386 | K56: =$H56*'New vehicle sales'!F$44 -> 0.0085976264 | L56: =$H56*'New vehicle sales'!G$44 -> 0.0038343565 | M56: =$H56*'New vehicle sales'!H$44 -> 0.0032727194 | N56: =$H56*'New vehicle sales'!I$44 -> 0.0015793459 | O56: =$H56*'New vehicle sales'!J$44 -> 0.0049801193 | P56: =$H56*'New vehicle sales'!K$44 -> 0.0075365631 | ... AH56: =$H56*'New vehicle sales'!AC$44 -> 0.0023719748 | AI56: =AI36 -> T-LGT-HEV_DST61 | AJ56: *New
A57: =AI57 -> T-LGT-BEV_ELC61 | E57: FX | F57: NCAP_BND | G57: 2021 | H57: ='New vehicle sales'!E21/1000 -> 0.894 | I57: =$H57*'New vehicle sales'!D$44 -> 0.010688503 | J57: =$H57*'New vehicle sales'!E$44 -> 0.25295529 | K57: =$H57*'New vehicle sales'!F$44 -> 0.04177325 | L57: =$H57*'New vehicle sales'!G$44 -> 0.018629971 | M57: =$H57*'New vehicle sales'!H$44 -> 0.015901148 | N57: =$H57*'New vehicle sales'!I$44 -> 0.0076735611 | O57: =$H57*'New vehicle sales'!J$44 -> 0.024196884 | P57: =$H57*'New vehicle sales'!K$44 -> 0.036617866 | ... AH57: =$H57*'New vehicle sales'!AC$44 -> 0.011524704 | AI57: =AI37 -> T-LGT-BEV_ELC61 | AJ57: *New
A58: =AI58 -> T-HGT-ICE_DST81 | E58: FX | F58: NCAP_BND | G58: 2021 | H58: ='New vehicle sales'!E34/1000 -> 1.744 | I58: =$H58*'New vehicle sales'!D$44 -> 0.02085095 | J58: =$H58*'New vehicle sales'!E$44 -> 0.49346088 | K58: =$H58*'New vehicle sales'!F$44 -> 0.081490545 | L58: =$H58*'New vehicle sales'!G$44 -> 0.036343031 | M58: =$H58*'New vehicle sales'!H$44 -> 0.031019688 | N58: =$H58*'New vehicle sales'!I$44 -> 0.014969453 | O58: =$H58*'New vehicle sales'!J$44 -> 0.04720287 | P58: =$H58*'New vehicle sales'!K$44 -> 0.071433511 | ... AH58: =$H58*'New vehicle sales'!AC$44 -> 0.022482196 | AI58: =AI38 -> T-HGT-ICE_DST81 | AJ58: *New
C66: NCAP for new vehicles according to actual sales in 2022
C68: Trans - Insert
D69: ~TFM_INS
D70: TimeSlice | E70: LimType | F70: Attribute | G70: Year | H70: =Regions!C$3 -> IE | I70: =Regions!E$3 -> IE-CW | J70: =Regions!F$3 -> IE-D | K70: =Regions!G$3 -> IE-KE | L70: =Regions!H$3 -> IE-KK | M70: =Regions!I$3 -> IE-LS | N70: =Regions!J$3 -> IE-LD | O70: =Regions!K$3 -> IE-LH | P70: =Regions!L$3 -> IE-MH | ... AH70: =Regions!AD$3 -> IE-MN | AI70: Pset_PN | AJ70: Pset_PD
A71: =AI71 -> T-CAR*, T-LGT*, T-HGT* | E71: FX | F71: =F30 -> NCAP_BND | G71: 2022 | H71: 0 | I71: =H71 -> 0 | J71: =I71 -> 0 | K71: =J71 -> 0 | L71: =K71 -> 0 | M71: =L71 -> 0 | N71: =M71 -> 0 | O71: =N71 -> 0 | P71: =O71 -> 0 | ... AH71: =AG71 -> 0 | AI71: =AI47 -> T-CAR*, T-LGT*, T-HGT* | AJ71: =AJ30 -> *New
A72: =AI72 -> T-CAR-ICE_DST21 | B72: Diesel | E72: FX | F72: NCAP_BND | G72: 2022 | H72: =SUMIFS('New vehicle sales'!$G$186:$G$215,'New vehicle sales'!$C$186:$C$215,'TRA-CAPs'!G72,'New vehicle sales'!$E$186:$E$215,B72)/1000 -> 27.188 | I72: =$H72*'New vehicle sales'!D$44 -> 0.32505483 | J72: =$H72*'New vehicle sales'!E$44 -> 7.6927835 | K72: =$H72*'New vehicle sales'!F$44 -> 1.2703927 | L72: =$H72*'New vehicle sales'!G$44 -> 0.56656785 | M72: =$H72*'New vehicle sales'!H$44 -> 0.48357987 | N72: =$H72*'New vehicle sales'!I$44 -> 0.23336552 | O72: =$H72*'New vehicle sales'!J$44 -> 0.73586676 | P72: =$H72*'New vehicle sales'!K$44 -> 1.1136091 | ... AH72: =$H72*'New vehicle sales'!AC$44 -> 0.35048507 | AI72: =AI48 -> T-CAR-ICE_DST21 | AJ72: *New
A73: =AI73 -> T-CAR-ICE_GSL21 | B73: Petrol | E73: FX | F73: NCAP_BND | G73: 2022 | H73: =SUMIFS('New vehicle sales'!$G$186:$G$215,'New vehicle sales'!$C$186:$C$215,'TRA-CAPs'!G73,'New vehicle sales'!$E$186:$E$215,B73)/1000 -> 30.627 | I73: =$H73*'New vehicle sales'!D$44 -> 0.36617089 | J73: =$H73*'New vehicle sales'!E$44 -> 8.6658408 | K73: =$H73*'New vehicle sales'!F$44 -> 1.4310843 | L73: =$H73*'New vehicle sales'!G$44 -> 0.63823281 | M73: =$H73*'New vehicle sales'!H$44 -> 0.5447477 | N73: =$H73*'New vehicle sales'!I$44 -> 0.26288384 | O73: =$H73*'New vehicle sales'!J$44 -> 0.82894628 | P73: =$H73*'New vehicle sales'!K$44 -> 1.2544691 | ... AH73: =$H73*'New vehicle sales'!AC$44 -> 0.39481779 | AI73: =AI49 -> T-CAR-ICE_GSL21 | AJ73: *New
A74: =AI74 -> T-CAR-HEV_GSL21 | B74: Hybrid | E74: FX | F74: NCAP_BND | G74: 2022 | H74: =SUMIFS('New vehicle sales'!$G$186:$G$215,'New vehicle sales'!$C$186:$C$215,'TRA-CAPs'!G74,'New vehicle sales'!$E$186:$E$215,B74)/1000 -> 27.355 | I74: =$H74*'New vehicle sales'!D$44 -> 0.32705145 | J74: =$H74*'New vehicle sales'!E$44 -> 7.7400358 | K74: =$H74*'New vehicle sales'!F$44 -> 1.278196 | L74: =$H74*'New vehicle sales'!G$44 -> 0.57004795 | M74: =$H74*'New vehicle sales'!H$44 -> 0.48655021 | N74: =$H74*'New vehicle sales'!I$44 -> 0.23479895 | O74: =$H74*'New vehicle sales'!J$44 -> 0.74038676 | P74: =$H74*'New vehicle sales'!K$44 -> 1.1204494 | ... AH74: =$H74*'New vehicle sales'!AC$44 -> 0.35263789 | AI74: =AI50 -> T-CAR-HEV_GSL21 | AJ74: *New
A75: =AI75 -> T-CAR-BEV100_ELC21 | B75: Electric | E75: FX | F75: NCAP_BND | G75: 2022 | H75: =SUMIFS('New vehicle sales'!$G$186:$G$215,'New vehicle sales'!$C$186:$C$215,'TRA-CAPs'!G75,'New vehicle sales'!$E$186:$E$215,B75)/1000 -> 15.462 | I75: =$H75*'New vehicle sales'!D$44 -> 0.18486089 | J75: =$H75*'New vehicle sales'!E$44 -> 4.3749382 | K75: =$H75*'New vehicle sales'!F$44 -> 0.72248097 | L75: =$H75*'New vehicle sales'!G$44 -> 0.32221098 | M75: =$H75*'New vehicle sales'!H$44 -> 0.27501515 | N75: =$H75*'New vehicle sales'!I$44 -> 0.13271656 | O75: =$H75*'New vehicle sales'!J$44 -> 0.41849242 | P75: =$H75*'New vehicle sales'!K$44 -> 0.63331706 | ... AH75: =$H75*'New vehicle sales'!AC$44 -> 0.19932323 | AI75: =AI51 -> T-CAR-BEV100_ELC21 | AJ75: *New
A76: =AI76 -> T-CAR-PHEV40_GSL21 | E76: FX | F76: NCAP_BND | G76: 2022 | H76: =SUMIFS('New vehicle sales'!$G$186:$G$215,'New vehicle sales'!$C$186:$C$215,'TRA-CAPs'!G76,'New vehicle sales'!$E$186:$E$215,B76)/1000 -> 0 | I76: =$H76*'New vehicle sales'!D$44 -> 0 | J76: =$H76*'New vehicle sales'!E$44 -> 0 | K76: =$H76*'New vehicle sales'!F$44 -> 0 | L76: =$H76*'New vehicle sales'!G$44 -> 0 | M76: =$H76*'New vehicle sales'!H$44 -> 0 | N76: =$H76*'New vehicle sales'!I$44 -> 0 | O76: =$H76*'New vehicle sales'!J$44 -> 0 | P76: =$H76*'New vehicle sales'!K$44 -> 0 | ... AH76: =$H76*'New vehicle sales'!AC$44 -> 0 | AI76: =AI52 -> T-CAR-PHEV40_GSL21 | AJ76: *New
A77: =AI77 -> T-CAR-HEV_DST21 | E77: FX | F77: NCAP_BND | G77: 2022 | H77: =SUMIFS('New vehicle sales'!$G$186:$G$215,'New vehicle sales'!$C$186:$C$215,'TRA-CAPs'!G77,'New vehicle sales'!$E$186:$E$215,B77)/1000 -> 0 | I77: =$H77*'New vehicle sales'!D$44 -> 0 | J77: =$H77*'New vehicle sales'!E$44 -> 0 | K77: =$H77*'New vehicle sales'!F$44 -> 0 | L77: =$H77*'New vehicle sales'!G$44 -> 0 | M77: =$H77*'New vehicle sales'!H$44 -> 0 | N77: =$H77*'New vehicle sales'!I$44 -> 0 | O77: =$H77*'New vehicle sales'!J$44 -> 0 | P77: =$H77*'New vehicle sales'!K$44 -> 0 | ... AH77: =$H77*'New vehicle sales'!AC$44 -> 0 | AI77: =AI53 -> T-CAR-HEV_DST21 | AJ77: *New
A78: =AI78 -> T-CAR-PHEV40_DST21 | E78: FX | F78: NCAP_BND | G78: 2022 | H78: =SUMIFS('New vehicle sales'!$G$186:$G$215,'New vehicle sales'!$C$186:$C$215,'TRA-CAPs'!G78,'New vehicle sales'!$E$186:$E$215,B78)/1000 -> 0 | I78: =$H78*'New vehicle sales'!D$44 -> 0 | J78: =$H78*'New vehicle sales'!E$44 -> 0 | K78: =$H78*'New vehicle sales'!F$44 -> 0 | L78: =$H78*'New vehicle sales'!G$44 -> 0 | M78: =$H78*'New vehicle sales'!H$44 -> 0 | N78: =$H78*'New vehicle sales'!I$44 -> 0 | O78: =$H78*'New vehicle sales'!J$44 -> 0 | P78: =$H78*'New vehicle sales'!K$44 -> 0 | ... AH78: =$H78*'New vehicle sales'!AC$44 -> 0 | AI78: =AI54 -> T-CAR-PHEV40_DST21 | AJ78: *New
A79: =AI79 -> T-LGT-ICE_DST61 | E79: FX | F79: NCAP_BND | G79: 2022 | H79: ='New vehicle sales'!F19/1000 -> 21.011182 | I79: =$H79*'New vehicle sales'!D$44 -> 0.25120591 | J79: =$H79*'New vehicle sales'!E$44 -> 5.9450668 | K79: =$H79*'New vehicle sales'!F$44 -> 0.98177334 | L79: =$H79*'New vehicle sales'!G$44 -> 0.4378498 | M79: =$H79*'New vehicle sales'!H$44 -> 0.37371578 | N79: =$H79*'New vehicle sales'!I$44 -> 0.18034742 | O79: =$H79*'New vehicle sales'!J$44 -> 0.56868584 | P79: =$H79*'New vehicle sales'!K$44 -> 0.86060924 | ... AH79: =$H79*'New vehicle sales'!AC$44 -> 0.27085867 | AI79: =AI55 -> T-LGT-ICE_DST61 | AJ79: *New
A80: =AI80 -> T-LGT-HEV_DST61 | E80: FX | F80: NCAP_BND | G80: 2022 | H80: ='New vehicle sales'!F20/1000 -> 0.124 | I80: =$H80*'New vehicle sales'!D$44 -> 0.0014825217 | J80: =$H80*'New vehicle sales'!E$44 -> 0.035085521 | K80: =$H80*'New vehicle sales'!F$44 -> 0.0057940525 | L80: =$H80*'New vehicle sales'!G$44 -> 0.0025840229 | M80: =$H80*'New vehicle sales'!H$44 -> 0.0022055283 | N80: =$H80*'New vehicle sales'!I$44 -> 0.0010643418 | O80: =$H80*'New vehicle sales'!J$44 -> 0.0033561674 | P80: =$H80*'New vehicle sales'!K$44 -> 0.0050789882 | ... AH80: =$H80*'New vehicle sales'!AC$44 -> 0.0015985048 | AI80: =AI56 -> T-LGT-HEV_DST61 | AJ80: *New
A81: =AI81 -> T-LGT-BEV_ELC61 | E81: FX | F81: NCAP_BND | G81: 2022 | H81: ='New vehicle sales'!F21/1000 -> 0.411 | I81: =$H81*'New vehicle sales'!D$44 -> 0.004913842 | J81: =$H81*'New vehicle sales'!E$44 -> 0.11629153 | K81: =$H81*'New vehicle sales'!F$44 -> 0.019204481 | L81: =$H81*'New vehicle sales'!G$44 -> 0.0085647854 | M81: =$H81*'New vehicle sales'!H$44 -> 0.0073102591 | N81: =$H81*'New vehicle sales'!I$44 -> 0.0035277781 | O81: =$H81*'New vehicle sales'!J$44 -> 0.011124071 | P81: =$H81*'New vehicle sales'!K$44 -> 0.016834388 | ... AH81: =$H81*'New vehicle sales'!AC$44 -> 0.0052982699 | AI81: =AI57 -> T-LGT-BEV_ELC61 | AJ81: *New
A82: =AI82 -> T-HGT-ICE_DST81 | E82: FX | F82: NCAP_BND | G82: 2022 | H82: ='New vehicle sales'!F34/1000 -> 1.797 | I82: =$H82*'New vehicle sales'!D$44 -> 0.021484608 | J82: =$H82*'New vehicle sales'!E$44 -> 0.50845711 | K82: =$H82*'New vehicle sales'!F$44 -> 0.083967036 | L82: =$H82*'New vehicle sales'!G$44 -> 0.037447493 | M82: =$H82*'New vehicle sales'!H$44 -> 0.031962374 | N82: =$H82*'New vehicle sales'!I$44 -> 0.015424373 | O82: =$H82*'New vehicle sales'!J$44 -> 0.048637361 | P82: =$H82*'New vehicle sales'!K$44 -> 0.073604369 | ... AH82: =$H82*'New vehicle sales'!AC$44 -> 0.023165428 | AI82: =AI58 -> T-HGT-ICE_DST81 | AJ82: *New
C91: NCAP for new vehicles according to actual sales in 2023
C93: Trans - Insert
D94: ~TFM_INS
D95: TimeSlice | E95: LimType | F95: Attribute | G95: Year | H95: =Regions!C$3 -> IE | I95: =Regions!E$3 -> IE-CW | J95: =Regions!F$3 -> IE-D | K95: =Regions!G$3 -> IE-KE | L95: =Regions!H$3 -> IE-KK | M95: =Regions!I$3 -> IE-LS | N95: =Regions!J$3 -> IE-LD | O95: =Regions!K$3 -> IE-LH | P95: =Regions!L$3 -> IE-MH | ... AH95: =Regions!AD$3 -> IE-MN | AI95: Pset_PN | AJ95: Pset_PD
A96: =A71 -> T-CAR*, T-LGT*, T-HGT* | E96: FX | F96: =F55 -> NCAP_BND | G96: 2023 | H96: 0 | I96: =H96 -> 0 | J96: =I96 -> 0 | K96: =J96 -> 0 | L96: =K96 -> 0 | M96: =L96 -> 0 | N96: =M96 -> 0 | O96: =N96 -> 0 | P96: =O96 -> 0 | ... AH96: =AG96 -> 0 | AI96: =AI71 -> T-CAR*, T-LGT*, T-HGT* | AJ96: =AJ55 -> *New
A97: =A72 -> T-CAR-ICE_DST21 | B97: Diesel | E97: FX | F97: NCAP_BND | G97: 2023 | H97: ='New vehicle sales'!N141/1000 -> 27.249 | I97: =$H97*'New vehicle sales'!D$44 -> 0.32578413 | J97: =$H97*'New vehicle sales'!E$44 -> 7.7100433 | K97: =$H97*'New vehicle sales'!F$44 -> 1.273243 | L97: =$H97*'New vehicle sales'!G$44 -> 0.56783902 | M97: =$H97*'New vehicle sales'!H$44 -> 0.48466484 | N97: =$H97*'New vehicle sales'!I$44 -> 0.23388911 | O97: =$H97*'New vehicle sales'!J$44 -> 0.73751778 | P97: =$H97*'New vehicle sales'!K$44 -> 1.1161077 | ... AH97: =$H97*'New vehicle sales'!AC$44 -> 0.35127143 | AI97: =AI72 -> T-CAR-ICE_DST21 | AJ97: *New
A98: =A73 -> T-CAR-ICE_GSL21 | B98: Petrol | E98: FX | F98: NCAP_BND | G98: 2023 | H98: ='New vehicle sales'!N140/1000 -> 36.878 | I98: =$H98*'New vehicle sales'!D$44 -> 0.44090672 | J98: =$H98*'New vehicle sales'!E$44 -> 10.434547 | K98: =$H98*'New vehicle sales'!F$44 -> 1.7231699 | L98: =$H98*'New vehicle sales'!G$44 -> 0.76849673 | M98: =$H98*'New vehicle sales'!H$44 -> 0.65593123 | N98: =$H98*'New vehicle sales'!I$44 -> 0.31653869 | O98: =$H98*'New vehicle sales'!J$44 -> 0.99813501 | P98: =$H98*'New vehicle sales'!K$44 -> 1.5105075 | ... AH98: =$H98*'New vehicle sales'!AC$44 -> 0.47540048 | AI98: =AI73 -> T-CAR-ICE_GSL21 | AJ98: *New
A99: =A74 -> T-CAR-HEV_GSL21 | B99: Hybrid | E99: FX | F99: NCAP_BND | G99: 2023 | H99: =('New vehicle sales'!N142+'New vehicle sales'!N145)/1000 -> 25.294 | I99: =$H99*'New vehicle sales'!D$44 -> 0.30241051 | J99: =$H99*'New vehicle sales'!E$44 -> 7.1568805 | K99: =$H99*'New vehicle sales'!F$44 -> 1.1818933 | L99: =$H99*'New vehicle sales'!G$44 -> 0.52709898 | M99: =$H99*'New vehicle sales'!H$44 -> 0.4498922 | N99: =$H99*'New vehicle sales'!I$44 -> 0.21710856 | O99: =$H99*'New vehicle sales'!J$44 -> 0.68460401 | P99: =$H99*'New vehicle sales'!K$44 -> 1.0360317 | ... AH99: =$H99*'New vehicle sales'!AC$44 -> 0.32606919 | AI99: =AI74 -> T-CAR-HEV_GSL21 | AJ99: *New
A100: =A75 -> T-CAR-BEV100_ELC21 | B100: Electric | E100: FX | F100: NCAP_BND | G100: 2023 | H100: ='New vehicle sales'!N143/1000 -> 22.597 | I100: =$H100*'New vehicle sales'!D$44 -> 0.27016566 | J100: =$H100*'New vehicle sales'!E$44 -> 6.3937704 | K100: =$H100*'New vehicle sales'!F$44 -> 1.0558726 | L100: =$H100*'New vehicle sales'!G$44 -> 0.47089649 | M100: =$H100*'New vehicle sales'!H$44 -> 0.40192196 | N100: =$H100*'New vehicle sales'!I$44 -> 0.19395913 | O100: =$H100*'New vehicle sales'!J$44 -> 0.61160737 | P100: =$H100*'New vehicle sales'!K$44 -> 0.92556367 | ... AH100: =$H100*'New vehicle sales'!AC$44 -> 0.29130172 | AI100: =AI75 -> T-CAR-BEV100_ELC21 | AJ100: *New
A101: =A76 -> T-CAR-PHEV40_GSL21 | E101: FX | F101: NCAP_BND | G101: 2023 | H101: =('New vehicle sales'!N144+'New vehicle sales'!N146)/1000 -> 10.382 | I101: =$H101*'New vehicle sales'!D$44 -> 0.12412532 | J101: =$H101*'New vehicle sales'!E$44 -> 2.9375636 | K101: =$H101*'New vehicle sales'!F$44 -> 0.48511172 | L101: =$H101*'New vehicle sales'!G$44 -> 0.2163494 | M101: =$H101*'New vehicle sales'!H$44 -> 0.18465964 | N101: =$H101*'New vehicle sales'!I$44 -> 0.089112876 | O101: =$H101*'New vehicle sales'!J$44 -> 0.28099782 | P101: =$H101*'New vehicle sales'!K$44 -> 0.42524238 | ... AH101: =$H101*'New vehicle sales'!AC$44 -> 0.1338361 | AI101: =AI76 -> T-CAR-PHEV40_GSL21 | AJ101: *New
A102: =A77 -> T-CAR-HEV_DST21 | E102: FX | F102: NCAP_BND | G102: 2023 | H102: =SUMIFS('New vehicle sales'!$G$186:$G$215,'New vehicle sales'!$C$186:$C$215,'TRA-CAPs'!G102,'New vehicle sales'!$E$186:$E$215,B102)/1000 -> 0 | I102: =$H102*'New vehicle sales'!D$44 -> 0 | J102: =$H102*'New vehicle sales'!E$44 -> 0 | K102: =$H102*'New vehicle sales'!F$44 -> 0 | L102: =$H102*'New vehicle sales'!G$44 -> 0 | M102: =$H102*'New vehicle sales'!H$44 -> 0 | N102: =$H102*'New vehicle sales'!I$44 -> 0 | O102: =$H102*'New vehicle sales'!J$44 -> 0 | P102: =$H102*'New vehicle sales'!K$44 -> 0 | ... AH102: =$H102*'New vehicle sales'!AC$44 -> 0 | AI102: =AI77 -> T-CAR-HEV_DST21 | AJ102: *New
A103: =A78 -> T-CAR-PHEV40_DST21 | E103: FX | F103: NCAP_BND | G103: 2023 | H103: =SUMIFS('New vehicle sales'!$G$186:$G$215,'New vehicle sales'!$C$186:$C$215,'TRA-CAPs'!G103,'New vehicle sales'!$E$186:$E$215,B103)/1000 -> 0 | I103: =$H103*'New vehicle sales'!D$44 -> 0 | J103: =$H103*'New vehicle sales'!E$44 -> 0 | K103: =$H103*'New vehicle sales'!F$44 -> 0 | L103: =$H103*'New vehicle sales'!G$44 -> 0 | M103: =$H103*'New vehicle sales'!H$44 -> 0 | N103: =$H103*'New vehicle sales'!I$44 -> 0 | O103: =$H103*'New vehicle sales'!J$44 -> 0 | P103: =$H103*'New vehicle sales'!K$44 -> 0 | ... AH103: =$H103*'New vehicle sales'!AC$44 -> 0 | AI103: =AI78 -> T-CAR-PHEV40_DST21 | AJ103: *New
A104: =A79 -> T-LGT-ICE_DST61 | E104: FX | F104: NCAP_BND | G104: 2023 | H104: ='New vehicle sales'!G19/1000 -> 27.532 | I104: =$H104*'New vehicle sales'!D$44 -> 0.32916763 | J104: =$H104*'New vehicle sales'!E$44 -> 7.7901175 | K104: =$H104*'New vehicle sales'!F$44 -> 1.2864666 | L104: =$H104*'New vehicle sales'!G$44 -> 0.57373643 | M104: =$H104*'New vehicle sales'!H$44 -> 0.48969843 | N104: =$H104*'New vehicle sales'!I$44 -> 0.23631821 | O104: =$H104*'New vehicle sales'!J$44 -> 0.74517742 | P104: =$H104*'New vehicle sales'!K$44 -> 1.1276992 | ... AH104: =$H104*'New vehicle sales'!AC$44 -> 0.35491963 | AI104: =AI79 -> T-LGT-ICE_DST61 | AJ104: *New
A105: =A80 -> T-LGT-HEV_DST61 | E105: FX | F105: NCAP_BND | G105: 2023 | H105: ='New vehicle sales'!G20/1000 -> 0.066 | I105: =$H105*'New vehicle sales'!D$44 -> 0.00078908411 | J105: =$H105*'New vehicle sales'!E$44 -> 0.018674552 | K105: =$H105*'New vehicle sales'!F$44 -> 0.0030839312 | L105: =$H105*'New vehicle sales'!G$44 -> 0.001375367 | M105: =$H105*'New vehicle sales'!H$44 -> 0.0011739102 | N105: =$H105*'New vehicle sales'!I$44 -> 0.00056650451 | O105: =$H105*'New vehicle sales'!J$44 -> 0.0017863472 | P105: =$H105*'New vehicle sales'!K$44 -> 0.0027033324 | ... AH105: =$H105*'New vehicle sales'!AC$44 -> 0.00085081706 | AI105: =AI80 -> T-LGT-HEV_DST61 | AJ105: *New
A106: =A81 -> T-LGT-BEV_ELC61 | E106: FX | F106: NCAP_BND | G106: 2023 | H106: ='New vehicle sales'!G21/1000 -> 0.944 | I106: =$H106*'New vehicle sales'!D$44 -> 0.011286294 | J106: =$H106*'New vehicle sales'!E$44 -> 0.26710268 | K106: =$H106*'New vehicle sales'!F$44 -> 0.044109561 | L106: =$H106*'New vehicle sales'!G$44 -> 0.019671916 | M106: =$H106*'New vehicle sales'!H$44 -> 0.016790473 | N106: =$H106*'New vehicle sales'!I$44 -> 0.0081027312 | O106: =$H106*'New vehicle sales'!J$44 -> 0.025550178 | P106: =$H106*'New vehicle sales'!K$44 -> 0.038665845 | ... AH106: =$H106*'New vehicle sales'!AC$44 -> 0.012169262 | AI106: =AI81 -> T-LGT-BEV_ELC61 | AJ106: *New
A107: =A82 -> T-HGT-ICE_DST81 | E107: FX | F107: NCAP_BND | G107: 2023 | H107: ='New vehicle sales'!G34/1000 -> 2.907 | I107: =$H107*'New vehicle sales'!D$44 -> 0.034755568 | J107: =$H107*'New vehicle sales'!E$44 -> 0.82252912 | K107: =$H107*'New vehicle sales'!F$44 -> 0.13583315 | L107: =$H107*'New vehicle sales'!G$44 -> 0.060578665 | M107: =$H107*'New vehicle sales'!H$44 -> 0.051705409 | N107: =$H107*'New vehicle sales'!I$44 -> 0.024951949 | O107: =$H107*'New vehicle sales'!J$44 -> 0.078680472 | P107: =$H107*'New vehicle sales'!K$44 -> 0.1190695 | ... AH107: =$H107*'New vehicle sales'!AC$44 -> 0.037474624 | AI107: =AI82 -> T-HGT-ICE_DST81 | AJ107: *New
C113: NCAP for new vehicles according to actual sales in 2024
C115: Trans - Insert
D116: ~TFM_INS
D117: TimeSlice | E117: LimType | F117: Attribute | G117: Year | H117: =Regions!C$3 -> IE | I117: =Regions!E$3 -> IE-CW | J117: =Regions!F$3 -> IE-D | K117: =Regions!G$3 -> IE-KE | L117: =Regions!H$3 -> IE-KK | M117: =Regions!I$3 -> IE-LS | N117: =Regions!J$3 -> IE-LD | O117: =Regions!K$3 -> IE-LH | P117: =Regions!L$3 -> IE-MH | ... AH117: =Regions!AD$3 -> IE-MN | AI117: Pset_PN | AJ117: Pset_PD
A118: =A96 -> T-CAR*, T-LGT*, T-HGT* | E118: FX | F118: =F77 -> NCAP_BND | G118: 2024 | H118: 0 | I118: =H118 -> 0 | J118: =I118 -> 0 | K118: =J118 -> 0 | L118: =K118 -> 0 | M118: =L118 -> 0 | N118: =M118 -> 0 | O118: =N118 -> 0 | P118: =O118 -> 0 | ... AH118: =AG118 -> 0 | AI118: =AI96 -> T-CAR*, T-LGT*, T-HGT* | AJ118: =AJ77 -> *New
A119: =A97 -> T-CAR-ICE_DST21 | B119: Diesel | E119: FX | F119: NCAP_BND | G119: 2024 | H119: ='New vehicle sales'!O141/1000 -> 28.879624 | I119: =$H119*'New vehicle sales'!D$44 -> 0.34527958 | J119: =$H119*'New vehicle sales'!E$44 -> 8.1714246 | K119: =$H119*'New vehicle sales'!F$44 -> 1.3494359 | L119: =$H119*'New vehicle sales'!G$44 -> 0.60181942 | M119: =$H119*'New vehicle sales'!H$44 -> 0.51366796 | N119: =$H119*'New vehicle sales'!I$44 -> 0.24788541 | O119: =$H119*'New vehicle sales'!J$44 -> 0.78165202 | P119: =$H119*'New vehicle sales'!K$44 -> 1.1828973 | ... AH119: =$H119*'New vehicle sales'!AC$44 -> 0.37229207 | AI119: =AI97 -> T-CAR-ICE_DST21 | AJ119: *New
A120: =A98 -> T-CAR-ICE_GSL21 | B120: Petrol | E120: FX | F120: NCAP_BND | G120: 2024 | H120: ='New vehicle sales'!O140/1000 -> 40.299686 | I120: =$H120*'New vehicle sales'!D$44 -> 0.48181579 | J120: =$H120*'New vehicle sales'!E$44 -> 11.402706 | K120: =$H120*'New vehicle sales'!F$44 -> 1.8830524 | L120: =$H120*'New vehicle sales'!G$44 -> 0.83980089 | M120: =$H120*'New vehicle sales'!H$44 -> 0.71679111 | N120: =$H120*'New vehicle sales'!I$44 -> 0.34590839 | O120: =$H120*'New vehicle sales'!J$44 -> 1.0907459 | P120: =$H120*'New vehicle sales'!K$44 -> 1.6506583 | ... AH120: =$H120*'New vehicle sales'!AC$44 -> 0.51951001 | AI120: =AI98 -> T-CAR-ICE_GSL21 | AJ120: *New
A121: =A99 -> T-CAR-HEV_GSL21 | B121: Hybrid | E121: FX | F121: NCAP_BND | G121: 2024 | H121: =('New vehicle sales'!O142+'New vehicle sales'!O145)/1000 -> 26.689748 | I121: =$H121*'New vehicle sales'!D$44 -> 0.31909782 | J121: =$H121*'New vehicle sales'!E$44 -> 7.5518042 | K121: =$H121*'New vehicle sales'!F$44 -> 1.2471113 | L121: =$H121*'New vehicle sales'!G$44 -> 0.55618483 | M121: =$H121*'New vehicle sales'!H$44 -> 0.47471769 | N121: =$H121*'New vehicle sales'!I$44 -> 0.22908883 | O121: =$H121*'New vehicle sales'!J$44 -> 0.72238114 | P121: =$H121*'New vehicle sales'!K$44 -> 1.0932009 | ... AH121: =$H121*'New vehicle sales'!AC$44 -> 0.34406201 | AI121: =AI99 -> T-CAR-HEV_GSL21 | AJ121: *New
A122: =A100 -> T-CAR-BEV100_ELC21 | B122: Electric | E122: FX | F122: NCAP_BND | G122: 2024 | H122: =('New vehicle sales'!O143/1000) -> 16.959991 | I122: =$H122*'New vehicle sales'!D$44 -> 0.20277059 | J122: =$H122*'New vehicle sales'!E$44 -> 4.7987912 | K122: =$H122*'New vehicle sales'!F$44 -> 0.79247643 | L122: =$H122*'New vehicle sales'!G$44 -> 0.35342745 | M122: =$H122*'New vehicle sales'!H$44 -> 0.30165919 | N122: =$H122*'New vehicle sales'!I$44 -> 0.14557441 | O122: =$H122*'New vehicle sales'!J$44 -> 0.45903683 | P122: =$H122*'New vehicle sales'!K$44 -> 0.69467413 | ... AH122: =$H122*'New vehicle sales'!AC$44 -> 0.21863408 | AI122: =AI100 -> T-CAR-BEV100_ELC21 | AJ122: *New
A123: =A101 -> T-CAR-PHEV40_GSL21 | E123: FX | F123: NCAP_BND | G123: 2024 | H123: =('New vehicle sales'!O146+'New vehicle sales'!O144)/1000 -> 11.917408 | I123: =$H123*'New vehicle sales'!D$44 -> 0.14248238 | J123: =$H123*'New vehicle sales'!E$44 -> 3.3720037 | K123: =$H123*'New vehicle sales'!F$44 -> 0.55685553 | L123: =$H123*'New vehicle sales'!G$44 -> 0.24834559 | M123: =$H123*'New vehicle sales'!H$44 -> 0.21196919 | N123: =$H123*'New vehicle sales'!I$44 -> 0.1022919 | O123: =$H123*'New vehicle sales'!J$44 -> 0.32255496 | P123: =$H123*'New vehicle sales'!K$44 -> 0.48813203 | ... AH123: =$H123*'New vehicle sales'!AC$44 -> 0.1536293 | AI123: =AI101 -> T-CAR-PHEV40_GSL21 | AJ123: *New
A124: =A102 -> T-CAR-HEV_DST21 | E124: FX | F124: NCAP_BND | G124: 2024 | H124: 0 | I124: =$H124*'New vehicle sales'!D$44 -> 0 | J124: =$H124*'New vehicle sales'!E$44 -> 0 | K124: =$H124*'New vehicle sales'!F$44 -> 0 | L124: =$H124*'New vehicle sales'!G$44 -> 0 | M124: =$H124*'New vehicle sales'!H$44 -> 0 | N124: =$H124*'New vehicle sales'!I$44 -> 0 | O124: =$H124*'New vehicle sales'!J$44 -> 0 | P124: =$H124*'New vehicle sales'!K$44 -> 0 | ... AH124: =$H124*'New vehicle sales'!AC$44 -> 0 | AI124: =AI102 -> T-CAR-HEV_DST21 | AJ124: *New
A125: =A103 -> T-CAR-PHEV40_DST21 | E125: FX | F125: NCAP_BND | G125: 2024 | H125: 0 | I125: =$H125*'New vehicle sales'!D$44 -> 0 | J125: =$H125*'New vehicle sales'!E$44 -> 0 | K125: =$H125*'New vehicle sales'!F$44 -> 0 | L125: =$H125*'New vehicle sales'!G$44 -> 0 | M125: =$H125*'New vehicle sales'!H$44 -> 0 | N125: =$H125*'New vehicle sales'!I$44 -> 0 | O125: =$H125*'New vehicle sales'!J$44 -> 0 | P125: =$H125*'New vehicle sales'!K$44 -> 0 | ... AH125: =$H125*'New vehicle sales'!AC$44 -> 0 | AI125: =AI103 -> T-CAR-PHEV40_DST21 | AJ125: *New
A126: =A104 -> T-LGT-ICE_DST61 | E126: FX | F126: NCAP_BND | G126: 2024 | H126: ='New vehicle sales'!H19/1000 -> 32.399702 | I126: =$H126*'New vehicle sales'!D$44 -> 0.38736499 | J126: =$H126*'New vehicle sales'!E$44 -> 9.1674227 | K126: =$H126*'New vehicle sales'!F$44 -> 1.5139159 | L126: =$H126*'New vehicle sales'!G$44 -> 0.67517395 | M126: =$H126*'New vehicle sales'!H$44 -> 0.57627789 | N126: =$H126*'New vehicle sales'!I$44 -> 0.27809965 | O126: =$H126*'New vehicle sales'!J$44 -> 0.87692598 | P126: =$H126*'New vehicle sales'!K$44 -> 1.3270782 | ... AH126: =$H126*'New vehicle sales'!AC$44 -> 0.41766998 | AI126: =AI104 -> T-LGT-ICE_DST61 | AJ126: *New
A127: =A105 -> T-LGT-HEV_DST61 | E127: FX | F127: NCAP_BND | G127: 2024 | H127: ='New vehicle sales'!H20/1000 -> 1.3140541 | I127: =$H127*'New vehicle sales'!D$44 -> 0.015710594 | J127: =$H127*'New vehicle sales'!E$44 -> 0.37180864 | K127: =$H127*'New vehicle sales'!F$44 -> 0.061400792 | L127: =$H127*'New vehicle sales'!G$44 -> 0.027383433 | M127: =$H127*'New vehicle sales'!H$44 -> 0.023372447 | N127: =$H127*'New vehicle sales'!I$44 -> 0.011279054 | O127: =$H127*'New vehicle sales'!J$44 -> 0.035566011 | P127: =$H127*'New vehicle sales'!K$44 -> 0.053823105 | ... AH127: =$H127*'New vehicle sales'!AC$44 -> 0.016939691 | AI127: =AI105 -> T-LGT-HEV_DST61 | AJ127: *New
A128: =A106 -> T-LGT-BEV_ELC61 | E128: FX | F128: NCAP_BND | G128: 2024 | H128: ='New vehicle sales'!H21/1000 -> 1.0019273 | I128: =$H128*'New vehicle sales'!D$44 -> 0.011978862 | J128: =$H128*'New vehicle sales'!E$44 -> 0.28349307 | K128: =$H128*'New vehicle sales'!F$44 -> 0.046816284 | L128: =$H128*'New vehicle sales'!G$44 -> 0.020879056 | M128: =$H128*'New vehicle sales'!H$44 -> 0.017820798 | N128: =$H128*'New vehicle sales'!I$44 -> 0.0085999442 | O128: =$H128*'New vehicle sales'!J$44 -> 0.027118029 | P128: =$H128*'New vehicle sales'!K$44 -> 0.041038522 | ... AH128: =$H128*'New vehicle sales'!AC$44 -> 0.012916012 | AI128: =AI106 -> T-LGT-BEV_ELC61 | AJ128: *New
A129: =A107 -> T-HGT-ICE_DST81 | E129: FX | F129: NCAP_BND | G129: 2024 | H129: ='New vehicle sales'!H34/1000 -> 3.37212 | I129: =$H129*'New vehicle sales'!D$44 -> 0.040316459 | J129: =$H129*'New vehicle sales'!E$44 -> 0.95413378 | K129: =$H129*'New vehicle sales'!F$44 -> 0.15756646 | L129: =$H129*'New vehicle sales'!G$44 -> 0.070271251 | M129: =$H129*'New vehicle sales'!H$44 -> 0.059978275 | N129: =$H129*'New vehicle sales'!I$44 -> 0.02894426 | O129: =$H129*'New vehicle sales'!J$44 -> 0.091269348 | P129: =$H129*'New vehicle sales'!K$44 -> 0.13812063 | ... AH129: =$H129*'New vehicle sales'!AC$44 -> 0.043470564 | AI129: =AI107 -> T-HGT-ICE_DST81 | AJ129: *New
H131: =+H122/SUM(H118:H125) -> 0.13595569
D134: *="~UC_Sets: R_E: IE"
D135: *~UC_Sets: T_E:
I136: *=IF(RIGHT(D134,1)<>" ","~UC_T","")
...

Sheet CO2-config
B4: UC_N | C4: =_xlfn.TEXTJOIN("_",TRUE,"UC","Emissions","CO2","2020") -> UC_Emissions_CO2_2020
B5: UC_desc | C5: =_xlfn.TEXTJOIN(" ",TRUE,"CO2 Emissions in 2020") -> CO2 Emissions in 2020
B6: Year | C6: 2018 | D6: 0
B7: Value | C7: 0 | D7: 1
B8: Pset_PN | C8: T-A*INT*,T-NAV*
B9: Cset_CN | C9: TOTCO2
B10: Cset_Set | C10: ENV
B11: Other_indexes
B12: LimType | C12: LO
B13: UC_FLO | C13: -1
B14: UC_COMNET | C14: 1

Sheet New vehicle sales
A1: https://stats.beepbeep.ie/motorstats
A2: Results based on search parameters: Year: 2020
A4: Passenger Cars By Engine Type
A5: Rank | B5: Engine Type | C5: 2020 | D5: 2019
A6: 1 | B6: Diesel | C6: 38233 | D6: 54556
A7: 2 | B7: Petrol | C7: 32600 | D7: 47569
A8: 3 | B8: Petrol Electric (Hybrid) | C8: 10474 | D8: 10193
A9: 4 | B9: Electric | C9: 4013 | D9: 3444
A10: 5 | B10: Petrol/Plug-In Electric Hybrid | C10: 2459 | D10: 1343
A11: 6 | B11: Diesel/Electric | C11: 512 | D11: 1
A12: 7 | B12: Diesel/Plug-In Electric Hybrid | C12: 33 | D12: 3
B13: Total | C13: =SUM(C6:C12) -> 88324 | D13: =SUM(D6:D12) -> 117109
A17: Light Commercial Vehicles By Engine Type
A18: Rank | B18: Engine Type | C18: 2019 | D18: 2020 | E18: 2021 | F18: 2022 | G18: 2023 | H18: 2024 | M18: https://stats.beepbeep.ie/motorstats
B19: Diesel | C19: 24959 | D19: 20928 | E19: =G296*SUM(H256:H261)/H255 -> 25370.191 | F19: =G301*SUM(H265:H270)/H264 -> 21011.182 | G19: =R25 -> 27532 | H19: =S25 -> 32399.702 | M19: Results based on search parameters: Year: 2023; Month From: January; Month To: June; Comparison Year: 2024; Registration Type: Total New Registrations;
B20: Hybrid | C20: =G289 -> 5 | D20: =G294 -> 35 | E20: =G299 -> 184 | F20: =G304 -> 124 | G20: =R28+R29 -> 66 | H20: =S28+S29 -> 1314.0541
B21: Electric | C21: 327 | D21: 727 | E21: =G298 -> 894 | F21: =G303 -> 411 | G21: =R26 -> 944 | H21: =S26 -> 1001.9273 | M21: Light Commercial Vehicles By Engine Type
B22: Petrol | C22: 44 | D22: 29 | G22: =R27 -> 303 | H22: =S27 -> 402.12963 | M22: Year to date. Exported on 25th July 2024
B23: Diesel/Electric | O23: 6 months | P23: 7 months | R23: total (Actual) | S23: total (estimated)
B24: Petrol/Plug-In Electric Hybrid | C24: 1 | D24: 16 | M24: Rank | N24: Engine Type | O24: 2024 Units | P24: 2023 Units | Q24: proportion | R24: 2023 | S24: 2024
B25: Gas | D25: 2 | M25: 1 | N25: Diesel | O25: 19449 | P25: 16527 | Q25: =R25/P25 -> 1.6658801 | R25: 27532 | S25: =O25*Q25 -> 32399.702
B26: Petrol Electric | D26: 2 | M26: 2 | N26: Electric | O26: 467 | P26: 440 | Q26: =R26/P26 -> 2.1454545 | R26: 944 | S26: =O26*Q26 -> 1001.9273
B27: Diesel/Plug-In Electric Hybrid | D27: 1 | M27: 3 | N27: Petrol | O27: 215 | P27: 162 | Q27: =R27/P27 -> 1.8703704 | R27: 303 | S27: =O27*Q27 -> 402.12963
B28: Total | C28: =SUM(C19:C27) -> 25336 | D28: =SUM(D19:D27) -> 21740 | M28: 4 | N28: Petrol Electric (Hybrid) | O28: 59 | P28: 2 | Q28: =R28/P28 -> 22 | R28: 44 | S28: =O28*Q28 -> 1298
M29: 5 | N29: Petrol/Plug-In Electric Hybrid | O29: 27 | P29: 37 | Q29: =R29/P29 -> 0.59459459 | R29: 22 | S29: =O29*Q29 -> 16.054054
M30: 6 | N30: Diesel Electric (Hybrid) | O30: 10 | P30: 8 | Q30: =R30/P30 -> 0.75 | R30: 6 | S30: =O30*Q30 -> 7.5
M31: 7 | N31: Gas | O31: 4 | P31: 3 | Q31: =R31/P31 -> 1 | R31: 3 | S31: =O31*Q31 -> 4
A32: Heavy Commercial Vehicles By Engine Type
A33: Rank | B33: Engine Type | C33: 2019 | D33: 2020 | E33: 2021 | F33: 2022 | G33: 2023 | H33: 2024
A34: 1 | B34: Diesel | C34: =H245 -> 1620 | D34: =H254 -> 1542 | E34: =H263 -> 1744 | F34: =H272 -> 1797 | G34: 2907 | H34: =1.16*G34 -> 3372.12
A35: 2 | B35: Gas | C35: 9 | D35: 16
A36: 3 | B36: Electric | D36: 6 | G36: 67 | H36: 400
A37: 4 | B37: Diesel/Gas | D37: 1
B38: Total | C38: =SUM(C34:C37) -> 1629 | D38: =SUM(D34:D37) -> 1565
B41: Estimated regional population in 2018
C42: IE | D42: IE-CW | E42: IE-D | F42: IE-KE | G42: IE-KK | H42: IE-LS | I42: IE-LD | J42: IE-LH | K42: IE-MH | L42: IE-OY | M42: IE-WH | N42: IE-WX | O42: IE-WW | P42: IE-CE | Q42: IE-CO | R42: IE-KY | S42: IE-LK | T42: IE-TA | U42: IE-WD | V42: IE-G | W42: IE-LM | X42: IE-MO | Y42: IE-RN | Z42: IE-SO | AA42: IE-CN | AB42: IE-DL | AC42: IE-MN
B43: Population | C43: 4857000 | D43: 58069.417 | E43: 1374277.2 | F43: 226949.3 | G43: 101214.51 | H43: 86389.12 | I43: 41689.582 | J43: 131458.91 | K43: 198940.69 | L43: 79518.545 | M43: 90543.493 | N43: 152713.22 | O43: 145270.44 | P43: 121190.79 | Q43: 553713.7 | R43: 150657.97 | S43: 198792.79 | T43: 162740.63 | U43: 118497.02 | V43: 263213.62 | W43: 32684.192 | X43: 133114.34 | Y43: 65833.493 | Z43: 66844.292 | AA43: 77697.883 | AB43: 162372.42 | AC43: 62612.401
B44: Pop. (share) | C44: 1 | D44: 0.01195582 | E44: 0.28294775 | F44: 0.04672623 | G44: 0.020838894 | H44: 0.017786519 | I44: 0.0085834017 | J44: 0.027065866 | K44: 0.040959582 | L44: 0.016371947 | M44: 0.018641856 | N44: 0.031441883 | O44: 0.0299095 | P44: 0.024951778 | Q44: 0.11400323 | R44: 0.031018729 | S44: 0.040929132 | T44: 0.03350641 | U44: 0.024397164 | V44: 0.054192633 | W44: 0.0067292962 | X44: 0.027406699 | Y44: 0.013554353 | Z44: 0.013762465 | AA44: 0.015997094 | AB44: 0.033430599 | AC44: 0.012891168
B45: Source: CSO, Table: EY001
B50: Vehicle type (New technologies)
B51: End-use technologies | C51: Description
B52: Passenger
B53: Two-wheelers
B54: T-MOT-ICE_GSL01 | C54: TRA Motorcycles: Gasoline ICEs - New
B55: T-MOT-EV_ELC01 | C55: TRA Motorcycles: Electric - New
B56: Private cars
B57: T-CAR-ICE_GSL21 | C57: TRA Cars: Gasoline ICEs - New
B58: T-CAR-ICE_DST21 | C58: TRA Cars: Diesel ICEs - New
B59: T-CAR-ICE_DF21 | C59: TRA Cars: Dual fuel ICEs (CNG/BCNG & Gasoline) - New
B60: T-CAR-ICE_NGB21 | C60: TRA Cars: BioCNG and CNG ICEs - New
B61: T-CAR-ICE_E8521 | C61: TRA Cars: Flex fuel ICEs - New
B62: T-CAR-ICE_B10021 | C62: TRA Cars: Biodiesel ICEs - New
B63: T-CAR-HEV_GSL21 | C63: TRA Cars: Gasoline HEVs - New
B64: T-CAR-HEV_DST21 | C64: TRA Cars: Diesel HEVs - New
B65: T-CAR-PHEV10_GSL21 | C65: TRA Cars: Gasoline PHEV, 10-mile all-electric range - New
B66: T-CAR-PHEV20_GSL21 | C66: TRA Cars: Gasoline PHEV, 20-mile all-electric range - New
B67: T-CAR-PHEV40_GSL21 | C67: TRA Cars: Gasoline PHEV, 40-mile all-electric range - New
B68: T-CAR-PHEV10_DST21 | C68: TRA Cars: Diesel PHEV, 10-mile all-electric range - New
... B75: T-CAR-FCV_HYD21 | C75: TRA Cars: Fuel cell vehicles - New
B76: Taxis
B77: T-TAX-ICE_GSL31 | C77: TRA Taxis: Gasoline ICEs - New
B78: T-TAX-ICE_DST31 | C78: TRA Taxis: Diesel ICEs - New
B79: T-TAX-ICE_DF31 | C79: TRA Taxis: Dual fuel ICEs (CNG/BCNG & Gasoline) - New
B80: T-TAX-ICE_NGB31 | C80: TRA Taxis: BioCNG and CNG ICEs - New
B81: T-TAX-ICE_E8531 | C81: TRA Taxis: Flex fuel ICEs - New
B82: T-TAX-ICE_B10031 | C82: TRA Taxis: Biodiesel ICEs - New
B83: T-TAX-HEV_GSL31 | C83: TRA Taxis: Gasoline HEVs - New
B84: T-TAX-HEV_DST31 | C84: TRA Taxis: Diesel HEV - New
B85: T-TAX-PHEV10_GSL31 | C85: TRA Taxis: Gasoline PHEV, 10-mile all-electric range - New
B86: T-TAX-PHEV20_GSL31 | C86: TRA Taxis: Gasoline PHEV, 20-mile all-electric range - New
B87: T-TAX-PHEV40_GSL31 | C87: TRA Taxis: Gasoline PHEV, 40-mile all-electric range - New
B88: T-TAX-PHEV10_DST31 | C88: TRA Taxis: Diesel PHEV, 10-mile all-electric range - New
... B95: T-TAX-FCV_HYD31 | C95: TRA Taxis: Fuel cell vehicles - New
B96: Buses
B97: T-BUS-ICE_DST41 | C97: TRA BUS: Diesel ICEs - New
B98: T-BUS-ICE_B10041 | C98: TRA BUS: Biodiesel ICEs - New
B99: T-BUS-ICE_NGB41 | C99: TRA BUS: BioCNG and CNG ICEs - New
B100: T-BUS-BEV_ELC41 | C100: TRA BUS: BEV - New
B101: T-BUS-FCV_HYD41 | C101: TRA BUS: Fuel Cell Vehicles - New
B102: Passenger Train
B103: T-LPT-BEV_ELC51 | C103: TRA Light Passenger Train: Electric - New
B104: T-HPT-BEV_ELC51 | C104: TRA Heavy Passenger Train: Electric - New
B105: T-HPT-ICE_DST51 | C105: TRA Heavy Passenger Train: Diesel - New
B106: Freights
B107: Light Goods Trucks
B108: T-LGT-ICE_DST61 | C108: TRA Light Goods Truck: Diesel ICE - New
B109: T-LGT-HEV_DST61 | C109: TRA Light Goods Truck: Diesel HEV - New
B110: T-LGT-PHEV_DST61 | C110: TRA Light Goods Truck: Diesel Plug in Hybrid - New
B111: T-LGT-ICE_NGB61 | C111: TRA Light Goods Truck: BioCNG and CNG ICE - New
B112: T-LGT-PHEV_NGB61 | C112: TRA Light Goods Truck: BioCNG and CNG PHEV - New
B113: T-LGT-FCV_HYD61 | C113: TRA Light Goods Truck: Fuel Cell Vehicle - New
B114: T-LGT-BEV_ELC61 | C114: TRA Light Goods Truck: Battery Electric Vehicle - New
B115: Medium Goods Trucks
B116: T-MGT-ICE_DST71 | C116: TRA Medium Goods Truck: Diesel ICE - New
B117: T-MGT-HEV_DST71 | C117: TRA Medium Goods Truck: Diesel HEV - New
B118: T-MGT-FCV_HYD71 | C118: TRA Medium Goods Truck: Hydrogen FCV - New
B119: T-MGT-ICE_NGB71 | C119: TRA Medium Goods Truck: BioCNG and CNG ICE - New
B120: T-MGT-HEV_NGB71 | C120: TRA Medium Goods Truck: BioCNG and CNG HEV - New
B121: T-MGT-ICE_LNG71 | C121: TRA Medium Goods Truck: LNG ICE - New
B122: T-MGT-BEV_ELC71 | C122: TRA Medium Goods Truck: Battery Electric Vehicle - New
...

Sheet CO2-NET-multi
A1: UC - All Regions/Each Period
B2: ="~UC_Sets: R_S: " & _xlfn.TEXTJOIN(",",TRUE,Regions!D3:AD3) -> ~UC_Sets: R_S: National,IE-CW,IE-D,IE-KE,IE-KK,IE-LS,IE-LD,IE-LH,IE-MH,IE-OY,IE-WH,IE-WX,IE-WW,IE-CE,IE-CO,IE-KY,IE-LK,IE-TA,IE-WD,IE-G,IE-LM,IE-MO,IE-RN,IE-SO,IE-CN,IE-DL,IE-MN
B3: ~UC_Sets: T_S:
G4: =IF(RIGHT(B2,1)<>" ","~UC_T","") -> ~UC_T
B5: UC_N | C5: Cset_CN | D5: Cset_Set | E5: Pset_PN | F5: Year | G5: LimType | H5: UC_COMNET | I5: UC_FLO | J5: UC_RHSTS | K5: UC_Desc
B6: *Units | J6: *kt
B7: =VLOOKUP(B$5, 'CO2-config'!$B$4:$D$14,2,FALSE) & "_Multi" -> UC_Emissions_CO2_2020_Multi | C7: =VLOOKUP(C$5, 'CO2-config'!$B$4:$D$14,MATCH($F7,'CO2-config'!$B$6:$D$6,),FALSE) -> TOTCO2 | D7: =VLOOKUP(D$5, 'CO2-config'!$B$4:$D$14,MATCH($F7,'CO2-config'!$B$6:$D$6,),FALSE) -> ENV | F7: 2018 | G7: =VLOOKUP(G$5, 'CO2-config'!$B$4:$D$14,MATCH($F7,'CO2-config'!$B$6:$D$6,),FALSE) -> LO | H7: =VLOOKUP(H$5, 'CO2-config'!$B$4:$D$14,MATCH($F7,'CO2-config'!$B$6:$D$6,),FALSE) -> 1 | J7: =VLOOKUP("Value", 'CO2-config'!$B$4:$D$14,MATCH($F7,'CO2-config'!$B$6:$D$6,),FALSE) -> 0 | K7: =VLOOKUP(K$5, 'CO2-config'!$B$4:$D$14,2,FALSE) & " - Multi" -> CO2 Emissions in 2020 - Multi
B8: * | C8: =VLOOKUP(C$5, 'CO2-config'!$B$4:$D$14,MATCH($F8,'CO2-config'!$B$6:$D$6,),FALSE) -> TOTCO2 | D8: =VLOOKUP(D$5, 'CO2-config'!$B$4:$D$14,MATCH($F8,'CO2-config'!$B$6:$D$6,),FALSE) -> ENV | E8: =VLOOKUP(E$5, 'CO2-config'!$B$4:$D$14,MATCH($F8,'CO2-config'!$B$6:$D$6,),FALSE) -> T-A*INT*,T-NAV* | F8: =F7 -> 2018 | I8: =VLOOKUP(I$5, 'CO2-config'!$B$4:$D$14,MATCH($F8,'CO2-config'!$B$6:$D$6,),FALSE) -> -1
F9: 0 | J9: =VLOOKUP("Value", 'CO2-config'!$B$4:$D$14,MATCH($F9,'CO2-config'!$B$6:$D$6,),FALSE) -> 1

Sheet CO2-NET-single
A1: UC - Each Region/All Periods
B2: ="~UC_Sets: R_E: " & _xlfn.TEXTJOIN(",",TRUE,Regions!C3) -> ~UC_Sets: R_E: IE
B3: ~UC_Sets: T_S:
G4: =IF(RIGHT(B2,1)<>" ","~UC_T","") -> ~UC_T
B5: UC_N | C5: Cset_CN | D5: Cset_Set | E5: Pset_PN | F5: Year | G5: LimType | H5: UC_COMNET | I5: UC_FLO | J5: UC_RHSRTS | K5: UC_Desc
B6: *Units | J6: *kt
B7: =VLOOKUP(B$5, 'CO2-config'!$B$4:$D$14,2,FALSE) & "_Single" -> UC_Emissions_CO2_2020_Single | C7: =VLOOKUP(C$5, 'CO2-config'!$B$4:$D$14,MATCH($F7,'CO2-config'!$B$6:$D$6,),FALSE) -> TOTCO2 | D7: =VLOOKUP(D$5, 'CO2-config'!$B$4:$D$14,MATCH($F7,'CO2-config'!$B$6:$D$6,),FALSE) -> ENV | F7: 2018 | G7: =VLOOKUP(G$5, 'CO2-config'!$B$4:$D$14,MATCH($F7,'CO2-config'!$B$6:$D$6,),FALSE) -> LO | H7: =VLOOKUP(H$5, 'CO2-config'!$B$4:$D$14,MATCH($F7,'CO2-config'!$B$6:$D$6,),FALSE) -> 1 | J7: =VLOOKUP("Value", 'CO2-config'!$B$4:$D$14,MATCH($F7,'CO2-config'!$B$6:$D$6,),FALSE) -> 0 | K7: =VLOOKUP(K$5, 'CO2-config'!$B$4:$D$14,2,FALSE) & " - Single" -> CO2 Emissions in 2020 - Single
B8: * | C8: =VLOOKUP(C$5, 'CO2-config'!$B$4:$D$14,MATCH($F8,'CO2-config'!$B$6:$D$6,),FALSE) -> TOTCO2 | D8: =VLOOKUP(D$5, 'CO2-config'!$B$4:$D$14,MATCH($F8,'CO2-config'!$B$6:$D$6,),FALSE) -> ENV | E8: =VLOOKUP(E$5, 'CO2-config'!$B$4:$D$14,MATCH($F8,'CO2-config'!$B$6:$D$6,),FALSE) -> T-A*INT*,T-NAV* | F8: =F7 -> 2018 | I8: =VLOOKUP(I$5, 'CO2-config'!$B$4:$D$14,MATCH($F8,'CO2-config'!$B$6:$D$6,),FALSE) -> -1
F9: 0 | J9: =VLOOKUP("Value", 'CO2-config'!$B$4:$D$14,MATCH($F9,'CO2-config'!$B$6:$D$6,),FALSE) -> 1

Sheet EB2018
A1: 2018 Units = ktoe | B1: NACE (Rev 2) | C1: Coal | D1: Bituminous Coal | E1: Anthracite + Manufactured Ovoids | F1: Coke | G1: Lignite \ Brown Coal Briquettes | H1: Peat | I1: Milled Peat | J1: Sod Peat | K1: Briquettes | L1: Oil | M1: Crude | N1: Refinery Feedstocks | O1: Refinery Gas | P1: Gasoline | Q1: Kerosene | R1: Jet Kerosene | S1: Fueloil | T1: LPG | U1: Gasoil / Diesel /DERV | V1: Petroleum Coke | W1: Naphta | X1: Bitumen | Y1: White Spirit | Z1: Lubricants | AA1: Natural Gas | AB1: Renewables | AC1: Hydro | AD1: Wind | AE1: Biomass | AF1: Renewable Waste | AG1: Landfill Gas | AH1: Biogas | AI1: Biodiesel | AJ1: Bioethanol | AK1: Solar Photovoltaic | AL1: Solar Thermal | AM1: Ambient Heat | AN1: Non-Renewable Waste | AO1: Electricity | AP1: Heat | AQ1: TOTAL
A2: Indigenous Production | C2: 0 | D2: 0 | H2: 815.92435 | I2: 688.22035 | J2: 127.704 | L2: 0 | AA2: 2751.9192 | AB2: 1334.822 | AC2: 59.691709 | AD2: 743.01992 | AE2: 248.90728 | AF2: 139.99993 | AG2: 33.531819 | AH2: 16.813133 | AI2: 31.064468 | AJ2: 2.6691993 | AK2: 1.5674557 | AL2: 13.546086 | AM2: 44.011032 | AN2: 145.4371 | AQ2: 5048.1027
A3: Imports | C3: 903.49466 | D3: 829.5746 | E3: 61.722868 | G3: 12.197194 | H3: 0 | L3: 9138.5578 | M3: 3053.4743 | N3: 16.633377 | O3: 0 | P3: 564.23641 | Q3: 369.14639 | R3: 1542.2444 | S3: 82.827949 | T3: 157.54636 | U3: 2932.6956 | V3: 166.37648 | W3: 7.5616539 | X3: 200.83222 | Y3: 1.228147 | Z3: 43.754533 | AA3: 1728.3381 | AB3: 151.93356 | AE3: 24.282116 | AI3: 104.81441 | AJ3: 22.83703 | AO3: 139.45062 | AQ3: 12061.775
A4: Exports | C4: 15.186581 | D4: 0 | E4: 14.097722 | G4: 1.0888587 | H4: 7.033068 | K4: 7.033068 | L4: 1717.0625 | M4: 0 | N4: 0 | P4: 364.52222 | Q4: 21.672508 | R4: 156.2938 | S4: 986.60612 | T4: 35.289733 | U4: 102.14625 | V4: 0.0029088438 | W4: 36.297317 | X4: 5.469469 | Y4: 0.018500298 | Z4: 8.7436483 | AA4: 0 | AB4: 9.4476585 | AE4: 0.4126464 | AI4: 9.0350121 | AJ4: 0 | AO4: 141.83539 | AQ4: 1890.5652
A5: Mar. Bunkers | C5: 0 | H5: 0 | L5: 172.71259 | S5: 15.730078 | U5: 156.98251 | AB5: 0 | AQ5: 172.71259
A6: Stock Change | C6: -101.25635 | D6: -101.86989 | E6: -0.80797667 | G6: 1.421516 | H6: -122.93905 | I6: -136.53827 | J6: 0 | K6: 13.599214 | L6: 137.25718 | M6: 38.730965 | N6: -8.875152 | P6: -9.6980083 | Q6: -1.1994301 | R6: 82.120249 | S6: 23.6376 | T6: 1.4659197 | U6: 8.3874136 | V6: 3.2040911 | W6: -0.51646779 | X6: 0 | Y6: 0 | Z6: 0 | AA6: 0 | AB6: 4.4601014 | AE6: 0.26707428 | AI6: 1.7828522 | AJ6: 2.410175 | AQ6: -82.47812
A7: Primary Energy Supply (incl non-energy) | C7: 787.05173 | D7: 727.70471 | E7: 46.817169 | F7: 0 | G7: 12.529851 | H7: 685.95223 | I7: 551.68208 | J7: 127.704 | K7: 6.566146 | L7: 7386.0399 | M7: 3092.2053 | N7: 7.7582255 | O7: 0 | P7: 190.01618 | Q7: 346.27445 | R7: 1468.0709 | S7: -895.87065 | T7: 123.72255 | U7: 2681.9542 | V7: 169.57766 | W7: -29.252131 | X7: 195.36275 | Y7: 1.2096467 | Z7: 35.010885 | AA7: 4480.2573 | AB7: 1481.768 | AC7: 59.691709 | AD7: 743.01992 | AE7: 273.04383 | AF7: 139.99993 | AG7: 33.531819 | AH7: 16.813133 | AI7: 128.62672 | AJ7: 27.916405 | AK7: 1.5674557 | AL7: 13.546086 | AM7: 44.011032 | AN7: 145.4371 | AO7: -2.384774 | AP7: 0 | AQ7: 14964.121
A8: Primary Energy Requirement (excl. non-energy) | C8: 787.05173 | D8: 727.70471 | E8: 46.817169 | F8: 0 | G8: 12.529851 | H8: 685.95223 | I8: 551.68208 | J8: 127.704 | K8: 6.566146 | L8: 7154.4566 | M8: 3092.2053 | N8: 7.7582255 | O8: 0 | P8: 190.01618 | Q8: 346.27445 | R8: 1468.0709 | S8: -895.87065 | T8: 123.72255 | U8: 2681.9542 | V8: 169.57766 | W8: -29.252131 | X8: 0 | Y8: 0 | Z8: 0 | AA8: 4480.2573 | AB8: 1481.768 | AC8: 59.691709 | AD8: 743.01992 | AE8: 273.04383 | AF8: 139.99993 | AG8: 33.531819 | AH8: 16.813133 | AI8: 128.62672 | AJ8: 27.916405 | AK8: 1.5674557 | AL8: 13.546086 | AM8: 44.011032 | AN8: 145.4371 | AO8: -2.384774 | AP8: 0 | AQ8: 14732.538
A9: Transformation Input | C9: 489.1342 | D9: 489.1342 | E9: 0 | F9: 0 | G9: 0 | H9: 541.02658 | I9: 541.02658 | J9: 0 | K9: 0 | L9: 3165.7216 | M9: 3092.2053 | N9: 38.786602 | O9: 0 | P9: 0 | Q9: 0 | R9: 0 | S9: 25.868327 | T9: 0.63499472 | U9: 8.2264622 | V9: 0 | W9: 0 | X9: 0 | Y9: 0 | Z9: 0 | AA9: 2501.2994 | AB9: 215.90353 | AC9: 0 | AD9: 0 | AE9: 76.028616 | AF9: 99.307023 | AG9: 33.531819 | AH9: 7.0360715 | AI9: 0 | AJ9: 0 | AK9: 0 | AL9: 0 | AM9: 0 | AN9: 90.714163 | AO9: 54.384532 | AP9: 0 | AQ9: 7058.1841
A10: Public Thermal Power Plants (Input) | C10: 489.1342 | D10: 489.1342 | H10: 467.10846 | I10: 467.10846 | J10: 0 | L10: 34.094789 | S10: 25.868327 | U10: 8.2264622 | AA10: 2187.6034 | AB10: 205.3059 | AE10: 72.46706 | AF10: 99.307023 | AG10: 33.531819 | AN10: 90.714163 | AQ10: 3473.9609
A11: Combined Heat and Power Plants (Input) | C11: 0 | D11: 0 | H11: 5.8425469 | I11: 5.8425469 | L11: 0.63499472 | O11: 0 | S11: 0 | T11: 0.63499472 | U11: 0 | AA11: 272.96145 | AB11: 10.597627 | AE11: 3.561556 | AH11: 7.0360715 | AQ11: 290.03662
A12: Pumped Storage Consumption (Input) | AO12: 42.94206 | AQ12: 42.94206
A13: Briquetting Plants (Input) | C13: 0 | H13: 68.075577 | I13: 68.075577 | L13: 0 | AB13: 0 | AQ13: 68.075577
A14: Oil Refineries & other energy sector (Input) | C14: 0 | H14: 0 | L14: 3130.9919 | M14: 3092.2053 | N14: 38.786602 | AA14: 40.734585 | AB14: 0 | AO14: 11.442472 | AQ14: 3183.1689
A15: Transformation Output | C15: 0 | D15: 0 | E15: 0 | F15: 0 | G15: 0 | H15: 64.671798 | I15: 0 | J15: 0 | K15: 64.671798 | L15: 3166.7859 | M15: 0 | N15: 0 | O15: 90.017984 | P15: 640.5368 | Q15: 226.77459 | R15: 0 | S15: 960.95018 | T15: 64.797463 | U15: 1146.9502 | V15: 0 | W15: 36.758644 | X15: 0 | Y15: 0 | Z15: 0 | AA15: 0 | AB15: 0 | AC15: 0 | AD15: 0 | AE15: 0 | AF15: 0 | AG15: 0 | AH15: 0 | AI15: 0 | AJ15: 0 | AK15: 0 | AL15: 0 | AM15: 0 | AN15: 0 | AO15: 1873.3615 | AP15: 0 | AQ15: 5104.8192
A16: Public Thermal Power Plants (Output) | C16: 0 | H16: 0 | L16: 0 | AB16: 0 | AO16: 1667.7866 | AQ16: 1667.7866
A17: Combined Heat and Power Plants (Output) | C17: 0 | H17: 0 | L17: 0 | AB17: 0 | AO17: 185.14396 | AQ17: 185.14396
A18: Pumped Storage Generation (Output) | AO18: 20.430939 | AQ18: 20.430939
A19: Briquetting Plants (Output) | H19: 64.671798 | K19: 64.671798 | L19: 0 | AB19: 0 | AQ19: 64.671798
A20: Oil Refineries & other energy sector (Output) | H20: 0 | L20: 3166.7859 | O20: 90.017984 | P20: 640.5368 | Q20: 226.77459 | R20: 0 | S20: 960.95018 | T20: 64.797463 | U20: 1146.9502 | W20: 36.758644 | AB20: 0 | AQ20: 3166.7859
A21: Exchanges and transfers | C21: 22.240062 | D21: -17.141361 | E21: 39.381423 | F21: 0 | G21: 0 | H21: 0 | I21: 0 | J21: 0 | K21: 0 | L21: -24.684016 | M21: 0 | N21: 30.880435 | O21: 0 | P21: -31.331711 | Q21: 361.9108 | R21: -361.12225 | S21: -0.17168421 | T21: 0 | U21: -2.6095464 | V21: -22.240062 | W21: 0 | X21: 0 | Y21: 0 | Z21: 0 | AA21: 0 | AB21: -804.27909 | AC21: -59.691709 | AD21: -743.01992 | AE21: 0 | AF21: 0 | AG21: 0 | AH21: 0 | AI21: 0 | AJ21: 0 | AK21: -1.5674557 | AL21: 0 | AM21: 0 | AN21: 0 | AO21: 804.27909 | AP21: 0 | AQ21: -2.4439548
A22: Electricity Exchange & Transfers | AB22: -804.27909 | AC22: -59.691709 | AD22: -743.01992 | AK22: -1.5674557 | AO22: 804.27909 | AQ22: 0
A23: Heat Exchange & Transfers | AQ23: 0
A24: Other Exchange & Transfers | C24: 22.240062 | D24: -17.141361 | E24: 39.381423 | G24: 0 | L24: -24.684016 | N24: 30.880435 | P24: -31.331711 | Q24: 361.9108 | R24: -361.12225 | S24: -0.17168421 | U24: -2.6095464 | V24: -22.240062 | W24: 0 | AB24: 0 | AH24: 0 | AQ24: -2.4439548
A25: Own Use and Distribution Losses | C25: 0 | H25: 10.283248 | I25: 10.283248 | L25: 98.284658 | O25: 95.274692 | S25: 0 | T25: 0.0041693256 | U25: 3.0057963 | AA25: 57.5286 | AB25: 0 | AO25: 259.46681 | AQ25: 425.56332
A26: Available Final Energy Consumption | C26: 320.1576 | D26: 221.42916 | E26: 86.198592 | F26: 0 | G26: 12.529851 | H26: 199.3142 | I26: 0.37225107 | J26: 127.704 | K26: 71.237944 | L26: 7264.1355 | M26: 0 | N26: -0.14794175 | O26: -5.2567081 | P26: 799.22127 | Q26: 934.95984 | R26: 1106.9486 | S26: 39.039521 | T26: 187.88085 | U26: 3815.0626 | V26: 147.3376 | W26: 7.5065127 | X26: 195.36275 | Y26: 1.2096467 | Z26: 35.010885 | AA26: 1921.4292 | AB26: 461.58542 | AC26: 0 | AD26: 0 | AE26: 197.01521 | AF26: 40.692904 | AG26: 0 | AH26: 9.7770611 | AI26: 128.62672 | AJ26: 27.916405 | AK26: 0 | AL26: 13.546086 | AM26: 44.011032 | AN26: 54.72294 | AO26: 2361.4045 | AP26: 0 | AQ26: 12582.749
A27: Non-Energy Consumption | C27: 0 | D27: 0 | E27: 0 | F27: 0 | G27: 0 | H27: 0 | I27: 0 | J27: 0 | K27: 0 | L27: 231.58328 | M27: 0 | N27: 0 | O27: 0 | P27: 0 | Q27: 0 | R27: 0 | S27: 0 | T27: 0 | U27: 0 | V27: 0 | X27: 195.36275 | Y27: 1.2096467 | Z27: 35.010885 | AA27: 0 | AB27: 0 | AC27: 0 | AD27: 0 | AE27: 0 | AF27: 0 | AG27: 0 | AH27: 0 | AI27: 0 | AJ27: 0 | AK27: 0 | AL27: 0 | AM27: 0 | AN27: 0 | AO27: 0 | AP27: 0 | AQ27: 231.58328
A28: Final non-Energy Consumption (Feedstocks) | C28: 0 | H28: 0 | L28: 231.58328 | X28: 195.36275 | Y28: 1.2096467 | Z28: 35.010885 | AA28: 0 | AB28: 0 | AQ28: 231.58328
A29: Total Final Energy Consumption | C29: 322.73713 | D29: 221.25198 | E29: 89.64728 | F29: 0 | G29: 11.837385 | H29: 197.36847 | I29: 0.82966372 | J29: 127.704 | K29: 68.834806 | L29: 7068.2622 | M29: 0 | N29: 0 | O29: 0 | P29: 821.48003 | Q29: 934.32541 | R29: 1102.8442 | S29: 31.039401 | T29: 181.32382 | U29: 3850.7371 | V29: 146.51227 | W29: 0 | X29: 0 | Y29: 0 | Z29: 0 | AA29: 1961.7039 | AB29: 464.00157 | AC29: 0 | AD29: 0 | AE29: 201.73488 | AF29: 40.692904 | AG29: 0 | AH29: 9.7770611 | AI29: 126.96835 | AJ29: 27.271253 | AK29: 0 | AL29: 13.546086 | AM29: 44.011032 | AN29: 54.72294 | AO29: 2397.7152 | AP29: 0 | AQ29: 12466.511
A30: Industry* | C30: 105.42503 | D30: 105.42455 | E30: 0 | H30: 0.82966372 | I30: 0.82966372 | J30: 0 | K30: 0 | L30: 336.13486 | M30: 0 | N30: 0 | O30: 0 | P30: 0 | Q30: 5.7874807 | R30: 0 | S30: 30.396553 | T30: 59.130271 | U30: 99.712154 | V30: 141.1084 | W30: 0 | X30: 0 | Y30: 0 | Z30: 0 | AA30: 991.07205 | AB30: 198.81521 | AC30: 0 | AD30: 0 | AE30: 153.96699 | AF30: 40.692904 | AG30: 0 | AH30: 4.1553164 | AI30: 0 | AJ30: 0 | AK30: 0 | AL30: 0 | AM30: 0 | AN30: 54.72294 | AO30: 557.4297 | AP30: 0 | AQ30: 2244.4294
A31: Non-Energy Mining | B31: 05-09 | C31: 0 | D31: 0 | H31: 0 | L31: 15.144242 | Q31: 0.253 | S31: 0 | T31: 0.093242085 | U31: 14.798 | V31: 0 | AA31: 11.682132 | AB31: 0 | AO31: 18.596553 | AQ31: 45.422927
A32: Food & beverages | B32: 10-11 | C32: 18.505816 | D32: 18.505816 | H32: 0.82966372 | I32: 0.82966372 | L32: 67.219658 | Q32: 1.521 | S32: 22.968462 | T32: 31.589196 | U32: 11.141 | V32: 0 | AA32: 279.36698 | AB32: 27.983335 | AE32: 23.828019 | AH32: 4.1553164 | AO32: 98.157749 | AQ32: 492.0632
A33: Textiles and textile products | B33: 13-14 | C33: 0 | D33: 0 | H33: 0 | L33: 4.5600652 | Q33: 0.077 | S33: 0 | T33: 4.2050652 | U33: 0.278 | V33: 0 | AA33: 3.595446 | AB33: 0 | AO33: 2.6274549 | AQ33: 10.782966
A34: Wood and wood products | B34: 16 | C34: 0 | D34: 0 | H34: 0 | L34: 3.2351234 | Q34: 0.165 | S34: 0 | T34: 0.62212342 | U34: 2.448 | V34: 0 | AA34: 9.6798897 | AB34: 127.9132 | AE34: 127.9132 | AO34: 26.470824 | AQ34: 167.29903
A35: Pulp, paper, publishing and printing | B35: 17-18 | C35: 0 | D35: 0 | H35: 0 | L35: 1.6907943 | Q35: 0.099 | S35: 0 | T35: 0.68479433 | U35: 0.907 | V35: 0 | AA35: 14.321792 | AB35: 0 | AO35: 10.235642 | AQ35: 26.248228
A36: Chemicals & man-made fibres | B36: 20-21 | C36: 0 | D36: 0 | H36: 0 | L36: 21.325649 | Q36: 0.261 | S36: 2.7458234 | T36: 4.2570362 | U36: 4.244 | V36: 9.8177897 | AA36: 114.31732 | AB36: 0 | AE36: 0 | AO36: 77.212978 | AQ36: 212.85595
A37: Rubber and plastic products | B37: 22 | C37: 0 | D37: 0 | H37: 0 | L37: 4.2371809 | Q37: 0.532 | S37: 0 | T37: 2.3111809 | U37: 1.394 | V37: 0 | AA37: 11.346039 | AB37: 0 | AO37: 24.015363 | AQ37: 39.598582
A38: Other non-metallic mineral products | B38: 23 | C38: 86.919212 | D38: 86.919212 | H38: 0 | L38: 159.53533 | Q38: 1.141 | S38: 0 | T38: 2.9287186 | U38: 24.175 | V38: 131.29061 | AA38: 33.258899 | AB38: 42.918678 | AE38: 2.2257741 | AF38: 40.692904 | AN38: 54.72294 | AO38: 68.484809 | AQ38: 445.83987
A39: Basic metals and fabricated metal products | B39: 24-25 | C39: 0 | D39: 0 | H39: 0 | L39: 5.840119 | Q39: 0.343 | S39: 1.0397615 | T39: 1.6783575 | U39: 2.779 | V39: 0 | AA39: 424.33967 | AB39: 0 | AO39: 66.436062 | AQ39: 496.61585
A40: Machinery and equipment n.e.c. | B40: 28 | C40: 0 | D40: 0 | H40: 0 | L40: 4.2439089 | Q40: 0.146 | S40: 0 | T40: 2.3769089 | U40: 1.721 | V40: 0 | AA40: 12.302507 | AB40: 0 | AO40: 16.760269 | AQ40: 33.306684
A41: Electrical and optical equipment | B41: 26-27 | C41: 0 | D41: 0 | H41: 0 | L41: 2.4740157 | Q41: 0.185 | S41: 0 | T41: 1.5530157 | U41: 0.736 | V41: 0 | AA41: 21.979669 | AB41: 0 | AO41: 86.522889 | AQ41: 110.97657
A42: Transport equipment manufacture | B42: 29-30 | C42: 0 | D42: 0 | H42: 0 | L42: 1.2825632 | Q42: 0.066 | S42: 0 | T42: 0.99356321 | U42: 0.223 | V42: 0 | AA42: 0.9401062 | AB42: 0 | AO42: 2.5384229 | AQ42: 4.7610923
A43: Other manufacturing | B43: 31-33, 12 & 15 | C43: 0 | D43: 0 | H43: 0 | K43: 0 | L43: 12.439747 | Q43: 0.298 | S43: 3.6425061 | T43: 5.3652413 | U43: 3.134 | V43: 0 | AA43: 49.776544 | AB43: 0 | AO43: 49.272114 | AQ43: 111.48841
A44: Construction | B44: 41-43 | C44: 0 | D44: 0 | H44: 0 | L44: 32.906462 | Q44: 0.70048072 | S44: 0 | T44: 0.47182756 | U44: 31.734154 | V44: 0 | AA44: 4.165061 | AB44: 0 | AO44: 10.098568 | AQ44: 47.170091
A45: Transport | C45: 0 | D45: 0 | E45: 0 | F45: 0 | G45: 0 | H45: 0 | I45: 0 | J45: 0 | K45: 0 | L45: 5036.6371 | M45: 0 | N45: 0 | O45: 0 | P45: 821.48003 | Q45: 0 | R45: 1102.8442 | S45: 0 | T45: 1.8520724 | U45: 3110.4608 | V45: 0 | W45: 0 | X45: 0 | Y45: 0 | Z45: 0 | AA45: 22.560835 | AB45: 154.2396 | AC45: 0 | AD45: 0 | AE45: 0 | AF45: 0 | AG45: 0 | AH45: 0 | AI45: 126.96835 | AJ45: 27.271253 | AK45: 0 | AL45: 0 | AM45: 0 | AN45: 0 | AO45: 5.6677405 | AP45: 0 | AQ45: 5219.1052
A46: Road Freight | C46: 0 | H46: 0 | L46: 703.59089 | U46: 703.59089 | AA46: 0.029723186 | AB46: 29.892474 | AI46: 29.892474 | AJ46: 0 | AQ46: 733.51309
A47: Road Light Goods Vehicle | C47: 0 | H47: 0 | L47: 327.29884 | U47: 327.29884 | AB47: 13.905484 | AI47: 13.905484 | AJ47: 0 | AQ47: 341.20433
A48: Road Private Car | C48: 0 | H48: 0 | L48: 1979.3195 | P48: 665.22585 | T48: 1.8520724 | U48: 1312.2416 | AB48: 77.853309 | AI48: 55.751359 | AJ48: 22.10195 | AO48: 1.3596496 | AQ48: 2058.5325
A49: Public Passenger Services | C49: 0 | H49: 0 | L49: 133.35035 | P49: 6.370494 | U49: 126.97985 | AB49: 5.606472 | AI49: 5.3948141 | AJ49: 0.21165795 | AQ49: 138.95682
A50: Rail | C50: 0 | H50: 0 | L50: 38.043222 | U50: 38.043222 | AB50: 0 | AI50: 0 | AO50: 4.3080909 | AQ50: 42.351313
A51: Domestic Aviation | C51: 0 | H51: 0 | L51: 5.5528744 | P51: 0.66818889 | R51: 4.8846855 | AB51: 0 | AQ51: 5.5528744
A52: International Aviation | C52: 0 | H52: 0 | L52: 1097.9595 | R52: 1097.9595 | AB52: 0 | AQ52: 1097.9595
A53: Fuel Tourism | C53: 0 | H53: 0 | L53: 176.94053 | P53: 0 | U53: 176.94053 | AB53: 7.5174228 | AI53: 7.5174228 | AJ53: 0 | AQ53: 184.45795
A54: Navigation | C54: 0 | H54: 0 | L54: 83.913724 | U54: 83.913724 | AB54: 0 | AQ54: 83.913724
A55: Unspecified | C55: 0 | H55: 0 | L55: 490.66761 | P55: 149.21549 | S55: 0 | U55: 341.45211 | AA55: 22.531112 | AB55: 19.464439 | AI55: 14.506795 | AJ55: 4.9576446 | AQ55: 532.66316
A56: Residential | C56: 216.74918 | D56: 115.26452 | E56: 89.64728 | G56: 11.837385 | H56: 196.53881 | J56: 127.704 | K56: 68.834806 | L56: 1258.1411 | P56: 0 | Q56: 866.95193 | S56: 0 | T56: 53.841523 | U56: 331.94379 | V56: 5.4038717 | AA56: 604.09376 | AB56: 71.51294 | AE56: 29.774769 | AL56: 13.379591 | AM56: 28.35858 | AO56: 702.94474 | AQ56: 3049.9805
A57: Commercial/Public Services* | C57: 0.56291534 | D57: 0.56291534 | E57: 0 | F57: 0 | G57: 0 | H57: 0 | I57: 0 | J57: 0 | K57: 0 | L57: 234.6338 | M57: 0 | N57: 0 | O57: 0 | P57: 0 | Q57: 61.586 | R57: 0 | S57: 0.64284747 | T57: 66.49995 | U57: 105.905 | V57: 0 | W57: 0 | X57: 0 | Y57: 0 | Z57: 0 | AA57: 343.97729 | AB57: 39.433814 | AC57: 0 | AD57: 0 | AE57: 17.993123 | AF57: 0 | AG57: 0 | AH57: 5.6217447 | AI57: 0 | AJ57: 0 | AK57: 0 | AL57: 0.16649466 | AM57: 15.652452 | AN57: 0 | AO57: 1083.685 | AP57: 0 | AQ57: 1702.2928
A58: Commercial Services* | C58: 0.56091564 | D58: 0.56091564 | E58: 0 | F58: 0 | G58: 0 | H58: 0 | I58: 0 | J58: 0 | K58: 0 | L58: 112.21995 | M58: 0 | N58: 0 | O58: 0 | P58: 0 | Q58: 15.885 | R58: 0 | S58: 0 | T58: 44.474946 | U58: 51.86 | V58: 0 | W58: 0 | X58: 0 | Y58: 0 | Z58: 0 | AA58: 217.21021 | AB58: 23.753096 | AC58: 0 | AD58: 0 | AE58: 7.1297186 | AG58: 0 | AH58: 0.80443075 | AI58: 0 | AJ58: 0 | AL58: 0.16649466 | AM58: 15.652452 | AN58: 0 | AO58: 845.19771 | AP58: 0 | AQ58: 1198.9419
A59: Wholesale, Retail, and Vehicle Repair | B59: 45-47 | C59: 0.0039993985 | D59: 0.0039993985 | H59: 0 | L59: 29.541942 | Q59: 6.477 | S59: 0 | T59: 12.226942 | U59: 10.838 | V59: 0 | AA59: 47.451162 | AB59: 2.764661 | AE59: 2.764661 | AH59: 0 | AL59: 0 | AM59: 0 | AO59: 235.00697 | AQ59: 314.76874
A60: Transportation and Storage | B60: 49-53 | C60: 0.0089986466 | D60: 0.0089986466 | H60: 0 | L60: 24.233183 | Q60: 1.206 | S60: 0 | T60: 2.0971826 | U60: 20.93 | V60: 0 | AA60: 24.721589 | AB60: 0.023944432 | AE60: 0.023944432 | AH60: 0 | AL60: 0 | AM60: 0 | AO60: 87.492123 | AQ60: 136.47984
A61: Accommodation and Food Services | B61: 55-56 | C61: 0.47092917 | D61: 0.47092917 | H61: 0 | L61: 29.616153 | Q61: 3.481 | S61: 0 | T61: 21.230153 | U61: 4.905 | V61: 0 | AA61: 33.646803 | AB61: 1.7958324 | AE61: 1.7958324 | AH61: 0 | AL61: 0 | AM61: 0 | AO61: 122.94911 | AQ61: 188.47882
A62: Information and Communication | B62: 58-63 | C62: 0.011998195 | D62: 0.011998195 | H62: 0 | L62: 3.3425342 | Q62: 0.459 | S62: 0 | T62: 1.0455342 | U62: 1.838 | V62: 0 | AA62: 15.628669 | AB62: 0.14182471 | AE62: 0.14182471 | AH62: 0 | AL62: 0 | AM62: 0 | AO62: 239.51927 | AQ62: 258.6443
A63: Financial, Insurance and Real Estate Activities | B63: 64-68 | C63: 0.057991278 | D63: 0.057991278 | H63: 0 | L63: 3.8913699 | Q63: 0.69 | S63: 0 | T63: 0.18036994 | U63: 3.021 | V63: 0 | AA63: 12.813804 | AB63: 0.73122612 | AE63: 0.73122612 | AH63: 0 | AL63: 0 | AM63: 0 | AO63: 42.924539 | AQ63: 60.418931
A64: Other Services Sectors | C64: 0.0069989474 | D64: 0.0069989474 | H64: 0 | L64: 21.594765 | Q64: 3.572 | S64: 0 | T64: 7.6947649 | U64: 10.328 | V64: 0 | AA64: 82.948181 | AB64: 18.295607 | AE64: 1.67223 | AH64: 0.80443075 | AL64: 0.16649466 | AM64: 15.652452 | AO64: 117.30569 | AQ64: 240.15125
A65: Public Services* | C65: 0.0019996992 | D65: 0.0019996992 | H65: 0 | J65: 0 | K65: 0 | L65: 122.41385 | Q65: 45.701 | S65: 0.64284747 | T65: 22.025003 | U65: 54.045 | V65: 0 | AA65: 126.76708 | AB65: 15.680719 | AE65: 10.863405 | AH65: 4.817314 | AO65: 238.48731 | AQ65: 503.35096
A66: Water Supply, Sewerage, and Waste Management | B66: 36-39 | C66: 0 | D66: 0 | H66: 0 | L66: 4.9546665 | Q66: 0.134 | S66: 0.002476724 | T66: 1.2411897 | U66: 3.577 | V66: 0 | AA66: 7.1458979 | AB66: 4.817314 | AE66: 0 | AH66: 4.817314 | AO66: 59.864895 | AQ66: 76.782774
A67: Public Administration | B67: 84 | C67: 0.0019996992 | D67: 0.0019996992 | H67: 0 | L67: 38.63199 | Q67: 6.774 | S67: 0.37426051 | T67: 8.4957297 | U67: 22.988 | V67: 0 | AA67: 49.167759 | AB67: 6.7210179 | AE67: 6.7210179 | AH67: 0 | AO67: 88.902471 | AQ67: 183.42524
A68: Education | B68: 85 | C68: 0 | D68: 0 | H68: 0 | L68: 55.578415 | Q68: 27.623 | S68: 0.055588694 | T68: 8.8488268 | U68: 19.051 | V68: 0 | AA68: 30.572881 | AB68: 1.5177086 | AE68: 1.5177086 | AH68: 0 | AO68: 57.582439 | AQ68: 145.25144
A69: Health, Residential Care and Social Work Activities | B69: 86-88 | C69: 0 | D69: 0 | H69: 0 | L69: 23.248779 | Q69: 11.17 | S69: 0.21052154 | T69: 3.4392573 | U69: 8.429 | V69: 0 | AA69: 39.880546 | AB69: 2.6246781 | AE69: 2.6246781 | AH69: 0 | AO69: 32.137507 | AQ69: 97.891509
A70: Agricultural | C70: 0 | D70: 0 | H70: 0 | L70: 175.46549 | P70: 0 | Q70: 0 | T70: 0 | U70: 175.46549 | AA70: 0 | AB70: 0 | AO70: 47.988 | AQ70: 223.45349
A71: Fisheries | C71: 0 | H71: 0 | L71: 27.249866 | U71: 27.249866 | AB71: 0 | AQ71: 27.249866
A72: Statistical Difference | C72: -2.5795282 | D72: 0.17717315 | E72: -3.4486884 | F72: 0 | G72: 0.69246574 | H72: 1.945725 | I72: -0.45741265 | J72: 0 | K72: 2.4031377 | L72: -35.710022 | M72: 0 | N72: -0.14794175 | O72: -5.2567081 | P72: -22.258761 | Q72: 0.63443165 | R72: 4.1043924 | S72: 8.0001199 | T72: 6.5570337 | U72: -35.67443 | V72: 0.82532908 | W72: 7.5065127 | X72: 0 | Y72: 0 | Z72: 0 | AA72: -40.27471 | AB72: -2.4161462 | AC72: 0 | AD72: 0 | AE72: -4.7196693 | AF72: 0 | AG72: 0 | AH72: 0 | AI72: 1.6583712 | AJ72: 0.64515189 | AK72: 0 | AL72: 0 | AM72: 0 | AN72: 0 | AO72: -36.310736 | AP72: 0 | AQ72: -115.34542
A74: *Industry & Services sub-sectoral breakdown is based on the BEUS 2018.
A75: Last Updated : 1st September 2022
A76: 2018 provisional data
A77: 2018 provisional data based on 2017 breakdown
A78: 2017 data
A79: Sod peat is estimated due to new legislation and the methodology is under review
A80: Statistical differences may exist for crude oil between the calculated primary energy requirement and the observed refinery input

Sheet EB2019
A1: 2019 Units = ktoe | B1: NACE (Rev 2) | C1: Coal | D1: Bituminous Coal | E1: Anthracite + Manufactured Ovoids | F1: Coke | G1: Lignite \ Brown Coal Briquettes | H1: Peat | I1: Milled Peat | J1: Sod Peat | K1: Briquettes | L1: Oil | M1: Crude | N1: Refinery Feedstocks | O1: Refinery Gas | P1: Gasoline | Q1: Kerosene | R1: Jet Kerosene | S1: Fueloil | T1: LPG | U1: Gasoil / Diesel /DERV | V1: Petroleum Coke | W1: Naphta | X1: Bitumen | Y1: White Spirit | Z1: Lubricants | AA1: Natural Gas | AB1: Renewables | AC1: Hydro | AD1: Wind | AE1: Biomass | AF1: Renewable Waste | AG1: Landfill Gas | AH1: Biogas | AI1: Biodiesel | AJ1: Bioethanol | AK1: Solar Photovoltaic | AL1: Solar Thermal | AM1: Ambient Heat | AN1: Non-Renewable Waste | AO1: Electricity | AP1: Heat | AQ1: TOTAL
A2: Indigenous Production | C2: =SUM(D2:G2) -> 0 | D2: 0 | H2: =SUM(I2:K2) -> 390.56916 | I2: 262.86516 | J2: 127.704 | L2: =SUM(M2:Z2) -> 0 | AA2: 2146.95 | AB2: =SUM(AC2:AM2) -> 1477.9372 | AC2: 76.246217 | AD2: 861.67566 | AE2: 237.25988 | AF2: 136.78222 | AG2: 31.76772 | AH2: 18.859901 | AI2: 41.440732 | AJ2: 4.2536495 | AK2: 3.3977103 | AL2: 13.690578 | AM2: 52.562924 | AN2: 145.29116 | AQ2: =C2+H2+L2+AA2+AB2+AN2+AO2+AP2 -> 4160.7475
A3: Imports | C3: =SUM(D3:G3) -> 270.96499 | D3: 201.85754 | E3: 59.028864 | G3: 10.078587 | H3: =SUM(I3:K3) -> 0 | L3: =SUM(M3:Z3) -> 9050.4696 | M3: 2653.5268 | N3: 157.337 | O3: 0 | P3: 542.64897 | Q3: 348.38683 | R3: 1570.8212 | S3: 111.94167 | T3: 156.63084 | U3: 3092.313 | V3: 161.03087 | W3: 0 | X3: 207.73662 | Y3: 2.1978004 | Z3: 45.897972 | AA3: 2424.3477 | AB3: =SUM(AC3:AM3) -> 176.32475 | AE3: 24.933074 | AI3: 126.24575 | AJ3: 25.145929 | AO3: 187.44379 | AQ3: =C3+H3+L3+AA3+AB3+AN3+AO3+AP3 -> 12109.551
A4: Exports | C4: =SUM(D4:G4) -> 8.1980003 | D4: 0 | E4: 7.9590085 | G4: 0.23899175 | H4: =SUM(I4:K4) -> 5.849372 | K4: 5.849372 | L4: =SUM(M4:Z4) -> 1567.563 | M4: 43.019194 | N4: 7.8404003 | P4: 432.94982 | Q4: 74.101066 | R4: 63.60888 | S4: 712.70293 | T4: 23.602785 | U4: 164.05673 | V4: 0.029787872 | W4: 28.749404 | X4: 9.4628384 | Y4: 0.019112571 | Z4: 7.4200742 | AA4: 0 | AB4: =SUM(AC4:AM4) -> 6.7010671 | AE4: 0 | AI4: 6.7010671 | AJ4: 0 | AO4: 132.01331 | AQ4: =C4+H4+L4+AA4+AB4+AN4+AO4+AP4 -> 1720.3248
A5: Mar. Bunkers | C5: =SUM(D5:G5) -> 0 | H5: =SUM(I5:K5) -> 0 | L5: =SUM(M5:Z5) -> 142.20252 | S5: 10.240728 | U5: 131.96179 | AB5: =SUM(AC5:AM5) -> 0 | AQ5: =C5+H5+L5+AA5+AB5+AN5+AO5+AP5 -> 142.20252
A6: Stock Change | C6: =SUM(D6:G6) -> 124.36366 | D6: 123.51081 | E6: 1.0966176 | G6: -0.24376922 | H6: =SUM(I6:K6) -> 244.39862 | I6: 237.15181 | J6: 0 | K6: 7.2468155 | L6: =SUM(M6:Z6) -> 92.875511 | M6: -22.361378 | N6: 6.6791467 | P6: 135.33215 | Q6: 17.029072 | R6: -80.382526 | S6: -0.94198822 | T6: 3.4576857 | U6: 39.480529 | V6: -2.7286637 | W6: -2.6885197 | X6: 0 | Y6: 0 | Z6: 0 | AA6: 0 | AB6: =SUM(AC6:AM6) -> -1.6037529 | AE6: 0.37002461 | AI6: 0.51398724 | AJ6: -2.4877648 | AQ6: =C6+H6+L6+AA6+AB6+AN6+AO6+AP6 -> 460.03405
A7: Primary Energy Supply (incl non-energy) | C7: =C2+C3-C4-C5+C6 -> 387.13065 | D7: =D2+D3-D4-D5+D6 -> 325.36835 | E7: =E2+E3-E4-E5+E6 -> 52.166473 | F7: =F2+F3-F4-F5+F6 -> 0 | G7: =G2+G3-G4-G5+G6 -> 9.5958257 | H7: =H2+H3-H4-H5+H6 -> 629.11841 | I7: =I2+I3-I4-I5+I6 -> 500.01697 | J7: =J2+J3-J4-J5+J6 -> 127.704 | ... AP7: =AP2+AP3-AP4-AP5+AP6 -> 0 | AQ7: =C7+H7+L7+AA7+AB7+AN7+AO7+AP7 -> 14867.805
A8: Primary Energy Requirement (excl. non-energy) | C8: =C7-C27 -> 387.13065 | D8: =D7-D27 -> 325.36835 | E8: =E7-E27 -> 52.166473 | F8: =F7-F27 -> 0 | G8: =G7-G27 -> 9.5958257 | H8: =H7-H27 -> 629.11841 | I8: =I7-I27 -> 500.01697 | J8: =J7-J27 -> 127.704 | ... AP8: =AP7-AP27 -> 0 | AQ8: =C8+H8+L8+AA8+AB8+AN8+AO8+AP8 -> 14628.875
A9: Transformation Input | C9: =SUM(C10:C14) -> 147.86636 | D9: =SUM(D10:D14) -> 147.86636 | E9: =SUM(E10:E14) -> 0 | F9: =SUM(F10:F14) -> 0 | G9: =SUM(G10:G14) -> 0 | H9: =SUM(H10:H14) -> 491.61137 | I9: =SUM(I10:I14) -> 491.61137 | J9: =SUM(J10:J14) -> 0 | ... AP9: =SUM(AP10:AP14) -> 0 | AQ9: =C9+H9+L9+AA9+AB9+AN9+AO9+AP9 -> 6471.8744
A10: Public Thermal Power Plants (Input) | C10: =SUM(D10:G10) -> 147.86636 | D10: 147.86636 | H10: =SUM(I10:K10) -> 429.59646 | I10: 429.59646 | J10: 0 | L10: =SUM(M10:Z10) -> 77.823018 | S10: 65.449798 | U10: 12.373221 | AA10: 2262.4884 | AB10: =SUM(AC10:AM10) -> 202.07087 | AE10: 73.916034 | AF10: 96.387112 | AG10: 31.76772 | AN10: 88.629444 | AQ10: =C10+H10+L10+AA10+AB10+AN10+AO10+AP10 -> 3208.4745
A11: Combined Heat and Power Plants (Input) | C11: =SUM(D11:G11) -> 0 | D11: 0 | H11: =SUM(I11:K11) -> 4.7597803 | I11: 4.7597803 | L11: =SUM(M11:Z11) -> 0.63852264 | O11: 0 | S11: 0 | T11: 0.63852264 | U11: 0 | AA11: 258.65724 | AB11: =SUM(AC11:AM11) -> 11.725094 | AE11: 3.050292 | AH11: 8.6748019 | AQ11: =C11+H11+L11+AA11+AB11+AN11+AO11+AP11 -> 275.78064
A12: Pumped Storage Consumption (Input) | AO12: 41.135161 | AQ12: =C12+H12+L12+AA12+AB12+AN12+AO12+AP12 -> 41.135161
A13: Briquetting Plants (Input) | C13: =SUM(D13:G13) -> 0 | H13: =SUM(I13:K13) -> 57.255125 | I13: 57.255125 | L13: =SUM(M13:Z13) -> 0 | AB13: =SUM(AC13:AM13) -> 0 | AQ13: =C13+H13+L13+AA13+AB13+AN13+AO13+AP13 -> 57.255125
A14: Oil Refineries & other energy sector (Input) | C14: =SUM(D14:G14) -> 0 | H14: =SUM(I14:K14) -> 0 | L14: =SUM(M14:Z14) -> 2833.7069 | M14: 2588.1463 | N14: 245.5606 | AA14: 43.818038 | AB14: =SUM(AC14:AM14) -> 0 | AO14: 11.704084 | AQ14: =C14+H14+L14+AA14+AB14+AN14+AO14+AP14 -> 2889.229
A15: Transformation Output | C15: =SUM(C16:C20) -> 0 | D15: =SUM(D16:D20) -> 0 | E15: =SUM(E16:E20) -> 0 | F15: =SUM(F16:F20) -> 0 | G15: =SUM(G16:G20) -> 0 | H15: =SUM(H16:H20) -> 54.392368 | I15: =SUM(I16:I20) -> 0 | J15: =SUM(J16:J20) -> 0 | ... AP15: =SUM(AP16:AP20) -> 0 | AQ15: =C15+H15+L15+AA15+AB15+AN15+AO15+AP15 -> 4632.894
A16: Public Thermal Power Plants (Output) | C16: =SUM(D16:G16) -> 0 | H16: =SUM(I16:K16) -> 0 | L16: =SUM(M16:Z16) -> 0 | AB16: =SUM(AC16:AL16) -> 0 | AO16: 1521.0541 | AQ16: =C16+H16+L16+AA16+AO16+AP16 -> 1521.0541
A17: Combined Heat and Power Plants (Output) | C17: =SUM(D17:G17) -> 0 | H17: =SUM(I17:K17) -> 0 | L17: =SUM(M17:Z17) -> 0 | AB17: =SUM(AC17:AL17) -> 0 | AO17: 179.19121 | AQ17: =C17+H17+L17+AA17+AO17+AP17 -> 179.19121
A18: Pumped Storage Generation (Output) | AO18: 21.097414 | AQ18: =C18+H18+L18+AA18+AB18+AN18+AO18+AP18 -> 21.097414
A19: Briquetting Plants (Output) | H19: =SUM(I19:K19) -> 54.392368 | K19: 54.392368 | L19: =SUM(M19:Z19) -> 0 | AB19: =SUM(AC19:AL19) -> 0 | AQ19: =C19+H19+L19+AA19+AB19+AN19+AO19+AP19 -> 54.392368
A20: Oil Refineries & other energy sector (Output) | H20: =SUM(I20:K20) -> 0 | L20: =SUM(M20:Z20) -> 2857.159 | O20: 75.391323 | P20: 552.13663 | Q20: 323.67831 | R20: 0 | S20: 713.77718 | T20: 50.547599 | U20: 1097.9679 | W20: 43.660045 | AB20: =SUM(AC20:AL20) -> 0 | AQ20: =C20+H20+L20+AA20+AB20+AN20+AO20+AP20 -> 2857.159
A21: Exchanges and transfers | C21: =SUM(C22:C24) -> 17.334134 | D21: =SUM(D22:D24) -> -16.109347 | E21: =SUM(E22:E24) -> 33.443481 | F21: =SUM(F22:F24) -> 0 | G21: =SUM(G22:G24) -> 0 | H21: =SUM(I21:K21) -> 0 | I21: =SUM(I22:I24) -> 0 | J21: =SUM(J22:J24) -> 0 | K21: =SUM(K22:K24) -> 0 | L21: =SUM(M21:Z21) -> -50.703036 | M21: =SUM(M22:M24) -> 0 | N21: =SUM(N22:N24) -> 89.490788 | O21: =SUM(O22:O24) -> 0 | P21: =SUM(P22:P24) -> -49.15199 | Q21: =SUM(Q22:Q24) -> 307.59405 | R21: =SUM(R22:R24) -> -306.92385 | S21: =SUM(S22:S24) -> -0.043509951 | T21: =SUM(T22:T24) -> 0 | ... AQ21: =SUM(AQ22:AQ24) -> -33.368902
A22: Electricity Exchange & Transfers | AB22: =SUM(AC22:AM22) -> -941.31958 | AC22: =-AC2 -> -76.246217 | AD22: =-AD2 -> -861.67566 | AK22: -3.3977103 | AO22: =-(C22+H22+L22+AA22+AB22) -> 941.31958 | AQ22: =C22+H22+L22+AA22+AB22+AN22+AO22+AP22 -> 0
A23: Heat Exchange & Transfers | AQ23: =C23+H23+L23+AA23+AB23+AN23+AO23+AP23 -> 0
A24: Other Exchange & Transfers | C24: =SUM(D24:G24) -> 17.334134 | D24: -16.109347 | E24: =-D24-V24 -> 33.443481 | L24: =SUM(N24:Z24) -> -50.703036 | N24: 89.490788 | P24: -49.15199 | Q24: 307.59405 | R24: -306.92385 | S24: -0.043509951 | U24: -70.130393 | V24: -17.334134 | W24: -4.204 | AB24: =SUM(AC24:AM24) -> 0 | AQ24: =C24+H24+L24+AA24+AB24+AN24+AO24+AP24 -> -33.368902
A25: Own Use and Distribution Losses | C25: =SUM(D25:G25) -> 0 | H25: =SUM(I25:K25) -> 8.4053953 | I25: 8.4053953 | L25: =SUM(O25:Z25) -> 80.472443 | O25: 78.350008 | S25: 0 | T25: 0.0041693256 | U25: 2.1182661 | AA25: 65.860933 | AB25: =SUM(AC25:AI25) -> 0 | AO25: 254.49061 | AQ25: =C25+H25+L25+AA25+AB25+AN25+AO25+AP25 -> 409.22939
A26: Available Final Energy Consumption | C26: =C7-C9+C15+C21-C25 -> 256.59842 | D26: =D7-D9+D15+D21-D25 -> 161.39264 | E26: =E7-E9+E15+E21-E25 -> 85.609954 | F26: =F7-F9+F15+F21-F25 -> 0 | G26: =G7-G9+G15+G21-G25 -> 9.5958257 | H26: =H7-H9+H15+H21-H25 -> 183.49401 | I26: =I7-I9+I15+I21-I25 -> 0.00020251834 | J26: =J7-J9+J15+J21-J25 -> 127.704 | ... AP26: =AP7-AP9+AP15+AP21-AP25 -> 0 | AQ26: =C26+H26+L26+AA26+AB26+AN26+AO26+AP26 -> 12586.226
A27: Non-Energy Consumption | C27: =C28 -> 0 | D27: =D28 -> 0 | E27: =E28 -> 0 | F27: =F28 -> 0 | G27: =G28 -> 0 | H27: =H28 -> 0 | I27: =I28 -> 0 | J27: =J28 -> 0 | ... V27: =V28 -> 0 | X27: =X28 -> 198.27378 | Y27: =Y28 -> 2.1786878 | Z27: =Z28 -> 38.477898 | AA27: =AA28 -> 0 | AB27: =AB28 -> 0 | AC27: =AC28 -> 0 | AD27: =AD28 -> 0 | AE27: =AE28 -> 0 | ... AQ27: =AQ28 -> 238.93036
A28: Final non-Energy Consumption (Feedstocks) | C28: =SUM(D28:G28) -> 0 | H28: =SUM(I28:K28) -> 0 | L28: =SUM(M28:Z28) -> 238.93036 | X28: =X26 -> 198.27378 | Y28: =Y26 -> 2.1786878 | Z28: =Z26 -> 38.477898 | AA28: 0 | AB28: =SUM(AC28:AI28) -> 0 | AQ28: =C28+H28+L28+AA28+AB28+AN28+AO28+AP28 -> 238.93036
A29: Total Final Energy Consumption | C29: =C30+C45+C56+C58+C65+C70+C71 -> 265.65655 | D29: =D30+D45+D56+D58+D65+D70+D71 -> 168.32812 | E29: =E30+E45+E56+E58+E65+E70+E71 -> 88.256942 | F29: =F30+F45+F56+F58+F65+F70+F71 -> 0 | G29: =G30+G45+G56+G58+G65+G70+G71 -> 9.0714884 | H29: =H30+H45+H56+H58+H65+H70+H71 -> 183.4932 | I29: =I30+I45+I56+I58+I65+I70+I71 -> 0 | J29: =J30+J45+J56+J58+J65+J70+J71 -> 127.704 | ... AQ29: =AQ30+AQ45+AQ56+AQ58+AQ65+AQ70+AQ71 -> 12436.186
A30: Industry* | C30: =SUM(C31:C44) -> 79.151175 | D30: 79.151175 | E30: 0 | H30: =SUM(H31:H44) -> 0 | I30: =SUM(I31:I44) -> 0 | J30: =SUM(J31:J44) -> 0 | K30: =SUM(K31:K44) -> 0 | L30: =SUM(L31:L44) -> 330.13646 | M30: =SUM(M31:M44) -> 0 | N30: =SUM(N31:N44) -> 0 | O30: =SUM(O31:O44) -> 0 | P30: =SUM(P31:P44) -> 0 | Q30: 5.8818204 | R30: =SUM(R31:R44) -> 0 | S30: 29.485886 | T30: 57.932681 | U30: 99.857618 | V30: 136.97845 | W30: =SUM(W31:W44) -> 0 | X30: =SUM(X31:X44) -> 0 | Y30: =SUM(Y31:Y44) -> 0 | Z30: =SUM(Z31:Z44) -> 0 | AA30: 1027.2883 | AB30: =SUM(AB31:AB44) -> 190.16492 | AC30: =SUM(AC31:AC44) -> 0 | AD30: =SUM(AD31:AD44) -> 0 | AE30: =SUM(AE31:AE44) -> 145.89504 | AF30: =SUM(AF31:AF44) -> 40.395105 | AG30: =SUM(AG31:AG44) -> 0 | AH30: =SUM(AH31:AH44) -> 3.8747714 | AI30: =SUM(AI31:AI44) -> 0 | ... AN30: =SUM(AN31:AN44) -> 56.661712 | AO30: 573.29669 | AP30: =SUM(AP31:AP44) -> 0 | AQ30: =C30+H30+L30+AA30+AB30+AN30+AO30+AP30 -> 2256.6992
A31: Non-Energy Mining | B31: 05-09 | C31: =SUM(D31:G31) -> 0 | D31: 0 | H31: =SUM(I31:K31) -> 0 | L31: =SUM(M31:Z31) -> 28.937235 | Q31: 0.165 | S31: 0 | T31: 0.016234692 | U31: 28.756 | V31: 0 | AA31: 14.571161 | AB31: =SUM(AC31:AM31) -> 0 | AO31: 26.16268 | AQ31: =C31+H31+L31+AA31+AB31+AN31+AO31+AP31 -> 69.671075
A32: Food & beverages | B32: 10-11 | C32: =SUM(D32:G32) -> 0 | D32: 0 | H32: =SUM(I32:K32) -> 0 | I32: 0 | L32: =SUM(M32:Z32) -> 67.590525 | Q32: 1.54 | S32: 19.314129 | T32: 36.048396 | U32: 10.688 | V32: 0 | AA32: 304.38798 | AB32: =SUM(AC32:AM32) -> 27.181471 | AE32: 23.3067 | AH32: 3.8747714 | AO32: 98.34903 | AQ32: =C32+H32+L32+AA32+AB32+AN32+AO32+AP32 -> 497.50901
A33: Textiles and textile products | B33: 13-14 | C33: =SUM(D33:G33) -> 0 | D33: 0 | H33: =SUM(I33:K33) -> 0 | L33: =SUM(M33:Z33) -> 2.152382 | Q33: 0.009 | S33: 0 | T33: 1.812382 | U33: 0.331 | V33: 0 | AA33: 12.129601 | AB33: =SUM(AC33:AM33) -> 0 | AO33: 3.4360369 | AQ33: =C33+H33+L33+AA33+AB33+AN33+AO33+AP33 -> 17.71802
A34: Wood and wood products | B34: 16 | C34: =SUM(D34:G34) -> 0 | D34: 0 | H34: =SUM(I34:K34) -> 0 | L34: =SUM(M34:Z34) -> 2.5074424 | Q34: 0.098 | S34: 0 | T34: 0.61544242 | U34: 1.794 | V34: 0 | AA34: 9.0928195 | AB34: =SUM(AC34:AM34) -> 121.47972 | AE34: 121.47972 | AO34: 23.698409 | AQ34: =C34+H34+L34+AA34+AB34+AN34+AO34+AP34 -> 156.77839
A35: Pulp, paper, publishing and printing | B35: 17-18 | C35: =SUM(D35:G35) -> 0 | D35: 0 | H35: =SUM(I35:K35) -> 0 | L35: =SUM(M35:Z35) -> 0.65611499 | Q35: 0.032 | S35: 0 | T35: 0.36011499 | U35: 0.264 | V35: 0 | AA35: 6.4773447 | AB35: =SUM(AC35:AM35) -> 0 | AO35: 6.4992115 | AQ35: =C35+H35+L35+AA35+AB35+AN35+AO35+AP35 -> 13.632671
A36: Chemicals & man-made fibres | B36: 20-21 | C36: =SUM(D36:G36) -> 0 | D36: 0 | H36: =SUM(I36:K36) -> 0 | L36: =SUM(M36:Z36) -> 20.046018 | Q36: 0.307 | S36: 3.406319 | T36: 3.4417547 | U36: 3.795 | V36: 9.0959443 | AA36: 125.31427 | AB36: =SUM(AC36:AM36) -> 0 | AE36: 0 | AO36: 86.410043 | AQ36: =C36+H36+L36+AA36+AB36+AN36+AO36+AP36 -> 231.77034
A37: Rubber and plastic products | B37: 22 | C37: =SUM(D37:G37) -> 0 | D37: 0 | H37: =SUM(I37:K37) -> 0 | L37: =SUM(M37:Z37) -> 3.4676194 | Q37: 0.633 | S37: 0 | T37: 2.0426194 | U37: 0.792 | V37: 0 | AA37: 11.933441 | AB37: =SUM(AC37:AM37) -> 0 | AO37: 21.61545 | AQ37: =C37+H37+L37+AA37+AB37+AN37+AO37+AP37 -> 37.01651
A38: Other non-metallic mineral products | B38: 23 | C38: =SUM(D38:G38) -> 79.151175 | D38: 79.151175 | H38: =SUM(I38:K38) -> 0 | L38: =SUM(M38:Z38) -> 142.94126 | Q38: 0.927 | S38: 0 | T38: 2.3097539 | U38: 11.822 | V38: 127.88251 | AA38: 33.906126 | AB38: =SUM(AC38:AM38) -> 41.503729 | AE38: 1.1086243 | AF38: 40.395105 | AN38: 56.661712 | AO38: 66.522646 | AQ38: =C38+H38+L38+AA38+AB38+AN38+AO38+AP38 -> 420.68665
A39: Basic metals and fabricated metal products | B39: 24-25 | C39: =SUM(D39:G39) -> 0 | D39: 0 | H39: =SUM(I39:K39) -> 0 | L39: =SUM(M39:Z39) -> 6.4271624 | Q39: 0.392 | S39: 3.2590364 | T39: 1.216126 | U39: 1.56 | V39: 0 | AA39: 426.98368 | AB39: =SUM(AC39:AM39) -> 0 | AO39: 62.119068 | AQ39: =C39+H39+L39+AA39+AB39+AN39+AO39+AP39 -> 495.52991
A40: Machinery and equipment n.e.c. | B40: 28 | C40: =SUM(D40:G40) -> 0 | D40: 0 | H40: =SUM(I40:K40) -> 0 | L40: =SUM(M40:Z40) -> 3.2890026 | Q40: 0.277 | S40: 0 | T40: 1.8050026 | U40: 1.207 | V40: 0 | AA40: 14.667556 | AB40: =SUM(AC40:AM40) -> 0 | AO40: 17.734725 | AQ40: =C40+H40+L40+AA40+AB40+AN40+AO40+AP40 -> 35.691283
A41: Electrical and optical equipment | B41: 26-27 | C41: =SUM(D41:G41) -> 0 | D41: 0 | H41: =SUM(I41:K41) -> 0 | L41: =SUM(M41:Z41) -> 2.3324692 | Q41: 0.243 | S41: 0 | T41: 1.6234692 | U41: 0.466 | V41: 0 | AA41: 20.138482 | AB41: =SUM(AC41:AM41) -> 0 | AO41: 97.133267 | AQ41: =C41+H41+L41+AA41+AB41+AN41+AO41+AP41 -> 119.60422
A42: Transport equipment manufacture | B42: 29-30 | C42: =SUM(D42:G42) -> 0 | D42: 0 | H42: =SUM(I42:K42) -> 0 | L42: =SUM(M42:Z42) -> 1.3366956 | Q42: 0.077 | S42: 0 | T42: 0.99769562 | U42: 0.262 | V42: 0 | AA42: 1.2558324 | AB42: =SUM(AC42:AM42) -> 0 | AO42: 3.7508045 | AQ42: =C42+H42+L42+AA42+AB42+AN42+AO42+AP42 -> 6.3433325
A43: Other manufacturing | B43: 31-33, 12 & 15 | C43: =SUM(D43:G43) -> 0 | D43: 0 | H43: =SUM(I43:K43) -> 0 | K43: 0 | L43: =SUM(M43:Z43) -> 10.401886 | Q43: 0.35 | S43: 3.5064016 | T43: 4.9574846 | U43: 1.588 | V43: 0 | AA43: 42.673359 | AB43: =SUM(AC43:AM43) -> 0 | AO43: 49.844188 | AQ43: =C43+H43+L43+AA43+AB43+AN43+AO43+AP43 -> 102.91943
A44: Construction | B44: 41-43 | C44: =SUM(D44:G44) -> 0 | D44: 0 | H44: =SUM(I44:K44) -> 0 | L44: =SUM(M44:Z44) -> 38.050643 | Q44: 0.8318204 | S44: 0 | T44: 0.68620483 | U44: 36.532618 | V44: 0 | AA44: 3.7565986 | AB44: =SUM(AC44:AM44) -> 0 | AO44: 10.021135 | AQ44: =C44+H44+L44+AA44+AB44+AN44+AO44+AP44 -> 51.828376
A45: Transport | C45: =SUM(C46:C55) -> 0 | D45: =SUM(D46:D55) -> 0 | E45: =SUM(E46:E55) -> 0 | F45: =SUM(F46:F55) -> 0 | G45: =SUM(G46:G55) -> 0 | H45: =SUM(H46:H55) -> 0 | I45: =SUM(I46:I55) -> 0 | J45: =SUM(J46:J55) -> 0 | ... AP45: =SUM(AP46:AP55) -> 0 | AQ45: =C45+H45+L45+AA45+AB45+AN45+AO45+AP45 -> 5234.7009
A46: Road Freight | C46: =SUM(D46:G46) -> 0 | H46: =SUM(I46:K46) -> 0 | L46: =SUM(M46:Z46) -> 748.37705 | U46: 748.37705 | AA46: 0.4048229 | AB46: =SUM(AC46:AM46) -> 40.453754 | AI46: 40.453754 | AJ46: 0 | AQ46: =C46+H46+L46+AA46+AB46+AN46+AO46+AP46 -> 789.23562
A47: Road Light Goods Vehicle | C47: =SUM(D47:G47) -> 0 | H47: =SUM(I47:K47) -> 0 | L47: =SUM(M47:Z47) -> 316.75405 | U47: 316.75405 | AB47: =SUM(AC47:AM47) -> 17.122239 | AI47: 17.122239 | AJ47: 0 | AQ47: =C47+H47+L47+AA47+AB47+AN47+AO47+AP47 -> 333.87629
A48: Road Private Car | C48: =SUM(D48:G48) -> 0 | H48: =SUM(I48:K48) -> 0 | L48: =SUM(M48:Z48) -> 1982.914 | P48: 622.68033 | T48: 1.629165 | U48: 1358.6045 | AB48: =SUM(AC48:AM48) -> 94.341886 | AI48: 73.43979 | AJ48: 20.902096 | AO48: 2.3312719 | AQ48: =C48+H48+L48+AA48+AB48+AN48+AO48+AP48 -> 2079.5872
A49: Public Passenger Services | C49: =SUM(D49:G49) -> 0 | H49: =SUM(I49:K49) -> 0 | L49: =SUM(M49:Z49) -> 131.61403 | P49: 4.0527672 | U49: 127.56127 | AB49: =SUM(AC49:AM49) -> 7.0314069 | AI49: 6.8953639 | AJ49: 0.13604305 | AQ49: =C49+H49+L49+AA49+AB49+AN49+AO49+AP49 -> 138.64544
A50: Rail | C50: =SUM(D50:G50) -> 0 | H50: =SUM(I50:K50) -> 0 | L50: =SUM(M50:Z50) -> 39.810128 | U50: 39.810128 | AB50: =SUM(AC50:AM50) -> 0 | AI50: 0 | AO50: 4.4578818 | AQ50: =C50+H50+L50+AA50+AB50+AN50+AO50+AP50 -> 44.26801
A51: Domestic Aviation | C51: =SUM(D51:G51) -> 0 | H51: =SUM(I51:K51) -> 0 | L51: =SUM(M51:Z51) -> 5.9928634 | P51: 0.74865556 | R51: 5.2442078 | AB51: =SUM(AC51:AM51) -> 0 | AQ51: =C51+H51+L51+AA51+AB51+AN51+AO51+AP51 -> 5.9928634
A52: International Aviation | C52: =SUM(D52:G52) -> 0 | H52: =SUM(I52:K52) -> 0 | L52: =SUM(M52:Z52) -> 1110.4096 | R52: 1110.4096 | AB52: =SUM(AC52:AM52) -> 0 | AQ52: =C52+H52+L52+AA52+AB52+AN52+AO52+AP52 -> 1110.4096
A53: Fuel Tourism | C53: =SUM(D53:G53) -> 0 | H53: =SUM(I53:K53) -> 0 | L53: =SUM(M53:Z53) -> 232.93569 | P53: 3.0020492 | U53: 229.93364 | AB53: =SUM(AC53:AM53) -> 12.529907 | AI53: 12.429135 | AJ53: 0.10077261 | AQ53: =C53+H53+L53+AA53+AB53+AN53+AO53+AP53 -> 245.4656
A54: Navigation | C54: =SUM(D54:G54) -> 0 | H54: =SUM(I54:K54) -> 0 | L54: =SUM(M54:Z54) -> 89.371637 | U54: 89.371637 | AB54: =SUM(AC54:AM54) -> 0 | AQ54: =C54+H54+L54+AA54+AB54+AN54+AO54+AP54 -> 89.371637
A55: Unspecified | C55: =SUM(D55:G55) -> 0 | H55: =SUM(I55:K55) -> 0 | L55: =SUM(M55:Z55) -> 364.22792 | P55: 150.44227 | S55: 0 | U55: 213.78565 | AA55: 17.014474 | AB55: =SUM(AC55:AM55) -> 16.606287 | AI55: 11.55625 | AJ55: 5.0500373 | AQ55: =C55+H55+L55+AA55+AB55+AN55+AO55+AP55 -> 397.84869
A56: Residential | C56: =SUM(D56:G56) -> 186.10444 | D56: 88.776009 | E56: 88.256942 | G56: 9.0714884 | H56: =SUM(I56:K56) -> 183.4932 | J56: 127.704 | K56: 55.789205 | L56: =SUM(M56:Z56) -> 1239.9316 | P56: 0 | Q56: 841.81851 | S56: 0 | T56: 50.020613 | U56: 344.60887 | V56: 3.4835611 | AA56: 591.357 | AB56: =SUM(AC56:AM56) -> 75.270296 | AE56: 25.456792 | AL56: 13.524083 | AM56: 36.289421 | AO56: 699.43374 | AQ56: =C56+H56+L56+AA56+AB56+AN56+AO56+AP56 -> 2975.5902
A57: Commercial/Public Services* | C57: =C58+C65 -> 0.4009397 | D57: =D58+D65 -> 0.4009397 | E57: =E58+E65 -> 0 | F57: =F58+F65 -> 0 | G57: =G58+G65 -> 0 | H57: =H58+H65 -> 0 | I57: =I58+I65 -> 0 | J57: =J58+J65 -> 0 | ... AP57: =AP58+AP65 -> 0 | AQ57: =C57+H57+L57+AA57+AB57+AN57+AO57+AP57 -> 1715.5908
A58: Commercial Services* | C58: =SUM(D58:G58) -> 0.39794015 | D58: 0.39794015 | E58: 0 | F58: =SUM(F59:F64) -> 0 | G58: 0 | H58: =SUM(I58:K58) -> 0 | I58: =SUM(I59:I64) -> 0 | J58: =SUM(J59:J64) -> 0 | K58: =SUM(K59:K64) -> 0 | L58: =SUM(M58:Z58) -> 104.97003 | M58: =SUM(M59:M64) -> 0 | N58: =SUM(N59:N64) -> 0 | O58: =SUM(O59:O64) -> 0 | P58: =SUM(P59:P64) -> 0 | Q58: 18.247 | R58: =SUM(R59:R64) -> 0 | S58: 0 | T58: 45.311025 | U58: 41.412 | V58: =SUM(V59:V64) -> 0 | W58: =SUM(W59:W64) -> 0 | X58: =SUM(X59:X64) -> 0 | Y58: =SUM(Y59:Y64) -> 0 | Z58: =SUM(Z59:Z64) -> 0 | AA58: 210.92254 | AB58: =SUM(AC58:AM58) -> 20.431426 | AC58: =SUM(AC59:AC64) -> 0 | AD58: =SUM(AD59:AD64) -> 0 | AE58: =SUM(AE59:AE64) -> 3.1189387 | AG58: =SUM(AG59:AG64) -> 0 | AH58: =SUM(AH59:AH64) -> 0.87248875 | AI58: =SUM(AI59:AI64) -> 0 | AJ58: =SUM(AJ59:AJ64) -> 0 | AL58: 0.16649466 | AM58: 16.273504 | AN58: =SUM(AN59:AN64) -> 0 | AO58: 850.71541 | AP58: =SUM(AP59:AP64) -> 0 | AQ58: =C58+H58+L58+AA58+AB58+AN58+AO58+AP58 -> 1187.4373
A59: Wholesale, Retail, and Vehicle Repair | B59: 45-47 | C59: =SUM(D59:G59) -> 0.0019996992 | D59: 0.0019996992 | H59: =SUM(I59:K59) -> 0 | L59: =SUM(M59:Z59) -> 28.059254 | Q59: 5.974 | S59: 0 | T59: 12.192254 | U59: 9.893 | V59: 0 | AA59: 53.472978 | AB59: =SUM(AC59:AM59) -> 0.78441003 | AE59: 0.78441003 | AH59: 0 | AL59: 0 | AM59: 0 | AO59: 223.95503 | AQ59: =C59+H59+L59+AA59+AB59+AN59+AO59+AP59 -> 306.27367
A60: Transportation and Storage | B60: 49-53 | C60: =SUM(D60:G60) -> 0.0059990977 | D60: 0.0059990977 | H60: =SUM(I60:K60) -> 0 | L60: =SUM(M60:Z60) -> 23.009623 | Q60: 4.141 | S60: 0 | T60: 3.388623 | U60: 15.48 | V60: 0 | AA60: 19.701671 | AB60: =SUM(AC60:AM60) -> 0.027696552 | AE60: 0.027696552 | AH60: 0 | AL60: 0 | AM60: 0 | AO60: 65.522361 | AQ60: =C60+H60+L60+AA60+AB60+AN60+AO60+AP60 -> 108.26735
A61: Accommodation and Food Services | B61: 55-56 | C61: =SUM(D61:G61) -> 0.37494361 | D61: 0.37494361 | H61: =SUM(I61:K61) -> 0 | L61: =SUM(M61:Z61) -> 31.081444 | Q61: 4.025 | S61: 0 | T61: 22.644444 | U61: 4.412 | V61: 0 | AA61: 37.232767 | AB61: =SUM(AC61:AM61) -> 0.75488389 | AE61: 0.75488389 | AH61: 0 | AL61: 0 | AM61: 0 | AO61: 123.62656 | AQ61: =C61+H61+L61+AA61+AB61+AN61+AO61+AP61 -> 193.0706
A62: Information and Communication | B62: 58-63 | C62: =SUM(D62:G62) -> 0.010998346 | D62: 0.010998346 | H62: =SUM(I62:K62) -> 0 | L62: =SUM(M62:Z62) -> 3.2997086 | Q62: 0.477 | S62: 0 | T62: 0.93570861 | U62: 1.887 | V62: 0 | AA62: 19.707063 | AB62: =SUM(AC62:AM62) -> 0.055986582 | AE62: 0.055986582 | AH62: 0 | AL62: 0 | AM62: 0 | AO62: 288.83307 | AQ62: =C62+H62+L62+AA62+AB62+AN62+AO62+AP62 -> 311.90683
A63: Financial, Insurance and Real Estate Activities | B63: 64-68 | C63: =SUM(D63:G63) -> 0.0039993985 | D63: 0.0039993985 | H63: =SUM(I63:K63) -> 0 | L63: =SUM(M63:Z63) -> 1.1234981 | Q63: 0.667 | S63: 0 | T63: 0.12249813 | U63: 0.334 | V63: 0 | AA63: 12.660786 | AB63: =SUM(AC63:AM63) -> 0.33972771 | AE63: 0.33972771 | AH63: 0 | AL63: 0 | AM63: 0 | AO63: 42.324623 | AQ63: =C63+H63+L63+AA63+AB63+AN63+AO63+AP63 -> 56.452634
A64: Other Services Sectors | C64: =SUM(D64:G64) -> 0 | D64: 0 | H64: =SUM(I64:K64) -> 0 | L64: =SUM(M64:Z64) -> 18.396498 | Q64: 2.963 | S64: 0 | T64: 6.0274984 | U64: 9.406 | V64: 0 | AA64: 68.147275 | AB64: =SUM(AC64:AM64) -> 18.468721 | AE64: 1.1562339 | AH64: 0.87248875 | AL64: 0.16649466 | AM64: 16.273504 | AO64: 106.45377 | AQ64: =C64+H64+L64+AA64+AB64+AN64+AO64+AP64 -> 211.46626
A65: Public Services* | C65: =SUM(D65:G65) -> 0.0029995489 | D65: =SUM(D66:D69) -> 0.0029995489 | H65: =SUM(I65:K65) -> 0 | J65: 0 | K65: 0 | L65: =SUM(M65:Z65) -> 118.05103 | Q65: 44.566 | S65: 0.20930312 | T65: 25.380727 | U65: 47.895 | V65: =SUM(V66:V69) -> 0 | AA65: 126.35305 | AB65: =SUM(AC65:AM65) -> 16.325964 | AE65: =SUM(AE66:AE69) -> 10.888125 | AH65: 5.4378389 | AO65: 267.42042 | AQ65: =C65+H65+L65+AA65+AB65+AN65+AO65+AP65 -> 528.15347
A66: Water Supply, Sewerage, and Waste Management | B66: 36-39 | C66: =SUM(D66:G66) -> 0 | D66: 0 | H66: =SUM(I66:K66) -> 0 | L66: =SUM(M66:Z66) -> 3.3410197 | Q66: 0.122 | S66: 0.001037438 | T66: 0.76598229 | U66: 2.452 | V66: 0 | AA66: 7.8821513 | AB66: =SUM(AC66:AM66) -> 5.4381159 | AE66: 0.00027696487 | AH66: 5.4378389 | AO66: 81.616703 | AQ66: =C66+H66+L66+AA66+AB66+AN66+AO66+AP66 -> 98.27799
A67: Public Administration | B67: 84 | C67: =SUM(D67:G67) -> 0.0019996992 | D67: 0.0019996992 | H67: =SUM(I67:K67) -> 0 | L67: =SUM(M67:Z67) -> 34.630633 | Q67: 6.761 | S67: 0.11783567 | T67: 6.1927971 | U67: 21.559 | V67: 0 | AA67: 48.743552 | AB67: =SUM(AC67:AM67) -> 2.2524994 | AE67: 2.2524994 | AH67: 0 | AO67: 94.974257 | AQ67: =C67+H67+L67+AA67+AB67+AN67+AO67+AP67 -> 180.60294
A68: Education | B68: 85 | C68: =SUM(D68:G68) -> 0.00099984962 | D68: 0.00099984962 | H68: =SUM(I68:K68) -> 0 | L68: =SUM(M68:Z68) -> 54.515153 | Q68: 23.23 | S68: 0.017636447 | T68: 15.480517 | U68: 15.787 | V68: 0 | AA68: 29.675528 | AB68: =SUM(AC68:AM68) -> 7.6326101 | AE68: 7.6326101 | AH68: 0 | AO68: 56.120528 | AQ68: =C68+H68+L68+AA68+AB68+AN68+AO68+AP68 -> 147.94482
A69: Health, Residential Care and Social Work Activities | B69: 86-88 | C69: =SUM(D69:G69) -> 0 | D69: 0 | H69: =SUM(I69:K69) -> 0 | L69: =SUM(M69:Z69) -> 25.564225 | Q69: 14.453 | S69: 0.072793569 | T69: 2.941431 | U69: 8.097 | V69: 0 | AA69: 40.051817 | AB69: =SUM(AC69:AM69) -> 1.0027381 | AE69: 1.0027381 | AH69: 0 | AO69: 34.708937 | AQ69: =C69+H69+L69+AA69+AB69+AN69+AO69+AP69 -> 101.32772
A70: Agricultural | C70: =SUM(D70:G70) -> 0 | D70: 0 | H70: =SUM(I70:K70) -> 0 | L70: =SUM(M70:Z70) -> 183.28376 | P70: 0 | Q70: 0 | T70: 0 | U70: 183.28376 | AA70: 0 | AB70: =SUM(AC70:AM70) -> 0 | AO70: 46.793657 | AQ70: =C70+H70+L70+AA70+AB70+AN70+AO70+AP70 -> 230.07742
A71: Fisheries | C71: =SUM(D71:G71) -> 0 | H71: =SUM(I71:K71) -> 0 | L71: =SUM(M71:Z71) -> 23.52791 | U71: 23.52791 | AB71: =SUM(AC71:AM71) -> 0 | AQ71: =C71+H71+L71+AA71+AB71+AN71+AO71+AP71 -> 23.52791
A72: Statistical Difference | C72: =C26-C27-C29 -> -9.0581332 | D72: =D26-D27-D29 -> -6.9354823 | E72: =E26-E27-E29 -> -2.6469883 | F72: =F26-F27-F29 -> 0 | G72: =G26-G27-G29 -> 0.52433733 | H72: =H26-H27-H29 -> 0.00080942834 | I72: =I26-I27-I29 -> 0.00020251834 | J72: =J26-J27-J29 -> 0 | ... AP72: =AP26-AP27-AP29 -> 0 | AQ72: =C72+H72+L72+AA72+AB72+AN72+AO72+AP72 -> -88.890414
A74: *Industry & Services sub-sectoral breakdown is based on the CSO Business Energy Use (BEU) survey results for 2019.
A75: Last Updated : 1st September 2022
A76: 2019 provisional data
A77: 2019 provisional data based on 2018 breakdown
A78: 2018 data
A79: Sod peat is estimated due to new legislation and the methodology is under review
A80: Statistical differences may exist for crude oil between the calculated primary energy requirement and the observed refinery input

Sheet EB2020
A1: 2020 Units = ktoe | B1: NACE (Rev 2) | C1: Coal | D1: Bituminous Coal | E1: Anthracite + Manufactured Ovoids | F1: Coke | G1: Lignite \ Brown Coal Briquettes | H1: Peat | I1: Milled Peat | J1: Sod Peat | K1: Briquettes | L1: Oil | M1: Crude | N1: Refinery Feedstocks | O1: Refinery Gas | P1: Gasoline | Q1: Kerosene | R1: Jet Kerosene | S1: Fueloil | T1: LPG | U1: Gasoil / Diesel /DERV | V1: Petroleum Coke | W1: Naphta | X1: Bitumen | Y1: White Spirit | Z1: Lubricants | AA1: Natural Gas | AB1: Renewables | AC1: Hydro | AD1: Wind | AE1: Biomass | AF1: Renewable Waste | AG1: Landfill Gas | AH1: Biogas | AI1: Biodiesel | AJ1: Bioethanol | AK1: Solar Photovoltaic | AL1: Solar Thermal | AM1: Ambient Heat | AN1: Non-Renewable Waste | AO1: Electricity | AP1: Heat | AQ1: TOTAL
A2: Indigenous Production | C2: 0 | D2: 0 | H2: 127.704 | I2: 0 | J2: 127.704 | L2: 0 | AA2: 1654.3925 | AB2: 1635.2151 | AC2: 80.208367 | AD2: 993.25012 | AE2: 224.50714 | AF2: 144.97519 | AG2: 29.29731 | AH2: 20.978752 | AI2: 54.202104 | AJ2: 3.245832 | AK2: 4.6067815 | AL2: 14.065107 | AM2: 65.878385 | AN2: 146.72404 | AQ2: 3564.0356
A3: Imports | C3: 257.45654 | D3: 203.69541 | E3: 46.889473 | G3: 6.8716599 | H3: 0 | L3: 8335.0261 | M3: 3172.5022 | N3: 0 | O3: 0 | P3: 441.34669 | Q3: 377.13461 | R3: 1027.8237 | S3: 169.73262 | T3: 143.70103 | U3: 2621.9422 | V3: 136.59692 | W3: 0 | X3: 194.87328 | Y3: 1.5276629 | Z3: 47.845193 | AA3: 2909.7374 | AB3: 187.65327 | AE3: 50.601 | AI3: 121.45921 | AJ3: 15.593052 | AO3: 151.45561 | AQ3: 11841.329
A4: Exports | C4: 7.5800968 | D4: 0 | E4: 7.0104982 | G4: 0.5695986 | H4: 5.665084 | K4: 5.665084 | L4: 1746.2391 | M4: 203.14204 | N4: 0 | P4: 344.23241 | Q4: 10.653236 | R4: 0 | S4: 805.00221 | T4: 23.693009 | U4: 250.84631 | V4: 0.0010910932 | W4: 95.40437 | X4: 5.9765351 | Y4: 0.015873255 | Z4: 7.2720349 | AA4: 0 | AB4: 16.625089 | AE4: 4.1487913 | AI4: 12.476298 | AJ4: 0 | AO4: 164.51504 | AQ4: 1940.6244
A5: Mar. Bunkers | C5: 0 | H5: 0 | L5: 154.96697 | S5: 10.364723 | U5: 144.60225 | AB5: 0 | AQ5: 154.96697
A6: Stock Change | C6: 197.61909 | D6: 194.25295 | E6: 3.7949397 | G6: -0.4288059 | H6: 295.5318 | I6: 288.83629 | J6: 0 | K6: 6.6955109 | L6: -203.40349 | M6: -67.589367 | N6: 4.2156341 | P6: -96.117885 | Q6: 3.6454698 | R6: -225.0436 | S6: -37.703639 | T6: 7.9377672 | U6: 182.39055 | V6: 20.904027 | W6: 3.9575478 | X6: 0 | Y6: 0 | Z6: 0 | AA6: 0 | AB6: -5.8042222 | AE6: -1.1634774 | AI6: -6.2841474 | AJ6: 1.6434027 | AQ6: 283.94318
A7: Primary Energy Supply (incl non-energy) | C7: 447.49553 | D7: 397.94836 | E7: 43.673915 | F7: 0 | G7: 5.8732554 | H7: 417.57072 | I7: 288.83629 | J7: 127.704 | K7: 1.0304269 | L7: 6230.4165 | M7: 2901.7708 | N7: 4.2156341 | O7: 0 | P7: 0.99639428 | Q7: 370.12684 | R7: 802.78008 | S7: -683.33795 | T7: 127.94579 | U7: 2408.8842 | V7: 157.49986 | W7: -91.446822 | X7: 188.89675 | Y7: 1.5117896 | Z7: 40.573159 | AA7: 4564.1299 | AB7: 1800.439 | AC7: 80.208367 | AD7: 993.25012 | AE7: 269.79587 | AF7: 144.97519 | AG7: 29.29731 | AH7: 20.978752 | AI7: 156.90087 | AJ7: 20.482286 | AK7: 4.6067815 | AL7: 14.065107 | AM7: 65.878385 | AN7: 146.72404 | AO7: -13.059428 | AP7: 0 | AQ7: 13593.716
A8: Primary Energy Requirement (excl. non-energy) | C8: 447.49553 | D8: 397.94836 | E8: 43.673915 | F8: 0 | G8: 5.8732554 | H8: 417.57072 | I8: 288.83629 | J8: 127.704 | K8: 1.0304269 | L8: 5999.4348 | M8: 2901.7708 | N8: 4.2156341 | O8: 0 | P8: 0.99639428 | Q8: 370.12684 | R8: 802.78008 | S8: -683.33795 | T8: 127.94579 | U8: 2408.8842 | V8: 157.49986 | W8: -91.446822 | X8: 0 | Y8: 0 | Z8: 0 | AA8: 4564.1299 | AB8: 1800.439 | AC8: 80.208367 | AD8: 993.25012 | AE8: 269.79587 | AF8: 144.97519 | AG8: 29.29731 | AH8: 20.978752 | AI8: 156.90087 | AJ8: 20.482286 | AK8: 4.6067815 | AL8: 14.065107 | AM8: 65.878385 | AN8: 146.72404 | AO8: -13.059428 | AP8: 0 | AQ8: 13362.735
A9: Transformation Input | C9: 194.69705 | D9: 194.69705 | E9: 0 | F9: 0 | G9: 0 | H9: 279.42575 | I9: 279.42575 | J9: 0 | K9: 0 | L9: 3066.0954 | M9: 2901.7708 | N9: 57.172654 | O9: 0 | P9: 0 | Q9: 0 | R9: 0 | S9: 95.284529 | T9: 0.43028177 | U9: 11.437086 | V9: 0 | W9: 0 | X9: 0 | Y9: 0 | Z9: 0 | AA9: 2610.5177 | AB9: 237.7029 | AC9: 0 | AD9: 0 | AE9: 98.039012 | AF9: 101.6183 | AG9: 29.29731 | AH9: 8.7482785 | AI9: 0 | AJ9: 0 | AK9: 0 | AL9: 0 | AM9: 0 | AN9: 93.12891 | AO9: 57.940724 | AP9: 0 | AQ9: 6539.5085
A10: Public Thermal Power Plants (Input) | C10: 194.69705 | D10: 194.69705 | H10: 208.62191 | I10: 208.62191 | J10: 0 | L10: 106.72162 | S10: 95.284529 | U10: 11.437086 | AA10: 2290.6684 | AB10: 225.35351 | AE10: 94.437895 | AF10: 101.6183 | AG10: 29.29731 | AN10: 93.12891 | AQ10: 3119.1914
A11: Combined Heat and Power Plants (Input) | C11: 0 | D11: 0 | H11: 5.210593 | I11: 5.210593 | L11: 0.43028177 | O11: 0 | S11: 0 | T11: 0.43028177 | U11: 0 | AA11: 276.56541 | AB11: 12.349396 | AE11: 3.6011171 | AH11: 8.7482785 | AQ11: 294.55568
A12: Pumped Storage Consumption (Input) | AO12: 46.077265 | AQ12: 46.077265
A13: Briquetting Plants (Input) | C13: 0 | H13: 65.593247 | I13: 65.593247 | L13: 0 | AB13: 0 | AQ13: 65.593247
A14: Oil Refineries & other energy sector (Input) | C14: 0 | H14: 0 | L14: 2958.9435 | M14: 2901.7708 | N14: 57.172654 | AA14: 43.283897 | AB14: 0 | AO14: 11.863459 | AQ14: 3014.0908
A15: Transformation Output | C15: 0 | D15: 0 | E15: 0 | F15: 0 | G15: 0 | H15: 62.313585 | I15: 0 | J15: 0 | K15: 62.313585 | L15: 2992.645 | M15: 0 | N15: 0 | O15: 84.873324 | P15: 572.13671 | Q15: 292.80808 | R15: 0 | S15: 811.56919 | T15: 58.857047 | U15: 1078.6037 | V15: 0 | W15: 93.796945 | X15: 0 | Y15: 0 | Z15: 0 | AA15: 0 | AB15: 0 | AC15: 0 | AD15: 0 | AE15: 0 | AF15: 0 | AG15: 0 | AH15: 0 | AI15: 0 | AJ15: 0 | AK15: 0 | AL15: 0 | AM15: 0 | AN15: 0 | AO15: 1696.879 | AP15: 0 | AQ15: 4751.8375
A16: Public Thermal Power Plants (Output) | C16: 0 | H16: 0 | L16: 0 | AB16: 0 | AO16: 1492.3004 | AQ16: 1492.3004
A17: Combined Heat and Power Plants (Output) | C17: 0 | H17: 0 | L17: 0 | AB17: 0 | AO17: 179.50423 | AQ17: 179.50423
A18: Pumped Storage Generation (Output) | AO18: 25.074359 | AQ18: 25.074359
A19: Briquetting Plants (Output) | H19: 62.313585 | K19: 62.313585 | L19: 0 | AB19: 0 | AQ19: 62.313585
A20: Oil Refineries & other energy sector (Output) | H20: 0 | L20: 2992.645 | O20: 84.873324 | P20: 572.13671 | Q20: 292.80808 | R20: 0 | S20: 811.56919 | T20: 58.857047 | U20: 1078.6037 | W20: 93.796945 | AB20: 0 | AQ20: 2992.645
A21: Exchanges and transfers | C21: 23.598411 | D21: -20.463591 | E21: 44.062002 | F21: 0 | G21: 0 | H21: 0 | I21: 0 | J21: 0 | K21: 0 | L21: -47.558448 | M21: 0 | N21: 52.92196 | O21: 0 | P21: -13.674111 | Q21: 404.83171 | R21: -403.94964 | S21: -0.67111476 | T21: 0 | U21: -61.068806 | V21: -23.598411 | W21: -2.350036 | X21: 0 | Y21: 0 | Z21: 0 | AA21: 0 | AB21: -1078.1524 | AC21: -80.208367 | AD21: -993.25012 | AE21: 0 | AF21: 0 | AG21: 0 | AH21: -0.087131147 | AI21: 0 | AJ21: 0 | AK21: -4.6067815 | AL21: 0 | AM21: 0 | AN21: 0 | AO21: 1078.0653 | AP21: 0 | AQ21: -24.047168
A22: Electricity Exchange & Transfers | AB22: -1078.0653 | AC22: -80.208367 | AD22: -993.25012 | AK22: -4.6067815 | AO22: 1078.0653 | AQ22: 0
A23: Heat Exchange & Transfers | AQ23: 0
A24: Other Exchange & Transfers | C24: 23.598411 | D24: -20.463591 | E24: 44.062002 | G24: 0 | L24: -47.558448 | N24: 52.92196 | P24: -13.674111 | Q24: 404.83171 | R24: -403.94964 | S24: -0.67111476 | U24: -61.068806 | V24: -23.598411 | W24: -2.350036 | AB24: -0.087131147 | AH24: -0.087131147 | AQ24: -24.047168
A25: Own Use and Distribution Losses | C25: 0 | H25: 9.0488467 | I25: 9.0488467 | L25: 93.567082 | O25: 88.228997 | S25: 0 | T25: 0.0041693256 | U25: 5.3339152 | AA25: 60.966269 | AB25: 0 | AO25: 263.89315 | AQ25: 427.47535
A26: Available Final Energy Consumption | C26: 276.39689 | D26: 182.78772 | E26: 87.735917 | F26: 0 | G26: 5.8732554 | H26: 191.40971 | I26: 0.36169331 | J26: 127.704 | K26: 63.344012 | L26: 6015.8406 | M26: 0 | N26: -0.035060042 | O26: -3.3556728 | P26: 559.45899 | Q26: 1067.7666 | R26: 398.83044 | S26: 32.275595 | T26: 186.36839 | U26: 3409.648 | V26: 133.90145 | W26: 8.7099448e-05 | X26: 188.89675 | Y26: 1.5117896 | Z26: 40.573159 | AA26: 1892.6459 | AB26: 484.58374 | AC26: 0 | AD26: 0 | AE26: 171.75685 | AF26: 43.356888 | AG26: 0 | AH26: 12.143343 | AI26: 156.90087 | AJ26: 20.482286 | AK26: 0 | AL26: 14.065107 | AM26: 65.878385 | AN26: 53.595134 | AO26: 2440.051 | AP26: 0 | AQ26: 11354.523
A27: Non-Energy Consumption | C27: 0 | D27: 0 | E27: 0 | F27: 0 | G27: 0 | H27: 0 | I27: 0 | J27: 0 | K27: 0 | L27: 230.98169 | M27: 0 | N27: 0 | O27: 0 | P27: 0 | Q27: 0 | R27: 0 | S27: 0 | T27: 0 | U27: 0 | V27: 0 | X27: 188.89675 | Y27: 1.5117896 | Z27: 40.573159 | AA27: 0 | AB27: 0 | AC27: 0 | AD27: 0 | AE27: 0 | AF27: 0 | AG27: 0 | AH27: 0 | AI27: 0 | AJ27: 0 | AK27: 0 | AL27: 0 | AM27: 0 | AN27: 0 | AO27: 0 | AP27: 0 | AQ27: 230.98169
A28: Final non-Energy Consumption (Feedstocks) | C28: 0 | H28: 0 | L28: 230.98169 | X28: 188.89675 | Y28: 1.5117896 | Z28: 40.573159 | AA28: 0 | AB28: 0 | AQ28: 230.98169
A29: Total Final Energy Consumption | C29: 271.61503 | D29: 175.86447 | E29: 88.555978 | F29: 0 | G29: 7.1945805 | H29: 189.34578 | I29: 0 | J29: 127.704 | K29: 61.64178 | L29: 5825.4294 | M29: 0 | N29: 0 | O29: 0 | P29: 578.42748 | Q29: 1070.0115 | R29: 397.88854 | S29: 29.445261 | T29: 173.91857 | U29: 3442.9262 | V29: 132.81183 | W29: 0 | X29: 0 | Y29: 0 | Z29: 0 | AA29: 1960.2757 | AB29: 489.75141 | AC29: 0 | AD29: 0 | AE29: 179.81534 | AF29: 43.356888 | AG29: 0 | AH29: 12.143343 | AI29: 155.05739 | AJ29: 19.434959 | AK29: 0 | AL29: 14.065107 | AM29: 65.878385 | AN29: 53.595134 | AO29: 2464.1868 | AP29: 0 | AQ29: 11254.199
A30: Industry* | C30: 76.092973 | D30: 76.092973 | E30: 0 | H30: 0 | I30: 0 | J30: 0 | K30: 0 | L30: 329.27016 | M30: 0 | N30: 0 | O30: 0 | P30: 0 | Q30: 6.3369175 | R30: 0 | S30: 29.235958 | T30: 64.002985 | U30: 104.25954 | V30: 125.43476 | W30: 0 | X30: 0 | Y30: 0 | Z30: 0 | AA30: 1047.1702 | AB30: 187.4213 | AC30: 0 | AD30: 0 | AE30: 138.13693 | AF30: 43.356888 | AG30: 0 | AH30: 5.9274836 | AI30: 0 | AJ30: 0 | AK30: 0 | AL30: 0 | AM30: 0 | AN30: 53.595134 | AO30: 593.37069 | AP30: 0 | AQ30: 2286.9204
A31: Non-Energy Mining | B31: 05-09 | C31: 0 | D31: 0 | H31: 0 | L31: 10.349736 | Q31: 0.104 | S31: 0 | T31: 1.5277364 | U31: 8.718 | V31: 0 | AA31: 6.1606402 | AB31: 0 | AO31: 18.392607 | AQ31: 34.902984
A32: Food & beverages | B32: 10-11 | C32: 0 | D32: 0 | H32: 0 | I32: 0 | L32: 67.437301 | Q32: 1.216 | S32: 19.717286 | T32: 33.736014 | U32: 12.768 | V32: 0 | AA32: 321.488 | AB32: 38.885296 | AE32: 32.957812 | AH32: 5.9274836 | AO32: 95.068324 | AQ32: 522.87892
A33: Textiles and textile products | B33: 13-14 | C33: 0 | D33: 0 | H33: 0 | L33: 5.007653 | Q33: 0.156 | S33: 0 | T33: 4.283653 | U33: 0.568 | V33: 0 | AA33: 2.8955159 | AB33: 0 | AO33: 3.1700231 | AQ33: 11.073192
A34: Wood and wood products | B34: 16 | C34: 0 | D34: 0 | H34: 0 | L34: 3.2742861 | Q34: 0.096 | S34: 0 | T34: 0.81928608 | U34: 2.359 | V34: 0 | AA34: 6.7779014 | AB34: 104.02015 | AE34: 104.02015 | AO34: 26.395976 | AQ34: 140.46832
A35: Pulp, paper, publishing and printing | B35: 17-18 | C35: 0 | D35: 0 | H35: 0 | L35: 3.4659044 | Q35: 0.142 | S35: 0 | T35: 1.0769044 | U35: 2.247 | V35: 0 | AA35: 7.9607982 | AB35: 0 | AO35: 13.654279 | AQ35: 25.080982
A36: Chemicals & man-made fibres | B36: 20-21 | C36: 0 | D36: 0 | H36: 0 | L36: 16.234468 | Q36: 0.162 | S36: 2.9766948 | T36: 2.9536237 | U36: 5.458 | V36: 4.6841499 | AA36: 123.72382 | AB36: 0 | AE36: 0 | AO36: 88.501698 | AQ36: 228.45999
A37: Rubber and plastic products | B37: 22 | C37: 0 | D37: 0 | H37: 0 | L37: 4.5279597 | Q37: 0.43 | S37: 0 | T37: 2.0519597 | U37: 2.046 | V37: 0 | AA37: 9.7407548 | AB37: 0 | AO37: 21.661824 | AQ37: 35.930539
A38: Other non-metallic mineral products | B38: 23 | C38: 76.092973 | D38: 76.092973 | H38: 0 | L38: 145.52279 | Q38: 1.34 | S38: 0 | T38: 2.2391822 | U38: 21.193 | V38: 120.75061 | AA38: 28.355854 | AB38: 44.51585 | AE38: 1.1589621 | AF38: 43.356888 | AN38: 53.595134 | AO38: 58.998348 | AQ38: 407.08095
A39: Basic metals and fabricated metal products | B39: 24-25 | C39: 0 | D39: 0 | H39: 0 | L39: 9.7300215 | Q39: 0.435 | S39: 2.0104124 | T39: 2.288609 | U39: 4.996 | V39: 0 | AA39: 452.74421 | AB39: 0 | AO39: 69.869981 | AQ39: 532.34421
A40: Machinery and equipment n.e.c. | B40: 28 | C40: 0 | D40: 0 | H40: 0 | L40: 5.3149654 | Q40: 0.38 | S40: 0 | T40: 2.7229654 | U40: 2.212 | V40: 0 | AA40: 16.621159 | AB40: 0 | AO40: 22.379152 | AQ40: 44.315276
A41: Electrical and optical equipment | B41: 26-27 | C41: 0 | D41: 0 | H41: 0 | L41: 3.9997732 | Q41: 0.479 | S41: 0 | T41: 2.1777732 | U41: 1.343 | V41: 0 | AA41: 20.397301 | AB41: 0 | AO41: 104.62642 | AQ41: 129.0235
A42: Transport equipment manufacture | B42: 29-30 | C42: 0 | D42: 0 | H42: 0 | L42: 0.85750289 | Q42: 0.077 | S42: 0 | T42: 0.33550289 | U42: 0.445 | V42: 0 | AA42: 1.9468042 | AB42: 0 | AO42: 2.6698778 | AQ42: 5.4741849
A43: Other manufacturing | B43: 31-33, 12 & 15 | C43: 0 | D43: 0 | H43: 0 | K43: 0 | L43: 15.503467 | Q43: 0.478 | S43: 4.5315643 | T43: 7.1519032 | U43: 3.342 | V43: 0 | AA43: 44.886482 | AB43: 0 | AO43: 58.675707 | AQ43: 119.06566
A44: Construction | B44: 41-43 | C44: 0 | D44: 0 | H44: 0 | L44: 38.04433 | Q44: 0.84191754 | S44: 0 | T44: 0.63787174 | U44: 36.564541 | V44: 0 | AA44: 3.4709252 | AB44: 0 | AO44: 9.3064683 | AQ44: 50.821724
A45: Transport | C45: 0 | D45: 0 | E45: 0 | F45: 0 | G45: 0 | H45: 0 | I45: 0 | J45: 0 | K45: 0 | L45: 3683.0095 | M45: 0 | N45: 0 | O45: 0 | P45: 578.42748 | Q45: 0 | R45: 397.88854 | S45: 0 | T45: 1.1498258 | U45: 2705.5436 | V45: 0 | W45: 0 | X45: 0 | Y45: 0 | Z45: 0 | AA45: 15.763831 | AB45: 174.49235 | AC45: 0 | AD45: 0 | AE45: 0 | AF45: 0 | AG45: 0 | AH45: 0 | AI45: 155.05739 | AJ45: 19.434959 | AK45: 0 | AL45: 0 | AM45: 0 | AN45: 0 | AO45: 8.1551065 | AP45: 0 | AQ45: 3881.4207
A46: Road Freight | C46: 0 | H46: 0 | L46: 682.68227 | U46: 682.68227 | AA46: 0.58857887 | AB46: 41.276525 | AI46: 41.276525 | AJ46: 0 | AQ46: 724.54738
A47: Road Light Goods Vehicle | C47: 0 | H47: 0 | L47: 279.80478 | U47: 279.80478 | AB47: 16.917634 | AI47: 16.917634 | AJ47: 0 | AQ47: 296.72242
A48: Road Private Car | C48: 0 | H48: 0 | L48: 1555.0727 | P48: 462.83622 | T48: 1.1498258 | U48: 1091.0867 | AB48: 81.541128 | AI48: 65.969585 | AJ48: 15.571543 | AO48: 4.007811 | AQ48: 1640.6217
A49: Public Passenger Services | C49: 0 | H49: 0 | L49: 111.30503 | P49: 3.0124084 | U49: 108.29262 | AB49: 6.648967 | AI49: 6.5476183 | AJ49: 0.10134869 | AQ49: 117.95399
A50: Rail | C50: 0 | H50: 0 | L50: 31.71713 | U50: 31.71713 | AB50: 0 | AI50: 0 | AO50: 4.1472955 | AQ50: 35.864426
A51: Domestic Aviation | C51: 0 | H51: 0 | L51: 4.5622176 | P51: 0.75812222 | R51: 3.8040953 | AB51: 0 | AQ51: 4.5622176
A52: International Aviation | C52: 0 | H52: 0 | L52: 394.08444 | R52: 394.08444 | AB52: 0 | AQ52: 394.08444
A53: Fuel Tourism | C53: 0 | H53: 0 | L53: 75.915199 | P53: 0 | U53: 75.915199 | AB53: 4.5900058 | AI53: 4.5900058 | AJ53: 0 | AQ53: 80.505205
A54: Navigation | C54: 0 | H54: 0 | L54: 109.29542 | U54: 109.29542 | AB54: 0 | AQ54: 109.29542
A55: Unspecified | C55: 0 | H55: 0 | L55: 438.57024 | P55: 111.82073 | S55: 0 | U55: 326.74951 | AA55: 15.175252 | AB55: 23.518087 | AI55: 19.75602 | AJ55: 3.7620678 | AQ55: 477.26358
A56: Residential | C56: 195.34108 | D56: 99.590526 | E56: 88.555978 | G56: 7.1945805 | H56: 189.34578 | J56: 127.704 | K56: 61.64178 | L56: 1420.4726 | P56: 0 | Q56: 1012.1856 | S56: 0 | T56: 55.285998 | U56: 345.6239 | V56: 7.3770714 | AA56: 589.75863 | AB56: 85.168311 | AE56: 25.990765 | AL56: 13.898612 | AM56: 45.278934 | AO56: 749.5852 | AQ56: 3229.6716
A57: Commercial/Public Services* | C57: 0.18097278 | D57: 0.18097278 | E57: 0 | F57: 0 | G57: 0 | H57: 0 | I57: 0 | J57: 0 | K57: 0 | L57: 190.80206 | M57: 0 | N57: 0 | O57: 0 | P57: 0 | Q57: 51.489 | R57: 0 | S57: 0.20930312 | T57: 53.47976 | U57: 85.624 | V57: 0 | W57: 0 | X57: 0 | Y57: 0 | Z57: 0 | AA57: 307.58309 | AB57: 42.669451 | AC57: 0 | AD57: 0 | AE57: 15.687645 | AF57: 0 | AG57: 0 | AH57: 6.2158592 | AI57: 0 | AJ57: 0 | AK57: 0 | AL57: 0.16649466 | AM57: 20.599452 | AN57: 0 | AO57: 1064.4021 | AP57: 0 | AQ57: 1605.6377
A58: Commercial Services* | C58: 0.17997293 | D58: 0.17997293 | E58: 0 | F58: 0 | G58: 0 | H58: 0 | I58: 0 | J58: 0 | K58: 0 | L58: 81.247707 | M58: 0 | N58: 0 | O58: 0 | P58: 0 | Q58: 12.998 | R58: 0 | S58: 0 | T58: 31.580707 | U58: 36.669 | V58: 0 | W58: 0 | X58: 0 | Y58: 0 | Z58: 0 | AA58: 174.85998 | AB58: 29.254632 | AC58: 0 | AD58: 0 | AE58: 6.342199 | AG58: 0 | AH58: 2.1464868 | AI58: 0 | AJ58: 0 | AL58: 0.16649466 | AM58: 20.599452 | AN58: 0 | AO58: 802.15575 | AP58: 0 | AQ58: 1087.698
A59: Wholesale, Retail, and Vehicle Repair | B59: 45-47 | C59: 0.0019996992 | D59: 0.0019996992 | H59: 0 | L59: 25.943483 | Q59: 4.97 | S59: 0 | T59: 12.497483 | U59: 8.476 | V59: 0 | AA59: 41.207605 | AB59: 1.8782465 | AE59: 1.8782465 | AH59: 0 | AL59: 0 | AM59: 0 | AO59: 201.95532 | AQ59: 270.98665
A60: Transportation and Storage | B60: 49-53 | C60: 0.0039993985 | D60: 0.0039993985 | H60: 0 | L60: 19.381515 | Q60: 0.91 | S60: 0 | T60: 4.0395147 | U60: 14.432 | V60: 0 | AA60: 13.775024 | AB60: 0.010605733 | AE60: 0.010605733 | AH60: 0 | AL60: 0 | AM60: 0 | AO60: 45.138372 | AQ60: 78.309516
A61: Accommodation and Food Services | B61: 55-56 | C61: 0.15197714 | D61: 0.15197714 | H61: 0 | L61: 15.62499 | Q61: 2.548 | S61: 0 | T61: 10.80499 | U61: 2.272 | V61: 0 | AA61: 26.369396 | AB61: 1.5625729 | AE61: 1.5625729 | AH61: 0 | AL61: 0 | AM61: 0 | AO61: 80.505639 | AQ61: 124.21457
A62: Information and Communication | B62: 58-63 | C62: 0.011998195 | D62: 0.011998195 | H62: 0 | L62: 3.387775 | Q62: 0.601 | S62: 0 | T62: 0.82677498 | U62: 1.96 | V62: 0 | AA62: 21.223308 | AB62: 0.16222301 | AE62: 0.16222301 | AH62: 0 | AL62: 0 | AM62: 0 | AO62: 331.5274 | AQ62: 356.31271
A63: Financial, Insurance and Real Estate Activities | B63: 64-68 | C63: 0.0069989474 | D63: 0.0069989474 | H63: 0 | L63: 2.0262359 | Q63: 0.924 | S63: 0 | T63: 0.17823591 | U63: 0.924 | V63: 0 | AA63: 18.16693 | AB63: 0.86412429 | AE63: 0.86412429 | AH63: 0 | AL63: 0 | AM63: 0 | AO63: 53.022708 | AQ63: 74.086998
A64: Other Services Sectors | C64: 0.0029995489 | D64: 0.0029995489 | H64: 0 | L64: 14.883709 | Q64: 3.045 | S64: 0 | T64: 3.2337087 | U64: 8.605 | V64: 0 | AA64: 54.117715 | AB64: 24.776859 | AE64: 1.8644265 | AH64: 2.1464868 | AL64: 0.16649466 | AM64: 20.599452 | AO64: 90.00631 | AQ64: 183.78759
A65: Public Services* | C65: 0.00099984962 | D65: 0.00099984962 | H65: 0 | J65: 0 | K65: 0 | L65: 109.55436 | Q65: 38.491 | S65: 0.20930312 | T65: 21.899053 | U65: 48.955 | V65: 0 | AA65: 132.72312 | AB65: 13.414819 | AE65: 9.3454463 | AH65: 4.0693724 | AO65: 262.24632 | AQ65: 517.93961
A66: Water Supply, Sewerage, and Waste Management | B66: 36-39 | C66: 0 | D66: 0 | H66: 0 | L66: 7.5822608 | Q66: 0.374 | S66: 0.030274494 | T66: 2.0339863 | U66: 5.144 | V66: 0 | AA66: 10.384951 | AB66: 4.0693724 | AE66: 0 | AH66: 4.0693724 | AO66: 104.26306 | AQ66: 126.29965
A67: Public Administration | B67: 84 | C67: 0.00099984962 | D67: 0.00099984962 | H67: 0 | L67: 35.884606 | Q67: 6.63 | S67: 0.040256895 | T67: 7.863349 | U67: 21.351 | V67: 0 | AA67: 52.089358 | AB67: 5.5236462 | AE67: 5.5236462 | AH67: 0 | AO67: 81.775318 | AQ67: 175.27393
A68: Education | B68: 85 | C68: 0 | D68: 0 | H68: 0 | L68: 43.959006 | Q68: 20.127 | S68: 0.020619385 | T68: 8.8503866 | U68: 14.961 | V68: 0 | AA68: 31.042624 | AB68: 1.3497032 | AE68: 1.3497032 | AH68: 0 | AO68: 46.999038 | AQ68: 123.35037
A69: Health, Residential Care and Social Work Activities | B69: 86-88 | C69: 0 | D69: 0 | H69: 0 | L69: 22.128483 | Q69: 11.36 | S69: 0.11815235 | T69: 3.1513307 | U69: 7.499 | V69: 0 | AA69: 39.206183 | AB69: 2.4720969 | AE69: 2.4720969 | AH69: 0 | AO69: 29.208902 | AQ69: 93.015664
A70: Agricultural | C70: 0 | D70: 0 | H70: 0 | L70: 182.6968 | P70: 0 | Q70: 0 | T70: 0 | U70: 182.6968 | AA70: 0 | AB70: 0 | AO70: 48.673776 | AQ70: 231.37058
A71: Fisheries | C71: 0 | H71: 0 | L71: 19.178353 | U71: 19.178353 | AB71: 0 | AQ71: 19.178353
A72: Statistical Difference | C72: 4.7818576 | D72: 6.9232441 | E72: -0.82006131 | F72: 0 | G72: -1.3213252 | H72: 2.0639252 | I72: 0.36169331 | J72: 0 | K72: 1.7022319 | L72: -40.570552 | M72: 0 | N72: -0.035060042 | O72: -3.3556728 | P72: -18.96849 | Q72: -2.2448913 | R72: 0.94190215 | S72: 2.8303338 | T72: 12.449818 | U72: -33.278194 | V72: 1.0896146 | W72: 8.7099448e-05 | X72: 0 | Y72: 0 | Z72: 0 | AA72: -67.629803 | AB72: -5.1676729 | AC72: 0 | AD72: 0 | AE72: -8.058484 | AF72: 0 | AG72: 0 | AH72: 0 | AI72: 1.8434839 | AJ72: 1.0473272 | AK72: 0 | AL72: 0 | AM72: 0 | AN72: 0 | AO72: -24.135876 | AP72: 0 | AQ72: -130.65812
A74: *Industry & Services sub-sectoral breakdown is based on the CSO Business Energy Use (BEU) survey results for 2019.
A75: Last Updated : 1st September 2022
A76: 2020 provisional data
A77: 2020 provisional data based on 2019 breakdown
A78: 2019 data
A79: Sod peat is estimated due to new legislation and the methodology is under review
A80: Statistical differences may exist for crude oil between the calculated primary energy requirement and the observed refinery input

Sheet EB2021
A1: 2021 Units = ktoe | B1: NACE (Rev 2) | C1: Coal | D1: Bituminous Coal | E1: Anthracite + Manufactured Ovoids | F1: Coke | G1: Lignite \ Brown Coal Briquettes | H1: Peat | I1: Milled Peat | J1: Sod Peat | K1: Briquettes | L1: Oil | M1: Crude | N1: Refinery Feedstocks | O1: Refinery Gas | P1: Gasoline | Q1: Kerosene | R1: Jet Kerosene | S1: Fueloil | T1: LPG | U1: Gasoil / Diesel /DERV | V1: Petroleum Coke | W1: Naphta | X1: Bitumen | Y1: White Spirit | Z1: Lubricants | AA1: Natural Gas | AB1: Renewables | AC1: Hydro | AD1: Wind | AE1: Biomass | AF1: Renewable Waste | AG1: Landfill Gas | AH1: Biogas | AI1: Biodiesel | AJ1: Bioethanol | AK1: Solar Photovoltaic | AL1: Solar Thermal | AM1: Ambient Heat | AN1: Non-Renewable Waste | AO1: Electricity | AP1: Heat | AQ1: TOTAL
A2: Indigenous Production | C2: 0 | D2: 0 | H2: 127.704 | I2: 0 | J2: 127.704 | L2: 0 | AA2: 1258.1587 | AB2: 1514.0077 | AC2: 64.443383 | AD2: 840.94072 | AE2: 232.15146 | AF2: 143.78049 | AG2: 29.401516 | AH2: 22.674404 | AI2: 77.439659 | AJ2: 3.1832405 | AK2: 6.8638595 | AL2: 14.011376 | AM2: 79.117591 | AN2: 142.93598 | AQ2: 3042.8064
A3: Imports | C3: 1004.5762 | D3: 915.78927 | E3: 74.320506 | G3: 14.466431 | H3: 0 | L3: 8488.3453 | M3: 3118.6115 | N3: 6.1836804 | O3: 0 | P3: 208.01548 | Q3: 366.79326 | R3: 755.11073 | S3: 365.54682 | T3: 163.4376 | U3: 2914.9406 | V3: 196.9791 | W3: 0 | X3: 336.39503 | Y3: 1.0421827 | Z3: 55.289314 | AA3: 3125.5692 | AB3: 148.79803 | AE3: 38.7568 | AI3: 92.660886 | AJ3: 17.380342 | AO3: 210.76152 | AQ3: 12978.05
A4: Exports | C4: 35.287255 | D4: 0 | E4: 34.051924 | G4: 1.2353314 | H4: 2.6034889 | K4: 2.6034889 | L4: 1710.8018 | M4: 84.346335 | N4: 0 | P4: 327.14107 | Q4: 0 | R4: 140.76405 | S4: 947.24916 | T4: 22.03498 | U4: 76.071456 | V4: 2.6056038 | W4: 96.129827 | X4: 5.0445843 | Y4: 0.077493809 | Z4: 9.3372198 | AA4: 0 | AB4: 17.509651 | AE4: 0.018328378 | AI4: 17.491323 | AJ4: 0 | AO4: 74.228516 | AQ4: 1840.4307
A5: Mar. Bunkers | C5: 0 | H5: 0 | L5: 171.78194 | S5: 6.7254842 | U5: 165.05645 | AB5: 0 | AQ5: 171.78194
A6: Stock Change | C6: -55.445239 | D6: -52.610799 | E6: -2.6499718 | G6: -0.18446816 | H6: 139.9035 | I6: 139.81662 | J6: 0 | K6: 0.086875995 | L6: 112.27076 | M6: 58.858588 | N6: -3.277545 | P6: 147.58484 | Q6: -9.3202673 | R6: 135.29433 | S6: -14.689705 | T6: -6.3770406 | U6: -179.85481 | V6: -18.754033 | W6: 2.8063986 | X6: 0 | Y6: 0 | Z6: 0 | AA6: 0 | AB6: 2.9078283 | AE6: -3.8697442 | AI6: 7.4291306 | AJ6: -0.65155805 | AQ6: 199.63685
A7: Primary Energy Supply (incl non-energy) | C7: 913.84372 | D7: 863.17847 | E7: 37.618611 | F7: 0 | G7: 13.046632 | H7: 265.00401 | I7: 139.81662 | J7: 127.704 | K7: -2.5166129 | L7: 6718.0324 | M7: 3093.1238 | N7: 2.9061354 | O7: 0 | P7: 28.459259 | Q7: 357.47299 | R7: 749.64101 | S7: -603.11753 | T7: 135.02558 | U7: 2493.9579 | V7: 175.61947 | W7: -93.323428 | X7: 331.35044 | Y7: 0.96468889 | Z7: 45.952094 | AA7: 4383.7279 | AB7: 1648.2039 | AC7: 64.443383 | AD7: 840.94072 | AE7: 267.02019 | AF7: 143.78049 | AG7: 29.401516 | AH7: 22.674404 | AI7: 160.03835 | AJ7: 19.912025 | AK7: 6.8638595 | AL7: 14.011376 | AM7: 79.117591 | AN7: 142.93598 | AO7: 136.53301 | AP7: 0 | AQ7: 14208.281
A8: Primary Energy Requirement (excl. non-energy) | C8: 913.84372 | D8: 863.17847 | E8: 37.618611 | F8: 0 | G8: 13.046632 | H8: 265.00401 | I8: 139.81662 | J8: 127.704 | K8: -2.5166129 | L8: 6339.7651 | M8: 3093.1238 | N8: 2.9061354 | O8: 0 | P8: 28.459259 | Q8: 357.47299 | R8: 749.64101 | S8: -603.11753 | T8: 135.02558 | U8: 2493.9579 | V8: 175.61947 | W8: -93.323428 | X8: 0 | Y8: 0 | Z8: 0 | AA8: 4383.7279 | AB8: 1648.2039 | AC8: 64.443383 | AD8: 840.94072 | AE8: 267.02019 | AF8: 143.78049 | AG8: 29.401516 | AH8: 22.674404 | AI8: 160.03835 | AJ8: 19.912025 | AK8: 6.8638595 | AL8: 14.011376 | AM8: 79.117591 | AN8: 142.93598 | AO8: 136.53301 | AP8: 0 | AQ8: 13830.014
A9: Transformation Input | C9: 672.76182 | D9: 672.76182 | E9: 0 | F9: 0 | G9: 0 | H9: 129.36176 | I9: 129.36176 | J9: 0 | K9: 0 | L9: 3488.1702 | M9: 3093.1238 | N9: 35.136317 | O9: 0 | P9: 0 | Q9: 0 | R9: 0 | S9: 328.83388 | T9: 0.45660113 | U9: 30.619574 | V9: 0 | W9: 0 | X9: 0 | Y9: 0 | Z9: 0 | AA9: 2375.4472 | AB9: 237.91071 | AC9: 0 | AD9: 0 | AE9: 101.52989 | AF9: 97.137693 | AG9: 29.401516 | AH9: 9.8416082 | AI9: 0 | AJ9: 0 | AK9: 0 | AL9: 0 | AM9: 0 | AN9: 89.023112 | AO9: 53.473718 | AP9: 0 | AQ9: 7046.1484
A10: Public Thermal Power Plants (Input) | C10: 672.76182 | D10: 672.76182 | H10: 66.477587 | I10: 66.477587 | J10: 0 | L10: 359.45346 | S10: 328.83388 | U10: 30.619574 | AA10: 2087.6868 | AB10: 223.26183 | AE10: 96.722621 | AF10: 97.137693 | AG10: 29.401516 | AN10: 89.023112 | AQ10: 3498.6646
A11: Combined Heat and Power Plants (Input) | C11: 0 | D11: 0 | H11: 4.9669183 | I11: 4.9669183 | L11: 0.45660113 | O11: 0 | S11: 0 | T11: 0.45660113 | U11: 0 | AA11: 254.88331 | AB11: 14.64888 | AE11: 4.807272 | AH11: 9.8416082 | AQ11: 274.95571
A12: Pumped Storage Consumption (Input) | AO12: 44.327412 | AQ12: 44.327412
A13: Briquetting Plants (Input) | C13: 0 | H13: 57.917252 | I13: 57.917252 | L13: 0 | AB13: 0 | AQ13: 57.917252
A14: Oil Refineries & other energy sector (Input) | C14: 0 | H14: 0 | L14: 3128.2601 | M14: 3093.1238 | N14: 35.136317 | AA14: 32.877057 | AB14: 0 | AO14: 9.1463064 | AQ14: 3170.2835
