Workbook

Sheet Cover
A16: TIMES-Ireland Model
A19: Document type: | B19: Scenario
A20: Sector(s): | B20: Transport sector (TRA)
A21: Purpose: | B21: Emissions factors for fuel combustion
A23: Original developer(s): | B23: Vahid Aryanpur (UCC, vahid.aryanpur@ucc.ie)
A26: Current maintainer(s): | B26: Vahid Aryanpur (UCC, vahid.aryanpur@ucc.ie)
B27: Olexandr Balyk ( MaREI, olexandr.balyk@ucc.ie)
A29: Part of TIM version: | B29: 1
A30: Model repository: | B30: https://github.com/MaREI-EPMG/TIMES-Ireland-model
A31: Licence: | B31: CC BY-NC-SA 4.0 (unless specified otherwise)
B32: https://creativecommons.org/licenses/by-nc-sa/4.0/

Sheet Regions
C3: {=IF(LEFT(INDEX(C5:C7,$A$4),1)<>"*",INDEX(C5:C7,$A$4),"")} -> IE | D3: {=IF(LEFT(INDEX(D5:D7,$A$4),1)<>"*",INDEX(D5:D7,$A$4),"")} | E3: {=IF(LEFT(INDEX(E5:E7,$A$4),1)<>"*",INDEX(E5:E7,$A$4),"")} -> IE-CW | F3: {=IF(LEFT(INDEX(F5:F7,$A$4),1)<>"*",INDEX(F5:F7,$A$4),"")} -> IE-D | G3: {=IF(LEFT(INDEX(G5:G7,$A$4),1)<>"*",INDEX(G5:G7,$A$4),"")} -> IE-KE | H3: {=IF(LEFT(INDEX(H5:H7,$A$4),1)<>"*",INDEX(H5:H7,$A$4),"")} -> IE-KK | I3: {=IF(LEFT(INDEX(I5:I7,$A$4),1)<>"*",INDEX(I5:I7,$A$4),"")} -> IE-LS | J3: {=IF(LEFT(INDEX(J5:J7,$A$4),1)<>"*",INDEX(J5:J7,$A$4),"")} -> IE-LD | ... AD3: {=IF(LEFT(INDEX(AD5:AD7,$A$4),1)<>"*",INDEX(AD5:AD7,$A$4),"")} -> IE-MN
A4: 1
A5: Development | C5: IE | D5: *National | E5: =Regions!A11 -> IE-CW | F5: =Regions!A16 -> IE-D | G5: =Regions!A19 -> IE-KE | H5: =Regions!A20 -> IE-KK | I5: =Regions!A21 -> IE-LS | J5: =Regions!A24 -> IE-LD | K5: =Regions!A25 -> IE-LH | L5: =Regions!A27 -> IE-MH | M5: =Regions!A29 -> IE-OY | N5: =Regions!A34 -> IE-WH | O5: =Regions!A35 -> IE-WX | P5: =Regions!A36 -> IE-WW | Q5: =Regions!A13 -> IE-CE | R5: =Regions!A14 -> IE-CO | S5: =Regions!A18 -> IE-KY | T5: =Regions!A23 -> IE-LK | U5: =Regions!A32 -> IE-TA | V5: =Regions!A33 -> IE-WD | W5: =Regions!A17 -> IE-G | X5: =Regions!A22 -> IE-LM | Y5: =Regions!A26 -> IE-MO | Z5: =Regions!A30 -> IE-RN | AA5: =Regions!A31 -> IE-SO | AB5: =Regions!A12 -> IE-CN | AC5: =Regions!A15 -> IE-DL | AD5: =Regions!A28 -> IE-MN
A6: Single-region | C6: =C5 -> IE | D6: =IF(LEFT(D5,1)<>"*","*"&D5,D5) -> *National | E6: =IF(LEFT(E5,1)<>"*","*"&E5,E5) -> *IE-CW | F6: =IF(LEFT(F5,1)<>"*","*"&F5,F5) -> *IE-D | G6: =IF(LEFT(G5,1)<>"*","*"&G5,G5) -> *IE-KE | H6: =IF(LEFT(H5,1)<>"*","*"&H5,H5) -> *IE-KK | I6: =IF(LEFT(I5,1)<>"*","*"&I5,I5) -> *IE-LS | J6: =IF(LEFT(J5,1)<>"*","*"&J5,J5) -> *IE-LD | K6: =IF(LEFT(K5,1)<>"*","*"&K5,K5) -> *IE-LH | ... AD6: =IF(LEFT(AD5,1)<>"*","*"&AD5,AD5) -> *IE-MN
A7: Multi-region | C7: ="*"&C5 -> *IE | D7: =D5 -> *National | E7: =E5 -> IE-CW | F7: =F5 -> IE-D | G7: =G5 -> IE-KE | H7: =H5 -> IE-KK | I7: =I5 -> IE-LS | J7: =J5 -> IE-LD | K7: =K5 -> IE-LH | ... AD7: =AD5 -> IE-MN
A10: Code | B10: County name
A11: IE-CW | B11: Carlow
A12: IE-CN | B12: Cavan
A13: IE-CE | B13: Clare
A14: IE-CO | B14: Cork
A15: IE-DL | B15: Donegal
A16: IE-D | B16: Dublin
A17: IE-G | B17: Galway
A18: IE-KY | B18: Kerry
A19: IE-KE | B19: Kildare
A20: IE-KK | B20: Kilkenny
A21: IE-LS | B21: Laois
... A36: IE-WW | B36: Wicklow
A37: Source: https://en.wikipedia.org/wiki/ISO_3166-2:IE

Sheet Emissions
A1: Trans - Insert
B2: ~TFM_INS
B3: TimeSlice | C3: LimType | D3: Attribute | E3: Year | F3: =IF(Regions!C3<>"",Regions!C3,"*") -> IE | G3: =IF(Regions!D3<>"",Regions!D3,"*") -> * | H3: =IF(Regions!E3<>"",Regions!E3,"*") -> IE-CW | I3: =IF(Regions!F3<>"",Regions!F3,"*") -> IE-D | J3: =IF(Regions!G3<>"",Regions!G3,"*") -> IE-KE | K3: =IF(Regions!H3<>"",Regions!H3,"*") -> IE-KK | L3: =IF(Regions!I3<>"",Regions!I3,"*") -> IE-LS | M3: =IF(Regions!J3<>"",Regions!J3,"*") -> IE-LD | ... AG3: =IF(Regions!AD3<>"",Regions!AD3,"*") -> IE-MN | AH3: Pset_CI | AI3: Cset_CN | AJ3: Other_indexes | AK3: *Unit | AL3: Pset_PN
D4: FLO_EMIS | F4: 69.3 | G4: =$F4 -> 69.3 | H4: =$F4 -> 69.3 | I4: =$F4 -> 69.3 | J4: =$F4 -> 69.3 | K4: =$F4 -> 69.3 | L4: =$F4 -> 69.3 | M4: =$F4 -> 69.3 | N4: =$F4 -> 69.3 | ... AG4: =$F4 -> 69.3 | AH4: =AJ4 -> TRAGSL | AI4: TRACO2N | AJ4: TRAGSL | AK4: kt/PJ | AL4: -T-*AVI*INT*,-T-NAV*
D5: FLO_EMIS | F5: 74.1 | G5: =$F5 -> 74.1 | H5: =$F5 -> 74.1 | I5: =$F5 -> 74.1 | J5: =$F5 -> 74.1 | K5: =$F5 -> 74.1 | L5: =$F5 -> 74.1 | M5: =$F5 -> 74.1 | N5: =$F5 -> 74.1 | ... AG5: =$F5 -> 74.1 | AH5: =AJ5 -> TRADST | AI5: TRACO2N | AJ5: TRADST | AK5: kt/PJ | AL5: -T-*AVI*INT*,-T-NAV*
D6: FLO_EMIS | F6: 56.1 | G6: =$F6 -> 56.1 | H6: =$F6 -> 56.1 | I6: =$F6 -> 56.1 | J6: =$F6 -> 56.1 | K6: =$F6 -> 56.1 | L6: =$F6 -> 56.1 | M6: =$F6 -> 56.1 | N6: =$F6 -> 56.1 | ... AG6: =$F6 -> 56.1 | AH6: =AJ6 -> TRACNG | AI6: TRACO2N | AJ6: TRACNG | AK6: kt/PJ | AL6: -T-*AVI*INT*,-T-NAV*
D7: FLO_EMIS | F7: 56.1 | G7: =$F7 -> 56.1 | H7: =$F7 -> 56.1 | I7: =$F7 -> 56.1 | J7: =$F7 -> 56.1 | K7: =$F7 -> 56.1 | L7: =$F7 -> 56.1 | M7: =$F7 -> 56.1 | N7: =$F7 -> 56.1 | ... AG7: =$F7 -> 56.1 | AH7: =AJ7 -> TRALNG | AI7: TRACO2N | AJ7: TRALNG | AK7: kt/PJ | AL7: -T-*AVI*INT*,-T-NAV*
D8: FLO_EMIS | F8: 71.9 | G8: =$F8 -> 71.9 | H8: =$F8 -> 71.9 | I8: =$F8 -> 71.9 | J8: =$F8 -> 71.9 | K8: =$F8 -> 71.9 | L8: =$F8 -> 71.9 | M8: =$F8 -> 71.9 | N8: =$F8 -> 71.9 | ... AG8: =$F8 -> 71.9 | AH8: =AJ8 -> TRAKER | AI8: TRACO2N | AJ8: TRAKER | AK8: kt/PJ | AL8: -T-*AVI*INT*,-T-NAV*
D9: FLO_EMIS | F9: 74.1 | G9: =$F9 -> 74.1 | H9: =$F9 -> 74.1 | I9: =$F9 -> 74.1 | J9: =$F9 -> 74.1 | K9: =$F9 -> 74.1 | L9: =$F9 -> 74.1 | M9: =$F9 -> 74.1 | N9: =$F9 -> 74.1 | ... AG9: =$F9 -> 74.1 | AH9: TRADST | AI9: TRACO2INT | AJ9: TRADST | AK9: kt/PJ | AL9: T-*AVI*INT*,T-NAV*
D10: FLO_EMIS | F10: 71.9 | G10: =$F10 -> 71.9 | H10: =$F10 -> 71.9 | I10: =$F10 -> 71.9 | J10: =$F10 -> 71.9 | K10: =$F10 -> 71.9 | L10: =$F10 -> 71.9 | M10: =$F10 -> 71.9 | N10: =$F10 -> 71.9 | ... AG10: =$F10 -> 71.9 | AH10: TRAKER | AI10: TRACO2INT | AJ10: TRAKER | AK10: kt/PJ | AL10: T-*AVI*INT*,T-NAV*
D11: FLO_EMIS | F11: =(7.4+11.6)/2 -> 9.5 | G11: =(7.4+11.6)/2 -> 9.5 | H11: =(7.4+11.6)/2 -> 9.5 | I11: =(7.4+11.6)/2 -> 9.5 | J11: =(7.4+11.6)/2 -> 9.5 | K11: =(7.4+11.6)/2 -> 9.5 | L11: =(7.4+11.6)/2 -> 9.5 | M11: =(7.4+11.6)/2 -> 9.5 | ... AG11: =(7.4+11.6)/2 -> 9.5 | AH11: TRABJK | AI11: TRACO2N | AJ11: TRABJK | AK11: kt/PJ | AL11: *AVI*
E13: https://www.nature.com/articles/s41558-022-01485-4
