Workbook
Name I_alku: "1.1."
Name I_loppu: "31.3."
Name II_alku: "1.4."
Name II_loppu: "30.6."
Name III_alku: "1.7."
Name III_loppu: "30.9."
Name IV_alku: "1.10."
Name IV_loppu: "31.12."

Sheet BY-Demands
C4: ~TFM_FILL
C5: Operation_Sum_Avg_Count | D5: Scenario Name | E5: TimeSlice | F5: LimType | G5: Attribute | H5: Year | I5: Cset_CN | J5: =Regions!C$3 -> IE | K5: =Regions!D$3 -> National | L5: =Regions!E$3 -> IE-CW | M5: =Regions!F$3 -> IE-D | N5: =Regions!G$3 -> IE-KE | O5: =Regions!H$3 -> IE-KK | P5: =Regions!I$3 -> IE-LS | Q5: =Regions!J$3 -> IE-LD | ... AK5: =Regions!AD$3 -> IE-MN
C6: A | D6: BASE | G6: COM_PROJ | H6: 2018 | I6: TRAPS | J6: 14.556561 | L6: 0.19075815 | M6: 3.8137078 | N6: 0.70334338 | O6: 0.32630593 | P6: 0.25725946 | Q6: 0.12926411 | R6: 0.37066642 | S6: 0.61012643 | T6: 0.25256358 | U6: 0.28627809 | V6: 0.49824919 | W6: 0.44072765 | X6: 0.38789418 | Y6: 1.6403529 | Z6: 0.50223766 | AA6: 0.59887773 | AB6: 0.54597893 | AC6: 0.36254755 | AD6: 0.81031809 | AE6: 0.10399822 | AF6: 0.43396473 | AG6: 0.2270113 | AH6: 0.20014422 | AI6: 0.22324074 | AJ6: 0.43304853 | AK6: 0.20769619
C7: A | D7: BASE | G7: COM_PROJ | H7: 2018 | I7: TRAPM | J7: 31.276119 | L7: 0.43519149 | M7: 7.6211536 | N7: 1.5519094 | O7: 0.73703192 | P7: 0.55451714 | Q7: 0.28568437 | R7: 0.76950577 | S7: 1.33595 | T7: 0.5661632 | U7: 0.63911186 | V7: 1.1334816 | W7: 0.96185938 | X7: 0.87235861 | Y7: 3.5254749 | Z7: 1.153887 | AA7: 1.2995737 | AB7: 1.2604325 | AC7: 0.79517788 | AD7: 1.7803554 | AE7: 0.23333731 | AF7: 0.98601598 | AG7: 0.5309014 | AH7: 0.43310683 | AI7: 0.47060177 | AJ7: 0.8666893 | AK7: 0.47664625
C8: A | D8: BASE | G8: COM_PROJ | H8: 2018 | I8: TRAPL | J8: 27.131578 | L8: 0.37389749 | M8: 6.6607449 | N8: 1.3457958 | O8: 0.64805463 | P8: 0.48149947 | Q8: 0.24792998 | R8: 0.67368746 | S8: 1.1456149 | T8: 0.49378011 | U8: 0.54722173 | V8: 0.97262647 | W8: 0.83286416 | X8: 0.74674766 | Y8: 3.0449423 | Z8: 1.0126394 | AA8: 1.1217785 | AB8: 1.0852428 | AC8: 0.68342924 | AD8: 1.5527405 | AE8: 0.20031586 | AF8: 0.86102306 | AG8: 0.4513161 | AH8: 0.37617526 | AI8: 0.40231788 | AJ8: 0.7410989 | AK8: 0.42809299
C9: A | D9: BASE | G9: COM_PROJ | H9: 2018 | I9: TRAF | J9: 10.702591 | L9: 0.177941 | M9: 2.6576908 | N9: 0.48228404 | O9: 0.31014967 | P9: 0.22090468 | Q9: 0.10660398 | R9: 0.27935991 | S9: 0.43225128 | T9: 0.20333601 | U9: 0.23152778 | V9: 0.46795619 | W9: 0.30871043 | X9: 0.30378727 | Y9: 1.6254277 | Z9: 0.44225677 | AA9: 0.49831114 | AB9: 0.40793969 | AC9: 0.37892083 | AD9: 0.60506097 | AE9: 0.08069347 | AF9: 0.3407838 | AG9: 0.15133441 | AH9: 0.16503079 | AI9: 0.19182704 | AJ9: 0.40087863 | AK9: 0.15458274
C10: A | D10: BASE | G10: COM_PROJ | H10: 2018 | I10: TTURS | J10: 7.7105748 | L10: 0.092186243 | M10: 2.1816898 | N10: 0.36028609 | O10: 0.16067985 | P10: 0.13714428 | Q10: 0.066182961 | R10: 0.20869339 | S10: 0.31582192 | T10: 0.12623712 | U10: 0.14373942 | V10: 0.24243499 | W10: 0.23061944 | X10: 0.19239255 | Y10: 0.87903045 | Z10: 0.23917223 | AA10: 0.31558713 | AB10: 0.25835368 | AC10: 0.18811616 | AD10: 0.41785635 | AE10: 0.051886742 | AF10: 0.2113214 | AG10: 0.10451185 | AH10: 0.10611652 | AI10: 0.12334679 | AJ10: 0.25776914 | AK10: 0.099398313
C11: A | D11: BASE | G11: COM_PROJ | H11: 2018 | I11: TNAV | J11: 3.5132998 | L11: 0.04200438 | M11: 0.99408029 | N11: 0.16416326 | O11: 0.073213282 | P11: 0.062489372 | Q11: 0.030156063 | R11: 0.095090502 | S11: 0.14390329 | T11: 0.057519557 | U11: 0.065494428 | V11: 0.11046476 | W11: 0.10508104 | X11: 0.087663078 | Y11: 0.40052753 | Z11: 0.10897809 | AA11: 0.14379631 | AB11: 0.11771806 | AC11: 0.085714551 | AD11: 0.19039497 | AE11: 0.023642035 | AF11: 0.09628795 | AG11: 0.047620506 | AH11: 0.048351665 | AI11: 0.056202586 | AJ11: 0.11745172 | AK11: 0.045290537
C12: A | D12: BASE | G12: COM_PROJ | H12: 2018 | I12: TOTH | J12: 20.831455 | L12: 0.24905712 | M12: 5.8942134 | N12: 0.97337536 | O12: 0.43410448 | P12: 0.37051906 | Q12: 0.17880474 | R12: 0.56382137 | S12: 0.85324769 | T12: 0.34105147 | U12: 0.38833698 | V12: 0.65498016 | W12: 0.6230584 | X12: 0.51978185 | Y12: 2.3748532 | Z12: 0.64616525 | AA12: 0.85261336 | AB12: 0.69798726 | AC12: 0.50822842 | AD12: 1.1289114 | AE12: 0.14018103 | AF12: 0.57092141 | AG12: 0.2823569 | AH12: 0.28669217 | AI12: 0.33324273 | AJ12: 0.69640802 | AK12: 0.26854178
C13: A | D13: BASE | G13: COM_PROJ | H13: 2018 | I13: TAVIDOM | J13: 0.2334932 | L13: 0 | M13: 0.13599128 | N13: 0 | O13: 0 | P13: 0 | Q13: 0 | R13: 0 | S13: 0 | T13: 0 | U13: 0 | V13: 0 | W13: 0 | X13: 0.047489541 | Y13: 0.00047056268 | Z13: 0.047235779 | AA13: 0 | AB13: 0 | AC13: 0 | AD13: 0 | AE13: 0 | AF13: 9.4112535e-05 | AG13: 0 | AH13: 0 | AI13: 0 | AJ13: 0 | AK13: 0
C14: A | D14: BASE | G14: COM_PROJ | H14: 2018 | I14: TAVIINT | J14: 45.968364 | L14: 0 | M14: 40.440163 | N14: 0 | O14: 0 | P14: 0 | Q14: 0 | R14: 0 | S14: 0 | T14: 0 | U14: 0 | V14: 0 | W14: 0 | X14: 2.3945076 | Y14: 2.214007 | Z14: 0.24127325 | AA14: 0 | AB14: 0 | AC14: 0 | AD14: 0 | AE14: 0 | AF14: 0.68881549 | AG14: 0 | AH14: 0 | AI14: 0 | AJ14: 0 | AK14: 0
C15: A | D15: BASE | G15: COM_PROJ | H15: 2018 | I15: RSDRF | J15: 1.1544546 | K15: 1.1544546
C16: A | D16: BASE | G16: COM_PROJ | H16: 2018 | I16: RSDCK | J16: 2.0006898 | K16: 2.0006898
C17: A | D17: BASE | G17: COM_PROJ | H17: 2018 | I17: RSDCW | J17: 0.788768 | K17: 0.788768
C18: A | D18: BASE | G18: COM_PROJ | H18: 2018 | I18: RSDCD | J18: 1.0516932 | K18: 1.0516932
C19: A | D19: BASE | G19: COM_PROJ | H19: 2018 | I19: RSDDW | J19: 0.84878652 | K19: 0.84878652
C20: A | D20: BASE | G20: COM_PROJ | H20: 2018 | I20: RSDOE | J20: 9.2169271 | K20: 9.2169271
C21: A | D21: BASE | G21: COM_PROJ | H21: 2018 | I21: RSDOA | J21: 0 | K21: 0
C22: A | D22: BASE | G22: COM_PROJ | H22: 2018 | I22: RSD_Apt | J22: 211.81988 | K22: 211.81988
C23: A | D23: BASE | G23: COM_PROJ | H23: 2018 | I23: RSD_Att | J23: 788.06472 | K23: 788.06472
C24: A | D24: BASE | G24: COM_PROJ | H24: 2018 | I24: RSD_Det | J24: 735.40673 | K24: 735.40673
C25: A | D25: BASE | G25: COM_PROJ | H25: 2018 | I25: INEM
C26: A | D26: BASE | G26: COM_PROJ | H26: 2018 | I26: IFAB
C27: A | D27: BASE | G27: COM_PROJ | H27: 2018 | I27: ITAP
C28: A | D28: BASE | G28: COM_PROJ | H28: 2018 | I28: IWAP | J28: 5 | K28: 5
C29: A | D29: BASE | G29: COM_PROJ | H29: 2018 | I29: IPX4
C30: A | D30: BASE | G30: COM_PROJ | H30: 2018 | I30: ICAF | J30: 5.7 | K30: 5.7
C31: A | D31: BASE | G31: COM_PROJ | H31: 2018 | I31: IRAP
C32: A | D32: BASE | G32: COM_PROJ | H32: 2018 | I32: IONM | J32: 2.4 | K32: 2.4
C33: A | D33: BASE | G33: COM_PROJ | H33: 2018 | I33: IMAP | J33: 16.5 | K33: 16.5
C34: A | D34: BASE | G34: COM_PROJ | H34: 2018 | I34: IMAE
C35: A | D35: BASE | G35: COM_PROJ | H35: 2018 | I35: IEOE
C36: A | D36: BASE | G36: COM_PROJ | H36: 2018 | I36: ITEM
C37: A | D37: BASE | G37: COM_PROJ | H37: 2018 | I37: IOMA | J37: 3.8 | K37: 3.8
C38: A | D38: BASE | G38: COM_PROJ | H38: 2018 | I38: ICON
C39: A | D39: BASE | G39: COM_PROJ | H39: 2018 | I39: SRV-CS | J39: 28.901665 | K39: 28.901665
C40: A | D40: BASE | G40: COM_PROJ | H40: 2018 | I40: SRV-PU | J40: 58.151542 | K40: 58.151542
C41: A | D41: BASE | G41: COM_PROJ | H41: 2018 | I41: SRVDCE-CS | J41: 5.629176 | K41: 5.629176
C42: A | D42: BASE | G42: COM_PROJ | H42: 2018 | I42: SRVPLIG-PU | J42: 0.48 | K42: 0.48

Sheet REG_TRA_DEMANDS
B2: ~TFM_DINS
B3: TimeSlice | C3: LimType | D3: Attribute | E3: Cset_CN | F3: Year | G3: =Regions!E$3 -> IE-CW | H3: =Regions!F$3 -> IE-D | I3: =Regions!G$3 -> IE-KE | J3: =Regions!H$3 -> IE-KK | K3: =Regions!I$3 -> IE-LS | L3: =Regions!J$3 -> IE-LD | M3: =Regions!K$3 -> IE-LH | N3: =Regions!L$3 -> IE-MH | ... AF3: =Regions!AD$3 -> IE-MN
D4: COM_PROJ | E4: =DEMANDS!$F$17 -> TRAPS | F4: 2019 | G4: =HLOOKUP(REG_TRA_DEMANDS!G$3,'BY-Demands'!$J$5:$AK$14,MATCH($E4,'BY-Demands'!$I$5:$I$14,0),FALSE)*HLOOKUP(REG_TRA_DEMANDS!$F4,DEMANDS!$H$2:$CO$25,MATCH($E4,DEMANDS!$F$2:$F$25,0),FALSE)/HLOOKUP(2018,DEMANDS!$H$2:$CO$25,MATCH($E4,DEMANDS!$F$2:$F$25,0),FALSE) -> 0.1949495 | H4: =HLOOKUP(REG_TRA_DEMANDS!H$3,'BY-Demands'!$J$5:$AK$14,MATCH($E4,'BY-Demands'!$I$5:$I$14,0),FALSE)*HLOOKUP(REG_TRA_DEMANDS!$F4,DEMANDS!$H$2:$CO$25,MATCH($E4,DEMANDS!$F$2:$F$25,0),FALSE)/HLOOKUP(2018,DEMANDS!$H$2:$CO$25,MATCH($E4,DEMANDS!$F$2:$F$25,0),FALSE) -> 3.8975027 | I4: =HLOOKUP(REG_TRA_DEMANDS!I$3,'BY-Demands'!$J$5:$AK$14,MATCH($E4,'BY-Demands'!$I$5:$I$14,0),FALSE)*HLOOKUP(REG_TRA_DEMANDS!$F4,DEMANDS!$H$2:$CO$25,MATCH($E4,DEMANDS!$F$2:$F$25,0),FALSE)/HLOOKUP(2018,DEMANDS!$H$2:$CO$25,MATCH($E4,DEMANDS!$F$2:$F$25,0),FALSE) -> 0.71879727 | J4: =HLOOKUP(REG_TRA_DEMANDS!J$3,'BY-Demands'!$J$5:$AK$14,MATCH($E4,'BY-Demands'!$I$5:$I$14,0),FALSE)*HLOOKUP(REG_TRA_DEMANDS!$F4,DEMANDS!$H$2:$CO$25,MATCH($E4,DEMANDS!$F$2:$F$25,0),FALSE)/HLOOKUP(2018,DEMANDS!$H$2:$CO$25,MATCH($E4,DEMANDS!$F$2:$F$25,0),FALSE) -> 0.33347554 | K4: =HLOOKUP(REG_TRA_DEMANDS!K$3,'BY-Demands'!$J$5:$AK$14,MATCH($E4,'BY-Demands'!$I$5:$I$14,0),FALSE)*HLOOKUP(REG_TRA_DEMANDS!$F4,DEMANDS!$H$2:$CO$25,MATCH($E4,DEMANDS!$F$2:$F$25,0),FALSE)/HLOOKUP(2018,DEMANDS!$H$2:$CO$25,MATCH($E4,DEMANDS!$F$2:$F$25,0),FALSE) -> 0.26291198 | L4: =HLOOKUP(REG_TRA_DEMANDS!L$3,'BY-Demands'!$J$5:$AK$14,MATCH($E4,'BY-Demands'!$I$5:$I$14,0),FALSE)*HLOOKUP(REG_TRA_DEMANDS!$F4,DEMANDS!$H$2:$CO$25,MATCH($E4,DEMANDS!$F$2:$F$25,0),FALSE)/HLOOKUP(2018,DEMANDS!$H$2:$CO$25,MATCH($E4,DEMANDS!$F$2:$F$25,0),FALSE) -> 0.1321043 | M4: =HLOOKUP(REG_TRA_DEMANDS!M$3,'BY-Demands'!$J$5:$AK$14,MATCH($E4,'BY-Demands'!$I$5:$I$14,0),FALSE)*HLOOKUP(REG_TRA_DEMANDS!$F4,DEMANDS!$H$2:$CO$25,MATCH($E4,DEMANDS!$F$2:$F$25,0),FALSE)/HLOOKUP(2018,DEMANDS!$H$2:$CO$25,MATCH($E4,DEMANDS!$F$2:$F$25,0),FALSE) -> 0.37881072 | N4: =HLOOKUP(REG_TRA_DEMANDS!N$3,'BY-Demands'!$J$5:$AK$14,MATCH($E4,'BY-Demands'!$I$5:$I$14,0),FALSE)*HLOOKUP(REG_TRA_DEMANDS!$F4,DEMANDS!$H$2:$CO$25,MATCH($E4,DEMANDS!$F$2:$F$25,0),FALSE)/HLOOKUP(2018,DEMANDS!$H$2:$CO$25,MATCH($E4,DEMANDS!$F$2:$F$25,0),FALSE) -> 0.62353214 | ... AF4: =HLOOKUP(REG_TRA_DEMANDS!AF$3,'BY-Demands'!$J$5:$AK$14,MATCH($E4,'BY-Demands'!$I$5:$I$14,0),FALSE)*HLOOKUP(REG_TRA_DEMANDS!$F4,DEMANDS!$H$2:$CO$25,MATCH($E4,DEMANDS!$F$2:$F$25,0),FALSE)/HLOOKUP(2018,DEMANDS!$H$2:$CO$25,MATCH($E4,DEMANDS!$F$2:$F$25,0),FALSE) -> 0.2122597
D5: COM_PROJ | E5: =DEMANDS!$F$17 -> TRAPS | F5: 2020 | G5: =HLOOKUP(REG_TRA_DEMANDS!G$3,'BY-Demands'!$J$5:$AK$14,MATCH($E5,'BY-Demands'!$I$5:$I$14,0),FALSE)*HLOOKUP(REG_TRA_DEMANDS!$F5,DEMANDS!$H$2:$CO$25,MATCH($E5,DEMANDS!$F$2:$F$25,0),FALSE)/HLOOKUP(2018,DEMANDS!$H$2:$CO$25,MATCH($E5,DEMANDS!$F$2:$F$25,0),FALSE) -> 0.1410226 | H5: =HLOOKUP(REG_TRA_DEMANDS!H$3,'BY-Demands'!$J$5:$AK$14,MATCH($E5,'BY-Demands'!$I$5:$I$14,0),FALSE)*HLOOKUP(REG_TRA_DEMANDS!$F5,DEMANDS!$H$2:$CO$25,MATCH($E5,DEMANDS!$F$2:$F$25,0),FALSE)/HLOOKUP(2018,DEMANDS!$H$2:$CO$25,MATCH($E5,DEMANDS!$F$2:$F$25,0),FALSE) -> 2.8193762 | I5: =HLOOKUP(REG_TRA_DEMANDS!I$3,'BY-Demands'!$J$5:$AK$14,MATCH($E5,'BY-Demands'!$I$5:$I$14,0),FALSE)*HLOOKUP(REG_TRA_DEMANDS!$F5,DEMANDS!$H$2:$CO$25,MATCH($E5,DEMANDS!$F$2:$F$25,0),FALSE)/HLOOKUP(2018,DEMANDS!$H$2:$CO$25,MATCH($E5,DEMANDS!$F$2:$F$25,0),FALSE) -> 0.5199637 | J5: =HLOOKUP(REG_TRA_DEMANDS!J$3,'BY-Demands'!$J$5:$AK$14,MATCH($E5,'BY-Demands'!$I$5:$I$14,0),FALSE)*HLOOKUP(REG_TRA_DEMANDS!$F5,DEMANDS!$H$2:$CO$25,MATCH($E5,DEMANDS!$F$2:$F$25,0),FALSE)/HLOOKUP(2018,DEMANDS!$H$2:$CO$25,MATCH($E5,DEMANDS!$F$2:$F$25,0),FALSE) -> 0.2412296 | K5: =HLOOKUP(REG_TRA_DEMANDS!K$3,'BY-Demands'!$J$5:$AK$14,MATCH($E5,'BY-Demands'!$I$5:$I$14,0),FALSE)*HLOOKUP(REG_TRA_DEMANDS!$F5,DEMANDS!$H$2:$CO$25,MATCH($E5,DEMANDS!$F$2:$F$25,0),FALSE)/HLOOKUP(2018,DEMANDS!$H$2:$CO$25,MATCH($E5,DEMANDS!$F$2:$F$25,0),FALSE) -> 0.19018531 | L5: =HLOOKUP(REG_TRA_DEMANDS!L$3,'BY-Demands'!$J$5:$AK$14,MATCH($E5,'BY-Demands'!$I$5:$I$14,0),FALSE)*HLOOKUP(REG_TRA_DEMANDS!$F5,DEMANDS!$H$2:$CO$25,MATCH($E5,DEMANDS!$F$2:$F$25,0),FALSE)/HLOOKUP(2018,DEMANDS!$H$2:$CO$25,MATCH($E5,DEMANDS!$F$2:$F$25,0),FALSE) -> 0.095561634 | M5: =HLOOKUP(REG_TRA_DEMANDS!M$3,'BY-Demands'!$J$5:$AK$14,MATCH($E5,'BY-Demands'!$I$5:$I$14,0),FALSE)*HLOOKUP(REG_TRA_DEMANDS!$F5,DEMANDS!$H$2:$CO$25,MATCH($E5,DEMANDS!$F$2:$F$25,0),FALSE)/HLOOKUP(2018,DEMANDS!$H$2:$CO$25,MATCH($E5,DEMANDS!$F$2:$F$25,0),FALSE) -> 0.27402417 | N5: =HLOOKUP(REG_TRA_DEMANDS!N$3,'BY-Demands'!$J$5:$AK$14,MATCH($E5,'BY-Demands'!$I$5:$I$14,0),FALSE)*HLOOKUP(REG_TRA_DEMANDS!$F5,DEMANDS!$H$2:$CO$25,MATCH($E5,DEMANDS!$F$2:$F$25,0),FALSE)/HLOOKUP(2018,DEMANDS!$H$2:$CO$25,MATCH($E5,DEMANDS!$F$2:$F$25,0),FALSE) -> 0.4510508 | ... AF5: =HLOOKUP(REG_TRA_DEMANDS!AF$3,'BY-Demands'!$J$5:$AK$14,MATCH($E5,'BY-Demands'!$I$5:$I$14,0),FALSE)*HLOOKUP(REG_TRA_DEMANDS!$F5,DEMANDS!$H$2:$CO$25,MATCH($E5,DEMANDS!$F$2:$F$25,0),FALSE)/HLOOKUP(2018,DEMANDS!$H$2:$CO$25,MATCH($E5,DEMANDS!$F$2:$F$25,0),FALSE) -> 0.15354446
D6: COM_PROJ | E6: =DEMANDS!$F$17 -> TRAPS | F6: 2030 | G6: =HLOOKUP(REG_TRA_DEMANDS!G$3,'BY-Demands'!$J$5:$AK$14,MATCH($E6,'BY-Demands'!$I$5:$I$14,0),FALSE)*HLOOKUP(REG_TRA_DEMANDS!$F6,DEMANDS!$H$2:$CO$25,MATCH($E6,DEMANDS!$F$2:$F$25,0),FALSE)/HLOOKUP(2018,DEMANDS!$H$2:$CO$25,MATCH($E6,DEMANDS!$F$2:$F$25,0),FALSE) -> 0.22013337 | H6: =HLOOKUP(REG_TRA_DEMANDS!H$3,'BY-Demands'!$J$5:$AK$14,MATCH($E6,'BY-Demands'!$I$5:$I$14,0),FALSE)*HLOOKUP(REG_TRA_DEMANDS!$F6,DEMANDS!$H$2:$CO$25,MATCH($E6,DEMANDS!$F$2:$F$25,0),FALSE)/HLOOKUP(2018,DEMANDS!$H$2:$CO$25,MATCH($E6,DEMANDS!$F$2:$F$25,0),FALSE) -> 4.4009881 | I6: =HLOOKUP(REG_TRA_DEMANDS!I$3,'BY-Demands'!$J$5:$AK$14,MATCH($E6,'BY-Demands'!$I$5:$I$14,0),FALSE)*HLOOKUP(REG_TRA_DEMANDS!$F6,DEMANDS!$H$2:$CO$25,MATCH($E6,DEMANDS!$F$2:$F$25,0),FALSE)/HLOOKUP(2018,DEMANDS!$H$2:$CO$25,MATCH($E6,DEMANDS!$F$2:$F$25,0),FALSE) -> 0.8116526 | J6: =HLOOKUP(REG_TRA_DEMANDS!J$3,'BY-Demands'!$J$5:$AK$14,MATCH($E6,'BY-Demands'!$I$5:$I$14,0),FALSE)*HLOOKUP(REG_TRA_DEMANDS!$F6,DEMANDS!$H$2:$CO$25,MATCH($E6,DEMANDS!$F$2:$F$25,0),FALSE)/HLOOKUP(2018,DEMANDS!$H$2:$CO$25,MATCH($E6,DEMANDS!$F$2:$F$25,0),FALSE) -> 0.37655442 | K6: =HLOOKUP(REG_TRA_DEMANDS!K$3,'BY-Demands'!$J$5:$AK$14,MATCH($E6,'BY-Demands'!$I$5:$I$14,0),FALSE)*HLOOKUP(REG_TRA_DEMANDS!$F6,DEMANDS!$H$2:$CO$25,MATCH($E6,DEMANDS!$F$2:$F$25,0),FALSE)/HLOOKUP(2018,DEMANDS!$H$2:$CO$25,MATCH($E6,DEMANDS!$F$2:$F$25,0),FALSE) -> 0.29687535 | L6: =HLOOKUP(REG_TRA_DEMANDS!L$3,'BY-Demands'!$J$5:$AK$14,MATCH($E6,'BY-Demands'!$I$5:$I$14,0),FALSE)*HLOOKUP(REG_TRA_DEMANDS!$F6,DEMANDS!$H$2:$CO$25,MATCH($E6,DEMANDS!$F$2:$F$25,0),FALSE)/HLOOKUP(2018,DEMANDS!$H$2:$CO$25,MATCH($E6,DEMANDS!$F$2:$F$25,0),FALSE) -> 0.14916974 | M6: =HLOOKUP(REG_TRA_DEMANDS!M$3,'BY-Demands'!$J$5:$AK$14,MATCH($E6,'BY-Demands'!$I$5:$I$14,0),FALSE)*HLOOKUP(REG_TRA_DEMANDS!$F6,DEMANDS!$H$2:$CO$25,MATCH($E6,DEMANDS!$F$2:$F$25,0),FALSE)/HLOOKUP(2018,DEMANDS!$H$2:$CO$25,MATCH($E6,DEMANDS!$F$2:$F$25,0),FALSE) -> 0.42774607 | N6: =HLOOKUP(REG_TRA_DEMANDS!N$3,'BY-Demands'!$J$5:$AK$14,MATCH($E6,'BY-Demands'!$I$5:$I$14,0),FALSE)*HLOOKUP(REG_TRA_DEMANDS!$F6,DEMANDS!$H$2:$CO$25,MATCH($E6,DEMANDS!$F$2:$F$25,0),FALSE)/HLOOKUP(2018,DEMANDS!$H$2:$CO$25,MATCH($E6,DEMANDS!$F$2:$F$25,0),FALSE) -> 0.70408098 | ... AF6: =HLOOKUP(REG_TRA_DEMANDS!AF$3,'BY-Demands'!$J$5:$AK$14,MATCH($E6,'BY-Demands'!$I$5:$I$14,0),FALSE)*HLOOKUP(REG_TRA_DEMANDS!$F6,DEMANDS!$H$2:$CO$25,MATCH($E6,DEMANDS!$F$2:$F$25,0),FALSE)/HLOOKUP(2018,DEMANDS!$H$2:$CO$25,MATCH($E6,DEMANDS!$F$2:$F$25,0),FALSE) -> 0.23967973
D7: COM_PROJ | E7: =DEMANDS!$F$17 -> TRAPS | F7: 2050 | G7: =HLOOKUP(REG_TRA_DEMANDS!G$3,'BY-Demands'!$J$5:$AK$14,MATCH($E7,'BY-Demands'!$I$5:$I$14,0),FALSE)*HLOOKUP(REG_TRA_DEMANDS!$F7,DEMANDS!$H$2:$CO$25,MATCH($E7,DEMANDS!$F$2:$F$25,0),FALSE)/HLOOKUP(2018,DEMANDS!$H$2:$CO$25,MATCH($E7,DEMANDS!$F$2:$F$25,0),FALSE) -> 0.24309913 | H7: =HLOOKUP(REG_TRA_DEMANDS!H$3,'BY-Demands'!$J$5:$AK$14,MATCH($E7,'BY-Demands'!$I$5:$I$14,0),FALSE)*HLOOKUP(REG_TRA_DEMANDS!$F7,DEMANDS!$H$2:$CO$25,MATCH($E7,DEMANDS!$F$2:$F$25,0),FALSE)/HLOOKUP(2018,DEMANDS!$H$2:$CO$25,MATCH($E7,DEMANDS!$F$2:$F$25,0),FALSE) -> 4.8601281 | I7: =HLOOKUP(REG_TRA_DEMANDS!I$3,'BY-Demands'!$J$5:$AK$14,MATCH($E7,'BY-Demands'!$I$5:$I$14,0),FALSE)*HLOOKUP(REG_TRA_DEMANDS!$F7,DEMANDS!$H$2:$CO$25,MATCH($E7,DEMANDS!$F$2:$F$25,0),FALSE)/HLOOKUP(2018,DEMANDS!$H$2:$CO$25,MATCH($E7,DEMANDS!$F$2:$F$25,0),FALSE) -> 0.89632953 | J7: =HLOOKUP(REG_TRA_DEMANDS!J$3,'BY-Demands'!$J$5:$AK$14,MATCH($E7,'BY-Demands'!$I$5:$I$14,0),FALSE)*HLOOKUP(REG_TRA_DEMANDS!$F7,DEMANDS!$H$2:$CO$25,MATCH($E7,DEMANDS!$F$2:$F$25,0),FALSE)/HLOOKUP(2018,DEMANDS!$H$2:$CO$25,MATCH($E7,DEMANDS!$F$2:$F$25,0),FALSE) -> 0.41583905 | K7: =HLOOKUP(REG_TRA_DEMANDS!K$3,'BY-Demands'!$J$5:$AK$14,MATCH($E7,'BY-Demands'!$I$5:$I$14,0),FALSE)*HLOOKUP(REG_TRA_DEMANDS!$F7,DEMANDS!$H$2:$CO$25,MATCH($E7,DEMANDS!$F$2:$F$25,0),FALSE)/HLOOKUP(2018,DEMANDS!$H$2:$CO$25,MATCH($E7,DEMANDS!$F$2:$F$25,0),FALSE) -> 0.32784734 | L7: =HLOOKUP(REG_TRA_DEMANDS!L$3,'BY-Demands'!$J$5:$AK$14,MATCH($E7,'BY-Demands'!$I$5:$I$14,0),FALSE)*HLOOKUP(REG_TRA_DEMANDS!$F7,DEMANDS!$H$2:$CO$25,MATCH($E7,DEMANDS!$F$2:$F$25,0),FALSE)/HLOOKUP(2018,DEMANDS!$H$2:$CO$25,MATCH($E7,DEMANDS!$F$2:$F$25,0),FALSE) -> 0.16473211 | M7: =HLOOKUP(REG_TRA_DEMANDS!M$3,'BY-Demands'!$J$5:$AK$14,MATCH($E7,'BY-Demands'!$I$5:$I$14,0),FALSE)*HLOOKUP(REG_TRA_DEMANDS!$F7,DEMANDS!$H$2:$CO$25,MATCH($E7,DEMANDS!$F$2:$F$25,0),FALSE)/HLOOKUP(2018,DEMANDS!$H$2:$CO$25,MATCH($E7,DEMANDS!$F$2:$F$25,0),FALSE) -> 0.47237135 | N7: =HLOOKUP(REG_TRA_DEMANDS!N$3,'BY-Demands'!$J$5:$AK$14,MATCH($E7,'BY-Demands'!$I$5:$I$14,0),FALSE)*HLOOKUP(REG_TRA_DEMANDS!$F7,DEMANDS!$H$2:$CO$25,MATCH($E7,DEMANDS!$F$2:$F$25,0),FALSE)/HLOOKUP(2018,DEMANDS!$H$2:$CO$25,MATCH($E7,DEMANDS!$F$2:$F$25,0),FALSE) -> 0.77753534 | ... AF7: =HLOOKUP(REG_TRA_DEMANDS!AF$3,'BY-Demands'!$J$5:$AK$14,MATCH($E7,'BY-Demands'!$I$5:$I$14,0),FALSE)*HLOOKUP(REG_TRA_DEMANDS!$F7,DEMANDS!$H$2:$CO$25,MATCH($E7,DEMANDS!$F$2:$F$25,0),FALSE)/HLOOKUP(2018,DEMANDS!$H$2:$CO$25,MATCH($E7,DEMANDS!$F$2:$F$25,0),FALSE) -> 0.26468469
D8: COM_PROJ | E8: =DEMANDS!$F$18 -> TRAPM | F8: 2019 | G8: =HLOOKUP(REG_TRA_DEMANDS!G$3,'BY-Demands'!$J$5:$AK$14,MATCH($E8,'BY-Demands'!$I$5:$I$14,0),FALSE)*HLOOKUP(REG_TRA_DEMANDS!$F8,DEMANDS!$H$2:$CO$25,MATCH($E8,DEMANDS!$F$2:$F$25,0),FALSE)/HLOOKUP(2018,DEMANDS!$H$2:$CO$25,MATCH($E8,DEMANDS!$F$2:$F$25,0),FALSE) -> 0.44504488 | H8: =HLOOKUP(REG_TRA_DEMANDS!H$3,'BY-Demands'!$J$5:$AK$14,MATCH($E8,'BY-Demands'!$I$5:$I$14,0),FALSE)*HLOOKUP(REG_TRA_DEMANDS!$F8,DEMANDS!$H$2:$CO$25,MATCH($E8,DEMANDS!$F$2:$F$25,0),FALSE)/HLOOKUP(2018,DEMANDS!$H$2:$CO$25,MATCH($E8,DEMANDS!$F$2:$F$25,0),FALSE) -> 7.7937079 | I8: =HLOOKUP(REG_TRA_DEMANDS!I$3,'BY-Demands'!$J$5:$AK$14,MATCH($E8,'BY-Demands'!$I$5:$I$14,0),FALSE)*HLOOKUP(REG_TRA_DEMANDS!$F8,DEMANDS!$H$2:$CO$25,MATCH($E8,DEMANDS!$F$2:$F$25,0),FALSE)/HLOOKUP(2018,DEMANDS!$H$2:$CO$25,MATCH($E8,DEMANDS!$F$2:$F$25,0),FALSE) -> 1.5870469 | J8: =HLOOKUP(REG_TRA_DEMANDS!J$3,'BY-Demands'!$J$5:$AK$14,MATCH($E8,'BY-Demands'!$I$5:$I$14,0),FALSE)*HLOOKUP(REG_TRA_DEMANDS!$F8,DEMANDS!$H$2:$CO$25,MATCH($E8,DEMANDS!$F$2:$F$25,0),FALSE)/HLOOKUP(2018,DEMANDS!$H$2:$CO$25,MATCH($E8,DEMANDS!$F$2:$F$25,0),FALSE) -> 0.75371942 | K8: =HLOOKUP(REG_TRA_DEMANDS!K$3,'BY-Demands'!$J$5:$AK$14,MATCH($E8,'BY-Demands'!$I$5:$I$14,0),FALSE)*HLOOKUP(REG_TRA_DEMANDS!$F8,DEMANDS!$H$2:$CO$25,MATCH($E8,DEMANDS!$F$2:$F$25,0),FALSE)/HLOOKUP(2018,DEMANDS!$H$2:$CO$25,MATCH($E8,DEMANDS!$F$2:$F$25,0),FALSE) -> 0.56707223 | L8: =HLOOKUP(REG_TRA_DEMANDS!L$3,'BY-Demands'!$J$5:$AK$14,MATCH($E8,'BY-Demands'!$I$5:$I$14,0),FALSE)*HLOOKUP(REG_TRA_DEMANDS!$F8,DEMANDS!$H$2:$CO$25,MATCH($E8,DEMANDS!$F$2:$F$25,0),FALSE)/HLOOKUP(2018,DEMANDS!$H$2:$CO$25,MATCH($E8,DEMANDS!$F$2:$F$25,0),FALSE) -> 0.29215269 | M8: =HLOOKUP(REG_TRA_DEMANDS!M$3,'BY-Demands'!$J$5:$AK$14,MATCH($E8,'BY-Demands'!$I$5:$I$14,0),FALSE)*HLOOKUP(REG_TRA_DEMANDS!$F8,DEMANDS!$H$2:$CO$25,MATCH($E8,DEMANDS!$F$2:$F$25,0),FALSE)/HLOOKUP(2018,DEMANDS!$H$2:$CO$25,MATCH($E8,DEMANDS!$F$2:$F$25,0),FALSE) -> 0.78692853 | N8: =HLOOKUP(REG_TRA_DEMANDS!N$3,'BY-Demands'!$J$5:$AK$14,MATCH($E8,'BY-Demands'!$I$5:$I$14,0),FALSE)*HLOOKUP(REG_TRA_DEMANDS!$F8,DEMANDS!$H$2:$CO$25,MATCH($E8,DEMANDS!$F$2:$F$25,0),FALSE)/HLOOKUP(2018,DEMANDS!$H$2:$CO$25,MATCH($E8,DEMANDS!$F$2:$F$25,0),FALSE) -> 1.3661979 | ... AF8: =HLOOKUP(REG_TRA_DEMANDS!AF$3,'BY-Demands'!$J$5:$AK$14,MATCH($E8,'BY-Demands'!$I$5:$I$14,0),FALSE)*HLOOKUP(REG_TRA_DEMANDS!$F8,DEMANDS!$H$2:$CO$25,MATCH($E8,DEMANDS!$F$2:$F$25,0),FALSE)/HLOOKUP(2018,DEMANDS!$H$2:$CO$25,MATCH($E8,DEMANDS!$F$2:$F$25,0),FALSE) -> 0.48743823
D9: COM_PROJ | E9: =DEMANDS!$F$18 -> TRAPM | F9: 2020 | G9: =HLOOKUP(REG_TRA_DEMANDS!G$3,'BY-Demands'!$J$5:$AK$14,MATCH($E9,'BY-Demands'!$I$5:$I$14,0),FALSE)*HLOOKUP(REG_TRA_DEMANDS!$F9,DEMANDS!$H$2:$CO$25,MATCH($E9,DEMANDS!$F$2:$F$25,0),FALSE)/HLOOKUP(2018,DEMANDS!$H$2:$CO$25,MATCH($E9,DEMANDS!$F$2:$F$25,0),FALSE) -> 0.32193664 | H9: =HLOOKUP(REG_TRA_DEMANDS!H$3,'BY-Demands'!$J$5:$AK$14,MATCH($E9,'BY-Demands'!$I$5:$I$14,0),FALSE)*HLOOKUP(REG_TRA_DEMANDS!$F9,DEMANDS!$H$2:$CO$25,MATCH($E9,DEMANDS!$F$2:$F$25,0),FALSE)/HLOOKUP(2018,DEMANDS!$H$2:$CO$25,MATCH($E9,DEMANDS!$F$2:$F$25,0),FALSE) -> 5.6378139 | I9: =HLOOKUP(REG_TRA_DEMANDS!I$3,'BY-Demands'!$J$5:$AK$14,MATCH($E9,'BY-Demands'!$I$5:$I$14,0),FALSE)*HLOOKUP(REG_TRA_DEMANDS!$F9,DEMANDS!$H$2:$CO$25,MATCH($E9,DEMANDS!$F$2:$F$25,0),FALSE)/HLOOKUP(2018,DEMANDS!$H$2:$CO$25,MATCH($E9,DEMANDS!$F$2:$F$25,0),FALSE) -> 1.1480383 | J9: =HLOOKUP(REG_TRA_DEMANDS!J$3,'BY-Demands'!$J$5:$AK$14,MATCH($E9,'BY-Demands'!$I$5:$I$14,0),FALSE)*HLOOKUP(REG_TRA_DEMANDS!$F9,DEMANDS!$H$2:$CO$25,MATCH($E9,DEMANDS!$F$2:$F$25,0),FALSE)/HLOOKUP(2018,DEMANDS!$H$2:$CO$25,MATCH($E9,DEMANDS!$F$2:$F$25,0),FALSE) -> 0.54522569 | K9: =HLOOKUP(REG_TRA_DEMANDS!K$3,'BY-Demands'!$J$5:$AK$14,MATCH($E9,'BY-Demands'!$I$5:$I$14,0),FALSE)*HLOOKUP(REG_TRA_DEMANDS!$F9,DEMANDS!$H$2:$CO$25,MATCH($E9,DEMANDS!$F$2:$F$25,0),FALSE)/HLOOKUP(2018,DEMANDS!$H$2:$CO$25,MATCH($E9,DEMANDS!$F$2:$F$25,0),FALSE) -> 0.41020881 | L9: =HLOOKUP(REG_TRA_DEMANDS!L$3,'BY-Demands'!$J$5:$AK$14,MATCH($E9,'BY-Demands'!$I$5:$I$14,0),FALSE)*HLOOKUP(REG_TRA_DEMANDS!$F9,DEMANDS!$H$2:$CO$25,MATCH($E9,DEMANDS!$F$2:$F$25,0),FALSE)/HLOOKUP(2018,DEMANDS!$H$2:$CO$25,MATCH($E9,DEMANDS!$F$2:$F$25,0),FALSE) -> 0.21133747 | M9: =HLOOKUP(REG_TRA_DEMANDS!M$3,'BY-Demands'!$J$5:$AK$14,MATCH($E9,'BY-Demands'!$I$5:$I$14,0),FALSE)*HLOOKUP(REG_TRA_DEMANDS!$F9,DEMANDS!$H$2:$CO$25,MATCH($E9,DEMANDS!$F$2:$F$25,0),FALSE)/HLOOKUP(2018,DEMANDS!$H$2:$CO$25,MATCH($E9,DEMANDS!$F$2:$F$25,0),FALSE) -> 0.5692485 | N9: =HLOOKUP(REG_TRA_DEMANDS!N$3,'BY-Demands'!$J$5:$AK$14,MATCH($E9,'BY-Demands'!$I$5:$I$14,0),FALSE)*HLOOKUP(REG_TRA_DEMANDS!$F9,DEMANDS!$H$2:$CO$25,MATCH($E9,DEMANDS!$F$2:$F$25,0),FALSE)/HLOOKUP(2018,DEMANDS!$H$2:$CO$25,MATCH($E9,DEMANDS!$F$2:$F$25,0),FALSE) -> 0.98828047 | ... AF9: =HLOOKUP(REG_TRA_DEMANDS!AF$3,'BY-Demands'!$J$5:$AK$14,MATCH($E9,'BY-Demands'!$I$5:$I$14,0),FALSE)*HLOOKUP(REG_TRA_DEMANDS!$F9,DEMANDS!$H$2:$CO$25,MATCH($E9,DEMANDS!$F$2:$F$25,0),FALSE)/HLOOKUP(2018,DEMANDS!$H$2:$CO$25,MATCH($E9,DEMANDS!$F$2:$F$25,0),FALSE) -> 0.35260316
D10: COM_PROJ | E10: =DEMANDS!$F$18 -> TRAPM | F10: 2030 | G10: =HLOOKUP(REG_TRA_DEMANDS!G$3,'BY-Demands'!$J$5:$AK$14,MATCH($E10,'BY-Demands'!$I$5:$I$14,0),FALSE)*HLOOKUP(REG_TRA_DEMANDS!$F10,DEMANDS!$H$2:$CO$25,MATCH($E10,DEMANDS!$F$2:$F$25,0),FALSE)/HLOOKUP(2018,DEMANDS!$H$2:$CO$25,MATCH($E10,DEMANDS!$F$2:$F$25,0),FALSE) -> 0.41768976 | H10: =HLOOKUP(REG_TRA_DEMANDS!H$3,'BY-Demands'!$J$5:$AK$14,MATCH($E10,'BY-Demands'!$I$5:$I$14,0),FALSE)*HLOOKUP(REG_TRA_DEMANDS!$F10,DEMANDS!$H$2:$CO$25,MATCH($E10,DEMANDS!$F$2:$F$25,0),FALSE)/HLOOKUP(2018,DEMANDS!$H$2:$CO$25,MATCH($E10,DEMANDS!$F$2:$F$25,0),FALSE) -> 7.3146601 | I10: =HLOOKUP(REG_TRA_DEMANDS!I$3,'BY-Demands'!$J$5:$AK$14,MATCH($E10,'BY-Demands'!$I$5:$I$14,0),FALSE)*HLOOKUP(REG_TRA_DEMANDS!$F10,DEMANDS!$H$2:$CO$25,MATCH($E10,DEMANDS!$F$2:$F$25,0),FALSE)/HLOOKUP(2018,DEMANDS!$H$2:$CO$25,MATCH($E10,DEMANDS!$F$2:$F$25,0),FALSE) -> 1.4894975 | J10: =HLOOKUP(REG_TRA_DEMANDS!J$3,'BY-Demands'!$J$5:$AK$14,MATCH($E10,'BY-Demands'!$I$5:$I$14,0),FALSE)*HLOOKUP(REG_TRA_DEMANDS!$F10,DEMANDS!$H$2:$CO$25,MATCH($E10,DEMANDS!$F$2:$F$25,0),FALSE)/HLOOKUP(2018,DEMANDS!$H$2:$CO$25,MATCH($E10,DEMANDS!$F$2:$F$25,0),FALSE) -> 0.70739132 | K10: =HLOOKUP(REG_TRA_DEMANDS!K$3,'BY-Demands'!$J$5:$AK$14,MATCH($E10,'BY-Demands'!$I$5:$I$14,0),FALSE)*HLOOKUP(REG_TRA_DEMANDS!$F10,DEMANDS!$H$2:$CO$25,MATCH($E10,DEMANDS!$F$2:$F$25,0),FALSE)/HLOOKUP(2018,DEMANDS!$H$2:$CO$25,MATCH($E10,DEMANDS!$F$2:$F$25,0),FALSE) -> 0.53221658 | L10: =HLOOKUP(REG_TRA_DEMANDS!L$3,'BY-Demands'!$J$5:$AK$14,MATCH($E10,'BY-Demands'!$I$5:$I$14,0),FALSE)*HLOOKUP(REG_TRA_DEMANDS!$F10,DEMANDS!$H$2:$CO$25,MATCH($E10,DEMANDS!$F$2:$F$25,0),FALSE)/HLOOKUP(2018,DEMANDS!$H$2:$CO$25,MATCH($E10,DEMANDS!$F$2:$F$25,0),FALSE) -> 0.27419524 | M10: =HLOOKUP(REG_TRA_DEMANDS!M$3,'BY-Demands'!$J$5:$AK$14,MATCH($E10,'BY-Demands'!$I$5:$I$14,0),FALSE)*HLOOKUP(REG_TRA_DEMANDS!$F10,DEMANDS!$H$2:$CO$25,MATCH($E10,DEMANDS!$F$2:$F$25,0),FALSE)/HLOOKUP(2018,DEMANDS!$H$2:$CO$25,MATCH($E10,DEMANDS!$F$2:$F$25,0),FALSE) -> 0.7385592 | N10: =HLOOKUP(REG_TRA_DEMANDS!N$3,'BY-Demands'!$J$5:$AK$14,MATCH($E10,'BY-Demands'!$I$5:$I$14,0),FALSE)*HLOOKUP(REG_TRA_DEMANDS!$F10,DEMANDS!$H$2:$CO$25,MATCH($E10,DEMANDS!$F$2:$F$25,0),FALSE)/HLOOKUP(2018,DEMANDS!$H$2:$CO$25,MATCH($E10,DEMANDS!$F$2:$F$25,0),FALSE) -> 1.2822232 | ... AF10: =HLOOKUP(REG_TRA_DEMANDS!AF$3,'BY-Demands'!$J$5:$AK$14,MATCH($E10,'BY-Demands'!$I$5:$I$14,0),FALSE)*HLOOKUP(REG_TRA_DEMANDS!$F10,DEMANDS!$H$2:$CO$25,MATCH($E10,DEMANDS!$F$2:$F$25,0),FALSE)/HLOOKUP(2018,DEMANDS!$H$2:$CO$25,MATCH($E10,DEMANDS!$F$2:$F$25,0),FALSE) -> 0.45747737
D11: COM_PROJ | E11: =DEMANDS!$F$18 -> TRAPM | F11: 2050 | G11: =HLOOKUP(REG_TRA_DEMANDS!G$3,'BY-Demands'!$J$5:$AK$14,MATCH($E11,'BY-Demands'!$I$5:$I$14,0),FALSE)*HLOOKUP(REG_TRA_DEMANDS!$F11,DEMANDS!$H$2:$CO$25,MATCH($E11,DEMANDS!$F$2:$F$25,0),FALSE)/HLOOKUP(2018,DEMANDS!$H$2:$CO$25,MATCH($E11,DEMANDS!$F$2:$F$25,0),FALSE) -> 0.41759599 | H11: =HLOOKUP(REG_TRA_DEMANDS!H$3,'BY-Demands'!$J$5:$AK$14,MATCH($E11,'BY-Demands'!$I$5:$I$14,0),FALSE)*HLOOKUP(REG_TRA_DEMANDS!$F11,DEMANDS!$H$2:$CO$25,MATCH($E11,DEMANDS!$F$2:$F$25,0),FALSE)/HLOOKUP(2018,DEMANDS!$H$2:$CO$25,MATCH($E11,DEMANDS!$F$2:$F$25,0),FALSE) -> 7.3130179 | I11: =HLOOKUP(REG_TRA_DEMANDS!I$3,'BY-Demands'!$J$5:$AK$14,MATCH($E11,'BY-Demands'!$I$5:$I$14,0),FALSE)*HLOOKUP(REG_TRA_DEMANDS!$F11,DEMANDS!$H$2:$CO$25,MATCH($E11,DEMANDS!$F$2:$F$25,0),FALSE)/HLOOKUP(2018,DEMANDS!$H$2:$CO$25,MATCH($E11,DEMANDS!$F$2:$F$25,0),FALSE) -> 1.4891631 | J11: =HLOOKUP(REG_TRA_DEMANDS!J$3,'BY-Demands'!$J$5:$AK$14,MATCH($E11,'BY-Demands'!$I$5:$I$14,0),FALSE)*HLOOKUP(REG_TRA_DEMANDS!$F11,DEMANDS!$H$2:$CO$25,MATCH($E11,DEMANDS!$F$2:$F$25,0),FALSE)/HLOOKUP(2018,DEMANDS!$H$2:$CO$25,MATCH($E11,DEMANDS!$F$2:$F$25,0),FALSE) -> 0.7072325 | K11: =HLOOKUP(REG_TRA_DEMANDS!K$3,'BY-Demands'!$J$5:$AK$14,MATCH($E11,'BY-Demands'!$I$5:$I$14,0),FALSE)*HLOOKUP(REG_TRA_DEMANDS!$F11,DEMANDS!$H$2:$CO$25,MATCH($E11,DEMANDS!$F$2:$F$25,0),FALSE)/HLOOKUP(2018,DEMANDS!$H$2:$CO$25,MATCH($E11,DEMANDS!$F$2:$F$25,0),FALSE) -> 0.5320971 | L11: =HLOOKUP(REG_TRA_DEMANDS!L$3,'BY-Demands'!$J$5:$AK$14,MATCH($E11,'BY-Demands'!$I$5:$I$14,0),FALSE)*HLOOKUP(REG_TRA_DEMANDS!$F11,DEMANDS!$H$2:$CO$25,MATCH($E11,DEMANDS!$F$2:$F$25,0),FALSE)/HLOOKUP(2018,DEMANDS!$H$2:$CO$25,MATCH($E11,DEMANDS!$F$2:$F$25,0),FALSE) -> 0.27413368 | M11: =HLOOKUP(REG_TRA_DEMANDS!M$3,'BY-Demands'!$J$5:$AK$14,MATCH($E11,'BY-Demands'!$I$5:$I$14,0),FALSE)*HLOOKUP(REG_TRA_DEMANDS!$F11,DEMANDS!$H$2:$CO$25,MATCH($E11,DEMANDS!$F$2:$F$25,0),FALSE)/HLOOKUP(2018,DEMANDS!$H$2:$CO$25,MATCH($E11,DEMANDS!$F$2:$F$25,0),FALSE) -> 0.73839339 | N11: =HLOOKUP(REG_TRA_DEMANDS!N$3,'BY-Demands'!$J$5:$AK$14,MATCH($E11,'BY-Demands'!$I$5:$I$14,0),FALSE)*HLOOKUP(REG_TRA_DEMANDS!$F11,DEMANDS!$H$2:$CO$25,MATCH($E11,DEMANDS!$F$2:$F$25,0),FALSE)/HLOOKUP(2018,DEMANDS!$H$2:$CO$25,MATCH($E11,DEMANDS!$F$2:$F$25,0),FALSE) -> 1.2819353 | ... AF11: =HLOOKUP(REG_TRA_DEMANDS!AF$3,'BY-Demands'!$J$5:$AK$14,MATCH($E11,'BY-Demands'!$I$5:$I$14,0),FALSE)*HLOOKUP(REG_TRA_DEMANDS!$F11,DEMANDS!$H$2:$CO$25,MATCH($E11,DEMANDS!$F$2:$F$25,0),FALSE)/HLOOKUP(2018,DEMANDS!$H$2:$CO$25,MATCH($E11,DEMANDS!$F$2:$F$25,0),FALSE) -> 0.45737466
D12: COM_PROJ | E12: =DEMANDS!$F$19 -> TRAPL | F12: 2019 | G12: =HLOOKUP(REG_TRA_DEMANDS!G$3,'BY-Demands'!$J$5:$AK$14,MATCH($E12,'BY-Demands'!$I$5:$I$14,0),FALSE)*HLOOKUP(REG_TRA_DEMANDS!$F12,DEMANDS!$H$2:$CO$25,MATCH($E12,DEMANDS!$F$2:$F$25,0),FALSE)/HLOOKUP(2018,DEMANDS!$H$2:$CO$25,MATCH($E12,DEMANDS!$F$2:$F$25,0),FALSE) -> 0.34134185 | H12: =HLOOKUP(REG_TRA_DEMANDS!H$3,'BY-Demands'!$J$5:$AK$14,MATCH($E12,'BY-Demands'!$I$5:$I$14,0),FALSE)*HLOOKUP(REG_TRA_DEMANDS!$F12,DEMANDS!$H$2:$CO$25,MATCH($E12,DEMANDS!$F$2:$F$25,0),FALSE)/HLOOKUP(2018,DEMANDS!$H$2:$CO$25,MATCH($E12,DEMANDS!$F$2:$F$25,0),FALSE) -> 6.080787 | I12: =HLOOKUP(REG_TRA_DEMANDS!I$3,'BY-Demands'!$J$5:$AK$14,MATCH($E12,'BY-Demands'!$I$5:$I$14,0),FALSE)*HLOOKUP(REG_TRA_DEMANDS!$F12,DEMANDS!$H$2:$CO$25,MATCH($E12,DEMANDS!$F$2:$F$25,0),FALSE)/HLOOKUP(2018,DEMANDS!$H$2:$CO$25,MATCH($E12,DEMANDS!$F$2:$F$25,0),FALSE) -> 1.228616 | J12: =HLOOKUP(REG_TRA_DEMANDS!J$3,'BY-Demands'!$J$5:$AK$14,MATCH($E12,'BY-Demands'!$I$5:$I$14,0),FALSE)*HLOOKUP(REG_TRA_DEMANDS!$F12,DEMANDS!$H$2:$CO$25,MATCH($E12,DEMANDS!$F$2:$F$25,0),FALSE)/HLOOKUP(2018,DEMANDS!$H$2:$CO$25,MATCH($E12,DEMANDS!$F$2:$F$25,0),FALSE) -> 0.59162785 | K12: =HLOOKUP(REG_TRA_DEMANDS!K$3,'BY-Demands'!$J$5:$AK$14,MATCH($E12,'BY-Demands'!$I$5:$I$14,0),FALSE)*HLOOKUP(REG_TRA_DEMANDS!$F12,DEMANDS!$H$2:$CO$25,MATCH($E12,DEMANDS!$F$2:$F$25,0),FALSE)/HLOOKUP(2018,DEMANDS!$H$2:$CO$25,MATCH($E12,DEMANDS!$F$2:$F$25,0),FALSE) -> 0.43957482 | L12: =HLOOKUP(REG_TRA_DEMANDS!L$3,'BY-Demands'!$J$5:$AK$14,MATCH($E12,'BY-Demands'!$I$5:$I$14,0),FALSE)*HLOOKUP(REG_TRA_DEMANDS!$F12,DEMANDS!$H$2:$CO$25,MATCH($E12,DEMANDS!$F$2:$F$25,0),FALSE)/HLOOKUP(2018,DEMANDS!$H$2:$CO$25,MATCH($E12,DEMANDS!$F$2:$F$25,0),FALSE) -> 0.22634246 | M12: =HLOOKUP(REG_TRA_DEMANDS!M$3,'BY-Demands'!$J$5:$AK$14,MATCH($E12,'BY-Demands'!$I$5:$I$14,0),FALSE)*HLOOKUP(REG_TRA_DEMANDS!$F12,DEMANDS!$H$2:$CO$25,MATCH($E12,DEMANDS!$F$2:$F$25,0),FALSE)/HLOOKUP(2018,DEMANDS!$H$2:$CO$25,MATCH($E12,DEMANDS!$F$2:$F$25,0),FALSE) -> 0.6150288 | N12: =HLOOKUP(REG_TRA_DEMANDS!N$3,'BY-Demands'!$J$5:$AK$14,MATCH($E12,'BY-Demands'!$I$5:$I$14,0),FALSE)*HLOOKUP(REG_TRA_DEMANDS!$F12,DEMANDS!$H$2:$CO$25,MATCH($E12,DEMANDS!$F$2:$F$25,0),FALSE)/HLOOKUP(2018,DEMANDS!$H$2:$CO$25,MATCH($E12,DEMANDS!$F$2:$F$25,0),FALSE) -> 1.045865 | ... AF12: =HLOOKUP(REG_TRA_DEMANDS!AF$3,'BY-Demands'!$J$5:$AK$14,MATCH($E12,'BY-Demands'!$I$5:$I$14,0),FALSE)*HLOOKUP(REG_TRA_DEMANDS!$F12,DEMANDS!$H$2:$CO$25,MATCH($E12,DEMANDS!$F$2:$F$25,0),FALSE)/HLOOKUP(2018,DEMANDS!$H$2:$CO$25,MATCH($E12,DEMANDS!$F$2:$F$25,0),FALSE) -> 0.39081849
D13: COM_PROJ | E13: =DEMANDS!$F$19 -> TRAPL | F13: 2020 | G13: =HLOOKUP(REG_TRA_DEMANDS!G$3,'BY-Demands'!$J$5:$AK$14,MATCH($E13,'BY-Demands'!$I$5:$I$14,0),FALSE)*HLOOKUP(REG_TRA_DEMANDS!$F13,DEMANDS!$H$2:$CO$25,MATCH($E13,DEMANDS!$F$2:$F$25,0),FALSE)/HLOOKUP(2018,DEMANDS!$H$2:$CO$25,MATCH($E13,DEMANDS!$F$2:$F$25,0),FALSE) -> 0.24691993 | H13: =HLOOKUP(REG_TRA_DEMANDS!H$3,'BY-Demands'!$J$5:$AK$14,MATCH($E13,'BY-Demands'!$I$5:$I$14,0),FALSE)*HLOOKUP(REG_TRA_DEMANDS!$F13,DEMANDS!$H$2:$CO$25,MATCH($E13,DEMANDS!$F$2:$F$25,0),FALSE)/HLOOKUP(2018,DEMANDS!$H$2:$CO$25,MATCH($E13,DEMANDS!$F$2:$F$25,0),FALSE) -> 4.3987208 | I13: =HLOOKUP(REG_TRA_DEMANDS!I$3,'BY-Demands'!$J$5:$AK$14,MATCH($E13,'BY-Demands'!$I$5:$I$14,0),FALSE)*HLOOKUP(REG_TRA_DEMANDS!$F13,DEMANDS!$H$2:$CO$25,MATCH($E13,DEMANDS!$F$2:$F$25,0),FALSE)/HLOOKUP(2018,DEMANDS!$H$2:$CO$25,MATCH($E13,DEMANDS!$F$2:$F$25,0),FALSE) -> 0.88875645 | J13: =HLOOKUP(REG_TRA_DEMANDS!J$3,'BY-Demands'!$J$5:$AK$14,MATCH($E13,'BY-Demands'!$I$5:$I$14,0),FALSE)*HLOOKUP(REG_TRA_DEMANDS!$F13,DEMANDS!$H$2:$CO$25,MATCH($E13,DEMANDS!$F$2:$F$25,0),FALSE)/HLOOKUP(2018,DEMANDS!$H$2:$CO$25,MATCH($E13,DEMANDS!$F$2:$F$25,0),FALSE) -> 0.42797186 | K13: =HLOOKUP(REG_TRA_DEMANDS!K$3,'BY-Demands'!$J$5:$AK$14,MATCH($E13,'BY-Demands'!$I$5:$I$14,0),FALSE)*HLOOKUP(REG_TRA_DEMANDS!$F13,DEMANDS!$H$2:$CO$25,MATCH($E13,DEMANDS!$F$2:$F$25,0),FALSE)/HLOOKUP(2018,DEMANDS!$H$2:$CO$25,MATCH($E13,DEMANDS!$F$2:$F$25,0),FALSE) -> 0.31797971 | L13: =HLOOKUP(REG_TRA_DEMANDS!L$3,'BY-Demands'!$J$5:$AK$14,MATCH($E13,'BY-Demands'!$I$5:$I$14,0),FALSE)*HLOOKUP(REG_TRA_DEMANDS!$F13,DEMANDS!$H$2:$CO$25,MATCH($E13,DEMANDS!$F$2:$F$25,0),FALSE)/HLOOKUP(2018,DEMANDS!$H$2:$CO$25,MATCH($E13,DEMANDS!$F$2:$F$25,0),FALSE) -> 0.16373165 | M13: =HLOOKUP(REG_TRA_DEMANDS!M$3,'BY-Demands'!$J$5:$AK$14,MATCH($E13,'BY-Demands'!$I$5:$I$14,0),FALSE)*HLOOKUP(REG_TRA_DEMANDS!$F13,DEMANDS!$H$2:$CO$25,MATCH($E13,DEMANDS!$F$2:$F$25,0),FALSE)/HLOOKUP(2018,DEMANDS!$H$2:$CO$25,MATCH($E13,DEMANDS!$F$2:$F$25,0),FALSE) -> 0.44489965 | N13: =HLOOKUP(REG_TRA_DEMANDS!N$3,'BY-Demands'!$J$5:$AK$14,MATCH($E13,'BY-Demands'!$I$5:$I$14,0),FALSE)*HLOOKUP(REG_TRA_DEMANDS!$F13,DEMANDS!$H$2:$CO$25,MATCH($E13,DEMANDS!$F$2:$F$25,0),FALSE)/HLOOKUP(2018,DEMANDS!$H$2:$CO$25,MATCH($E13,DEMANDS!$F$2:$F$25,0),FALSE) -> 0.75655804 | ... AF13: =HLOOKUP(REG_TRA_DEMANDS!AF$3,'BY-Demands'!$J$5:$AK$14,MATCH($E13,'BY-Demands'!$I$5:$I$14,0),FALSE)*HLOOKUP(REG_TRA_DEMANDS!$F13,DEMANDS!$H$2:$CO$25,MATCH($E13,DEMANDS!$F$2:$F$25,0),FALSE)/HLOOKUP(2018,DEMANDS!$H$2:$CO$25,MATCH($E13,DEMANDS!$F$2:$F$25,0),FALSE) -> 0.28271035
D14: COM_PROJ | E14: =DEMANDS!$F$19 -> TRAPL | F14: 2030 | G14: =HLOOKUP(REG_TRA_DEMANDS!G$3,'BY-Demands'!$J$5:$AK$14,MATCH($E14,'BY-Demands'!$I$5:$I$14,0),FALSE)*HLOOKUP(REG_TRA_DEMANDS!$F14,DEMANDS!$H$2:$CO$25,MATCH($E14,DEMANDS!$F$2:$F$25,0),FALSE)/HLOOKUP(2018,DEMANDS!$H$2:$CO$25,MATCH($E14,DEMANDS!$F$2:$F$25,0),FALSE) -> 0.35633571 | H14: =HLOOKUP(REG_TRA_DEMANDS!H$3,'BY-Demands'!$J$5:$AK$14,MATCH($E14,'BY-Demands'!$I$5:$I$14,0),FALSE)*HLOOKUP(REG_TRA_DEMANDS!$F14,DEMANDS!$H$2:$CO$25,MATCH($E14,DEMANDS!$F$2:$F$25,0),FALSE)/HLOOKUP(2018,DEMANDS!$H$2:$CO$25,MATCH($E14,DEMANDS!$F$2:$F$25,0),FALSE) -> 6.3478932 | I14: =HLOOKUP(REG_TRA_DEMANDS!I$3,'BY-Demands'!$J$5:$AK$14,MATCH($E14,'BY-Demands'!$I$5:$I$14,0),FALSE)*HLOOKUP(REG_TRA_DEMANDS!$F14,DEMANDS!$H$2:$CO$25,MATCH($E14,DEMANDS!$F$2:$F$25,0),FALSE)/HLOOKUP(2018,DEMANDS!$H$2:$CO$25,MATCH($E14,DEMANDS!$F$2:$F$25,0),FALSE) -> 1.2825845 | J14: =HLOOKUP(REG_TRA_DEMANDS!J$3,'BY-Demands'!$J$5:$AK$14,MATCH($E14,'BY-Demands'!$I$5:$I$14,0),FALSE)*HLOOKUP(REG_TRA_DEMANDS!$F14,DEMANDS!$H$2:$CO$25,MATCH($E14,DEMANDS!$F$2:$F$25,0),FALSE)/HLOOKUP(2018,DEMANDS!$H$2:$CO$25,MATCH($E14,DEMANDS!$F$2:$F$25,0),FALSE) -> 0.61761584 | K14: =HLOOKUP(REG_TRA_DEMANDS!K$3,'BY-Demands'!$J$5:$AK$14,MATCH($E14,'BY-Demands'!$I$5:$I$14,0),FALSE)*HLOOKUP(REG_TRA_DEMANDS!$F14,DEMANDS!$H$2:$CO$25,MATCH($E14,DEMANDS!$F$2:$F$25,0),FALSE)/HLOOKUP(2018,DEMANDS!$H$2:$CO$25,MATCH($E14,DEMANDS!$F$2:$F$25,0),FALSE) -> 0.45888369 | L14: =HLOOKUP(REG_TRA_DEMANDS!L$3,'BY-Demands'!$J$5:$AK$14,MATCH($E14,'BY-Demands'!$I$5:$I$14,0),FALSE)*HLOOKUP(REG_TRA_DEMANDS!$F14,DEMANDS!$H$2:$CO$25,MATCH($E14,DEMANDS!$F$2:$F$25,0),FALSE)/HLOOKUP(2018,DEMANDS!$H$2:$CO$25,MATCH($E14,DEMANDS!$F$2:$F$25,0),FALSE) -> 0.23628484 | M14: =HLOOKUP(REG_TRA_DEMANDS!M$3,'BY-Demands'!$J$5:$AK$14,MATCH($E14,'BY-Demands'!$I$5:$I$14,0),FALSE)*HLOOKUP(REG_TRA_DEMANDS!$F14,DEMANDS!$H$2:$CO$25,MATCH($E14,DEMANDS!$F$2:$F$25,0),FALSE)/HLOOKUP(2018,DEMANDS!$H$2:$CO$25,MATCH($E14,DEMANDS!$F$2:$F$25,0),FALSE) -> 0.6420447 | N14: =HLOOKUP(REG_TRA_DEMANDS!N$3,'BY-Demands'!$J$5:$AK$14,MATCH($E14,'BY-Demands'!$I$5:$I$14,0),FALSE)*HLOOKUP(REG_TRA_DEMANDS!$F14,DEMANDS!$H$2:$CO$25,MATCH($E14,DEMANDS!$F$2:$F$25,0),FALSE)/HLOOKUP(2018,DEMANDS!$H$2:$CO$25,MATCH($E14,DEMANDS!$F$2:$F$25,0),FALSE) -> 1.091806 | ... AF14: =HLOOKUP(REG_TRA_DEMANDS!AF$3,'BY-Demands'!$J$5:$AK$14,MATCH($E14,'BY-Demands'!$I$5:$I$14,0),FALSE)*HLOOKUP(REG_TRA_DEMANDS!$F14,DEMANDS!$H$2:$CO$25,MATCH($E14,DEMANDS!$F$2:$F$25,0),FALSE)/HLOOKUP(2018,DEMANDS!$H$2:$CO$25,MATCH($E14,DEMANDS!$F$2:$F$25,0),FALSE) -> 0.40798568
D15: COM_PROJ | E15: =DEMANDS!$F$19 -> TRAPL | F15: 2050 | G15: =HLOOKUP(REG_TRA_DEMANDS!G$3,'BY-Demands'!$J$5:$AK$14,MATCH($E15,'BY-Demands'!$I$5:$I$14,0),FALSE)*HLOOKUP(REG_TRA_DEMANDS!$F15,DEMANDS!$H$2:$CO$25,MATCH($E15,DEMANDS!$F$2:$F$25,0),FALSE)/HLOOKUP(2018,DEMANDS!$H$2:$CO$25,MATCH($E15,DEMANDS!$F$2:$F$25,0),FALSE) -> 0.35538578 | H15: =HLOOKUP(REG_TRA_DEMANDS!H$3,'BY-Demands'!$J$5:$AK$14,MATCH($E15,'BY-Demands'!$I$5:$I$14,0),FALSE)*HLOOKUP(REG_TRA_DEMANDS!$F15,DEMANDS!$H$2:$CO$25,MATCH($E15,DEMANDS!$F$2:$F$25,0),FALSE)/HLOOKUP(2018,DEMANDS!$H$2:$CO$25,MATCH($E15,DEMANDS!$F$2:$F$25,0),FALSE) -> 6.3309707 | I15: =HLOOKUP(REG_TRA_DEMANDS!I$3,'BY-Demands'!$J$5:$AK$14,MATCH($E15,'BY-Demands'!$I$5:$I$14,0),FALSE)*HLOOKUP(REG_TRA_DEMANDS!$F15,DEMANDS!$H$2:$CO$25,MATCH($E15,DEMANDS!$F$2:$F$25,0),FALSE)/HLOOKUP(2018,DEMANDS!$H$2:$CO$25,MATCH($E15,DEMANDS!$F$2:$F$25,0),FALSE) -> 1.2791653 | J15: =HLOOKUP(REG_TRA_DEMANDS!J$3,'BY-Demands'!$J$5:$AK$14,MATCH($E15,'BY-Demands'!$I$5:$I$14,0),FALSE)*HLOOKUP(REG_TRA_DEMANDS!$F15,DEMANDS!$H$2:$CO$25,MATCH($E15,DEMANDS!$F$2:$F$25,0),FALSE)/HLOOKUP(2018,DEMANDS!$H$2:$CO$25,MATCH($E15,DEMANDS!$F$2:$F$25,0),FALSE) -> 0.61596937 | K15: =HLOOKUP(REG_TRA_DEMANDS!K$3,'BY-Demands'!$J$5:$AK$14,MATCH($E15,'BY-Demands'!$I$5:$I$14,0),FALSE)*HLOOKUP(REG_TRA_DEMANDS!$F15,DEMANDS!$H$2:$CO$25,MATCH($E15,DEMANDS!$F$2:$F$25,0),FALSE)/HLOOKUP(2018,DEMANDS!$H$2:$CO$25,MATCH($E15,DEMANDS!$F$2:$F$25,0),FALSE) -> 0.45766038 | L15: =HLOOKUP(REG_TRA_DEMANDS!L$3,'BY-Demands'!$J$5:$AK$14,MATCH($E15,'BY-Demands'!$I$5:$I$14,0),FALSE)*HLOOKUP(REG_TRA_DEMANDS!$F15,DEMANDS!$H$2:$CO$25,MATCH($E15,DEMANDS!$F$2:$F$25,0),FALSE)/HLOOKUP(2018,DEMANDS!$H$2:$CO$25,MATCH($E15,DEMANDS!$F$2:$F$25,0),FALSE) -> 0.23565494 | M15: =HLOOKUP(REG_TRA_DEMANDS!M$3,'BY-Demands'!$J$5:$AK$14,MATCH($E15,'BY-Demands'!$I$5:$I$14,0),FALSE)*HLOOKUP(REG_TRA_DEMANDS!$F15,DEMANDS!$H$2:$CO$25,MATCH($E15,DEMANDS!$F$2:$F$25,0),FALSE)/HLOOKUP(2018,DEMANDS!$H$2:$CO$25,MATCH($E15,DEMANDS!$F$2:$F$25,0),FALSE) -> 0.64033312 | N15: =HLOOKUP(REG_TRA_DEMANDS!N$3,'BY-Demands'!$J$5:$AK$14,MATCH($E15,'BY-Demands'!$I$5:$I$14,0),FALSE)*HLOOKUP(REG_TRA_DEMANDS!$F15,DEMANDS!$H$2:$CO$25,MATCH($E15,DEMANDS!$F$2:$F$25,0),FALSE)/HLOOKUP(2018,DEMANDS!$H$2:$CO$25,MATCH($E15,DEMANDS!$F$2:$F$25,0),FALSE) -> 1.0888954 | ... AF15: =HLOOKUP(REG_TRA_DEMANDS!AF$3,'BY-Demands'!$J$5:$AK$14,MATCH($E15,'BY-Demands'!$I$5:$I$14,0),FALSE)*HLOOKUP(REG_TRA_DEMANDS!$F15,DEMANDS!$H$2:$CO$25,MATCH($E15,DEMANDS!$F$2:$F$25,0),FALSE)/HLOOKUP(2018,DEMANDS!$H$2:$CO$25,MATCH($E15,DEMANDS!$F$2:$F$25,0),FALSE) -> 0.40689806
D16: COM_PROJ | E16: =DEMANDS!$F$20 -> TRAF | F16: 2019 | G16: =HLOOKUP(REG_TRA_DEMANDS!G$3,'BY-Demands'!$J$5:$AK$14,MATCH($E16,'BY-Demands'!$I$5:$I$14,0),FALSE)*HLOOKUP(REG_TRA_DEMANDS!$F16,DEMANDS!$H$2:$CO$25,MATCH($E16,DEMANDS!$F$2:$F$25,0),FALSE)/HLOOKUP(2018,DEMANDS!$H$2:$CO$25,MATCH($E16,DEMANDS!$F$2:$F$25,0),FALSE) -> 0.17687708 | H16: =HLOOKUP(REG_TRA_DEMANDS!H$3,'BY-Demands'!$J$5:$AK$14,MATCH($E16,'BY-Demands'!$I$5:$I$14,0),FALSE)*HLOOKUP(REG_TRA_DEMANDS!$F16,DEMANDS!$H$2:$CO$25,MATCH($E16,DEMANDS!$F$2:$F$25,0),FALSE)/HLOOKUP(2018,DEMANDS!$H$2:$CO$25,MATCH($E16,DEMANDS!$F$2:$F$25,0),FALSE) -> 2.6418004 | I16: =HLOOKUP(REG_TRA_DEMANDS!I$3,'BY-Demands'!$J$5:$AK$14,MATCH($E16,'BY-Demands'!$I$5:$I$14,0),FALSE)*HLOOKUP(REG_TRA_DEMANDS!$F16,DEMANDS!$H$2:$CO$25,MATCH($E16,DEMANDS!$F$2:$F$25,0),FALSE)/HLOOKUP(2018,DEMANDS!$H$2:$CO$25,MATCH($E16,DEMANDS!$F$2:$F$25,0),FALSE) -> 0.47940046 | J16: =HLOOKUP(REG_TRA_DEMANDS!J$3,'BY-Demands'!$J$5:$AK$14,MATCH($E16,'BY-Demands'!$I$5:$I$14,0),FALSE)*HLOOKUP(REG_TRA_DEMANDS!$F16,DEMANDS!$H$2:$CO$25,MATCH($E16,DEMANDS!$F$2:$F$25,0),FALSE)/HLOOKUP(2018,DEMANDS!$H$2:$CO$25,MATCH($E16,DEMANDS!$F$2:$F$25,0),FALSE) -> 0.30829528 | K16: =HLOOKUP(REG_TRA_DEMANDS!K$3,'BY-Demands'!$J$5:$AK$14,MATCH($E16,'BY-Demands'!$I$5:$I$14,0),FALSE)*HLOOKUP(REG_TRA_DEMANDS!$F16,DEMANDS!$H$2:$CO$25,MATCH($E16,DEMANDS!$F$2:$F$25,0),FALSE)/HLOOKUP(2018,DEMANDS!$H$2:$CO$25,MATCH($E16,DEMANDS!$F$2:$F$25,0),FALSE) -> 0.21958389 | L16: =HLOOKUP(REG_TRA_DEMANDS!L$3,'BY-Demands'!$J$5:$AK$14,MATCH($E16,'BY-Demands'!$I$5:$I$14,0),FALSE)*HLOOKUP(REG_TRA_DEMANDS!$F16,DEMANDS!$H$2:$CO$25,MATCH($E16,DEMANDS!$F$2:$F$25,0),FALSE)/HLOOKUP(2018,DEMANDS!$H$2:$CO$25,MATCH($E16,DEMANDS!$F$2:$F$25,0),FALSE) -> 0.10596659 | M16: =HLOOKUP(REG_TRA_DEMANDS!M$3,'BY-Demands'!$J$5:$AK$14,MATCH($E16,'BY-Demands'!$I$5:$I$14,0),FALSE)*HLOOKUP(REG_TRA_DEMANDS!$F16,DEMANDS!$H$2:$CO$25,MATCH($E16,DEMANDS!$F$2:$F$25,0),FALSE)/HLOOKUP(2018,DEMANDS!$H$2:$CO$25,MATCH($E16,DEMANDS!$F$2:$F$25,0),FALSE) -> 0.27768961 | N16: =HLOOKUP(REG_TRA_DEMANDS!N$3,'BY-Demands'!$J$5:$AK$14,MATCH($E16,'BY-Demands'!$I$5:$I$14,0),FALSE)*HLOOKUP(REG_TRA_DEMANDS!$F16,DEMANDS!$H$2:$CO$25,MATCH($E16,DEMANDS!$F$2:$F$25,0),FALSE)/HLOOKUP(2018,DEMANDS!$H$2:$CO$25,MATCH($E16,DEMANDS!$F$2:$F$25,0),FALSE) -> 0.42966684 | ... AF16: =HLOOKUP(REG_TRA_DEMANDS!AF$3,'BY-Demands'!$J$5:$AK$14,MATCH($E16,'BY-Demands'!$I$5:$I$14,0),FALSE)*HLOOKUP(REG_TRA_DEMANDS!$F16,DEMANDS!$H$2:$CO$25,MATCH($E16,DEMANDS!$F$2:$F$25,0),FALSE)/HLOOKUP(2018,DEMANDS!$H$2:$CO$25,MATCH($E16,DEMANDS!$F$2:$F$25,0),FALSE) -> 0.15365849
D17: COM_PROJ | E17: =DEMANDS!$F$20 -> TRAF | F17: 2020 | G17: =HLOOKUP(REG_TRA_DEMANDS!G$3,'BY-Demands'!$J$5:$AK$14,MATCH($E17,'BY-Demands'!$I$5:$I$14,0),FALSE)*HLOOKUP(REG_TRA_DEMANDS!$F17,DEMANDS!$H$2:$CO$25,MATCH($E17,DEMANDS!$F$2:$F$25,0),FALSE)/HLOOKUP(2018,DEMANDS!$H$2:$CO$25,MATCH($E17,DEMANDS!$F$2:$F$25,0),FALSE) -> 0.1720489 | H17: =HLOOKUP(REG_TRA_DEMANDS!H$3,'BY-Demands'!$J$5:$AK$14,MATCH($E17,'BY-Demands'!$I$5:$I$14,0),FALSE)*HLOOKUP(REG_TRA_DEMANDS!$F17,DEMANDS!$H$2:$CO$25,MATCH($E17,DEMANDS!$F$2:$F$25,0),FALSE)/HLOOKUP(2018,DEMANDS!$H$2:$CO$25,MATCH($E17,DEMANDS!$F$2:$F$25,0),FALSE) -> 2.5696876 | I17: =HLOOKUP(REG_TRA_DEMANDS!I$3,'BY-Demands'!$J$5:$AK$14,MATCH($E17,'BY-Demands'!$I$5:$I$14,0),FALSE)*HLOOKUP(REG_TRA_DEMANDS!$F17,DEMANDS!$H$2:$CO$25,MATCH($E17,DEMANDS!$F$2:$F$25,0),FALSE)/HLOOKUP(2018,DEMANDS!$H$2:$CO$25,MATCH($E17,DEMANDS!$F$2:$F$25,0),FALSE) -> 0.46631435 | J17: =HLOOKUP(REG_TRA_DEMANDS!J$3,'BY-Demands'!$J$5:$AK$14,MATCH($E17,'BY-Demands'!$I$5:$I$14,0),FALSE)*HLOOKUP(REG_TRA_DEMANDS!$F17,DEMANDS!$H$2:$CO$25,MATCH($E17,DEMANDS!$F$2:$F$25,0),FALSE)/HLOOKUP(2018,DEMANDS!$H$2:$CO$25,MATCH($E17,DEMANDS!$F$2:$F$25,0),FALSE) -> 0.2998798 | K17: =HLOOKUP(REG_TRA_DEMANDS!K$3,'BY-Demands'!$J$5:$AK$14,MATCH($E17,'BY-Demands'!$I$5:$I$14,0),FALSE)*HLOOKUP(REG_TRA_DEMANDS!$F17,DEMANDS!$H$2:$CO$25,MATCH($E17,DEMANDS!$F$2:$F$25,0),FALSE)/HLOOKUP(2018,DEMANDS!$H$2:$CO$25,MATCH($E17,DEMANDS!$F$2:$F$25,0),FALSE) -> 0.21358994 | L17: =HLOOKUP(REG_TRA_DEMANDS!L$3,'BY-Demands'!$J$5:$AK$14,MATCH($E17,'BY-Demands'!$I$5:$I$14,0),FALSE)*HLOOKUP(REG_TRA_DEMANDS!$F17,DEMANDS!$H$2:$CO$25,MATCH($E17,DEMANDS!$F$2:$F$25,0),FALSE)/HLOOKUP(2018,DEMANDS!$H$2:$CO$25,MATCH($E17,DEMANDS!$F$2:$F$25,0),FALSE) -> 0.10307404 | M17: =HLOOKUP(REG_TRA_DEMANDS!M$3,'BY-Demands'!$J$5:$AK$14,MATCH($E17,'BY-Demands'!$I$5:$I$14,0),FALSE)*HLOOKUP(REG_TRA_DEMANDS!$F17,DEMANDS!$H$2:$CO$25,MATCH($E17,DEMANDS!$F$2:$F$25,0),FALSE)/HLOOKUP(2018,DEMANDS!$H$2:$CO$25,MATCH($E17,DEMANDS!$F$2:$F$25,0),FALSE) -> 0.27010956 | N17: =HLOOKUP(REG_TRA_DEMANDS!N$3,'BY-Demands'!$J$5:$AK$14,MATCH($E17,'BY-Demands'!$I$5:$I$14,0),FALSE)*HLOOKUP(REG_TRA_DEMANDS!$F17,DEMANDS!$H$2:$CO$25,MATCH($E17,DEMANDS!$F$2:$F$25,0),FALSE)/HLOOKUP(2018,DEMANDS!$H$2:$CO$25,MATCH($E17,DEMANDS!$F$2:$F$25,0),FALSE) -> 0.4179383 | ... AF17: =HLOOKUP(REG_TRA_DEMANDS!AF$3,'BY-Demands'!$J$5:$AK$14,MATCH($E17,'BY-Demands'!$I$5:$I$14,0),FALSE)*HLOOKUP(REG_TRA_DEMANDS!$F17,DEMANDS!$H$2:$CO$25,MATCH($E17,DEMANDS!$F$2:$F$25,0),FALSE)/HLOOKUP(2018,DEMANDS!$H$2:$CO$25,MATCH($E17,DEMANDS!$F$2:$F$25,0),FALSE) -> 0.1494641
D18: COM_PROJ | E18: =DEMANDS!$F$20 -> TRAF | F18: 2030 | G18: =HLOOKUP(REG_TRA_DEMANDS!G$3,'BY-Demands'!$J$5:$AK$14,MATCH($E18,'BY-Demands'!$I$5:$I$14,0),FALSE)*HLOOKUP(REG_TRA_DEMANDS!$F18,DEMANDS!$H$2:$CO$25,MATCH($E18,DEMANDS!$F$2:$F$25,0),FALSE)/HLOOKUP(2018,DEMANDS!$H$2:$CO$25,MATCH($E18,DEMANDS!$F$2:$F$25,0),FALSE) -> 0.16707108 | H18: =HLOOKUP(REG_TRA_DEMANDS!H$3,'BY-Demands'!$J$5:$AK$14,MATCH($E18,'BY-Demands'!$I$5:$I$14,0),FALSE)*HLOOKUP(REG_TRA_DEMANDS!$F18,DEMANDS!$H$2:$CO$25,MATCH($E18,DEMANDS!$F$2:$F$25,0),FALSE)/HLOOKUP(2018,DEMANDS!$H$2:$CO$25,MATCH($E18,DEMANDS!$F$2:$F$25,0),FALSE) -> 2.49534 | I18: =HLOOKUP(REG_TRA_DEMANDS!I$3,'BY-Demands'!$J$5:$AK$14,MATCH($E18,'BY-Demands'!$I$5:$I$14,0),FALSE)*HLOOKUP(REG_TRA_DEMANDS!$F18,DEMANDS!$H$2:$CO$25,MATCH($E18,DEMANDS!$F$2:$F$25,0),FALSE)/HLOOKUP(2018,DEMANDS!$H$2:$CO$25,MATCH($E18,DEMANDS!$F$2:$F$25,0),FALSE) -> 0.45282267 | J18: =HLOOKUP(REG_TRA_DEMANDS!J$3,'BY-Demands'!$J$5:$AK$14,MATCH($E18,'BY-Demands'!$I$5:$I$14,0),FALSE)*HLOOKUP(REG_TRA_DEMANDS!$F18,DEMANDS!$H$2:$CO$25,MATCH($E18,DEMANDS!$F$2:$F$25,0),FALSE)/HLOOKUP(2018,DEMANDS!$H$2:$CO$25,MATCH($E18,DEMANDS!$F$2:$F$25,0),FALSE) -> 0.2912035 | K18: =HLOOKUP(REG_TRA_DEMANDS!K$3,'BY-Demands'!$J$5:$AK$14,MATCH($E18,'BY-Demands'!$I$5:$I$14,0),FALSE)*HLOOKUP(REG_TRA_DEMANDS!$F18,DEMANDS!$H$2:$CO$25,MATCH($E18,DEMANDS!$F$2:$F$25,0),FALSE)/HLOOKUP(2018,DEMANDS!$H$2:$CO$25,MATCH($E18,DEMANDS!$F$2:$F$25,0),FALSE) -> 0.20741024 | L18: =HLOOKUP(REG_TRA_DEMANDS!L$3,'BY-Demands'!$J$5:$AK$14,MATCH($E18,'BY-Demands'!$I$5:$I$14,0),FALSE)*HLOOKUP(REG_TRA_DEMANDS!$F18,DEMANDS!$H$2:$CO$25,MATCH($E18,DEMANDS!$F$2:$F$25,0),FALSE)/HLOOKUP(2018,DEMANDS!$H$2:$CO$25,MATCH($E18,DEMANDS!$F$2:$F$25,0),FALSE) -> 0.10009184 | M18: =HLOOKUP(REG_TRA_DEMANDS!M$3,'BY-Demands'!$J$5:$AK$14,MATCH($E18,'BY-Demands'!$I$5:$I$14,0),FALSE)*HLOOKUP(REG_TRA_DEMANDS!$F18,DEMANDS!$H$2:$CO$25,MATCH($E18,DEMANDS!$F$2:$F$25,0),FALSE)/HLOOKUP(2018,DEMANDS!$H$2:$CO$25,MATCH($E18,DEMANDS!$F$2:$F$25,0),FALSE) -> 0.2622946 | N18: =HLOOKUP(REG_TRA_DEMANDS!N$3,'BY-Demands'!$J$5:$AK$14,MATCH($E18,'BY-Demands'!$I$5:$I$14,0),FALSE)*HLOOKUP(REG_TRA_DEMANDS!$F18,DEMANDS!$H$2:$CO$25,MATCH($E18,DEMANDS!$F$2:$F$25,0),FALSE)/HLOOKUP(2018,DEMANDS!$H$2:$CO$25,MATCH($E18,DEMANDS!$F$2:$F$25,0),FALSE) -> 0.40584627 | ... AF18: =HLOOKUP(REG_TRA_DEMANDS!AF$3,'BY-Demands'!$J$5:$AK$14,MATCH($E18,'BY-Demands'!$I$5:$I$14,0),FALSE)*HLOOKUP(REG_TRA_DEMANDS!$F18,DEMANDS!$H$2:$CO$25,MATCH($E18,DEMANDS!$F$2:$F$25,0),FALSE)/HLOOKUP(2018,DEMANDS!$H$2:$CO$25,MATCH($E18,DEMANDS!$F$2:$F$25,0),FALSE) -> 0.14513972
D19: COM_PROJ | E19: =DEMANDS!$F$20 -> TRAF | F19: 2050 | G19: =HLOOKUP(REG_TRA_DEMANDS!G$3,'BY-Demands'!$J$5:$AK$14,MATCH($E19,'BY-Demands'!$I$5:$I$14,0),FALSE)*HLOOKUP(REG_TRA_DEMANDS!$F19,DEMANDS!$H$2:$CO$25,MATCH($E19,DEMANDS!$F$2:$F$25,0),FALSE)/HLOOKUP(2018,DEMANDS!$H$2:$CO$25,MATCH($E19,DEMANDS!$F$2:$F$25,0),FALSE) -> 0.15711545 | H19: =HLOOKUP(REG_TRA_DEMANDS!H$3,'BY-Demands'!$J$5:$AK$14,MATCH($E19,'BY-Demands'!$I$5:$I$14,0),FALSE)*HLOOKUP(REG_TRA_DEMANDS!$F19,DEMANDS!$H$2:$CO$25,MATCH($E19,DEMANDS!$F$2:$F$25,0),FALSE)/HLOOKUP(2018,DEMANDS!$H$2:$CO$25,MATCH($E19,DEMANDS!$F$2:$F$25,0),FALSE) -> 2.3466447 | I19: =HLOOKUP(REG_TRA_DEMANDS!I$3,'BY-Demands'!$J$5:$AK$14,MATCH($E19,'BY-Demands'!$I$5:$I$14,0),FALSE)*HLOOKUP(REG_TRA_DEMANDS!$F19,DEMANDS!$H$2:$CO$25,MATCH($E19,DEMANDS!$F$2:$F$25,0),FALSE)/HLOOKUP(2018,DEMANDS!$H$2:$CO$25,MATCH($E19,DEMANDS!$F$2:$F$25,0),FALSE) -> 0.42583933 | J19: =HLOOKUP(REG_TRA_DEMANDS!J$3,'BY-Demands'!$J$5:$AK$14,MATCH($E19,'BY-Demands'!$I$5:$I$14,0),FALSE)*HLOOKUP(REG_TRA_DEMANDS!$F19,DEMANDS!$H$2:$CO$25,MATCH($E19,DEMANDS!$F$2:$F$25,0),FALSE)/HLOOKUP(2018,DEMANDS!$H$2:$CO$25,MATCH($E19,DEMANDS!$F$2:$F$25,0),FALSE) -> 0.27385092 | K19: =HLOOKUP(REG_TRA_DEMANDS!K$3,'BY-Demands'!$J$5:$AK$14,MATCH($E19,'BY-Demands'!$I$5:$I$14,0),FALSE)*HLOOKUP(REG_TRA_DEMANDS!$F19,DEMANDS!$H$2:$CO$25,MATCH($E19,DEMANDS!$F$2:$F$25,0),FALSE)/HLOOKUP(2018,DEMANDS!$H$2:$CO$25,MATCH($E19,DEMANDS!$F$2:$F$25,0),FALSE) -> 0.19505083 | L19: =HLOOKUP(REG_TRA_DEMANDS!L$3,'BY-Demands'!$J$5:$AK$14,MATCH($E19,'BY-Demands'!$I$5:$I$14,0),FALSE)*HLOOKUP(REG_TRA_DEMANDS!$F19,DEMANDS!$H$2:$CO$25,MATCH($E19,DEMANDS!$F$2:$F$25,0),FALSE)/HLOOKUP(2018,DEMANDS!$H$2:$CO$25,MATCH($E19,DEMANDS!$F$2:$F$25,0),FALSE) -> 0.094127448 | M19: =HLOOKUP(REG_TRA_DEMANDS!M$3,'BY-Demands'!$J$5:$AK$14,MATCH($E19,'BY-Demands'!$I$5:$I$14,0),FALSE)*HLOOKUP(REG_TRA_DEMANDS!$F19,DEMANDS!$H$2:$CO$25,MATCH($E19,DEMANDS!$F$2:$F$25,0),FALSE)/HLOOKUP(2018,DEMANDS!$H$2:$CO$25,MATCH($E19,DEMANDS!$F$2:$F$25,0),FALSE) -> 0.24666467 | N19: =HLOOKUP(REG_TRA_DEMANDS!N$3,'BY-Demands'!$J$5:$AK$14,MATCH($E19,'BY-Demands'!$I$5:$I$14,0),FALSE)*HLOOKUP(REG_TRA_DEMANDS!$F19,DEMANDS!$H$2:$CO$25,MATCH($E19,DEMANDS!$F$2:$F$25,0),FALSE)/HLOOKUP(2018,DEMANDS!$H$2:$CO$25,MATCH($E19,DEMANDS!$F$2:$F$25,0),FALSE) -> 0.38166222 | ... AF19: =HLOOKUP(REG_TRA_DEMANDS!AF$3,'BY-Demands'!$J$5:$AK$14,MATCH($E19,'BY-Demands'!$I$5:$I$14,0),FALSE)*HLOOKUP(REG_TRA_DEMANDS!$F19,DEMANDS!$H$2:$CO$25,MATCH($E19,DEMANDS!$F$2:$F$25,0),FALSE)/HLOOKUP(2018,DEMANDS!$H$2:$CO$25,MATCH($E19,DEMANDS!$F$2:$F$25,0),FALSE) -> 0.13649096
D20: COM_PROJ | E20: {=DEMANDS!$F$21} -> TTURS | F20: 2019 | G20: =HLOOKUP(REG_TRA_DEMANDS!G$3,'BY-Demands'!$J$5:$AK$14,MATCH($E20,'BY-Demands'!$I$5:$I$14,0),FALSE)*HLOOKUP(REG_TRA_DEMANDS!$F20,DEMANDS!$H$2:$CO$25,MATCH($E20,DEMANDS!$F$2:$F$25,0),FALSE)/HLOOKUP(2018,DEMANDS!$H$2:$CO$25,MATCH($E20,DEMANDS!$F$2:$F$25,0),FALSE) -> 0.1228718 | H20: =HLOOKUP(REG_TRA_DEMANDS!H$3,'BY-Demands'!$J$5:$AK$14,MATCH($E20,'BY-Demands'!$I$5:$I$14,0),FALSE)*HLOOKUP(REG_TRA_DEMANDS!$F20,DEMANDS!$H$2:$CO$25,MATCH($E20,DEMANDS!$F$2:$F$25,0),FALSE)/HLOOKUP(2018,DEMANDS!$H$2:$CO$25,MATCH($E20,DEMANDS!$F$2:$F$25,0),FALSE) -> 2.9078976 | I20: =HLOOKUP(REG_TRA_DEMANDS!I$3,'BY-Demands'!$J$5:$AK$14,MATCH($E20,'BY-Demands'!$I$5:$I$14,0),FALSE)*HLOOKUP(REG_TRA_DEMANDS!$F20,DEMANDS!$H$2:$CO$25,MATCH($E20,DEMANDS!$F$2:$F$25,0),FALSE)/HLOOKUP(2018,DEMANDS!$H$2:$CO$25,MATCH($E20,DEMANDS!$F$2:$F$25,0),FALSE) -> 0.48021265 | J20: =HLOOKUP(REG_TRA_DEMANDS!J$3,'BY-Demands'!$J$5:$AK$14,MATCH($E20,'BY-Demands'!$I$5:$I$14,0),FALSE)*HLOOKUP(REG_TRA_DEMANDS!$F20,DEMANDS!$H$2:$CO$25,MATCH($E20,DEMANDS!$F$2:$F$25,0),FALSE)/HLOOKUP(2018,DEMANDS!$H$2:$CO$25,MATCH($E20,DEMANDS!$F$2:$F$25,0),FALSE) -> 0.21416452 | K20: =HLOOKUP(REG_TRA_DEMANDS!K$3,'BY-Demands'!$J$5:$AK$14,MATCH($E20,'BY-Demands'!$I$5:$I$14,0),FALSE)*HLOOKUP(REG_TRA_DEMANDS!$F20,DEMANDS!$H$2:$CO$25,MATCH($E20,DEMANDS!$F$2:$F$25,0),FALSE)/HLOOKUP(2018,DEMANDS!$H$2:$CO$25,MATCH($E20,DEMANDS!$F$2:$F$25,0),FALSE) -> 0.18279479 | L20: =HLOOKUP(REG_TRA_DEMANDS!L$3,'BY-Demands'!$J$5:$AK$14,MATCH($E20,'BY-Demands'!$I$5:$I$14,0),FALSE)*HLOOKUP(REG_TRA_DEMANDS!$F20,DEMANDS!$H$2:$CO$25,MATCH($E20,DEMANDS!$F$2:$F$25,0),FALSE)/HLOOKUP(2018,DEMANDS!$H$2:$CO$25,MATCH($E20,DEMANDS!$F$2:$F$25,0),FALSE) -> 0.088212939 | M20: =HLOOKUP(REG_TRA_DEMANDS!M$3,'BY-Demands'!$J$5:$AK$14,MATCH($E20,'BY-Demands'!$I$5:$I$14,0),FALSE)*HLOOKUP(REG_TRA_DEMANDS!$F20,DEMANDS!$H$2:$CO$25,MATCH($E20,DEMANDS!$F$2:$F$25,0),FALSE)/HLOOKUP(2018,DEMANDS!$H$2:$CO$25,MATCH($E20,DEMANDS!$F$2:$F$25,0),FALSE) -> 0.27816007 | N20: =HLOOKUP(REG_TRA_DEMANDS!N$3,'BY-Demands'!$J$5:$AK$14,MATCH($E20,'BY-Demands'!$I$5:$I$14,0),FALSE)*HLOOKUP(REG_TRA_DEMANDS!$F20,DEMANDS!$H$2:$CO$25,MATCH($E20,DEMANDS!$F$2:$F$25,0),FALSE)/HLOOKUP(2018,DEMANDS!$H$2:$CO$25,MATCH($E20,DEMANDS!$F$2:$F$25,0),FALSE) -> 0.42094792 | ... AF20: =HLOOKUP(REG_TRA_DEMANDS!AF$3,'BY-Demands'!$J$5:$AK$14,MATCH($E20,'BY-Demands'!$I$5:$I$14,0),FALSE)*HLOOKUP(REG_TRA_DEMANDS!$F20,DEMANDS!$H$2:$CO$25,MATCH($E20,DEMANDS!$F$2:$F$25,0),FALSE)/HLOOKUP(2018,DEMANDS!$H$2:$CO$25,MATCH($E20,DEMANDS!$F$2:$F$25,0),FALSE) -> 0.13248451
D21: COM_PROJ | E21: TTURS | F21: 2020 | G21: =HLOOKUP(REG_TRA_DEMANDS!G$3,'BY-Demands'!$J$5:$AK$14,MATCH($E21,'BY-Demands'!$I$5:$I$14,0),FALSE)*HLOOKUP(REG_TRA_DEMANDS!$F21,DEMANDS!$H$2:$CO$25,MATCH($E21,DEMANDS!$F$2:$F$25,0),FALSE)/HLOOKUP(2018,DEMANDS!$H$2:$CO$25,MATCH($E21,DEMANDS!$F$2:$F$25,0),FALSE) -> 0.04029819 | H21: =HLOOKUP(REG_TRA_DEMANDS!H$3,'BY-Demands'!$J$5:$AK$14,MATCH($E21,'BY-Demands'!$I$5:$I$14,0),FALSE)*HLOOKUP(REG_TRA_DEMANDS!$F21,DEMANDS!$H$2:$CO$25,MATCH($E21,DEMANDS!$F$2:$F$25,0),FALSE)/HLOOKUP(2018,DEMANDS!$H$2:$CO$25,MATCH($E21,DEMANDS!$F$2:$F$25,0),FALSE) -> 0.95370141 | I21: =HLOOKUP(REG_TRA_DEMANDS!I$3,'BY-Demands'!$J$5:$AK$14,MATCH($E21,'BY-Demands'!$I$5:$I$14,0),FALSE)*HLOOKUP(REG_TRA_DEMANDS!$F21,DEMANDS!$H$2:$CO$25,MATCH($E21,DEMANDS!$F$2:$F$25,0),FALSE)/HLOOKUP(2018,DEMANDS!$H$2:$CO$25,MATCH($E21,DEMANDS!$F$2:$F$25,0),FALSE) -> 0.15749505 | J21: =HLOOKUP(REG_TRA_DEMANDS!J$3,'BY-Demands'!$J$5:$AK$14,MATCH($E21,'BY-Demands'!$I$5:$I$14,0),FALSE)*HLOOKUP(REG_TRA_DEMANDS!$F21,DEMANDS!$H$2:$CO$25,MATCH($E21,DEMANDS!$F$2:$F$25,0),FALSE)/HLOOKUP(2018,DEMANDS!$H$2:$CO$25,MATCH($E21,DEMANDS!$F$2:$F$25,0),FALSE) -> 0.070239408 | K21: =HLOOKUP(REG_TRA_DEMANDS!K$3,'BY-Demands'!$J$5:$AK$14,MATCH($E21,'BY-Demands'!$I$5:$I$14,0),FALSE)*HLOOKUP(REG_TRA_DEMANDS!$F21,DEMANDS!$H$2:$CO$25,MATCH($E21,DEMANDS!$F$2:$F$25,0),FALSE)/HLOOKUP(2018,DEMANDS!$H$2:$CO$25,MATCH($E21,DEMANDS!$F$2:$F$25,0),FALSE) -> 0.059951096 | L21: =HLOOKUP(REG_TRA_DEMANDS!L$3,'BY-Demands'!$J$5:$AK$14,MATCH($E21,'BY-Demands'!$I$5:$I$14,0),FALSE)*HLOOKUP(REG_TRA_DEMANDS!$F21,DEMANDS!$H$2:$CO$25,MATCH($E21,DEMANDS!$F$2:$F$25,0),FALSE)/HLOOKUP(2018,DEMANDS!$H$2:$CO$25,MATCH($E21,DEMANDS!$F$2:$F$25,0),FALSE) -> 0.028931144 | M21: =HLOOKUP(REG_TRA_DEMANDS!M$3,'BY-Demands'!$J$5:$AK$14,MATCH($E21,'BY-Demands'!$I$5:$I$14,0),FALSE)*HLOOKUP(REG_TRA_DEMANDS!$F21,DEMANDS!$H$2:$CO$25,MATCH($E21,DEMANDS!$F$2:$F$25,0),FALSE)/HLOOKUP(2018,DEMANDS!$H$2:$CO$25,MATCH($E21,DEMANDS!$F$2:$F$25,0),FALSE) -> 0.09122799 | N21: =HLOOKUP(REG_TRA_DEMANDS!N$3,'BY-Demands'!$J$5:$AK$14,MATCH($E21,'BY-Demands'!$I$5:$I$14,0),FALSE)*HLOOKUP(REG_TRA_DEMANDS!$F21,DEMANDS!$H$2:$CO$25,MATCH($E21,DEMANDS!$F$2:$F$25,0),FALSE)/HLOOKUP(2018,DEMANDS!$H$2:$CO$25,MATCH($E21,DEMANDS!$F$2:$F$25,0),FALSE) -> 0.13805804 | ... AF21: =HLOOKUP(REG_TRA_DEMANDS!AF$3,'BY-Demands'!$J$5:$AK$14,MATCH($E21,'BY-Demands'!$I$5:$I$14,0),FALSE)*HLOOKUP(REG_TRA_DEMANDS!$F21,DEMANDS!$H$2:$CO$25,MATCH($E21,DEMANDS!$F$2:$F$25,0),FALSE)/HLOOKUP(2018,DEMANDS!$H$2:$CO$25,MATCH($E21,DEMANDS!$F$2:$F$25,0),FALSE) -> 0.043450866
D22: COM_PROJ | E22: TTURS | F22: 2030 | G22: =HLOOKUP(REG_TRA_DEMANDS!G$3,'BY-Demands'!$J$5:$AK$14,MATCH($E22,'BY-Demands'!$I$5:$I$14,0),FALSE)*HLOOKUP(REG_TRA_DEMANDS!$F22,DEMANDS!$H$2:$CO$25,MATCH($E22,DEMANDS!$F$2:$F$25,0),FALSE)/HLOOKUP(2018,DEMANDS!$H$2:$CO$25,MATCH($E22,DEMANDS!$F$2:$F$25,0),FALSE) -> 0 | H22: =HLOOKUP(REG_TRA_DEMANDS!H$3,'BY-Demands'!$J$5:$AK$14,MATCH($E22,'BY-Demands'!$I$5:$I$14,0),FALSE)*HLOOKUP(REG_TRA_DEMANDS!$F22,DEMANDS!$H$2:$CO$25,MATCH($E22,DEMANDS!$F$2:$F$25,0),FALSE)/HLOOKUP(2018,DEMANDS!$H$2:$CO$25,MATCH($E22,DEMANDS!$F$2:$F$25,0),FALSE) -> 0 | I22: =HLOOKUP(REG_TRA_DEMANDS!I$3,'BY-Demands'!$J$5:$AK$14,MATCH($E22,'BY-Demands'!$I$5:$I$14,0),FALSE)*HLOOKUP(REG_TRA_DEMANDS!$F22,DEMANDS!$H$2:$CO$25,MATCH($E22,DEMANDS!$F$2:$F$25,0),FALSE)/HLOOKUP(2018,DEMANDS!$H$2:$CO$25,MATCH($E22,DEMANDS!$F$2:$F$25,0),FALSE) -> 0 | J22: =HLOOKUP(REG_TRA_DEMANDS!J$3,'BY-Demands'!$J$5:$AK$14,MATCH($E22,'BY-Demands'!$I$5:$I$14,0),FALSE)*HLOOKUP(REG_TRA_DEMANDS!$F22,DEMANDS!$H$2:$CO$25,MATCH($E22,DEMANDS!$F$2:$F$25,0),FALSE)/HLOOKUP(2018,DEMANDS!$H$2:$CO$25,MATCH($E22,DEMANDS!$F$2:$F$25,0),FALSE) -> 0 | K22: =HLOOKUP(REG_TRA_DEMANDS!K$3,'BY-Demands'!$J$5:$AK$14,MATCH($E22,'BY-Demands'!$I$5:$I$14,0),FALSE)*HLOOKUP(REG_TRA_DEMANDS!$F22,DEMANDS!$H$2:$CO$25,MATCH($E22,DEMANDS!$F$2:$F$25,0),FALSE)/HLOOKUP(2018,DEMANDS!$H$2:$CO$25,MATCH($E22,DEMANDS!$F$2:$F$25,0),FALSE) -> 0 | L22: =HLOOKUP(REG_TRA_DEMANDS!L$3,'BY-Demands'!$J$5:$AK$14,MATCH($E22,'BY-Demands'!$I$5:$I$14,0),FALSE)*HLOOKUP(REG_TRA_DEMANDS!$F22,DEMANDS!$H$2:$CO$25,MATCH($E22,DEMANDS!$F$2:$F$25,0),FALSE)/HLOOKUP(2018,DEMANDS!$H$2:$CO$25,MATCH($E22,DEMANDS!$F$2:$F$25,0),FALSE) -> 0 | M22: =HLOOKUP(REG_TRA_DEMANDS!M$3,'BY-Demands'!$J$5:$AK$14,MATCH($E22,'BY-Demands'!$I$5:$I$14,0),FALSE)*HLOOKUP(REG_TRA_DEMANDS!$F22,DEMANDS!$H$2:$CO$25,MATCH($E22,DEMANDS!$F$2:$F$25,0),FALSE)/HLOOKUP(2018,DEMANDS!$H$2:$CO$25,MATCH($E22,DEMANDS!$F$2:$F$25,0),FALSE) -> 0 | N22: =HLOOKUP(REG_TRA_DEMANDS!N$3,'BY-Demands'!$J$5:$AK$14,MATCH($E22,'BY-Demands'!$I$5:$I$14,0),FALSE)*HLOOKUP(REG_TRA_DEMANDS!$F22,DEMANDS!$H$2:$CO$25,MATCH($E22,DEMANDS!$F$2:$F$25,0),FALSE)/HLOOKUP(2018,DEMANDS!$H$2:$CO$25,MATCH($E22,DEMANDS!$F$2:$F$25,0),FALSE) -> 0 | ... AF22: =HLOOKUP(REG_TRA_DEMANDS!AF$3,'BY-Demands'!$J$5:$AK$14,MATCH($E22,'BY-Demands'!$I$5:$I$14,0),FALSE)*HLOOKUP(REG_TRA_DEMANDS!$F22,DEMANDS!$H$2:$CO$25,MATCH($E22,DEMANDS!$F$2:$F$25,0),FALSE)/HLOOKUP(2018,DEMANDS!$H$2:$CO$25,MATCH($E22,DEMANDS!$F$2:$F$25,0),FALSE) -> 0
D23: COM_PROJ | E23: TTURS | F23: 2050 | G23: =HLOOKUP(REG_TRA_DEMANDS!G$3,'BY-Demands'!$J$5:$AK$14,MATCH($E23,'BY-Demands'!$I$5:$I$14,0),FALSE)*HLOOKUP(REG_TRA_DEMANDS!$F23,DEMANDS!$H$2:$CO$25,MATCH($E23,DEMANDS!$F$2:$F$25,0),FALSE)/HLOOKUP(2018,DEMANDS!$H$2:$CO$25,MATCH($E23,DEMANDS!$F$2:$F$25,0),FALSE) -> 0 | H23: =HLOOKUP(REG_TRA_DEMANDS!H$3,'BY-Demands'!$J$5:$AK$14,MATCH($E23,'BY-Demands'!$I$5:$I$14,0),FALSE)*HLOOKUP(REG_TRA_DEMANDS!$F23,DEMANDS!$H$2:$CO$25,MATCH($E23,DEMANDS!$F$2:$F$25,0),FALSE)/HLOOKUP(2018,DEMANDS!$H$2:$CO$25,MATCH($E23,DEMANDS!$F$2:$F$25,0),FALSE) -> 0 | I23: =HLOOKUP(REG_TRA_DEMANDS!I$3,'BY-Demands'!$J$5:$AK$14,MATCH($E23,'BY-Demands'!$I$5:$I$14,0),FALSE)*HLOOKUP(REG_TRA_DEMANDS!$F23,DEMANDS!$H$2:$CO$25,MATCH($E23,DEMANDS!$F$2:$F$25,0),FALSE)/HLOOKUP(2018,DEMANDS!$H$2:$CO$25,MATCH($E23,DEMANDS!$F$2:$F$25,0),FALSE) -> 0 | J23: =HLOOKUP(REG_TRA_DEMANDS!J$3,'BY-Demands'!$J$5:$AK$14,MATCH($E23,'BY-Demands'!$I$5:$I$14,0),FALSE)*HLOOKUP(REG_TRA_DEMANDS!$F23,DEMANDS!$H$2:$CO$25,MATCH($E23,DEMANDS!$F$2:$F$25,0),FALSE)/HLOOKUP(2018,DEMANDS!$H$2:$CO$25,MATCH($E23,DEMANDS!$F$2:$F$25,0),FALSE) -> 0 | K23: =HLOOKUP(REG_TRA_DEMANDS!K$3,'BY-Demands'!$J$5:$AK$14,MATCH($E23,'BY-Demands'!$I$5:$I$14,0),FALSE)*HLOOKUP(REG_TRA_DEMANDS!$F23,DEMANDS!$H$2:$CO$25,MATCH($E23,DEMANDS!$F$2:$F$25,0),FALSE)/HLOOKUP(2018,DEMANDS!$H$2:$CO$25,MATCH($E23,DEMANDS!$F$2:$F$25,0),FALSE) -> 0 | L23: =HLOOKUP(REG_TRA_DEMANDS!L$3,'BY-Demands'!$J$5:$AK$14,MATCH($E23,'BY-Demands'!$I$5:$I$14,0),FALSE)*HLOOKUP(REG_TRA_DEMANDS!$F23,DEMANDS!$H$2:$CO$25,MATCH($E23,DEMANDS!$F$2:$F$25,0),FALSE)/HLOOKUP(2018,DEMANDS!$H$2:$CO$25,MATCH($E23,DEMANDS!$F$2:$F$25,0),FALSE) -> 0 | M23: =HLOOKUP(REG_TRA_DEMANDS!M$3,'BY-Demands'!$J$5:$AK$14,MATCH($E23,'BY-Demands'!$I$5:$I$14,0),FALSE)*HLOOKUP(REG_TRA_DEMANDS!$F23,DEMANDS!$H$2:$CO$25,MATCH($E23,DEMANDS!$F$2:$F$25,0),FALSE)/HLOOKUP(2018,DEMANDS!$H$2:$CO$25,MATCH($E23,DEMANDS!$F$2:$F$25,0),FALSE) -> 0 | N23: =HLOOKUP(REG_TRA_DEMANDS!N$3,'BY-Demands'!$J$5:$AK$14,MATCH($E23,'BY-Demands'!$I$5:$I$14,0),FALSE)*HLOOKUP(REG_TRA_DEMANDS!$F23,DEMANDS!$H$2:$CO$25,MATCH($E23,DEMANDS!$F$2:$F$25,0),FALSE)/HLOOKUP(2018,DEMANDS!$H$2:$CO$25,MATCH($E23,DEMANDS!$F$2:$F$25,0),FALSE) -> 0 | ... AF23: =HLOOKUP(REG_TRA_DEMANDS!AF$3,'BY-Demands'!$J$5:$AK$14,MATCH($E23,'BY-Demands'!$I$5:$I$14,0),FALSE)*HLOOKUP(REG_TRA_DEMANDS!$F23,DEMANDS!$H$2:$CO$25,MATCH($E23,DEMANDS!$F$2:$F$25,0),FALSE)/HLOOKUP(2018,DEMANDS!$H$2:$CO$25,MATCH($E23,DEMANDS!$F$2:$F$25,0),FALSE) -> 0
D24: COM_PROJ | E24: {=DEMANDS!$F$22} -> TNAV | F24: 2019 | G24: =HLOOKUP(REG_TRA_DEMANDS!G$3,'BY-Demands'!$J$5:$AK$14,MATCH($E24,'BY-Demands'!$I$5:$I$14,0),FALSE)*HLOOKUP(REG_TRA_DEMANDS!$F24,DEMANDS!$H$2:$CO$25,MATCH($E24,DEMANDS!$F$2:$F$25,0),FALSE)/HLOOKUP(2018,DEMANDS!$H$2:$CO$25,MATCH($E24,DEMANDS!$F$2:$F$25,0),FALSE) -> 0.044736427 | H24: =HLOOKUP(REG_TRA_DEMANDS!H$3,'BY-Demands'!$J$5:$AK$14,MATCH($E24,'BY-Demands'!$I$5:$I$14,0),FALSE)*HLOOKUP(REG_TRA_DEMANDS!$F24,DEMANDS!$H$2:$CO$25,MATCH($E24,DEMANDS!$F$2:$F$25,0),FALSE)/HLOOKUP(2018,DEMANDS!$H$2:$CO$25,MATCH($E24,DEMANDS!$F$2:$F$25,0),FALSE) -> 1.0587372 | I24: =HLOOKUP(REG_TRA_DEMANDS!I$3,'BY-Demands'!$J$5:$AK$14,MATCH($E24,'BY-Demands'!$I$5:$I$14,0),FALSE)*HLOOKUP(REG_TRA_DEMANDS!$F24,DEMANDS!$H$2:$CO$25,MATCH($E24,DEMANDS!$F$2:$F$25,0),FALSE)/HLOOKUP(2018,DEMANDS!$H$2:$CO$25,MATCH($E24,DEMANDS!$F$2:$F$25,0),FALSE) -> 0.17484075 | J24: =HLOOKUP(REG_TRA_DEMANDS!J$3,'BY-Demands'!$J$5:$AK$14,MATCH($E24,'BY-Demands'!$I$5:$I$14,0),FALSE)*HLOOKUP(REG_TRA_DEMANDS!$F24,DEMANDS!$H$2:$CO$25,MATCH($E24,DEMANDS!$F$2:$F$25,0),FALSE)/HLOOKUP(2018,DEMANDS!$H$2:$CO$25,MATCH($E24,DEMANDS!$F$2:$F$25,0),FALSE) -> 0.077975218 | K24: =HLOOKUP(REG_TRA_DEMANDS!K$3,'BY-Demands'!$J$5:$AK$14,MATCH($E24,'BY-Demands'!$I$5:$I$14,0),FALSE)*HLOOKUP(REG_TRA_DEMANDS!$F24,DEMANDS!$H$2:$CO$25,MATCH($E24,DEMANDS!$F$2:$F$25,0),FALSE)/HLOOKUP(2018,DEMANDS!$H$2:$CO$25,MATCH($E24,DEMANDS!$F$2:$F$25,0),FALSE) -> 0.066553803 | L24: =HLOOKUP(REG_TRA_DEMANDS!L$3,'BY-Demands'!$J$5:$AK$14,MATCH($E24,'BY-Demands'!$I$5:$I$14,0),FALSE)*HLOOKUP(REG_TRA_DEMANDS!$F24,DEMANDS!$H$2:$CO$25,MATCH($E24,DEMANDS!$F$2:$F$25,0),FALSE)/HLOOKUP(2018,DEMANDS!$H$2:$CO$25,MATCH($E24,DEMANDS!$F$2:$F$25,0),FALSE) -> 0.032117473 | M24: =HLOOKUP(REG_TRA_DEMANDS!M$3,'BY-Demands'!$J$5:$AK$14,MATCH($E24,'BY-Demands'!$I$5:$I$14,0),FALSE)*HLOOKUP(REG_TRA_DEMANDS!$F24,DEMANDS!$H$2:$CO$25,MATCH($E24,DEMANDS!$F$2:$F$25,0),FALSE)/HLOOKUP(2018,DEMANDS!$H$2:$CO$25,MATCH($E24,DEMANDS!$F$2:$F$25,0),FALSE) -> 0.10127537 | N24: =HLOOKUP(REG_TRA_DEMANDS!N$3,'BY-Demands'!$J$5:$AK$14,MATCH($E24,'BY-Demands'!$I$5:$I$14,0),FALSE)*HLOOKUP(REG_TRA_DEMANDS!$F24,DEMANDS!$H$2:$CO$25,MATCH($E24,DEMANDS!$F$2:$F$25,0),FALSE)/HLOOKUP(2018,DEMANDS!$H$2:$CO$25,MATCH($E24,DEMANDS!$F$2:$F$25,0),FALSE) -> 0.15326304 | ... AF24: =HLOOKUP(REG_TRA_DEMANDS!AF$3,'BY-Demands'!$J$5:$AK$14,MATCH($E24,'BY-Demands'!$I$5:$I$14,0),FALSE)*HLOOKUP(REG_TRA_DEMANDS!$F24,DEMANDS!$H$2:$CO$25,MATCH($E24,DEMANDS!$F$2:$F$25,0),FALSE)/HLOOKUP(2018,DEMANDS!$H$2:$CO$25,MATCH($E24,DEMANDS!$F$2:$F$25,0),FALSE) -> 0.048236322
D25: COM_PROJ | E25: TNAV | F25: 2020 | G25: =HLOOKUP(REG_TRA_DEMANDS!G$3,'BY-Demands'!$J$5:$AK$14,MATCH($E25,'BY-Demands'!$I$5:$I$14,0),FALSE)*HLOOKUP(REG_TRA_DEMANDS!$F25,DEMANDS!$H$2:$CO$25,MATCH($E25,DEMANDS!$F$2:$F$25,0),FALSE)/HLOOKUP(2018,DEMANDS!$H$2:$CO$25,MATCH($E25,DEMANDS!$F$2:$F$25,0),FALSE) -> 0.054709601 | H25: =HLOOKUP(REG_TRA_DEMANDS!H$3,'BY-Demands'!$J$5:$AK$14,MATCH($E25,'BY-Demands'!$I$5:$I$14,0),FALSE)*HLOOKUP(REG_TRA_DEMANDS!$F25,DEMANDS!$H$2:$CO$25,MATCH($E25,DEMANDS!$F$2:$F$25,0),FALSE)/HLOOKUP(2018,DEMANDS!$H$2:$CO$25,MATCH($E25,DEMANDS!$F$2:$F$25,0),FALSE) -> 1.2947635 | I25: =HLOOKUP(REG_TRA_DEMANDS!I$3,'BY-Demands'!$J$5:$AK$14,MATCH($E25,'BY-Demands'!$I$5:$I$14,0),FALSE)*HLOOKUP(REG_TRA_DEMANDS!$F25,DEMANDS!$H$2:$CO$25,MATCH($E25,DEMANDS!$F$2:$F$25,0),FALSE)/HLOOKUP(2018,DEMANDS!$H$2:$CO$25,MATCH($E25,DEMANDS!$F$2:$F$25,0),FALSE) -> 0.21381833 | J25: =HLOOKUP(REG_TRA_DEMANDS!J$3,'BY-Demands'!$J$5:$AK$14,MATCH($E25,'BY-Demands'!$I$5:$I$14,0),FALSE)*HLOOKUP(REG_TRA_DEMANDS!$F25,DEMANDS!$H$2:$CO$25,MATCH($E25,DEMANDS!$F$2:$F$25,0),FALSE)/HLOOKUP(2018,DEMANDS!$H$2:$CO$25,MATCH($E25,DEMANDS!$F$2:$F$25,0),FALSE) -> 0.095358376 | K25: =HLOOKUP(REG_TRA_DEMANDS!K$3,'BY-Demands'!$J$5:$AK$14,MATCH($E25,'BY-Demands'!$I$5:$I$14,0),FALSE)*HLOOKUP(REG_TRA_DEMANDS!$F25,DEMANDS!$H$2:$CO$25,MATCH($E25,DEMANDS!$F$2:$F$25,0),FALSE)/HLOOKUP(2018,DEMANDS!$H$2:$CO$25,MATCH($E25,DEMANDS!$F$2:$F$25,0),FALSE) -> 0.081390765 | L25: =HLOOKUP(REG_TRA_DEMANDS!L$3,'BY-Demands'!$J$5:$AK$14,MATCH($E25,'BY-Demands'!$I$5:$I$14,0),FALSE)*HLOOKUP(REG_TRA_DEMANDS!$F25,DEMANDS!$H$2:$CO$25,MATCH($E25,DEMANDS!$F$2:$F$25,0),FALSE)/HLOOKUP(2018,DEMANDS!$H$2:$CO$25,MATCH($E25,DEMANDS!$F$2:$F$25,0),FALSE) -> 0.03927748 | M25: =HLOOKUP(REG_TRA_DEMANDS!M$3,'BY-Demands'!$J$5:$AK$14,MATCH($E25,'BY-Demands'!$I$5:$I$14,0),FALSE)*HLOOKUP(REG_TRA_DEMANDS!$F25,DEMANDS!$H$2:$CO$25,MATCH($E25,DEMANDS!$F$2:$F$25,0),FALSE)/HLOOKUP(2018,DEMANDS!$H$2:$CO$25,MATCH($E25,DEMANDS!$F$2:$F$25,0),FALSE) -> 0.12385288 | N25: =HLOOKUP(REG_TRA_DEMANDS!N$3,'BY-Demands'!$J$5:$AK$14,MATCH($E25,'BY-Demands'!$I$5:$I$14,0),FALSE)*HLOOKUP(REG_TRA_DEMANDS!$F25,DEMANDS!$H$2:$CO$25,MATCH($E25,DEMANDS!$F$2:$F$25,0),FALSE)/HLOOKUP(2018,DEMANDS!$H$2:$CO$25,MATCH($E25,DEMANDS!$F$2:$F$25,0),FALSE) -> 0.18743026 | ... AF25: =HLOOKUP(REG_TRA_DEMANDS!AF$3,'BY-Demands'!$J$5:$AK$14,MATCH($E25,'BY-Demands'!$I$5:$I$14,0),FALSE)*HLOOKUP(REG_TRA_DEMANDS!$F25,DEMANDS!$H$2:$CO$25,MATCH($E25,DEMANDS!$F$2:$F$25,0),FALSE)/HLOOKUP(2018,DEMANDS!$H$2:$CO$25,MATCH($E25,DEMANDS!$F$2:$F$25,0),FALSE) -> 0.058989734
D26: COM_PROJ | E26: TNAV | F26: 2030 | G26: =HLOOKUP(REG_TRA_DEMANDS!G$3,'BY-Demands'!$J$5:$AK$14,MATCH($E26,'BY-Demands'!$I$5:$I$14,0),FALSE)*HLOOKUP(REG_TRA_DEMANDS!$F26,DEMANDS!$H$2:$CO$25,MATCH($E26,DEMANDS!$F$2:$F$25,0),FALSE)/HLOOKUP(2018,DEMANDS!$H$2:$CO$25,MATCH($E26,DEMANDS!$F$2:$F$25,0),FALSE) -> 0.050474527 | H26: =HLOOKUP(REG_TRA_DEMANDS!H$3,'BY-Demands'!$J$5:$AK$14,MATCH($E26,'BY-Demands'!$I$5:$I$14,0),FALSE)*HLOOKUP(REG_TRA_DEMANDS!$F26,DEMANDS!$H$2:$CO$25,MATCH($E26,DEMANDS!$F$2:$F$25,0),FALSE)/HLOOKUP(2018,DEMANDS!$H$2:$CO$25,MATCH($E26,DEMANDS!$F$2:$F$25,0),FALSE) -> 1.1945357 | I26: =HLOOKUP(REG_TRA_DEMANDS!I$3,'BY-Demands'!$J$5:$AK$14,MATCH($E26,'BY-Demands'!$I$5:$I$14,0),FALSE)*HLOOKUP(REG_TRA_DEMANDS!$F26,DEMANDS!$H$2:$CO$25,MATCH($E26,DEMANDS!$F$2:$F$25,0),FALSE)/HLOOKUP(2018,DEMANDS!$H$2:$CO$25,MATCH($E26,DEMANDS!$F$2:$F$25,0),FALSE) -> 0.19726664 | J26: =HLOOKUP(REG_TRA_DEMANDS!J$3,'BY-Demands'!$J$5:$AK$14,MATCH($E26,'BY-Demands'!$I$5:$I$14,0),FALSE)*HLOOKUP(REG_TRA_DEMANDS!$F26,DEMANDS!$H$2:$CO$25,MATCH($E26,DEMANDS!$F$2:$F$25,0),FALSE)/HLOOKUP(2018,DEMANDS!$H$2:$CO$25,MATCH($E26,DEMANDS!$F$2:$F$25,0),FALSE) -> 0.087976678 | K26: =HLOOKUP(REG_TRA_DEMANDS!K$3,'BY-Demands'!$J$5:$AK$14,MATCH($E26,'BY-Demands'!$I$5:$I$14,0),FALSE)*HLOOKUP(REG_TRA_DEMANDS!$F26,DEMANDS!$H$2:$CO$25,MATCH($E26,DEMANDS!$F$2:$F$25,0),FALSE)/HLOOKUP(2018,DEMANDS!$H$2:$CO$25,MATCH($E26,DEMANDS!$F$2:$F$25,0),FALSE) -> 0.075090301 | L26: =HLOOKUP(REG_TRA_DEMANDS!L$3,'BY-Demands'!$J$5:$AK$14,MATCH($E26,'BY-Demands'!$I$5:$I$14,0),FALSE)*HLOOKUP(REG_TRA_DEMANDS!$F26,DEMANDS!$H$2:$CO$25,MATCH($E26,DEMANDS!$F$2:$F$25,0),FALSE)/HLOOKUP(2018,DEMANDS!$H$2:$CO$25,MATCH($E26,DEMANDS!$F$2:$F$25,0),FALSE) -> 0.036237008 | M26: =HLOOKUP(REG_TRA_DEMANDS!M$3,'BY-Demands'!$J$5:$AK$14,MATCH($E26,'BY-Demands'!$I$5:$I$14,0),FALSE)*HLOOKUP(REG_TRA_DEMANDS!$F26,DEMANDS!$H$2:$CO$25,MATCH($E26,DEMANDS!$F$2:$F$25,0),FALSE)/HLOOKUP(2018,DEMANDS!$H$2:$CO$25,MATCH($E26,DEMANDS!$F$2:$F$25,0),FALSE) -> 0.11426542 | N26: =HLOOKUP(REG_TRA_DEMANDS!N$3,'BY-Demands'!$J$5:$AK$14,MATCH($E26,'BY-Demands'!$I$5:$I$14,0),FALSE)*HLOOKUP(REG_TRA_DEMANDS!$F26,DEMANDS!$H$2:$CO$25,MATCH($E26,DEMANDS!$F$2:$F$25,0),FALSE)/HLOOKUP(2018,DEMANDS!$H$2:$CO$25,MATCH($E26,DEMANDS!$F$2:$F$25,0),FALSE) -> 0.17292127 | ... AF26: =HLOOKUP(REG_TRA_DEMANDS!AF$3,'BY-Demands'!$J$5:$AK$14,MATCH($E26,'BY-Demands'!$I$5:$I$14,0),FALSE)*HLOOKUP(REG_TRA_DEMANDS!$F26,DEMANDS!$H$2:$CO$25,MATCH($E26,DEMANDS!$F$2:$F$25,0),FALSE)/HLOOKUP(2018,DEMANDS!$H$2:$CO$25,MATCH($E26,DEMANDS!$F$2:$F$25,0),FALSE) -> 0.054423335
D27: COM_PROJ | E27: TNAV | F27: 2050 | G27: =HLOOKUP(REG_TRA_DEMANDS!G$3,'BY-Demands'!$J$5:$AK$14,MATCH($E27,'BY-Demands'!$I$5:$I$14,0),FALSE)*HLOOKUP(REG_TRA_DEMANDS!$F27,DEMANDS!$H$2:$CO$25,MATCH($E27,DEMANDS!$F$2:$F$25,0),FALSE)/HLOOKUP(2018,DEMANDS!$H$2:$CO$25,MATCH($E27,DEMANDS!$F$2:$F$25,0),FALSE) -> 0.04200438 | H27: =HLOOKUP(REG_TRA_DEMANDS!H$3,'BY-Demands'!$J$5:$AK$14,MATCH($E27,'BY-Demands'!$I$5:$I$14,0),FALSE)*HLOOKUP(REG_TRA_DEMANDS!$F27,DEMANDS!$H$2:$CO$25,MATCH($E27,DEMANDS!$F$2:$F$25,0),FALSE)/HLOOKUP(2018,DEMANDS!$H$2:$CO$25,MATCH($E27,DEMANDS!$F$2:$F$25,0),FALSE) -> 0.99408029 | I27: =HLOOKUP(REG_TRA_DEMANDS!I$3,'BY-Demands'!$J$5:$AK$14,MATCH($E27,'BY-Demands'!$I$5:$I$14,0),FALSE)*HLOOKUP(REG_TRA_DEMANDS!$F27,DEMANDS!$H$2:$CO$25,MATCH($E27,DEMANDS!$F$2:$F$25,0),FALSE)/HLOOKUP(2018,DEMANDS!$H$2:$CO$25,MATCH($E27,DEMANDS!$F$2:$F$25,0),FALSE) -> 0.16416326 | J27: =HLOOKUP(REG_TRA_DEMANDS!J$3,'BY-Demands'!$J$5:$AK$14,MATCH($E27,'BY-Demands'!$I$5:$I$14,0),FALSE)*HLOOKUP(REG_TRA_DEMANDS!$F27,DEMANDS!$H$2:$CO$25,MATCH($E27,DEMANDS!$F$2:$F$25,0),FALSE)/HLOOKUP(2018,DEMANDS!$H$2:$CO$25,MATCH($E27,DEMANDS!$F$2:$F$25,0),FALSE) -> 0.073213282 | K27: =HLOOKUP(REG_TRA_DEMANDS!K$3,'BY-Demands'!$J$5:$AK$14,MATCH($E27,'BY-Demands'!$I$5:$I$14,0),FALSE)*HLOOKUP(REG_TRA_DEMANDS!$F27,DEMANDS!$H$2:$CO$25,MATCH($E27,DEMANDS!$F$2:$F$25,0),FALSE)/HLOOKUP(2018,DEMANDS!$H$2:$CO$25,MATCH($E27,DEMANDS!$F$2:$F$25,0),FALSE) -> 0.062489372 | L27: =HLOOKUP(REG_TRA_DEMANDS!L$3,'BY-Demands'!$J$5:$AK$14,MATCH($E27,'BY-Demands'!$I$5:$I$14,0),FALSE)*HLOOKUP(REG_TRA_DEMANDS!$F27,DEMANDS!$H$2:$CO$25,MATCH($E27,DEMANDS!$F$2:$F$25,0),FALSE)/HLOOKUP(2018,DEMANDS!$H$2:$CO$25,MATCH($E27,DEMANDS!$F$2:$F$25,0),FALSE) -> 0.030156063 | M27: =HLOOKUP(REG_TRA_DEMANDS!M$3,'BY-Demands'!$J$5:$AK$14,MATCH($E27,'BY-Demands'!$I$5:$I$14,0),FALSE)*HLOOKUP(REG_TRA_DEMANDS!$F27,DEMANDS!$H$2:$CO$25,MATCH($E27,DEMANDS!$F$2:$F$25,0),FALSE)/HLOOKUP(2018,DEMANDS!$H$2:$CO$25,MATCH($E27,DEMANDS!$F$2:$F$25,0),FALSE) -> 0.095090502 | N27: =HLOOKUP(REG_TRA_DEMANDS!N$3,'BY-Demands'!$J$5:$AK$14,MATCH($E27,'BY-Demands'!$I$5:$I$14,0),FALSE)*HLOOKUP(REG_TRA_DEMANDS!$F27,DEMANDS!$H$2:$CO$25,MATCH($E27,DEMANDS!$F$2:$F$25,0),FALSE)/HLOOKUP(2018,DEMANDS!$H$2:$CO$25,MATCH($E27,DEMANDS!$F$2:$F$25,0),FALSE) -> 0.14390329 | ... AF27: =HLOOKUP(REG_TRA_DEMANDS!AF$3,'BY-Demands'!$J$5:$AK$14,MATCH($E27,'BY-Demands'!$I$5:$I$14,0),FALSE)*HLOOKUP(REG_TRA_DEMANDS!$F27,DEMANDS!$H$2:$CO$25,MATCH($E27,DEMANDS!$F$2:$F$25,0),FALSE)/HLOOKUP(2018,DEMANDS!$H$2:$CO$25,MATCH($E27,DEMANDS!$F$2:$F$25,0),FALSE) -> 0.045290537
D28: COM_PROJ | E28: =DEMANDS!$F$23 -> TOTH | F28: 2019 | G28: =HLOOKUP(REG_TRA_DEMANDS!G$3,'BY-Demands'!$J$5:$AK$14,MATCH($E28,'BY-Demands'!$I$5:$I$14,0),FALSE)*HLOOKUP(REG_TRA_DEMANDS!$F28,DEMANDS!$H$2:$CO$25,MATCH($E28,DEMANDS!$F$2:$F$25,0),FALSE)/HLOOKUP(2018,DEMANDS!$H$2:$CO$25,MATCH($E28,DEMANDS!$F$2:$F$25,0),FALSE) -> 0.19914963 | H28: =HLOOKUP(REG_TRA_DEMANDS!H$3,'BY-Demands'!$J$5:$AK$14,MATCH($E28,'BY-Demands'!$I$5:$I$14,0),FALSE)*HLOOKUP(REG_TRA_DEMANDS!$F28,DEMANDS!$H$2:$CO$25,MATCH($E28,DEMANDS!$F$2:$F$25,0),FALSE)/HLOOKUP(2018,DEMANDS!$H$2:$CO$25,MATCH($E28,DEMANDS!$F$2:$F$25,0),FALSE) -> 4.7130972 | I28: =HLOOKUP(REG_TRA_DEMANDS!I$3,'BY-Demands'!$J$5:$AK$14,MATCH($E28,'BY-Demands'!$I$5:$I$14,0),FALSE)*HLOOKUP(REG_TRA_DEMANDS!$F28,DEMANDS!$H$2:$CO$25,MATCH($E28,DEMANDS!$F$2:$F$25,0),FALSE)/HLOOKUP(2018,DEMANDS!$H$2:$CO$25,MATCH($E28,DEMANDS!$F$2:$F$25,0),FALSE) -> 0.77832483 | J28: =HLOOKUP(REG_TRA_DEMANDS!J$3,'BY-Demands'!$J$5:$AK$14,MATCH($E28,'BY-Demands'!$I$5:$I$14,0),FALSE)*HLOOKUP(REG_TRA_DEMANDS!$F28,DEMANDS!$H$2:$CO$25,MATCH($E28,DEMANDS!$F$2:$F$25,0),FALSE)/HLOOKUP(2018,DEMANDS!$H$2:$CO$25,MATCH($E28,DEMANDS!$F$2:$F$25,0),FALSE) -> 0.34711614 | K28: =HLOOKUP(REG_TRA_DEMANDS!K$3,'BY-Demands'!$J$5:$AK$14,MATCH($E28,'BY-Demands'!$I$5:$I$14,0),FALSE)*HLOOKUP(REG_TRA_DEMANDS!$F28,DEMANDS!$H$2:$CO$25,MATCH($E28,DEMANDS!$F$2:$F$25,0),FALSE)/HLOOKUP(2018,DEMANDS!$H$2:$CO$25,MATCH($E28,DEMANDS!$F$2:$F$25,0),FALSE) -> 0.29627233 | L28: =HLOOKUP(REG_TRA_DEMANDS!L$3,'BY-Demands'!$J$5:$AK$14,MATCH($E28,'BY-Demands'!$I$5:$I$14,0),FALSE)*HLOOKUP(REG_TRA_DEMANDS!$F28,DEMANDS!$H$2:$CO$25,MATCH($E28,DEMANDS!$F$2:$F$25,0),FALSE)/HLOOKUP(2018,DEMANDS!$H$2:$CO$25,MATCH($E28,DEMANDS!$F$2:$F$25,0),FALSE) -> 0.14297483 | M28: =HLOOKUP(REG_TRA_DEMANDS!M$3,'BY-Demands'!$J$5:$AK$14,MATCH($E28,'BY-Demands'!$I$5:$I$14,0),FALSE)*HLOOKUP(REG_TRA_DEMANDS!$F28,DEMANDS!$H$2:$CO$25,MATCH($E28,DEMANDS!$F$2:$F$25,0),FALSE)/HLOOKUP(2018,DEMANDS!$H$2:$CO$25,MATCH($E28,DEMANDS!$F$2:$F$25,0),FALSE) -> 0.45083962 | N28: =HLOOKUP(REG_TRA_DEMANDS!N$3,'BY-Demands'!$J$5:$AK$14,MATCH($E28,'BY-Demands'!$I$5:$I$14,0),FALSE)*HLOOKUP(REG_TRA_DEMANDS!$F28,DEMANDS!$H$2:$CO$25,MATCH($E28,DEMANDS!$F$2:$F$25,0),FALSE)/HLOOKUP(2018,DEMANDS!$H$2:$CO$25,MATCH($E28,DEMANDS!$F$2:$F$25,0),FALSE) -> 0.68226903 | ... AF28: =HLOOKUP(REG_TRA_DEMANDS!AF$3,'BY-Demands'!$J$5:$AK$14,MATCH($E28,'BY-Demands'!$I$5:$I$14,0),FALSE)*HLOOKUP(REG_TRA_DEMANDS!$F28,DEMANDS!$H$2:$CO$25,MATCH($E28,DEMANDS!$F$2:$F$25,0),FALSE)/HLOOKUP(2018,DEMANDS!$H$2:$CO$25,MATCH($E28,DEMANDS!$F$2:$F$25,0),FALSE) -> 0.21472984
D29: COM_PROJ | E29: =DEMANDS!$F$23 -> TOTH | F29: 2020 | G29: =HLOOKUP(REG_TRA_DEMANDS!G$3,'BY-Demands'!$J$5:$AK$14,MATCH($E29,'BY-Demands'!$I$5:$I$14,0),FALSE)*HLOOKUP(REG_TRA_DEMANDS!$F29,DEMANDS!$H$2:$CO$25,MATCH($E29,DEMANDS!$F$2:$F$25,0),FALSE)/HLOOKUP(2018,DEMANDS!$H$2:$CO$25,MATCH($E29,DEMANDS!$F$2:$F$25,0),FALSE) -> 0.27200037 | H29: =HLOOKUP(REG_TRA_DEMANDS!H$3,'BY-Demands'!$J$5:$AK$14,MATCH($E29,'BY-Demands'!$I$5:$I$14,0),FALSE)*HLOOKUP(REG_TRA_DEMANDS!$F29,DEMANDS!$H$2:$CO$25,MATCH($E29,DEMANDS!$F$2:$F$25,0),FALSE)/HLOOKUP(2018,DEMANDS!$H$2:$CO$25,MATCH($E29,DEMANDS!$F$2:$F$25,0),FALSE) -> 6.4371907 | I29: =HLOOKUP(REG_TRA_DEMANDS!I$3,'BY-Demands'!$J$5:$AK$14,MATCH($E29,'BY-Demands'!$I$5:$I$14,0),FALSE)*HLOOKUP(REG_TRA_DEMANDS!$F29,DEMANDS!$H$2:$CO$25,MATCH($E29,DEMANDS!$F$2:$F$25,0),FALSE)/HLOOKUP(2018,DEMANDS!$H$2:$CO$25,MATCH($E29,DEMANDS!$F$2:$F$25,0),FALSE) -> 1.0630431 | J29: =HLOOKUP(REG_TRA_DEMANDS!J$3,'BY-Demands'!$J$5:$AK$14,MATCH($E29,'BY-Demands'!$I$5:$I$14,0),FALSE)*HLOOKUP(REG_TRA_DEMANDS!$F29,DEMANDS!$H$2:$CO$25,MATCH($E29,DEMANDS!$F$2:$F$25,0),FALSE)/HLOOKUP(2018,DEMANDS!$H$2:$CO$25,MATCH($E29,DEMANDS!$F$2:$F$25,0),FALSE) -> 0.47409436 | K29: =HLOOKUP(REG_TRA_DEMANDS!K$3,'BY-Demands'!$J$5:$AK$14,MATCH($E29,'BY-Demands'!$I$5:$I$14,0),FALSE)*HLOOKUP(REG_TRA_DEMANDS!$F29,DEMANDS!$H$2:$CO$25,MATCH($E29,DEMANDS!$F$2:$F$25,0),FALSE)/HLOOKUP(2018,DEMANDS!$H$2:$CO$25,MATCH($E29,DEMANDS!$F$2:$F$25,0),FALSE) -> 0.40465143 | L29: =HLOOKUP(REG_TRA_DEMANDS!L$3,'BY-Demands'!$J$5:$AK$14,MATCH($E29,'BY-Demands'!$I$5:$I$14,0),FALSE)*HLOOKUP(REG_TRA_DEMANDS!$F29,DEMANDS!$H$2:$CO$25,MATCH($E29,DEMANDS!$F$2:$F$25,0),FALSE)/HLOOKUP(2018,DEMANDS!$H$2:$CO$25,MATCH($E29,DEMANDS!$F$2:$F$25,0),FALSE) -> 0.19527631 | M29: =HLOOKUP(REG_TRA_DEMANDS!M$3,'BY-Demands'!$J$5:$AK$14,MATCH($E29,'BY-Demands'!$I$5:$I$14,0),FALSE)*HLOOKUP(REG_TRA_DEMANDS!$F29,DEMANDS!$H$2:$CO$25,MATCH($E29,DEMANDS!$F$2:$F$25,0),FALSE)/HLOOKUP(2018,DEMANDS!$H$2:$CO$25,MATCH($E29,DEMANDS!$F$2:$F$25,0),FALSE) -> 0.61576082 | N29: =HLOOKUP(REG_TRA_DEMANDS!N$3,'BY-Demands'!$J$5:$AK$14,MATCH($E29,'BY-Demands'!$I$5:$I$14,0),FALSE)*HLOOKUP(REG_TRA_DEMANDS!$F29,DEMANDS!$H$2:$CO$25,MATCH($E29,DEMANDS!$F$2:$F$25,0),FALSE)/HLOOKUP(2018,DEMANDS!$H$2:$CO$25,MATCH($E29,DEMANDS!$F$2:$F$25,0),FALSE) -> 0.93184921 | ... AF29: =HLOOKUP(REG_TRA_DEMANDS!AF$3,'BY-Demands'!$J$5:$AK$14,MATCH($E29,'BY-Demands'!$I$5:$I$14,0),FALSE)*HLOOKUP(REG_TRA_DEMANDS!$F29,DEMANDS!$H$2:$CO$25,MATCH($E29,DEMANDS!$F$2:$F$25,0),FALSE)/HLOOKUP(2018,DEMANDS!$H$2:$CO$25,MATCH($E29,DEMANDS!$F$2:$F$25,0),FALSE) -> 0.29327996
D30: COM_PROJ | E30: =DEMANDS!$F$23 -> TOTH | F30: 2030 | G30: =HLOOKUP(REG_TRA_DEMANDS!G$3,'BY-Demands'!$J$5:$AK$14,MATCH($E30,'BY-Demands'!$I$5:$I$14,0),FALSE)*HLOOKUP(REG_TRA_DEMANDS!$F30,DEMANDS!$H$2:$CO$25,MATCH($E30,DEMANDS!$F$2:$F$25,0),FALSE)/HLOOKUP(2018,DEMANDS!$H$2:$CO$25,MATCH($E30,DEMANDS!$F$2:$F$25,0),FALSE) -> 0 | H30: =HLOOKUP(REG_TRA_DEMANDS!H$3,'BY-Demands'!$J$5:$AK$14,MATCH($E30,'BY-Demands'!$I$5:$I$14,0),FALSE)*HLOOKUP(REG_TRA_DEMANDS!$F30,DEMANDS!$H$2:$CO$25,MATCH($E30,DEMANDS!$F$2:$F$25,0),FALSE)/HLOOKUP(2018,DEMANDS!$H$2:$CO$25,MATCH($E30,DEMANDS!$F$2:$F$25,0),FALSE) -> 0 | I30: =HLOOKUP(REG_TRA_DEMANDS!I$3,'BY-Demands'!$J$5:$AK$14,MATCH($E30,'BY-Demands'!$I$5:$I$14,0),FALSE)*HLOOKUP(REG_TRA_DEMANDS!$F30,DEMANDS!$H$2:$CO$25,MATCH($E30,DEMANDS!$F$2:$F$25,0),FALSE)/HLOOKUP(2018,DEMANDS!$H$2:$CO$25,MATCH($E30,DEMANDS!$F$2:$F$25,0),FALSE) -> 0 | J30: =HLOOKUP(REG_TRA_DEMANDS!J$3,'BY-Demands'!$J$5:$AK$14,MATCH($E30,'BY-Demands'!$I$5:$I$14,0),FALSE)*HLOOKUP(REG_TRA_DEMANDS!$F30,DEMANDS!$H$2:$CO$25,MATCH($E30,DEMANDS!$F$2:$F$25,0),FALSE)/HLOOKUP(2018,DEMANDS!$H$2:$CO$25,MATCH($E30,DEMANDS!$F$2:$F$25,0),FALSE) -> 0 | K30: =HLOOKUP(REG_TRA_DEMANDS!K$3,'BY-Demands'!$J$5:$AK$14,MATCH($E30,'BY-Demands'!$I$5:$I$14,0),FALSE)*HLOOKUP(REG_TRA_DEMANDS!$F30,DEMANDS!$H$2:$CO$25,MATCH($E30,DEMANDS!$F$2:$F$25,0),FALSE)/HLOOKUP(2018,DEMANDS!$H$2:$CO$25,MATCH($E30,DEMANDS!$F$2:$F$25,0),FALSE) -> 0 | L30: =HLOOKUP(REG_TRA_DEMANDS!L$3,'BY-Demands'!$J$5:$AK$14,MATCH($E30,'BY-Demands'!$I$5:$I$14,0),FALSE)*HLOOKUP(REG_TRA_DEMANDS!$F30,DEMANDS!$H$2:$CO$25,MATCH($E30,DEMANDS!$F$2:$F$25,0),FALSE)/HLOOKUP(2018,DEMANDS!$H$2:$CO$25,MATCH($E30,DEMANDS!$F$2:$F$25,0),FALSE) -> 0 | M30: =HLOOKUP(REG_TRA_DEMANDS!M$3,'BY-Demands'!$J$5:$AK$14,MATCH($E30,'BY-Demands'!$I$5:$I$14,0),FALSE)*HLOOKUP(REG_TRA_DEMANDS!$F30,DEMANDS!$H$2:$CO$25,MATCH($E30,DEMANDS!$F$2:$F$25,0),FALSE)/HLOOKUP(2018,DEMANDS!$H$2:$CO$25,MATCH($E30,DEMANDS!$F$2:$F$25,0),FALSE) -> 0 | N30: =HLOOKUP(REG_TRA_DEMANDS!N$3,'BY-Demands'!$J$5:$AK$14,MATCH($E30,'BY-Demands'!$I$5:$I$14,0),FALSE)*HLOOKUP(REG_TRA_DEMANDS!$F30,DEMANDS!$H$2:$CO$25,MATCH($E30,DEMANDS!$F$2:$F$25,0),FALSE)/HLOOKUP(2018,DEMANDS!$H$2:$CO$25,MATCH($E30,DEMANDS!$F$2:$F$25,0),FALSE) -> 0 | ... AF30: =HLOOKUP(REG_TRA_DEMANDS!AF$3,'BY-Demands'!$J$5:$AK$14,MATCH($E30,'BY-Demands'!$I$5:$I$14,0),FALSE)*HLOOKUP(REG_TRA_DEMANDS!$F30,DEMANDS!$H$2:$CO$25,MATCH($E30,DEMANDS!$F$2:$F$25,0),FALSE)/HLOOKUP(2018,DEMANDS!$H$2:$CO$25,MATCH($E30,DEMANDS!$F$2:$F$25,0),FALSE) -> 0
D31: COM_PROJ | E31: =DEMANDS!$F$23 -> TOTH | F31: 2050 | G31: =HLOOKUP(REG_TRA_DEMANDS!G$3,'BY-Demands'!$J$5:$AK$14,MATCH($E31,'BY-Demands'!$I$5:$I$14,0),FALSE)*HLOOKUP(REG_TRA_DEMANDS!$F31,DEMANDS!$H$2:$CO$25,MATCH($E31,DEMANDS!$F$2:$F$25,0),FALSE)/HLOOKUP(2018,DEMANDS!$H$2:$CO$25,MATCH($E31,DEMANDS!$F$2:$F$25,0),FALSE) -> 0 | H31: =HLOOKUP(REG_TRA_DEMANDS!H$3,'BY-Demands'!$J$5:$AK$14,MATCH($E31,'BY-Demands'!$I$5:$I$14,0),FALSE)*HLOOKUP(REG_TRA_DEMANDS!$F31,DEMANDS!$H$2:$CO$25,MATCH($E31,DEMANDS!$F$2:$F$25,0),FALSE)/HLOOKUP(2018,DEMANDS!$H$2:$CO$25,MATCH($E31,DEMANDS!$F$2:$F$25,0),FALSE) -> 0 | I31: =HLOOKUP(REG_TRA_DEMANDS!I$3,'BY-Demands'!$J$5:$AK$14,MATCH($E31,'BY-Demands'!$I$5:$I$14,0),FALSE)*HLOOKUP(REG_TRA_DEMANDS!$F31,DEMANDS!$H$2:$CO$25,MATCH($E31,DEMANDS!$F$2:$F$25,0),FALSE)/HLOOKUP(2018,DEMANDS!$H$2:$CO$25,MATCH($E31,DEMANDS!$F$2:$F$25,0),FALSE) -> 0 | J31: =HLOOKUP(REG_TRA_DEMANDS!J$3,'BY-Demands'!$J$5:$AK$14,MATCH($E31,'BY-Demands'!$I$5:$I$14,0),FALSE)*HLOOKUP(REG_TRA_DEMANDS!$F31,DEMANDS!$H$2:$CO$25,MATCH($E31,DEMANDS!$F$2:$F$25,0),FALSE)/HLOOKUP(2018,DEMANDS!$H$2:$CO$25,MATCH($E31,DEMANDS!$F$2:$F$25,0),FALSE) -> 0 | K31: =HLOOKUP(REG_TRA_DEMANDS!K$3,'BY-Demands'!$J$5:$AK$14,MATCH($E31,'BY-Demands'!$I$5:$I$14,0),FALSE)*HLOOKUP(REG_TRA_DEMANDS!$F31,DEMANDS!$H$2:$CO$25,MATCH($E31,DEMANDS!$F$2:$F$25,0),FALSE)/HLOOKUP(2018,DEMANDS!$H$2:$CO$25,MATCH($E31,DEMANDS!$F$2:$F$25,0),FALSE) -> 0 | L31: =HLOOKUP(REG_TRA_DEMANDS!L$3,'BY-Demands'!$J$5:$AK$14,MATCH($E31,'BY-Demands'!$I$5:$I$14,0),FALSE)*HLOOKUP(REG_TRA_DEMANDS!$F31,DEMANDS!$H$2:$CO$25,MATCH($E31,DEMANDS!$F$2:$F$25,0),FALSE)/HLOOKUP(2018,DEMANDS!$H$2:$CO$25,MATCH($E31,DEMANDS!$F$2:$F$25,0),FALSE) -> 0 | M31: =HLOOKUP(REG_TRA_DEMANDS!M$3,'BY-Demands'!$J$5:$AK$14,MATCH($E31,'BY-Demands'!$I$5:$I$14,0),FALSE)*HLOOKUP(REG_TRA_DEMANDS!$F31,DEMANDS!$H$2:$CO$25,MATCH($E31,DEMANDS!$F$2:$F$25,0),FALSE)/HLOOKUP(2018,DEMANDS!$H$2:$CO$25,MATCH($E31,DEMANDS!$F$2:$F$25,0),FALSE) -> 0 | N31: =HLOOKUP(REG_TRA_DEMANDS!N$3,'BY-Demands'!$J$5:$AK$14,MATCH($E31,'BY-Demands'!$I$5:$I$14,0),FALSE)*HLOOKUP(REG_TRA_DEMANDS!$F31,DEMANDS!$H$2:$CO$25,MATCH($E31,DEMANDS!$F$2:$F$25,0),FALSE)/HLOOKUP(2018,DEMANDS!$H$2:$CO$25,MATCH($E31,DEMANDS!$F$2:$F$25,0),FALSE) -> 0 | ... AF31: =HLOOKUP(REG_TRA_DEMANDS!AF$3,'BY-Demands'!$J$5:$AK$14,MATCH($E31,'BY-Demands'!$I$5:$I$14,0),FALSE)*HLOOKUP(REG_TRA_DEMANDS!$F31,DEMANDS!$H$2:$CO$25,MATCH($E31,DEMANDS!$F$2:$F$25,0),FALSE)/HLOOKUP(2018,DEMANDS!$H$2:$CO$25,MATCH($E31,DEMANDS!$F$2:$F$25,0),FALSE) -> 0
D32: COM_PROJ | E32: {=DEMANDS!$F$24} -> TAVIDOM | F32: 2019 | G32: =HLOOKUP(REG_TRA_DEMANDS!G$3,'BY-Demands'!$J$5:$AK$14,MATCH($E32,'BY-Demands'!$I$5:$I$14,0),FALSE)*HLOOKUP(REG_TRA_DEMANDS!$F32,DEMANDS!$H$2:$CO$25,MATCH($E32,DEMANDS!$F$2:$F$25,0),FALSE)/HLOOKUP(2018,DEMANDS!$H$2:$CO$25,MATCH($E32,DEMANDS!$F$2:$F$25,0),FALSE) -> 0 | H32: =HLOOKUP(REG_TRA_DEMANDS!H$3,'BY-Demands'!$J$5:$AK$14,MATCH($E32,'BY-Demands'!$I$5:$I$14,0),FALSE)*HLOOKUP(REG_TRA_DEMANDS!$F32,DEMANDS!$H$2:$CO$25,MATCH($E32,DEMANDS!$F$2:$F$25,0),FALSE)/HLOOKUP(2018,DEMANDS!$H$2:$CO$25,MATCH($E32,DEMANDS!$F$2:$F$25,0),FALSE) -> 0.14613473 | I32: =HLOOKUP(REG_TRA_DEMANDS!I$3,'BY-Demands'!$J$5:$AK$14,MATCH($E32,'BY-Demands'!$I$5:$I$14,0),FALSE)*HLOOKUP(REG_TRA_DEMANDS!$F32,DEMANDS!$H$2:$CO$25,MATCH($E32,DEMANDS!$F$2:$F$25,0),FALSE)/HLOOKUP(2018,DEMANDS!$H$2:$CO$25,MATCH($E32,DEMANDS!$F$2:$F$25,0),FALSE) -> 0 | J32: =HLOOKUP(REG_TRA_DEMANDS!J$3,'BY-Demands'!$J$5:$AK$14,MATCH($E32,'BY-Demands'!$I$5:$I$14,0),FALSE)*HLOOKUP(REG_TRA_DEMANDS!$F32,DEMANDS!$H$2:$CO$25,MATCH($E32,DEMANDS!$F$2:$F$25,0),FALSE)/HLOOKUP(2018,DEMANDS!$H$2:$CO$25,MATCH($E32,DEMANDS!$F$2:$F$25,0),FALSE) -> 0 | K32: =HLOOKUP(REG_TRA_DEMANDS!K$3,'BY-Demands'!$J$5:$AK$14,MATCH($E32,'BY-Demands'!$I$5:$I$14,0),FALSE)*HLOOKUP(REG_TRA_DEMANDS!$F32,DEMANDS!$H$2:$CO$25,MATCH($E32,DEMANDS!$F$2:$F$25,0),FALSE)/HLOOKUP(2018,DEMANDS!$H$2:$CO$25,MATCH($E32,DEMANDS!$F$2:$F$25,0),FALSE) -> 0 | L32: =HLOOKUP(REG_TRA_DEMANDS!L$3,'BY-Demands'!$J$5:$AK$14,MATCH($E32,'BY-Demands'!$I$5:$I$14,0),FALSE)*HLOOKUP(REG_TRA_DEMANDS!$F32,DEMANDS!$H$2:$CO$25,MATCH($E32,DEMANDS!$F$2:$F$25,0),FALSE)/HLOOKUP(2018,DEMANDS!$H$2:$CO$25,MATCH($E32,DEMANDS!$F$2:$F$25,0),FALSE) -> 0 | M32: =HLOOKUP(REG_TRA_DEMANDS!M$3,'BY-Demands'!$J$5:$AK$14,MATCH($E32,'BY-Demands'!$I$5:$I$14,0),FALSE)*HLOOKUP(REG_TRA_DEMANDS!$F32,DEMANDS!$H$2:$CO$25,MATCH($E32,DEMANDS!$F$2:$F$25,0),FALSE)/HLOOKUP(2018,DEMANDS!$H$2:$CO$25,MATCH($E32,DEMANDS!$F$2:$F$25,0),FALSE) -> 0 | N32: =HLOOKUP(REG_TRA_DEMANDS!N$3,'BY-Demands'!$J$5:$AK$14,MATCH($E32,'BY-Demands'!$I$5:$I$14,0),FALSE)*HLOOKUP(REG_TRA_DEMANDS!$F32,DEMANDS!$H$2:$CO$25,MATCH($E32,DEMANDS!$F$2:$F$25,0),FALSE)/HLOOKUP(2018,DEMANDS!$H$2:$CO$25,MATCH($E32,DEMANDS!$F$2:$F$25,0),FALSE) -> 0 | ... AF32: =HLOOKUP(REG_TRA_DEMANDS!AF$3,'BY-Demands'!$J$5:$AK$14,MATCH($E32,'BY-Demands'!$I$5:$I$14,0),FALSE)*HLOOKUP(REG_TRA_DEMANDS!$F32,DEMANDS!$H$2:$CO$25,MATCH($E32,DEMANDS!$F$2:$F$25,0),FALSE)/HLOOKUP(2018,DEMANDS!$H$2:$CO$25,MATCH($E32,DEMANDS!$F$2:$F$25,0),FALSE) -> 0
D33: COM_PROJ | E33: TAVIDOM | F33: 2020 | G33: =HLOOKUP(REG_TRA_DEMANDS!G$3,'BY-Demands'!$J$5:$AK$14,MATCH($E33,'BY-Demands'!$I$5:$I$14,0),FALSE)*HLOOKUP(REG_TRA_DEMANDS!$F33,DEMANDS!$H$2:$CO$25,MATCH($E33,DEMANDS!$F$2:$F$25,0),FALSE)/HLOOKUP(2018,DEMANDS!$H$2:$CO$25,MATCH($E33,DEMANDS!$F$2:$F$25,0),FALSE) -> 0 | H33: =HLOOKUP(REG_TRA_DEMANDS!H$3,'BY-Demands'!$J$5:$AK$14,MATCH($E33,'BY-Demands'!$I$5:$I$14,0),FALSE)*HLOOKUP(REG_TRA_DEMANDS!$F33,DEMANDS!$H$2:$CO$25,MATCH($E33,DEMANDS!$F$2:$F$25,0),FALSE)/HLOOKUP(2018,DEMANDS!$H$2:$CO$25,MATCH($E33,DEMANDS!$F$2:$F$25,0),FALSE) -> 0.064093593 | I33: =HLOOKUP(REG_TRA_DEMANDS!I$3,'BY-Demands'!$J$5:$AK$14,MATCH($E33,'BY-Demands'!$I$5:$I$14,0),FALSE)*HLOOKUP(REG_TRA_DEMANDS!$F33,DEMANDS!$H$2:$CO$25,MATCH($E33,DEMANDS!$F$2:$F$25,0),FALSE)/HLOOKUP(2018,DEMANDS!$H$2:$CO$25,MATCH($E33,DEMANDS!$F$2:$F$25,0),FALSE) -> 0 | J33: =HLOOKUP(REG_TRA_DEMANDS!J$3,'BY-Demands'!$J$5:$AK$14,MATCH($E33,'BY-Demands'!$I$5:$I$14,0),FALSE)*HLOOKUP(REG_TRA_DEMANDS!$F33,DEMANDS!$H$2:$CO$25,MATCH($E33,DEMANDS!$F$2:$F$25,0),FALSE)/HLOOKUP(2018,DEMANDS!$H$2:$CO$25,MATCH($E33,DEMANDS!$F$2:$F$25,0),FALSE) -> 0 | K33: =HLOOKUP(REG_TRA_DEMANDS!K$3,'BY-Demands'!$J$5:$AK$14,MATCH($E33,'BY-Demands'!$I$5:$I$14,0),FALSE)*HLOOKUP(REG_TRA_DEMANDS!$F33,DEMANDS!$H$2:$CO$25,MATCH($E33,DEMANDS!$F$2:$F$25,0),FALSE)/HLOOKUP(2018,DEMANDS!$H$2:$CO$25,MATCH($E33,DEMANDS!$F$2:$F$25,0),FALSE) -> 0 | L33: =HLOOKUP(REG_TRA_DEMANDS!L$3,'BY-Demands'!$J$5:$AK$14,MATCH($E33,'BY-Demands'!$I$5:$I$14,0),FALSE)*HLOOKUP(REG_TRA_DEMANDS!$F33,DEMANDS!$H$2:$CO$25,MATCH($E33,DEMANDS!$F$2:$F$25,0),FALSE)/HLOOKUP(2018,DEMANDS!$H$2:$CO$25,MATCH($E33,DEMANDS!$F$2:$F$25,0),FALSE) -> 0 | M33: =HLOOKUP(REG_TRA_DEMANDS!M$3,'BY-Demands'!$J$5:$AK$14,MATCH($E33,'BY-Demands'!$I$5:$I$14,0),FALSE)*HLOOKUP(REG_TRA_DEMANDS!$F33,DEMANDS!$H$2:$CO$25,MATCH($E33,DEMANDS!$F$2:$F$25,0),FALSE)/HLOOKUP(2018,DEMANDS!$H$2:$CO$25,MATCH($E33,DEMANDS!$F$2:$F$25,0),FALSE) -> 0 | N33: =HLOOKUP(REG_TRA_DEMANDS!N$3,'BY-Demands'!$J$5:$AK$14,MATCH($E33,'BY-Demands'!$I$5:$I$14,0),FALSE)*HLOOKUP(REG_TRA_DEMANDS!$F33,DEMANDS!$H$2:$CO$25,MATCH($E33,DEMANDS!$F$2:$F$25,0),FALSE)/HLOOKUP(2018,DEMANDS!$H$2:$CO$25,MATCH($E33,DEMANDS!$F$2:$F$25,0),FALSE) -> 0 | ... AF33: =HLOOKUP(REG_TRA_DEMANDS!AF$3,'BY-Demands'!$J$5:$AK$14,MATCH($E33,'BY-Demands'!$I$5:$I$14,0),FALSE)*HLOOKUP(REG_TRA_DEMANDS!$F33,DEMANDS!$H$2:$CO$25,MATCH($E33,DEMANDS!$F$2:$F$25,0),FALSE)/HLOOKUP(2018,DEMANDS!$H$2:$CO$25,MATCH($E33,DEMANDS!$F$2:$F$25,0),FALSE) -> 0
D34: COM_PROJ | E34: TAVIDOM | F34: 2030 | G34: =HLOOKUP(REG_TRA_DEMANDS!G$3,'BY-Demands'!$J$5:$AK$14,MATCH($E34,'BY-Demands'!$I$5:$I$14,0),FALSE)*HLOOKUP(REG_TRA_DEMANDS!$F34,DEMANDS!$H$2:$CO$25,MATCH($E34,DEMANDS!$F$2:$F$25,0),FALSE)/HLOOKUP(2018,DEMANDS!$H$2:$CO$25,MATCH($E34,DEMANDS!$F$2:$F$25,0),FALSE) -> 0 | H34: =HLOOKUP(REG_TRA_DEMANDS!H$3,'BY-Demands'!$J$5:$AK$14,MATCH($E34,'BY-Demands'!$I$5:$I$14,0),FALSE)*HLOOKUP(REG_TRA_DEMANDS!$F34,DEMANDS!$H$2:$CO$25,MATCH($E34,DEMANDS!$F$2:$F$25,0),FALSE)/HLOOKUP(2018,DEMANDS!$H$2:$CO$25,MATCH($E34,DEMANDS!$F$2:$F$25,0),FALSE) -> 0.08805949 | I34: =HLOOKUP(REG_TRA_DEMANDS!I$3,'BY-Demands'!$J$5:$AK$14,MATCH($E34,'BY-Demands'!$I$5:$I$14,0),FALSE)*HLOOKUP(REG_TRA_DEMANDS!$F34,DEMANDS!$H$2:$CO$25,MATCH($E34,DEMANDS!$F$2:$F$25,0),FALSE)/HLOOKUP(2018,DEMANDS!$H$2:$CO$25,MATCH($E34,DEMANDS!$F$2:$F$25,0),FALSE) -> 0 | J34: =HLOOKUP(REG_TRA_DEMANDS!J$3,'BY-Demands'!$J$5:$AK$14,MATCH($E34,'BY-Demands'!$I$5:$I$14,0),FALSE)*HLOOKUP(REG_TRA_DEMANDS!$F34,DEMANDS!$H$2:$CO$25,MATCH($E34,DEMANDS!$F$2:$F$25,0),FALSE)/HLOOKUP(2018,DEMANDS!$H$2:$CO$25,MATCH($E34,DEMANDS!$F$2:$F$25,0),FALSE) -> 0 | K34: =HLOOKUP(REG_TRA_DEMANDS!K$3,'BY-Demands'!$J$5:$AK$14,MATCH($E34,'BY-Demands'!$I$5:$I$14,0),FALSE)*HLOOKUP(REG_TRA_DEMANDS!$F34,DEMANDS!$H$2:$CO$25,MATCH($E34,DEMANDS!$F$2:$F$25,0),FALSE)/HLOOKUP(2018,DEMANDS!$H$2:$CO$25,MATCH($E34,DEMANDS!$F$2:$F$25,0),FALSE) -> 0 | L34: =HLOOKUP(REG_TRA_DEMANDS!L$3,'BY-Demands'!$J$5:$AK$14,MATCH($E34,'BY-Demands'!$I$5:$I$14,0),FALSE)*HLOOKUP(REG_TRA_DEMANDS!$F34,DEMANDS!$H$2:$CO$25,MATCH($E34,DEMANDS!$F$2:$F$25,0),FALSE)/HLOOKUP(2018,DEMANDS!$H$2:$CO$25,MATCH($E34,DEMANDS!$F$2:$F$25,0),FALSE) -> 0 | M34: =HLOOKUP(REG_TRA_DEMANDS!M$3,'BY-Demands'!$J$5:$AK$14,MATCH($E34,'BY-Demands'!$I$5:$I$14,0),FALSE)*HLOOKUP(REG_TRA_DEMANDS!$F34,DEMANDS!$H$2:$CO$25,MATCH($E34,DEMANDS!$F$2:$F$25,0),FALSE)/HLOOKUP(2018,DEMANDS!$H$2:$CO$25,MATCH($E34,DEMANDS!$F$2:$F$25,0),FALSE) -> 0 | N34: =HLOOKUP(REG_TRA_DEMANDS!N$3,'BY-Demands'!$J$5:$AK$14,MATCH($E34,'BY-Demands'!$I$5:$I$14,0),FALSE)*HLOOKUP(REG_TRA_DEMANDS!$F34,DEMANDS!$H$2:$CO$25,MATCH($E34,DEMANDS!$F$2:$F$25,0),FALSE)/HLOOKUP(2018,DEMANDS!$H$2:$CO$25,MATCH($E34,DEMANDS!$F$2:$F$25,0),FALSE) -> 0 | ... AF34: =HLOOKUP(REG_TRA_DEMANDS!AF$3,'BY-Demands'!$J$5:$AK$14,MATCH($E34,'BY-Demands'!$I$5:$I$14,0),FALSE)*HLOOKUP(REG_TRA_DEMANDS!$F34,DEMANDS!$H$2:$CO$25,MATCH($E34,DEMANDS!$F$2:$F$25,0),FALSE)/HLOOKUP(2018,DEMANDS!$H$2:$CO$25,MATCH($E34,DEMANDS!$F$2:$F$25,0),FALSE) -> 0
D35: COM_PROJ | E35: TAVIDOM | F35: 2050 | G35: =HLOOKUP(REG_TRA_DEMANDS!G$3,'BY-Demands'!$J$5:$AK$14,MATCH($E35,'BY-Demands'!$I$5:$I$14,0),FALSE)*HLOOKUP(REG_TRA_DEMANDS!$F35,DEMANDS!$H$2:$CO$25,MATCH($E35,DEMANDS!$F$2:$F$25,0),FALSE)/HLOOKUP(2018,DEMANDS!$H$2:$CO$25,MATCH($E35,DEMANDS!$F$2:$F$25,0),FALSE) -> 0 | H35: =HLOOKUP(REG_TRA_DEMANDS!H$3,'BY-Demands'!$J$5:$AK$14,MATCH($E35,'BY-Demands'!$I$5:$I$14,0),FALSE)*HLOOKUP(REG_TRA_DEMANDS!$F35,DEMANDS!$H$2:$CO$25,MATCH($E35,DEMANDS!$F$2:$F$25,0),FALSE)/HLOOKUP(2018,DEMANDS!$H$2:$CO$25,MATCH($E35,DEMANDS!$F$2:$F$25,0),FALSE) -> 0.13599128 | I35: =HLOOKUP(REG_TRA_DEMANDS!I$3,'BY-Demands'!$J$5:$AK$14,MATCH($E35,'BY-Demands'!$I$5:$I$14,0),FALSE)*HLOOKUP(REG_TRA_DEMANDS!$F35,DEMANDS!$H$2:$CO$25,MATCH($E35,DEMANDS!$F$2:$F$25,0),FALSE)/HLOOKUP(2018,DEMANDS!$H$2:$CO$25,MATCH($E35,DEMANDS!$F$2:$F$25,0),FALSE) -> 0 | J35: =HLOOKUP(REG_TRA_DEMANDS!J$3,'BY-Demands'!$J$5:$AK$14,MATCH($E35,'BY-Demands'!$I$5:$I$14,0),FALSE)*HLOOKUP(REG_TRA_DEMANDS!$F35,DEMANDS!$H$2:$CO$25,MATCH($E35,DEMANDS!$F$2:$F$25,0),FALSE)/HLOOKUP(2018,DEMANDS!$H$2:$CO$25,MATCH($E35,DEMANDS!$F$2:$F$25,0),FALSE) -> 0 | K35: =HLOOKUP(REG_TRA_DEMANDS!K$3,'BY-Demands'!$J$5:$AK$14,MATCH($E35,'BY-Demands'!$I$5:$I$14,0),FALSE)*HLOOKUP(REG_TRA_DEMANDS!$F35,DEMANDS!$H$2:$CO$25,MATCH($E35,DEMANDS!$F$2:$F$25,0),FALSE)/HLOOKUP(2018,DEMANDS!$H$2:$CO$25,MATCH($E35,DEMANDS!$F$2:$F$25,0),FALSE) -> 0 | L35: =HLOOKUP(REG_TRA_DEMANDS!L$3,'BY-Demands'!$J$5:$AK$14,MATCH($E35,'BY-Demands'!$I$5:$I$14,0),FALSE)*HLOOKUP(REG_TRA_DEMANDS!$F35,DEMANDS!$H$2:$CO$25,MATCH($E35,DEMANDS!$F$2:$F$25,0),FALSE)/HLOOKUP(2018,DEMANDS!$H$2:$CO$25,MATCH($E35,DEMANDS!$F$2:$F$25,0),FALSE) -> 0 | M35: =HLOOKUP(REG_TRA_DEMANDS!M$3,'BY-Demands'!$J$5:$AK$14,MATCH($E35,'BY-Demands'!$I$5:$I$14,0),FALSE)*HLOOKUP(REG_TRA_DEMANDS!$F35,DEMANDS!$H$2:$CO$25,MATCH($E35,DEMANDS!$F$2:$F$25,0),FALSE)/HLOOKUP(2018,DEMANDS!$H$2:$CO$25,MATCH($E35,DEMANDS!$F$2:$F$25,0),FALSE) -> 0 | N35: =HLOOKUP(REG_TRA_DEMANDS!N$3,'BY-Demands'!$J$5:$AK$14,MATCH($E35,'BY-Demands'!$I$5:$I$14,0),FALSE)*HLOOKUP(REG_TRA_DEMANDS!$F35,DEMANDS!$H$2:$CO$25,MATCH($E35,DEMANDS!$F$2:$F$25,0),FALSE)/HLOOKUP(2018,DEMANDS!$H$2:$CO$25,MATCH($E35,DEMANDS!$F$2:$F$25,0),FALSE) -> 0 | ... AF35: =HLOOKUP(REG_TRA_DEMANDS!AF$3,'BY-Demands'!$J$5:$AK$14,MATCH($E35,'BY-Demands'!$I$5:$I$14,0),FALSE)*HLOOKUP(REG_TRA_DEMANDS!$F35,DEMANDS!$H$2:$CO$25,MATCH($E35,DEMANDS!$F$2:$F$25,0),FALSE)/HLOOKUP(2018,DEMANDS!$H$2:$CO$25,MATCH($E35,DEMANDS!$F$2:$F$25,0),FALSE) -> 0
D36: COM_PROJ | E36: =DEMANDS!$F$25 -> TAVIINT | F36: 2019 | G36: =HLOOKUP(REG_TRA_DEMANDS!G$3,'BY-Demands'!$J$5:$AK$14,MATCH($E36,'BY-Demands'!$I$5:$I$14,0),FALSE)*HLOOKUP(REG_TRA_DEMANDS!$F36,DEMANDS!$H$2:$CO$25,MATCH($E36,DEMANDS!$F$2:$F$25,0),FALSE)/HLOOKUP(2018,DEMANDS!$H$2:$CO$25,MATCH($E36,DEMANDS!$F$2:$F$25,0),FALSE) -> 0 | H36: =HLOOKUP(REG_TRA_DEMANDS!H$3,'BY-Demands'!$J$5:$AK$14,MATCH($E36,'BY-Demands'!$I$5:$I$14,0),FALSE)*HLOOKUP(REG_TRA_DEMANDS!$F36,DEMANDS!$H$2:$CO$25,MATCH($E36,DEMANDS!$F$2:$F$25,0),FALSE)/HLOOKUP(2018,DEMANDS!$H$2:$CO$25,MATCH($E36,DEMANDS!$F$2:$F$25,0),FALSE) -> 40.899619 | I36: =HLOOKUP(REG_TRA_DEMANDS!I$3,'BY-Demands'!$J$5:$AK$14,MATCH($E36,'BY-Demands'!$I$5:$I$14,0),FALSE)*HLOOKUP(REG_TRA_DEMANDS!$F36,DEMANDS!$H$2:$CO$25,MATCH($E36,DEMANDS!$F$2:$F$25,0),FALSE)/HLOOKUP(2018,DEMANDS!$H$2:$CO$25,MATCH($E36,DEMANDS!$F$2:$F$25,0),FALSE) -> 0 | J36: =HLOOKUP(REG_TRA_DEMANDS!J$3,'BY-Demands'!$J$5:$AK$14,MATCH($E36,'BY-Demands'!$I$5:$I$14,0),FALSE)*HLOOKUP(REG_TRA_DEMANDS!$F36,DEMANDS!$H$2:$CO$25,MATCH($E36,DEMANDS!$F$2:$F$25,0),FALSE)/HLOOKUP(2018,DEMANDS!$H$2:$CO$25,MATCH($E36,DEMANDS!$F$2:$F$25,0),FALSE) -> 0 | K36: =HLOOKUP(REG_TRA_DEMANDS!K$3,'BY-Demands'!$J$5:$AK$14,MATCH($E36,'BY-Demands'!$I$5:$I$14,0),FALSE)*HLOOKUP(REG_TRA_DEMANDS!$F36,DEMANDS!$H$2:$CO$25,MATCH($E36,DEMANDS!$F$2:$F$25,0),FALSE)/HLOOKUP(2018,DEMANDS!$H$2:$CO$25,MATCH($E36,DEMANDS!$F$2:$F$25,0),FALSE) -> 0 | L36: =HLOOKUP(REG_TRA_DEMANDS!L$3,'BY-Demands'!$J$5:$AK$14,MATCH($E36,'BY-Demands'!$I$5:$I$14,0),FALSE)*HLOOKUP(REG_TRA_DEMANDS!$F36,DEMANDS!$H$2:$CO$25,MATCH($E36,DEMANDS!$F$2:$F$25,0),FALSE)/HLOOKUP(2018,DEMANDS!$H$2:$CO$25,MATCH($E36,DEMANDS!$F$2:$F$25,0),FALSE) -> 0 | M36: =HLOOKUP(REG_TRA_DEMANDS!M$3,'BY-Demands'!$J$5:$AK$14,MATCH($E36,'BY-Demands'!$I$5:$I$14,0),FALSE)*HLOOKUP(REG_TRA_DEMANDS!$F36,DEMANDS!$H$2:$CO$25,MATCH($E36,DEMANDS!$F$2:$F$25,0),FALSE)/HLOOKUP(2018,DEMANDS!$H$2:$CO$25,MATCH($E36,DEMANDS!$F$2:$F$25,0),FALSE) -> 0 | N36: =HLOOKUP(REG_TRA_DEMANDS!N$3,'BY-Demands'!$J$5:$AK$14,MATCH($E36,'BY-Demands'!$I$5:$I$14,0),FALSE)*HLOOKUP(REG_TRA_DEMANDS!$F36,DEMANDS!$H$2:$CO$25,MATCH($E36,DEMANDS!$F$2:$F$25,0),FALSE)/HLOOKUP(2018,DEMANDS!$H$2:$CO$25,MATCH($E36,DEMANDS!$F$2:$F$25,0),FALSE) -> 0 | ... AF36: =HLOOKUP(REG_TRA_DEMANDS!AF$3,'BY-Demands'!$J$5:$AK$14,MATCH($E36,'BY-Demands'!$I$5:$I$14,0),FALSE)*HLOOKUP(REG_TRA_DEMANDS!$F36,DEMANDS!$H$2:$CO$25,MATCH($E36,DEMANDS!$F$2:$F$25,0),FALSE)/HLOOKUP(2018,DEMANDS!$H$2:$CO$25,MATCH($E36,DEMANDS!$F$2:$F$25,0),FALSE) -> 0
D37: COM_PROJ | E37: =DEMANDS!$F$25 -> TAVIINT | F37: 2020 | G37: =HLOOKUP(REG_TRA_DEMANDS!G$3,'BY-Demands'!$J$5:$AK$14,MATCH($E37,'BY-Demands'!$I$5:$I$14,0),FALSE)*HLOOKUP(REG_TRA_DEMANDS!$F37,DEMANDS!$H$2:$CO$25,MATCH($E37,DEMANDS!$F$2:$F$25,0),FALSE)/HLOOKUP(2018,DEMANDS!$H$2:$CO$25,MATCH($E37,DEMANDS!$F$2:$F$25,0),FALSE) -> 0 | H37: =HLOOKUP(REG_TRA_DEMANDS!H$3,'BY-Demands'!$J$5:$AK$14,MATCH($E37,'BY-Demands'!$I$5:$I$14,0),FALSE)*HLOOKUP(REG_TRA_DEMANDS!$F37,DEMANDS!$H$2:$CO$25,MATCH($E37,DEMANDS!$F$2:$F$25,0),FALSE)/HLOOKUP(2018,DEMANDS!$H$2:$CO$25,MATCH($E37,DEMANDS!$F$2:$F$25,0),FALSE) -> 14.586505 | I37: =HLOOKUP(REG_TRA_DEMANDS!I$3,'BY-Demands'!$J$5:$AK$14,MATCH($E37,'BY-Demands'!$I$5:$I$14,0),FALSE)*HLOOKUP(REG_TRA_DEMANDS!$F37,DEMANDS!$H$2:$CO$25,MATCH($E37,DEMANDS!$F$2:$F$25,0),FALSE)/HLOOKUP(2018,DEMANDS!$H$2:$CO$25,MATCH($E37,DEMANDS!$F$2:$F$25,0),FALSE) -> 0 | J37: =HLOOKUP(REG_TRA_DEMANDS!J$3,'BY-Demands'!$J$5:$AK$14,MATCH($E37,'BY-Demands'!$I$5:$I$14,0),FALSE)*HLOOKUP(REG_TRA_DEMANDS!$F37,DEMANDS!$H$2:$CO$25,MATCH($E37,DEMANDS!$F$2:$F$25,0),FALSE)/HLOOKUP(2018,DEMANDS!$H$2:$CO$25,MATCH($E37,DEMANDS!$F$2:$F$25,0),FALSE) -> 0 | K37: =HLOOKUP(REG_TRA_DEMANDS!K$3,'BY-Demands'!$J$5:$AK$14,MATCH($E37,'BY-Demands'!$I$5:$I$14,0),FALSE)*HLOOKUP(REG_TRA_DEMANDS!$F37,DEMANDS!$H$2:$CO$25,MATCH($E37,DEMANDS!$F$2:$F$25,0),FALSE)/HLOOKUP(2018,DEMANDS!$H$2:$CO$25,MATCH($E37,DEMANDS!$F$2:$F$25,0),FALSE) -> 0 | L37: =HLOOKUP(REG_TRA_DEMANDS!L$3,'BY-Demands'!$J$5:$AK$14,MATCH($E37,'BY-Demands'!$I$5:$I$14,0),FALSE)*HLOOKUP(REG_TRA_DEMANDS!$F37,DEMANDS!$H$2:$CO$25,MATCH($E37,DEMANDS!$F$2:$F$25,0),FALSE)/HLOOKUP(2018,DEMANDS!$H$2:$CO$25,MATCH($E37,DEMANDS!$F$2:$F$25,0),FALSE) -> 0 | M37: =HLOOKUP(REG_TRA_DEMANDS!M$3,'BY-Demands'!$J$5:$AK$14,MATCH($E37,'BY-Demands'!$I$5:$I$14,0),FALSE)*HLOOKUP(REG_TRA_DEMANDS!$F37,DEMANDS!$H$2:$CO$25,MATCH($E37,DEMANDS!$F$2:$F$25,0),FALSE)/HLOOKUP(2018,DEMANDS!$H$2:$CO$25,MATCH($E37,DEMANDS!$F$2:$F$25,0),FALSE) -> 0 | N37: =HLOOKUP(REG_TRA_DEMANDS!N$3,'BY-Demands'!$J$5:$AK$14,MATCH($E37,'BY-Demands'!$I$5:$I$14,0),FALSE)*HLOOKUP(REG_TRA_DEMANDS!$F37,DEMANDS!$H$2:$CO$25,MATCH($E37,DEMANDS!$F$2:$F$25,0),FALSE)/HLOOKUP(2018,DEMANDS!$H$2:$CO$25,MATCH($E37,DEMANDS!$F$2:$F$25,0),FALSE) -> 0 | ... AF37: =HLOOKUP(REG_TRA_DEMANDS!AF$3,'BY-Demands'!$J$5:$AK$14,MATCH($E37,'BY-Demands'!$I$5:$I$14,0),FALSE)*HLOOKUP(REG_TRA_DEMANDS!$F37,DEMANDS!$H$2:$CO$25,MATCH($E37,DEMANDS!$F$2:$F$25,0),FALSE)/HLOOKUP(2018,DEMANDS!$H$2:$CO$25,MATCH($E37,DEMANDS!$F$2:$F$25,0),FALSE) -> 0
D38: COM_PROJ | E38: =DEMANDS!$F$25 -> TAVIINT | F38: 2030 | G38: =HLOOKUP(REG_TRA_DEMANDS!G$3,'BY-Demands'!$J$5:$AK$14,MATCH($E38,'BY-Demands'!$I$5:$I$14,0),FALSE)*HLOOKUP(REG_TRA_DEMANDS!$F38,DEMANDS!$H$2:$CO$25,MATCH($E38,DEMANDS!$F$2:$F$25,0),FALSE)/HLOOKUP(2018,DEMANDS!$H$2:$CO$25,MATCH($E38,DEMANDS!$F$2:$F$25,0),FALSE) -> 0 | H38: =HLOOKUP(REG_TRA_DEMANDS!H$3,'BY-Demands'!$J$5:$AK$14,MATCH($E38,'BY-Demands'!$I$5:$I$14,0),FALSE)*HLOOKUP(REG_TRA_DEMANDS!$F38,DEMANDS!$H$2:$CO$25,MATCH($E38,DEMANDS!$F$2:$F$25,0),FALSE)/HLOOKUP(2018,DEMANDS!$H$2:$CO$25,MATCH($E38,DEMANDS!$F$2:$F$25,0),FALSE) -> 0 | I38: =HLOOKUP(REG_TRA_DEMANDS!I$3,'BY-Demands'!$J$5:$AK$14,MATCH($E38,'BY-Demands'!$I$5:$I$14,0),FALSE)*HLOOKUP(REG_TRA_DEMANDS!$F38,DEMANDS!$H$2:$CO$25,MATCH($E38,DEMANDS!$F$2:$F$25,0),FALSE)/HLOOKUP(2018,DEMANDS!$H$2:$CO$25,MATCH($E38,DEMANDS!$F$2:$F$25,0),FALSE) -> 0 | J38: =HLOOKUP(REG_TRA_DEMANDS!J$3,'BY-Demands'!$J$5:$AK$14,MATCH($E38,'BY-Demands'!$I$5:$I$14,0),FALSE)*HLOOKUP(REG_TRA_DEMANDS!$F38,DEMANDS!$H$2:$CO$25,MATCH($E38,DEMANDS!$F$2:$F$25,0),FALSE)/HLOOKUP(2018,DEMANDS!$H$2:$CO$25,MATCH($E38,DEMANDS!$F$2:$F$25,0),FALSE) -> 0 | K38: =HLOOKUP(REG_TRA_DEMANDS!K$3,'BY-Demands'!$J$5:$AK$14,MATCH($E38,'BY-Demands'!$I$5:$I$14,0),FALSE)*HLOOKUP(REG_TRA_DEMANDS!$F38,DEMANDS!$H$2:$CO$25,MATCH($E38,DEMANDS!$F$2:$F$25,0),FALSE)/HLOOKUP(2018,DEMANDS!$H$2:$CO$25,MATCH($E38,DEMANDS!$F$2:$F$25,0),FALSE) -> 0 | L38: =HLOOKUP(REG_TRA_DEMANDS!L$3,'BY-Demands'!$J$5:$AK$14,MATCH($E38,'BY-Demands'!$I$5:$I$14,0),FALSE)*HLOOKUP(REG_TRA_DEMANDS!$F38,DEMANDS!$H$2:$CO$25,MATCH($E38,DEMANDS!$F$2:$F$25,0),FALSE)/HLOOKUP(2018,DEMANDS!$H$2:$CO$25,MATCH($E38,DEMANDS!$F$2:$F$25,0),FALSE) -> 0 | M38: =HLOOKUP(REG_TRA_DEMANDS!M$3,'BY-Demands'!$J$5:$AK$14,MATCH($E38,'BY-Demands'!$I$5:$I$14,0),FALSE)*HLOOKUP(REG_TRA_DEMANDS!$F38,DEMANDS!$H$2:$CO$25,MATCH($E38,DEMANDS!$F$2:$F$25,0),FALSE)/HLOOKUP(2018,DEMANDS!$H$2:$CO$25,MATCH($E38,DEMANDS!$F$2:$F$25,0),FALSE) -> 0 | N38: =HLOOKUP(REG_TRA_DEMANDS!N$3,'BY-Demands'!$J$5:$AK$14,MATCH($E38,'BY-Demands'!$I$5:$I$14,0),FALSE)*HLOOKUP(REG_TRA_DEMANDS!$F38,DEMANDS!$H$2:$CO$25,MATCH($E38,DEMANDS!$F$2:$F$25,0),FALSE)/HLOOKUP(2018,DEMANDS!$H$2:$CO$25,MATCH($E38,DEMANDS!$F$2:$F$25,0),FALSE) -> 0 | ... AF38: =HLOOKUP(REG_TRA_DEMANDS!AF$3,'BY-Demands'!$J$5:$AK$14,MATCH($E38,'BY-Demands'!$I$5:$I$14,0),FALSE)*HLOOKUP(REG_TRA_DEMANDS!$F38,DEMANDS!$H$2:$CO$25,MATCH($E38,DEMANDS!$F$2:$F$25,0),FALSE)/HLOOKUP(2018,DEMANDS!$H$2:$CO$25,MATCH($E38,DEMANDS!$F$2:$F$25,0),FALSE) -> 0
D39: COM_PROJ | E39: =DEMANDS!$F$25 -> TAVIINT | F39: 2050 | G39: =HLOOKUP(REG_TRA_DEMANDS!G$3,'BY-Demands'!$J$5:$AK$14,MATCH($E39,'BY-Demands'!$I$5:$I$14,0),FALSE)*HLOOKUP(REG_TRA_DEMANDS!$F39,DEMANDS!$H$2:$CO$25,MATCH($E39,DEMANDS!$F$2:$F$25,0),FALSE)/HLOOKUP(2018,DEMANDS!$H$2:$CO$25,MATCH($E39,DEMANDS!$F$2:$F$25,0),FALSE) -> 0 | H39: =HLOOKUP(REG_TRA_DEMANDS!H$3,'BY-Demands'!$J$5:$AK$14,MATCH($E39,'BY-Demands'!$I$5:$I$14,0),FALSE)*HLOOKUP(REG_TRA_DEMANDS!$F39,DEMANDS!$H$2:$CO$25,MATCH($E39,DEMANDS!$F$2:$F$25,0),FALSE)/HLOOKUP(2018,DEMANDS!$H$2:$CO$25,MATCH($E39,DEMANDS!$F$2:$F$25,0),FALSE) -> 40.440163 | I39: =HLOOKUP(REG_TRA_DEMANDS!I$3,'BY-Demands'!$J$5:$AK$14,MATCH($E39,'BY-Demands'!$I$5:$I$14,0),FALSE)*HLOOKUP(REG_TRA_DEMANDS!$F39,DEMANDS!$H$2:$CO$25,MATCH($E39,DEMANDS!$F$2:$F$25,0),FALSE)/HLOOKUP(2018,DEMANDS!$H$2:$CO$25,MATCH($E39,DEMANDS!$F$2:$F$25,0),FALSE) -> 0 | J39: =HLOOKUP(REG_TRA_DEMANDS!J$3,'BY-Demands'!$J$5:$AK$14,MATCH($E39,'BY-Demands'!$I$5:$I$14,0),FALSE)*HLOOKUP(REG_TRA_DEMANDS!$F39,DEMANDS!$H$2:$CO$25,MATCH($E39,DEMANDS!$F$2:$F$25,0),FALSE)/HLOOKUP(2018,DEMANDS!$H$2:$CO$25,MATCH($E39,DEMANDS!$F$2:$F$25,0),FALSE) -> 0 | K39: =HLOOKUP(REG_TRA_DEMANDS!K$3,'BY-Demands'!$J$5:$AK$14,MATCH($E39,'BY-Demands'!$I$5:$I$14,0),FALSE)*HLOOKUP(REG_TRA_DEMANDS!$F39,DEMANDS!$H$2:$CO$25,MATCH($E39,DEMANDS!$F$2:$F$25,0),FALSE)/HLOOKUP(2018,DEMANDS!$H$2:$CO$25,MATCH($E39,DEMANDS!$F$2:$F$25,0),FALSE) -> 0 | L39: =HLOOKUP(REG_TRA_DEMANDS!L$3,'BY-Demands'!$J$5:$AK$14,MATCH($E39,'BY-Demands'!$I$5:$I$14,0),FALSE)*HLOOKUP(REG_TRA_DEMANDS!$F39,DEMANDS!$H$2:$CO$25,MATCH($E39,DEMANDS!$F$2:$F$25,0),FALSE)/HLOOKUP(2018,DEMANDS!$H$2:$CO$25,MATCH($E39,DEMANDS!$F$2:$F$25,0),FALSE) -> 0 | M39: =HLOOKUP(REG_TRA_DEMANDS!M$3,'BY-Demands'!$J$5:$AK$14,MATCH($E39,'BY-Demands'!$I$5:$I$14,0),FALSE)*HLOOKUP(REG_TRA_DEMANDS!$F39,DEMANDS!$H$2:$CO$25,MATCH($E39,DEMANDS!$F$2:$F$25,0),FALSE)/HLOOKUP(2018,DEMANDS!$H$2:$CO$25,MATCH($E39,DEMANDS!$F$2:$F$25,0),FALSE) -> 0 | N39: =HLOOKUP(REG_TRA_DEMANDS!N$3,'BY-Demands'!$J$5:$AK$14,MATCH($E39,'BY-Demands'!$I$5:$I$14,0),FALSE)*HLOOKUP(REG_TRA_DEMANDS!$F39,DEMANDS!$H$2:$CO$25,MATCH($E39,DEMANDS!$F$2:$F$25,0),FALSE)/HLOOKUP(2018,DEMANDS!$H$2:$CO$25,MATCH($E39,DEMANDS!$F$2:$F$25,0),FALSE) -> 0 | ... AF39: =HLOOKUP(REG_TRA_DEMANDS!AF$3,'BY-Demands'!$J$5:$AK$14,MATCH($E39,'BY-Demands'!$I$5:$I$14,0),FALSE)*HLOOKUP(REG_TRA_DEMANDS!$F39,DEMANDS!$H$2:$CO$25,MATCH($E39,DEMANDS!$F$2:$F$25,0),FALSE)/HLOOKUP(2018,DEMANDS!$H$2:$CO$25,MATCH($E39,DEMANDS!$F$2:$F$25,0),FALSE) -> 0

Sheet Regions
C3: {=INDEX(C5:C7,$A$4)} -> IE | D3: {=INDEX(D5:D7,$A$4)} -> National | E3: {=INDEX(E5:E7,$A$4)} -> IE-CW | F3: {=INDEX(F5:F7,$A$4)} -> IE-D | G3: {=INDEX(G5:G7,$A$4)} -> IE-KE | H3: {=INDEX(H5:H7,$A$4)} -> IE-KK | I3: {=INDEX(I5:I7,$A$4)} -> IE-LS | J3: {=INDEX(J5:J7,$A$4)} -> IE-LD | ... AD3: {=INDEX(AD5:AD7,$A$4)} -> IE-MN
A4: 1
A5: Development | C5: IE | D5: National | E5: =Regions!A11 -> IE-CW | F5: =Regions!A16 -> IE-D | G5: =Regions!A19 -> IE-KE | H5: =Regions!A20 -> IE-KK | I5: =Regions!A21 -> IE-LS | J5: =Regions!A24 -> IE-LD | K5: =Regions!A25 -> IE-LH | L5: =Regions!A27 -> IE-MH | M5: =Regions!A29 -> IE-OY | N5: =Regions!A34 -> IE-WH | O5: =Regions!A35 -> IE-WX | P5: =Regions!A36 -> IE-WW | Q5: =Regions!A13 -> IE-CE | R5: =Regions!A14 -> IE-CO | S5: =Regions!A18 -> IE-KY | T5: =Regions!A23 -> IE-LK | U5: =Regions!A32 -> IE-TA | V5: =Regions!A33 -> IE-WD | W5: =Regions!A17 -> IE-G | X5: =Regions!A22 -> IE-LM | Y5: =Regions!A26 -> IE-MO | Z5: =Regions!A30 -> IE-RN | AA5: =Regions!A31 -> IE-SO | AB5: =Regions!A12 -> IE-CN | AC5: =Regions!A15 -> IE-DL | AD5: =Regions!A28 -> IE-MN
A6: Single-region | C6: =C5 -> IE | D6: ="*"&D5 -> *National | E6: ="*"&E5 -> *IE-CW | F6: ="*"&F5 -> *IE-D | G6: ="*"&G5 -> *IE-KE | H6: ="*"&H5 -> *IE-KK | I6: ="*"&I5 -> *IE-LS | J6: ="*"&J5 -> *IE-LD | K6: ="*"&K5 -> *IE-LH | ... AD6: ="*"&AD5 -> *IE-MN
A7: Multi-region | C7: ="*"&C5 -> *IE | D7: =D5 -> National | E7: =E5 -> IE-CW | F7: =F5 -> IE-D | G7: =G5 -> IE-KE | H7: =H5 -> IE-KK | I7: =I5 -> IE-LS | J7: =J5 -> IE-LD | K7: =K5 -> IE-LH | ... AD7: =AD5 -> IE-MN
A10: Code | B10: County name
A11: IE-CW | B11: Carlow
A12: IE-CN | B12: Cavan
A13: IE-CE | B13: Clare
A14: IE-CO | B14: Cork
A15: IE-DL | B15: Donegal
A16: IE-D | B16: Dublin
A17: IE-G | B17: Galway
A18: IE-KY | B18: Kerry
A19: IE-KE | B19: Kildare
A20: IE-KK | B20: Kilkenny
A21: IE-LS | B21: Laois
... A36: IE-WW | B36: Wicklow
A37: Source: https://en.wikipedia.org/wiki/ISO_3166-2:IE

Sheet DEMANDS
C1: ~TFM_INS-TS
C2: LimType | D2: Region | E2: Attribute | F2: Cset_CN | G2: *Description | H2: 2018 | I2: 2019 | J2: 2020 | K2: 2021 | L2: 2022 | M2: 2030 | N2: 2050 | O2: TS_Filter
D3: =_xlfn.TEXTJOIN(",",TRUE,Regions!$C$3,Regions!$D$3) -> IE,National | E3: COM_PROJ | F3: ICEM | H3: =+O54 -> 10.4 | I3: =+H3 -> 10.4 | J3: =+I3 -> 10.4 | K3: =+J3 -> 10.4 | L3: =+K3*1.03 -> 10.712 | M3: =+$H$3*W74/$R$74 -> 7.6548807 | N3: =+$H$3*X74/$R$74 -> 4.742955 | O3: 0
D4: =_xlfn.TEXTJOIN(",",TRUE,Regions!$C$3,Regions!$D$3) -> IE,National | E4: COM_PROJ | F4: ICAF | H4: =+O55 -> 5.7 | I4: =+H4 -> 5.7 | J4: =+I4 -> 5.7 | K4: =+J4 -> 5.7 | L4: =+K4*1.03 -> 5.871 | M4: =+$H4*W72/$R$72 -> 5.2106502 | N4: =+$H4*X72/$R$72 -> 4.3207442 | O4: 0
D5: =_xlfn.TEXTJOIN(",",TRUE,Regions!$C$3,Regions!$D$3) -> IE,National | E5: COM_PROJ | F5: IFAP | H5: =+O56 -> 13.4 | I5: =+H5 -> 13.4 | J5: =+I5 -> 13.4 | K5: =+J5 -> 13.4 | L5: =+K5*1.03 -> 13.802 | M5: =+$H5*W68/$R$68 -> 13.6944 | N5: =+$H5*X68/$R$68 -> 12.456938 | O5: 0
D6: =_xlfn.TEXTJOIN(",",TRUE,Regions!$C$3,Regions!$D$3) -> IE,National | E6: COM_PROJ | F6: ILIM | H6: =+O57 -> 1.3 | I6: =+H6 -> 1.3 | J6: =+I6 -> 1.3 | K6: =+J6 -> 1.3 | L6: =+K6*1.03 -> 1.339 | M6: =+$H$6*W74/$R$74 -> 0.95686008 | N6: =+$H$6*X74/$R$74 -> 0.59286938 | O6: 0
D7: =_xlfn.TEXTJOIN(",",TRUE,Regions!$C$3,Regions!$D$3) -> IE,National | E7: COM_PROJ | F7: IMAP | H7: =+O58 -> 16.5 | I7: =+H7 -> 16.5 | J7: =+I7 -> 16.5 | K7: =+J7 -> 16.5 | L7: =+K7*1.03 -> 16.995 | M7: =+$H7*W75/$R$75 -> 13.343882 | N7: =+$H7*X75/$R$75 -> 9.7088 | O7: 0
D8: =_xlfn.TEXTJOIN(",",TRUE,Regions!$C$3,Regions!$D$3) -> IE,National | E8: COM_PROJ | F8: IOMA | H8: =+O59 -> 3.8 | I8: =+H8 -> 3.8 | J8: =+I8 -> 3.8 | K8: =+J8 -> 3.8 | L8: =+K8*1.03 -> 3.914 | M8: =+$H8*W79/$R$79 -> 3.2038307 | N8: =+$H8*X79/$R$79 -> 2.7203179 | O8: 0
D9: =_xlfn.TEXTJOIN(",",TRUE,Regions!$C$3,Regions!$D$3) -> IE,National | E9: COM_PROJ | F9: IONM | H9: =+O60 -> 2.4 | I9: =+H9 -> 2.4 | J9: =+I9 -> 2.4 | K9: =+J9 -> 2.4 | L9: =+K9*1.03 -> 2.472 | M9: =+$H$9*W74/$R$74 -> 1.7665109 | N9: =+$H$9*X74/$R$74 -> 1.0945281 | O9: 0
D10: =_xlfn.TEXTJOIN(",",TRUE,Regions!$C$3,Regions!$D$3) -> IE,National | E10: COM_PROJ | F10: IWAP | H10: =+O61 -> 5 | I10: =+H10 -> 5 | J10: =+I10 -> 5 | K10: =+J10 -> 5 | L10: =+K10*1.03 -> 5.15 | M10: =+$H10*W70/$R$70 -> 3.7930109 | N10: =+$H10*X70/$R$70 -> 3.0369964 | O10: 0
D11: =_xlfn.TEXTJOIN(",",TRUE,Regions!$C$3,Regions!$D$3) -> IE,National | E11: COM_PROJ | F11: IELC | H11: =+O62 -> 23.439361 | I11: =+H11 -> 23.439361 | J11: =+I11 -> 23.439361 | K11: =+J11 -> 23.439361 | L11: =+K11*1.03 -> 24.142542 | M11: =+$H11*W80/$R$80 -> 28.685389 | N11: =+$H11*X80/$R$80 -> 38.853621 | O11: 0
D12: =_xlfn.TEXTJOIN(",",TRUE,Regions!$C$3,Regions!$D$3) -> IE,National | E12: COM_PROJ | F12: IOIL | H12: =+O63 -> 0 | I12: =+H12 -> 0 | J12: =+I12 -> 0 | K12: =+J12 -> 0 | L12: =+K12*1.03 -> 0 | M12: 0 | N12: 0 | O12: 0
C13: * | D13: =_xlfn.TEXTJOIN(",",TRUE,Regions!$C$3,Regions!$D$3) -> IE,National | E13: * | H13: 0 | I13: 0 | J13: 0 | K13: 0 | L13: 0 | M13: 0 | N13: 0 | O13: 0
C14: * | D14: =_xlfn.TEXTJOIN(",",TRUE,Regions!$C$3,Regions!$D$3) -> IE,National | E14: * | H14: 0 | I14: 0 | J14: 0 | K14: 0 | L14: 0 | M14: 0 | N14: 0 | O14: 0
C15: * | D15: =_xlfn.TEXTJOIN(",",TRUE,Regions!$C$3,Regions!$D$3) -> IE,National | E15: * | H15: 0 | I15: 0 | J15: 0 | K15: 0 | L15: 0 | M15: 0 | N15: 0 | O15: 0
C16: * | D16: =_xlfn.TEXTJOIN(",",TRUE,Regions!$C$3,Regions!$D$3) -> IE,National | E16: * | H16: 0 | I16: 0 | J16: 0 | K16: 0 | L16: 0 | M16: 0 | N16: 0 | O16: 0
D17: =_xlfn.TEXTJOIN(",",TRUE,Regions!$C$3) -> IE | E17: COM_PROJ | F17: TRAPS | G17: Transport Demand: Short-range passenger travels | H17: =+SUMIF($F$54:$F$90,$F17,H$54:H$90) -> 14.556561 | I17: =+SUMIF($F$54:$F$90,$F17,I$54:I$90) -> 14.876398 | J17: =+SUMIF($F$54:$F$90,$F17,J$54:J$90) -> 10.761292 | K17: =+SUMIF($F$54:$F$90,$F17,K$54:K$90) -> 13.572516 | L17: =+SUMIF($F$54:$F$90,$F17,L$54:L$90) -> 14.056739 | M17: 16.798154 | N17: 18.550648 | O17: 0
D18: =_xlfn.TEXTJOIN(",",TRUE,Regions!$C$3) -> IE | E18: COM_PROJ | F18: TRAPM | G18: Transport Demand: Medium-range passenger travels | H18: =+SUMIF($F$54:$F$90,$F18,H$54:H$90) -> 31.276119 | I18: =+SUMIF($F$54:$F$90,$F18,I$54:I$90) -> 31.984256 | J18: =+SUMIF($F$54:$F$90,$F18,J$54:J$90) -> 23.136777 | K18: =+SUMIF($F$54:$F$90,$F18,K$54:K$90) -> 27.703716 | L18: =+SUMIF($F$54:$F$90,$F18,L$54:L$90) -> 30.202205 | M18: 30.018313 | N18: 30.011574 | O18: 0
D19: =_xlfn.TEXTJOIN(",",TRUE,Regions!$C$3) -> IE | E19: COM_PROJ | F19: TRAPL | G19: Transport Demand: Long-range passenger travels | H19: =+SUMIF($F$54:$F$90,$F19,H$54:H$90) -> 27.131578 | I19: =+SUMIF($F$54:$F$90,$F19,I$54:I$90) -> 24.769203 | J19: =+SUMIF($F$54:$F$90,$F19,J$54:J$90) -> 17.917551 | K19: =+SUMIF($F$54:$F$90,$F19,K$54:K$90) -> 18.200538 | L19: =+SUMIF($F$54:$F$90,$F19,L$54:L$90) -> 18.849874 | M19: 25.857221 | N19: 25.78829 | O19: 0
D20: =_xlfn.TEXTJOIN(",",TRUE,Regions!$C$3) -> IE | E20: COM_PROJ | F20: TRAF | G20: Transport Demand: Goods vehicle for freight | H20: =+SUMIF($F$54:$F$90,$F20,H$54:H$90) -> 10.702591 | I20: =+SUMIF($F$54:$F$90,$F20,I$54:I$90) -> 10.6386 | J20: =+SUMIF($F$54:$F$90,$F20,J$54:J$90) -> 10.3482 | K20: =+SUMIF($F$54:$F$90,$F20,K$54:K$90) -> 10.67855 | L20: =+SUMIF($F$54:$F$90,$F20,L$54:L$90) -> 10.878189 | M20: =(J20*2/3)+(N20/3) -> 10.0488 | N20: 9.45 | O20: 0
D21: =_xlfn.TEXTJOIN(",",TRUE,Regions!$C$3) -> IE | E21: COM_PROJ | F21: TTURS | G21: Transport Demand: Turism fuel | H21: =+SUMIF($F$54:$F$90,$F21,H$54:H$90) -> 7.7105748 | I21: =+SUMIF($F$54:$F$90,$F21,I$54:I$90) -> 10.277154 | J21: =+SUMIF($F$54:$F$90,$F21,J$54:J$90) -> 3.3705919 | K21: =+SUMIF($F$54:$F$90,$F21,K$54:K$90) -> 8.6157094 | L21: =+SUMIF($F$54:$F$90,$F21,L$54:L$90) -> 7.6814227 | M21: 0 | N21: 0 | O21: 0
D22: =_xlfn.TEXTJOIN(",",TRUE,Regions!$C$3) -> IE | E22: COM_PROJ | F22: TNAV | G22: Transport Demand: Navigation fuel | H22: =+SUMIF($F$54:$F$90,$F22,H$54:H$90) -> 3.5132998 | I22: =+SUMIF($F$54:$F$90,$F22,I$54:I$90) -> 3.7418117 | J22: =+SUMIF($F$54:$F$90,$F22,J$54:J$90) -> 4.5759807 | K22: =+SUMIF($F$54:$F$90,$F22,K$54:K$90) -> 5.0500849 | L22: =+SUMIF($F$54:$F$90,$F22,L$54:L$90) -> 4.6611835 | M22: =(J22*2/3)+(N22/3) -> 4.2217537 | N22: =H22 -> 3.5132998 | O22: 0
D23: =_xlfn.TEXTJOIN(",",TRUE,Regions!$C$3) -> IE | E23: COM_PROJ | F23: TOTH | G23: Transport Demand: Unspecified fuel | H23: =+SUMIF($F$54:$F$90,$F23,H$54:H$90) -> 20.831455 | I23: =+SUMIF($F$54:$F$90,$F23,I$54:I$90) -> 16.657129 | J23: =+SUMIF($F$54:$F$90,$F23,J$54:J$90) -> 22.750457 | K23: =+SUMIF($F$54:$F$90,$F23,K$54:K$90) -> 15.13066 | L23: =+SUMIF($F$54:$F$90,$F23,L$54:L$90) -> 13.161375 | M23: 0 | N23: 0 | O23: 0
D24: =_xlfn.TEXTJOIN(",",TRUE,Regions!$C$3) -> IE | E24: COM_PROJ | F24: TAVIDOM | G24: Transport Demand: Aviation domestic | H24: =+SUMIF($F$54:$F$90,$F24,H$54:H$90) -> 0.2334932 | I24: =+SUMIF($F$54:$F$90,$F24,I$54:I$90) -> 0.2509092 | J24: =+SUMIF($F$54:$F$90,$F24,J$54:J$90) -> 0.11004689 | K24: =+SUMIF($F$54:$F$90,$F24,K$54:K$90) -> 0.12006442 | L24: =+SUMIF($F$54:$F$90,$F24,L$54:L$90) -> 0.23 | M24: =(J24*2/3)+(N24/3) -> 0.15119566 | N24: =H24 -> 0.2334932 | O24: 0
D25: =_xlfn.TEXTJOIN(",",TRUE,Regions!$C$3) -> IE | E25: COM_PROJ | F25: TAVIINT | G25: Transport Demand: Aviation international | H25: =+SUMIF($F$54:$F$90,$F25,H$54:H$90) -> 45.968364 | I25: =+SUMIF($F$54:$F$90,$F25,I$54:I$90) -> 46.490628 | J25: =+SUMIF($F$54:$F$90,$F25,J$54:J$90) -> 16.580491 | K25: =+SUMIF($F$54:$F$90,$F25,K$54:K$90) -> 18.57572 | L25: =+SUMIF($F$54:$F$90,$F25,L$54:L$90) -> 48.192397 | N25: =H25 -> 45.968364 | O25: 0
D26: =_xlfn.TEXTJOIN(",",TRUE,Regions!$C$3,Regions!$D$3) -> IE,National | E26: COM_PROJ | F26: SRV-CS | G26: Services - Commercial Services | H26: =+SUMIF($F$54:$F$90,$F26,H$54:H$90) -> 28.901665 | I26: =+SUMIF($F$54:$F$90,$F26,I$54:I$90) -> 29.285473 | J26: =+SUMIF($F$54:$F$90,$F26,J$54:J$90) -> 29.618107 | K26: =+SUMIF($F$54:$F$90,$F26,K$54:K$90) -> 30.592051 | L26: =+SUMIF($F$54:$F$90,$F26,L$54:L$90) -> 31.598022 | M26: =J26*2/3+N26*1/3 -> 30.669455 | N26: 32.772151 | O26: 0
D27: =_xlfn.TEXTJOIN(",",TRUE,Regions!$C$3,Regions!$D$3) -> IE,National | E27: COM_PROJ | F27: SRV-PU | G27: Services - Public Services | H27: =+SUMIF($F$54:$F$90,$F27,H$54:H$90) -> 58.151542 | I27: =+SUMIF($F$54:$F$90,$F27,I$54:I$90) -> 58.923783 | J27: =+SUMIF($F$54:$F$90,$F27,J$54:J$90) -> 59.593058 | K27: =+SUMIF($F$54:$F$90,$F27,K$54:K$90) -> 61.552681 | L27: =+SUMIF($F$54:$F$90,$F27,L$54:L$90) -> 63.576742 | M27: =J27*2/3+N27*1/3 -> 61.758487 | N27: 66.089344 | O27: 0
D28: =_xlfn.TEXTJOIN(",",TRUE,Regions!$C$3,Regions!$D$3) -> IE,National | E28: COM_PROJ | F28: SRVDCE-CS | G28: SRV-Commercial Services: Data centers | H28: =+SUMIF($F$54:$F$90,$F28,H$54:H$90) -> 5.629176 | J28: =+SUMIF($F$54:$F$90,$F28,J$54:J$90) -> 10.8684 | K28: =+SUMIF($F$54:$F$90,$F28,K$54:K$90) -> 14.3748 | L28: =+SUMIF($F$54:$F$90,$F28,L$54:L$90) -> 18.9072 | M28: 40.3 | N28: 40.3 | O28: 0
D29: =_xlfn.TEXTJOIN(",",TRUE,Regions!$C$3,Regions!$D$3) -> IE,National | E29: COM_PROJ | F29: SRVPLIG-PU | G29: SRV-Public Services: Public lighting | H29: =+SUMIF($F$54:$F$90,$F29,H$54:H$90) -> 0.48 | M29: 0.5 | N29: 0.54 | O29: 0
D30: IE,National | E30: COM_PROJ | F30: RSDRF | G30: Residential Refrigeration Demand | H30: =+SUMIF($F$54:$F$90,$F30,H$54:H$90) -> 1.1544546 | I30: =+SUMIF($F$54:$F$90,$F30,I$54:I$90) -> 1.1908349 | J30: =+SUMIF($F$54:$F$90,$F30,J$54:J$90) -> 1.2115424 | K30: =+SUMIF($F$54:$F$90,$F30,K$54:K$90) -> 1.2318444 | L30: =+SUMIF($F$54:$F$90,$F30,L$54:L$90) -> 1.2514827 | M30: =J30*2/3+N30/3 -> 1.3450283 | N30: 1.612 | O30: 0
D31: IE,National | E31: COM_PROJ | F31: RSDCK | G31: Residential Cooking Demand | H31: =+SUMIF($F$54:$F$90,$F31,H$54:H$90) -> 2.0006898 | I31: =+SUMIF($F$54:$F$90,$F31,I$54:I$90) -> 2.0637374 | J31: =+SUMIF($F$54:$F$90,$F31,J$54:J$90) -> 2.0996239 | K31: =+SUMIF($F$54:$F$90,$F31,K$54:K$90) -> 2.1348076 | L31: =+SUMIF($F$54:$F$90,$F31,L$54:L$90) -> 2.1688411 | M31: =J31*2/3+N31/3 -> 2.3517492 | N31: 2.856 | O31: 0
D32: IE,National | E32: COM_PROJ | F32: RSDCW | G32: Residential Cloth Washing Demand | H32: =+SUMIF($F$54:$F$90,$F32,H$54:H$90) -> 0.788768 | I32: =+SUMIF($F$54:$F$90,$F32,I$54:I$90) -> 0.81362441 | J32: =+SUMIF($F$54:$F$90,$F32,J$54:J$90) -> 0.82777258 | K32: =+SUMIF($F$54:$F$90,$F32,K$54:K$90) -> 0.8416437 | L32: =+SUMIF($F$54:$F$90,$F32,L$54:L$90) -> 0.85506133 | M32: =J32*2/3+N32/3 -> 0.87184839 | N32: 0.96 | O32: 0
D33: IE,National | E33: COM_PROJ | F33: RSDCD | G33: Residential Cloth Drying Demand | H33: =+SUMIF($F$54:$F$90,$F33,H$54:H$90) -> 1.0516932 | I33: =+SUMIF($F$54:$F$90,$F33,I$54:I$90) -> 1.0848351 | J33: =+SUMIF($F$54:$F$90,$F33,J$54:J$90) -> 1.1036994 | K33: =+SUMIF($F$54:$F$90,$F33,K$54:K$90) -> 1.1221943 | L33: =+SUMIF($F$54:$F$90,$F33,L$54:L$90) -> 1.1400845 | M33: =J33*2/3+N33/3 -> 1.3781329 | N33: 1.927 | O33: 0
D34: IE,National | E34: COM_PROJ | F34: RSDDW | G34: Residential Dish Washing Demand | H34: =+SUMIF($F$54:$F$90,$F34,H$54:H$90) -> 0.84878652 | I34: =+SUMIF($F$54:$F$90,$F34,I$54:I$90) -> 0.8755343 | J34: =+SUMIF($F$54:$F$90,$F34,J$54:J$90) -> 0.89075902 | K34: =+SUMIF($F$54:$F$90,$F34,K$54:K$90) -> 0.90568562 | L34: =+SUMIF($F$54:$F$90,$F34,L$54:L$90) -> 0.92012421 | M34: =J34*2/3+N34/3 -> 1.1128393 | N34: 1.557 | O34: 0
D35: IE,National | E35: COM_PROJ | F35: RSDOE | G35: Residential ELC Appliances Demand | H35: =+SUMIF($F$54:$F$90,$F35,H$54:H$90) -> 9.2169271 | I35: =+SUMIF($F$54:$F$90,$F35,I$54:I$90) -> 9.5073797 | J35: =+SUMIF($F$54:$F$90,$F35,J$54:J$90) -> 9.6727041 | K35: =+SUMIF($F$54:$F$90,$F35,K$54:K$90) -> 9.8347913 | L35: =+SUMIF($F$54:$F$90,$F35,L$54:L$90) -> 9.9915791 | M35: =J35*2/3+N35/3 -> 10.176803 | N35: 11.185 | O35: 0
D36: IE,National | E36: COM_PROJ | F36: RSDOA | G36: Residential Other Applications Demand | H36: =+SUMIF($F$54:$F$90,$F36,H$54:H$90) -> 0 | I36: =+SUMIF($F$54:$F$90,$F36,I$54:I$90) -> 0 | J36: =+SUMIF($F$54:$F$90,$F36,J$54:J$90) -> 0 | K36: =+SUMIF($F$54:$F$90,$F36,K$54:K$90) -> 0 | L36: =+SUMIF($F$54:$F$90,$F36,L$54:L$90) -> 0 | M36: =J36*2/3+N36/3 -> 0 | N36: 0 | O36: 0
C38: ~TFM_INS-TS
C39: LimType | D39: Attribute | E39: Region | F39: Attrib_Cond | G39: Val_Cond | H39: Cset_CN | I39: *Description | J39: 2018 | K39: 2019 | L39: 2020 | M39: 2021 | N39: 2022 | O39: 2023 | P39: 2024 | Q39: 2025 | R39: 2026 | S39: 2027 | T39: 2028 | U39: 2029 | V39: 2030 | W39: 2031 | X39: 2032 | Y39: 2033 | Z39: 2034 | AA39: 2035 | AB39: 2036 | AC39: 2037 | AD39: 2038 | AE39: 2039 | AF39: 2040 | AG39: 2041 | AH39: 2042 | AI39: 2043 | AJ39: 2044 | AK39: 2045 | AL39: 2046 | AM39: 2047 | AN39: 2048 | AO39: 2049 | AP39: 2050 | AQ39: TS_Filter
D40: COM_PROJ | E40: IE,National | H40: RSD_Apt | I40: Residential Apartment Demand | J40: 211.81988 | K40: 227.33368 | L40: 234.0149 | M40: 250.52243 | N40: 265.47274 | O40: 287.56706 | P40: 304.7321 | Q40: 321.1124 | R40: 337.59176 | S40: 353.93744 | T40: 370.94072 | U40: 387.95012 | V40: 404.77952 | W40: 421.69222 | X40: 438.38186 | Y40: 455.17145 | Z40: 471.87485 | AA40: 488.16652 | AB40: 504.04655 | AC40: 519.93324 | AD40: 535.73337 | AE40: 550.98221 | AF40: 565.63294 | AG40: =+AH40/2+AF40/2 -> 573.96574 | AH40: 582.29854 | AI40: 596.42922 | AJ40: 610.28727 | AK40: 623.85155 | AL40: 637.11149 | AM40: 650.03366 | AN40: 662.59621 | AO40: 674.74176 | AP40: 686.46678 | AQ40: 0
D41: COM_PROJ | E41: IE,National | H41: RSD_Att | I41: Residential Attached Demand | J41: 788.06472 | K41: 805.70916 | L41: 818.79214 | M41: 828.23348 | N41: 837.71212 | O41: 854.49358 | P41: 865.93694 | Q41: 876.85714 | R41: 887.84338 | S41: 898.7405 | T41: 910.07602 | U41: 921.41562 | V41: 932.63522 | W41: 943.91035 | X41: 955.03678 | Y41: 966.22984 | Z41: 977.36543 | AA41: 988.22655 | AB41: 998.81324 | AC41: 1009.4044 | AD41: 1019.9378 | AE41: 1030.1037 | AF41: 1039.8708 | AG41: =+AH41/2+AF41/2 -> 1045.426 | AH41: 1050.9812 | AI41: 1060.4017 | AJ41: 1069.6404 | AK41: 1078.6832 | AL41: 1087.5232 | AM41: 1096.138 | AN41: 1104.513 | AO41: 1112.61 | AP41: 1120.4267 | AQ41: 0
D42: COM_PROJ | E42: IE,National | H42: RSD_Det | I42: Residential Detached Demand | J42: 735.40673 | K42: 756.93266 | L42: 768.29446 | M42: 772.86209 | N42: 777.95194 | AP42: 768.29446 | AQ42: 0
D53: Attribute | E53: Region | F53: Cset_CN | G53: *Description | H53: 2018 | I53: 2019 | J53: 2020 | K53: 2021 | L53: 2022 | N53: CommName | O53: IE
D54: COM_PROJ | E54: IE,National | F54: INEM | G54: Non-Energy Mining | H54: 1.8983541 | I54: 2.9169886 | J54: 2.9233084 | K54: 2.9160581 | L54: 1.7028385 | N54: ICEM | O54: 10.4
D55: COM_PROJ | E55: IE,National | F55: IFAB | G55: Food and beverages | H55: 20.112823 | I55: 20.829707 | J55: 21.483394 | K55: 20.570385 | L55: 22.55119 | N55: ICAF | O55: 5.7
D56: COM_PROJ | E56: IE,National | F56: ITAP | G56: Textiles and textile products | H56: 0.42769785 | I56: 0.74181808 | J56: 0.74405702 | K56: 0.73064036 | L56: 1.5478463 | N56: IFAP | O56: 13.4
D57: COM_PROJ | E57: IE,National | F57: IWAP | G57: Wood and wood products | H57: 6.9295287 | I57: 6.5639976 | J57: 5.7806381 | K57: 6.5949264 | L57: 5.8166391 | N57: ILIM | O57: 1.3
D58: COM_PROJ | E58: IE,National | F58: IPX4 | G58: Pulp, paper, publishing and printing | H58: 1.0914053 | I58: 0.57077268 | J58: 0.56119058 | K58: 0.55161044 | L58: 1.1992793 | N58: IMAP | O58: 16.5
D59: COM_PROJ | E59: IE,National | F59: ICAF | G59: Chemicals and man-made fibres | H59: 9.5100483 | I59: 9.7037604 | J59: 9.4359753 | K59: 9.2516396 | L59: 10.604355 | N59: IOMA | O59: 3.8
D60: COM_PROJ | E60: IE,National | F60: IRAP | G60: Rubber and plastic products | H60: 1.955625 | I60: 1.5498073 | J60: 1.5053268 | K60: 1.4894503 | L60: 1.0410295 | N60: IONM | O60: 2.4
D61: COM_PROJ | E61: IE,National | F61: IONM | G61: Other non-metallic mineral products | H61: 19.482477 | I61: 17.613309 | J61: 17.06748 | K61: 18.473544 | L61: 17.814731 | N61: IWAP | O61: 5
D62: COM_PROJ | E62: IE,National | F62: IMAP | G62: Basic metals and fabricated metal products | H62: 20.315382 | I62: 20.746846 | J62: 18.667278 | K62: 19.411458 | L62: 17.190855 | N62: IELC | O62: 23.439361
D63: COM_PROJ | E63: IE,National | F63: IMAE | G63: Machinery and equipment n.e.c. | H63: 1.4729468 | I63: 1.4943226 | J63: 1.4634791 | K63: 1.4446377 | L63: 2.2584342 | N63: IOIL | O63: 0
D64: COM_PROJ | E64: IE,National | F64: IEOE | G64: Electrical and optical equipment demand | H64: 4.6508564 | I64: 5.0075894 | J64: 4.7554316 | K64: 4.7269471 | L64: 6.2862087
D65: COM_PROJ | E65: IE,National | F65: ITEM | G65: Transport equipment manufacture | H65: 0.19477882 | I65: 0.26558264 | J65: 0.25427967 | K65: 0.25565928 | L65: 0.18740932
D66: COM_PROJ | E66: IE,National | F66: IOMA | G66: Other manufacturing | H66: 4.6984288 | I66: 4.3090308 | J66: 4.2602226 | K66: 4.1432118 | L66: 4.692448 | N66: Region | O66: Attribute | P66: Cset_CN | Q66: *Description | R66: 2018 | S66: 2019 | T66: 2020 | U66: 2021 | V66: 2022 | W66: 2030 | X66: 2050 | Y66: TS_Filter
D67: COM_PROJ | E67: IE,National | F67: ICON | G67: Construction | H67: 1.9571195 | I67: 2.1699505 | J67: 1.9706387 | K67: 1.9076982 | L67: 3.634744 | N67: =_xlfn.TEXTJOIN(",",TRUE,Regions!$C$3,Regions!$D$3) -> IE,National | O67: COM_PROJ | P67: INEM | Q67: Non-Energy Mining | R67: 1.8983541 | S67: 2.9169886 | T67: 2.9233084 | U67: 2.9160581 | V67: 1.7028385 | W67: 1.9720527 | X67: 0.069541244 | Y67: 0
D68: COM_PROJ | E68: IE | F68: TRAPS | G68: Transport Demand: Short-range passenger travels | H68: 14.556561 | I68: 14.876398 | J68: 10.761292 | K68: 13.572516 | L68: 14.056739 | N68: =_xlfn.TEXTJOIN(",",TRUE,Regions!$C$3,Regions!$D$3) -> IE,National | O68: COM_PROJ | P68: IFAB | Q68: Food and beverages | R68: 20.112823 | S68: 20.829707 | T68: 21.483394 | U68: 20.570385 | V68: 22.55119 | W68: 20.554705 | X68: 18.697328 | Y68: 0
D69: COM_PROJ | E69: IE | F69: TRAPM | G69: Transport Demand: Medium-range passenger travels | H69: 31.276119 | I69: 31.984256 | J69: 23.136777 | K69: 27.703716 | L69: 30.202205 | N69: =_xlfn.TEXTJOIN(",",TRUE,Regions!$C$3,Regions!$D$3) -> IE,National | O69: COM_PROJ | P69: ITAP | Q69: Textiles and textile products | R69: 0.42769785 | S69: 0.74181808 | T69: 0.74405702 | U69: 0.73064036 | V69: 1.5478463 | W69: 1.4076158 | X69: 2.7347333 | Y69: 0
D70: COM_PROJ | E70: IE | F70: TRAPL | G70: Transport Demand: Long-range passenger travels | H70: 27.131578 | I70: 24.769203 | J70: 17.917551 | K70: 18.200538 | L70: 18.849874 | N70: =_xlfn.TEXTJOIN(",",TRUE,Regions!$C$3,Regions!$D$3) -> IE,National | O70: COM_PROJ | P70: IWAP | Q70: Wood and wood products | R70: 6.9295287 | S70: 6.5639976 | T70: 5.7806381 | U70: 6.5949264 | V70: 5.8166391 | W70: 5.2567556 | X70: 4.2089907 | Y70: 0
D71: COM_PROJ | E71: IE | F71: TRAF | G71: Transport Demand: Goods vehicle for freight | H71: 10.702591 | I71: 10.6386 | J71: 10.3482 | K71: 10.67855 | L71: 10.878189 | N71: =_xlfn.TEXTJOIN(",",TRUE,Regions!$C$3,Regions!$D$3) -> IE,National | O71: COM_PROJ | P71: IPX4 | Q71: Pulp, paper, publishing and printing | R71: 1.0914053 | S71: 0.57077268 | T71: 0.56119058 | U71: 0.55161044 | V71: 1.1992793 | X71: 1.2712201 | Y71: 0
D72: COM_PROJ | E72: IE | F72: TTURS | G72: Transport Demand: Turism fuel | H72: 7.7105748 | I72: 10.277154 | J72: 3.3705919 | K72: 8.6157094 | L72: 7.6814227 | N72: =_xlfn.TEXTJOIN(",",TRUE,Regions!$C$3,Regions!$D$3) -> IE,National | O72: COM_PROJ | P72: ICAF | Q72: Chemicals and man-made fibres | R72: 9.5100483 | S72: 9.7037604 | T72: 9.4359753 | U72: 9.2516396 | V72: 10.604355 | W72: 8.6936026 | X72: 7.2088571 | Y72: 0
D73: COM_PROJ | E73: IE | F73: TNAV | G73: Transport Demand: Navigation fuel | H73: 3.5132998 | I73: 3.7418117 | J73: 4.5759807 | K73: 5.0500849 | L73: 4.6611835 | N73: =_xlfn.TEXTJOIN(",",TRUE,Regions!$C$3,Regions!$D$3) -> IE,National | O73: COM_PROJ | P73: IRAP | Q73: Rubber and plastic products | R73: 1.955625 | S73: 1.5498073 | T73: 1.5053268 | U73: 1.4894503 | V73: 1.0410295 | W73: 1.1662897 | X73: 0.48821534 | Y73: 0
D74: COM_PROJ | E74: IE | F74: TOTH | G74: Transport Demand: Unspecified fuel | H74: 20.831455 | I74: 16.657129 | J74: 22.750457 | K74: 15.13066 | L74: 13.161375 | N74: =_xlfn.TEXTJOIN(",",TRUE,Regions!$C$3,Regions!$D$3) -> IE,National | O74: COM_PROJ | P74: IONM | Q74: Other non-metallic mineral products | R74: 19.482477 | S74: 17.613309 | T74: 17.06748 | U74: 18.473544 | V74: 17.814731 | W74: 14.340003 | X74: 8.8850492 | Y74: 0
D75: COM_PROJ | E75: IE | F75: TAVIDOM | G75: Transport Demand: Aviation domestic | H75: 0.2334932 | I75: 0.2509092 | J75: 0.11004689 | K75: 0.12006442 | L75: 0.23 | N75: =_xlfn.TEXTJOIN(",",TRUE,Regions!$C$3,Regions!$D$3) -> IE,National | O75: COM_PROJ | P75: IMAP | Q75: Basic metals and fabricated metal products | R75: 20.315382 | S75: 20.746846 | T75: 18.667278 | U75: 19.411458 | V75: 17.190855 | W75: 16.429457 | X75: 11.953817 | Y75: 0
D76: COM_PROJ | E76: IE | F76: TAVIINT | G76: Transport Demand: Aviation international | H76: 45.968364 | I76: 46.490628 | J76: 16.580491 | K76: 18.57572 | L76: 48.192397 | N76: =_xlfn.TEXTJOIN(",",TRUE,Regions!$C$3,Regions!$D$3) -> IE,National | O76: COM_PROJ | P76: IMAE | Q76: Machinery and equipment n.e.c. | R76: 1.4729468 | S76: 1.4943226 | T76: 1.4634791 | U76: 1.4446377 | V76: 2.2584342 | W76: 1.2848784 | X76: 0.9276768 | Y76: 0
D77: COM_PROJ | E77: IE,National | F77: RSD_Apt | G77: Residential Apartment Demand | H77: 211.81988 | I77: 227.33368 | J77: 234.0149 | K77: 250.52243 | L77: 265.47274 | N77: =_xlfn.TEXTJOIN(",",TRUE,Regions!$C$3,Regions!$D$3) -> IE,National | O77: COM_PROJ | P77: IEOE | Q77: Electrical and optical equipment demand | R77: 4.6508564 | S77: 5.0075894 | T77: 4.7554316 | U77: 4.7269471 | V77: 6.2862087 | W77: 6.1714118 | X77: 9.003372 | Y77: 0
D78: COM_PROJ | E78: IE,National | F78: RSD_Att | G78: Residential Attached Demand | H78: 788.06472 | I78: 805.70916 | J78: 818.79214 | K78: 828.23348 | L78: 837.71212 | N78: =_xlfn.TEXTJOIN(",",TRUE,Regions!$C$3,Regions!$D$3) -> IE,National | O78: COM_PROJ | P78: ITEM | Q78: Transport equipment manufacture | R78: 0.19477882 | S78: 0.26558264 | T78: 0.25427967 | U78: 0.25565928 | V78: 0.18740932 | W78: 0.1772384 | X78: 0.023155875 | Y78: 0
D79: COM_PROJ | E79: IE,National | F79: RSD_Det | G79: Residential Detached Demand | H79: 735.40673 | I79: 756.93266 | J79: 768.29446 | K79: 772.86209 | L79: 777.95194 | N79: =_xlfn.TEXTJOIN(",",TRUE,Regions!$C$3,Regions!$D$3) -> IE,National | O79: COM_PROJ | P79: IOMA | Q79: Other manufacturing | R79: 4.6984288 | S79: 4.3090308 | T79: 4.2602226 | U79: 4.1432118 | V79: 4.692448 | W79: 3.961308 | X79: 3.3634789 | Y79: 0
D80: COM_PROJ | E80: IE,National | F80: SRV-CS | G80: Services - Commercial Services | H80: 28.901665 | I80: 29.285473 | J80: 29.618107 | K80: 30.592051 | L80: 31.598022 | N80: =_xlfn.TEXTJOIN(",",TRUE,Regions!$C$3,Regions!$D$3) -> IE,National | O80: COM_PROJ | P80: ICON | Q80: Construction | R80: 1.9571195 | S80: 2.1699505 | T80: 1.9706387 | U80: 1.9076982 | V80: 3.634744 | W80: 2.3951478 | X80: 3.2441661 | Y80: 0
D81: COM_PROJ | E81: IE,National | F81: SRV-PU | G81: Services - Public Services | H81: 58.151542 | I81: 58.923783 | J81: 59.593058 | K81: 61.552681 | L81: 63.576742
D82: COM_PROJ | E82: IE,National | F82: SRVDCE-CS | G82: SRV-Commercial Services: Data centers | H82: 5.629176 | J82: 10.8684 | K82: 14.3748 | L82: 18.9072
D83: COM_PROJ | E83: IE,National | F83: SRVPLIG-PU | G83: SRV-Public Services: Public lighting | H83: 0.48
D84: COM_PROJ | E84: IE,National | F84: RSDRF | G84: Residential Refrigeration Demand | H84: 1.1544546 | I84: 1.1908349 | J84: 1.2115424 | K84: 1.2318444 | L84: 1.2514827
D85: COM_PROJ | E85: IE,National | F85: RSDCK | G85: Residential Cooking Demand | H85: 2.0006898 | I85: 2.0637374 | J85: 2.0996239 | K85: 2.1348076 | L85: 2.1688411
D86: COM_PROJ | E86: IE,National | F86: RSDCW | G86: Residential Cloth Washing Demand | H86: 0.788768 | I86: 0.81362441 | J86: 0.82777258 | K86: 0.8416437 | L86: 0.85506133
D87: COM_PROJ | E87: IE,National | F87: RSDCD | G87: Residential Cloth Drying Demand | H87: 1.0516932 | I87: 1.0848351 | J87: 1.1036994 | K87: 1.1221943 | L87: 1.1400845
D88: COM_PROJ | E88: IE,National | F88: RSDDW | G88: Residential Dish Washing Demand | H88: 0.84878652 | I88: 0.8755343 | J88: 0.89075902 | K88: 0.90568562 | L88: 0.92012421
D89: COM_PROJ | E89: IE,National | F89: RSDOE | G89: Residential ELC Appliances Demand | H89: 9.2169271 | I89: 9.5073797 | J89: 9.6727041 | K89: 9.8347913 | L89: 9.9915791
D90: COM_PROJ | E90: IE,National | F90: RSDOA | G90: Residential Other Applications Demand | H90: 0 | I90: 0 | J90: 0 | K90: 0 | L90: 0

Sheet Residential
D4: ~TFM_INS
D5: TimeSlice | E5: LimType | F5: Attribute | G5: Year | H5: IE | I5: =IF(Regions!AJ5<>"",Regions!AJ5,"*") -> * | J5: Cset_CN | K5: Pset_CI | L5: Pset_PN | M5: Other_indexes
D6: *Unit | F6: PJ/000 dwelling | S6: ESD | T6: Reduction
F7: INPUT | G7: 2023 | H7: =+SUMIFS(Inputs_RSD!$L$2:$L$124,Inputs_RSD!$C$2:$C$124,Residential!L7,Inputs_RSD!$D$2:$D$124,Residential!J7) -> 0.00050614284 | I7: =+H7 -> 0.00050614284 | J7: RSDLT_Apt | L7: R-BLD_Apt_A | S7: RSDSH* | T7: 0.2
F8: INPUT | G8: 2023 | H8: =+SUMIFS(Inputs_RSD!$L$2:$L$124,Inputs_RSD!$C$2:$C$124,Residential!L8,Inputs_RSD!$D$2:$D$124,Residential!J8) -> 0.00055272693 | I8: =+H8 -> 0.00055272693 | J8: RSDPF_Apt | L8: R-BLD_Apt_A | S8: RSDSC* | T8: 0.2
F9: INPUT | G9: 2023 | H9: =+SUMIFS(Inputs_RSD!$L$2:$L$124,Inputs_RSD!$C$2:$C$124,Residential!L9,Inputs_RSD!$D$2:$D$124,Residential!J9) -> 0.00043315605 | I9: =+H9 -> 0.00043315605 | J9: RSDSH_Apt-AB | L9: R-BLD_Apt_A | S9: RSDWH* | T9: 0.3
F10: INPUT | G10: 2023 | H10: =+SUMIFS(Inputs_RSD!$L$2:$L$124,Inputs_RSD!$C$2:$C$124,Residential!L10,Inputs_RSD!$D$2:$D$124,Residential!J10) -> 0.0040244969 | I10: =+H10 -> 0.0040244969 | J10: RSDWH_Apt | L10: R-BLD_Apt_A | S10: RSDLT* | T10: 0.2
F11: INPUT | G11: 2023 | H11: =+SUMIFS(Inputs_RSD!$L$2:$L$124,Inputs_RSD!$C$2:$C$124,Residential!L11,Inputs_RSD!$D$2:$D$124,Residential!J11) -> 0.00068361933 | I11: =+H11 -> 0.00068361933 | J11: RSDLT_Apt | L11: R-BLD_Apt_B1 | S11: RSDPF* | T11: 0.2
F12: INPUT | G12: 2023 | H12: =+SUMIFS(Inputs_RSD!$L$2:$L$124,Inputs_RSD!$C$2:$C$124,Residential!L12,Inputs_RSD!$D$2:$D$124,Residential!J12) -> 0.00037301651 | I12: =+H12 -> 0.00037301651 | J12: RSDPF_Apt | L12: R-BLD_Apt_B1
F13: INPUT | G13: 2023 | H13: =+SUMIFS(Inputs_RSD!$L$2:$L$124,Inputs_RSD!$C$2:$C$124,Residential!L13,Inputs_RSD!$D$2:$D$124,Residential!J13) -> 0.0065085678 | I13: =+H13 -> 0.0065085678 | J13: RSDSH_Apt-AB | L13: R-BLD_Apt_B1
F14: INPUT | G14: 2023 | H14: =+SUMIFS(Inputs_RSD!$L$2:$L$124,Inputs_RSD!$C$2:$C$124,Residential!L14,Inputs_RSD!$D$2:$D$124,Residential!J14) -> 0.0097445348 | I14: =+H14 -> 0.0097445348 | J14: RSDWH_Apt | L14: R-BLD_Apt_B1 | R14: Commodity | S14: Process | T14: Reduction for building type | V14: Weight | W14: Building Energy Rating
F15: INPUT | G15: 2023 | H15: =+SUMIFS(Inputs_RSD!$L$2:$L$124,Inputs_RSD!$C$2:$C$124,Residential!L15,Inputs_RSD!$D$2:$D$124,Residential!J15) -> 0.00075723596 | I15: =+H15 -> 0.00075723596 | J15: RSDLT_Apt | L15: R-BLD_Apt_B2 | R15: RSDLT_Apt | S15: R-BLD_Apt_A | T15: 0.2 | V15: 1 | W15: A
F16: INPUT | G16: 2023 | H16: =+SUMIFS(Inputs_RSD!$L$2:$L$124,Inputs_RSD!$C$2:$C$124,Residential!L16,Inputs_RSD!$D$2:$D$124,Residential!J16) -> 0.00034372825 | I16: =+H16 -> 0.00034372825 | J16: RSDPF_Apt | L16: R-BLD_Apt_B2 | R16: RSDPF_Apt | S16: R-BLD_Apt_A | T16: 0.2 | V16: 1 | W16: B
F17: INPUT | G17: 2023 | H17: =+SUMIFS(Inputs_RSD!$L$2:$L$124,Inputs_RSD!$C$2:$C$124,Residential!L17,Inputs_RSD!$D$2:$D$124,Residential!J17) -> 0.011604149 | I17: =+H17 -> 0.011604149 | J17: RSDSH_Apt-AB | L17: R-BLD_Apt_B2 | R17: RSDSH_Apt-AB | S17: R-BLD_Apt_A | T17: 0.2 | V17: 1 | W17: C
F18: INPUT | G18: 2023 | H18: =+SUMIFS(Inputs_RSD!$L$2:$L$124,Inputs_RSD!$C$2:$C$124,Residential!L18,Inputs_RSD!$D$2:$D$124,Residential!J18) -> 0.012331284 | I18: =+H18 -> 0.012331284 | J18: RSDWH_Apt | L18: R-BLD_Apt_B2 | R18: RSDWH_Apt | S18: R-BLD_Apt_A | T18: 0.3 | V18: 1 | W18: D
F19: INPUT | G19: 2023 | H19: =+SUMIFS(Inputs_RSD!$L$2:$L$124,Inputs_RSD!$C$2:$C$124,Residential!L19,Inputs_RSD!$D$2:$D$124,Residential!J19) -> 0.00075793685 | I19: =+H19 -> 0.00075793685 | J19: RSDLT_Apt | L19: R-BLD_Apt_B3 | R19: RSDLT_Apt | S19: R-BLD_Apt_B1 | T19: 0.2 | V19: 1 | W19: E
F20: INPUT | G20: 2023 | H20: =+SUMIFS(Inputs_RSD!$L$2:$L$124,Inputs_RSD!$C$2:$C$124,Residential!L20,Inputs_RSD!$D$2:$D$124,Residential!J20) -> 0.00031842734 | I20: =+H20 -> 0.00031842734 | J20: RSDPF_Apt | L20: R-BLD_Apt_B3 | R20: RSDPF_Apt | S20: R-BLD_Apt_B1 | T20: 0.2 | V20: 1 | W20: F
F21: INPUT | G21: 2023 | H21: =+SUMIFS(Inputs_RSD!$L$2:$L$124,Inputs_RSD!$C$2:$C$124,Residential!L21,Inputs_RSD!$D$2:$D$124,Residential!J21) -> 0.015658924 | I21: =+H21 -> 0.015658924 | J21: RSDSH_Apt-AB | L21: R-BLD_Apt_B3 | R21: RSDSH_Apt-AB | S21: R-BLD_Apt_B1 | T21: 0.2 | V21: 1 | W21: G
F22: INPUT | G22: 2023 | H22: =+SUMIFS(Inputs_RSD!$L$2:$L$124,Inputs_RSD!$C$2:$C$124,Residential!L22,Inputs_RSD!$D$2:$D$124,Residential!J22) -> 0.013758063 | I22: =+H22 -> 0.013758063 | J22: RSDWH_Apt | L22: R-BLD_Apt_B3 | R22: RSDWH_Apt | S22: R-BLD_Apt_B1 | T22: 0.3 | V22: 1 | W22: N
F23: INPUT | G23: 2023 | H23: =+SUMIFS(Inputs_RSD!$L$2:$L$124,Inputs_RSD!$C$2:$C$124,Residential!L23,Inputs_RSD!$D$2:$D$124,Residential!J23) -> 0.00070490985 | I23: =+H23 -> 0.00070490985 | J23: RSDLT_Apt | L23: R-BLD_Apt_C | R23: RSDLT_Apt | S23: R-BLD_Apt_B2 | T23: 0.2
F24: INPUT | G24: 2023 | H24: =+SUMIFS(Inputs_RSD!$L$2:$L$124,Inputs_RSD!$C$2:$C$124,Residential!L24,Inputs_RSD!$D$2:$D$124,Residential!J24) -> 0.00021330644 | I24: =+H24 -> 0.00021330644 | J24: RSDPF_Apt | L24: R-BLD_Apt_C | R24: RSDPF_Apt | S24: R-BLD_Apt_B2 | T24: 0.2
F25: INPUT | G25: 2023 | H25: =+SUMIFS(Inputs_RSD!$L$2:$L$124,Inputs_RSD!$C$2:$C$124,Residential!L25,Inputs_RSD!$D$2:$D$124,Residential!J25) -> 0.011393702 | I25: =+H25 -> 0.011393702 | J25: RSDSH_Apt-C | L25: R-BLD_Apt_C | R25: RSDSH_Apt-AB | S25: R-BLD_Apt_B2 | T25: 0.2
F26: INPUT | G26: 2023 | H26: =+SUMIFS(Inputs_RSD!$L$2:$L$124,Inputs_RSD!$C$2:$C$124,Residential!L26,Inputs_RSD!$D$2:$D$124,Residential!J26) -> 0.013665642 | I26: =+H26 -> 0.013665642 | J26: RSDWH_Apt | L26: R-BLD_Apt_C | R26: RSDWH_Apt | S26: R-BLD_Apt_B2 | T26: 0.3
F27: INPUT | G27: 2023 | H27: =+SUMIFS(Inputs_RSD!$L$2:$L$124,Inputs_RSD!$C$2:$C$124,Residential!L27,Inputs_RSD!$D$2:$D$124,Residential!J27) -> 0.00063201441 | I27: =+H27 -> 0.00063201441 | J27: RSDLT_Apt | L27: R-BLD_Apt_D | R27: RSDLT_Apt | S27: R-BLD_Apt_B3 | T27: 0.2
F28: INPUT | G28: 2023 | H28: =+SUMIFS(Inputs_RSD!$L$2:$L$124,Inputs_RSD!$C$2:$C$124,Residential!L28,Inputs_RSD!$D$2:$D$124,Residential!J28) -> 9.2802974e-05 | I28: =+H28 -> 9.2802974e-05 | J28: RSDPF_Apt | L28: R-BLD_Apt_D | R28: RSDPF_Apt | S28: R-BLD_Apt_B3 | T28: 0.2
F29: INPUT | G29: 2023 | H29: =+SUMIFS(Inputs_RSD!$L$2:$L$124,Inputs_RSD!$C$2:$C$124,Residential!L29,Inputs_RSD!$D$2:$D$124,Residential!J29) -> 0.012463454 | I29: =+H29 -> 0.012463454 | J29: RSDSH_Apt-D | L29: R-BLD_Apt_D | R29: RSDSH_Apt-AB | S29: R-BLD_Apt_B3 | T29: 0.2
F30: INPUT | G30: 2023 | H30: =+SUMIFS(Inputs_RSD!$L$2:$L$124,Inputs_RSD!$C$2:$C$124,Residential!L30,Inputs_RSD!$D$2:$D$124,Residential!J30) -> 0.011620609 | I30: =+H30 -> 0.011620609 | J30: RSDWH_Apt | L30: R-BLD_Apt_D | R30: RSDWH_Apt | S30: R-BLD_Apt_B3 | T30: 0.3
F31: INPUT | G31: 2023 | H31: =+SUMIFS(Inputs_RSD!$L$2:$L$124,Inputs_RSD!$C$2:$C$124,Residential!L31,Inputs_RSD!$D$2:$D$124,Residential!J31) -> 0.00058833522 | I31: =+H31 -> 0.00058833522 | J31: RSDLT_Apt | L31: R-BLD_Apt_E | R31: RSDLT_Apt | S31: R-BLD_Apt_C | T31: 0.2
F32: INPUT | G32: 2023 | H32: =+SUMIFS(Inputs_RSD!$L$2:$L$124,Inputs_RSD!$C$2:$C$124,Residential!L32,Inputs_RSD!$D$2:$D$124,Residential!J32) -> 6.9127556e-05 | I32: =+H32 -> 6.9127556e-05 | J32: RSDPF_Apt | L32: R-BLD_Apt_E | R32: RSDPF_Apt | S32: R-BLD_Apt_C | T32: 0.2
F33: INPUT | G33: 2023 | H33: =+SUMIFS(Inputs_RSD!$L$2:$L$124,Inputs_RSD!$C$2:$C$124,Residential!L33,Inputs_RSD!$D$2:$D$124,Residential!J33) -> 0.016645048 | I33: =+H33 -> 0.016645048 | J33: RSDSH_Apt-E | L33: R-BLD_Apt_E | R33: RSDSH_Apt-C | S33: R-BLD_Apt_C | T33: 0.2
F34: INPUT | G34: 2023 | H34: =+SUMIFS(Inputs_RSD!$L$2:$L$124,Inputs_RSD!$C$2:$C$124,Residential!L34,Inputs_RSD!$D$2:$D$124,Residential!J34) -> 0.010940283 | I34: =+H34 -> 0.010940283 | J34: RSDWH_Apt | L34: R-BLD_Apt_E | R34: RSDWH_Apt | S34: R-BLD_Apt_C | T34: 0.3
... F129: INPUT | G129: 2023 | H129: =+SUMIFS(Inputs_RSD!$L$2:$L$124,Inputs_RSD!$C$2:$C$124,Residential!L129,Inputs_RSD!$D$2:$D$124,Residential!J129) -> 0.0042605415 | I129: =+H129 -> 0.0042605415 | J129: RSDWH_Det | L129: R-BLD_Det-N1 | R129: RSDPF_Att | S129: R-BLD_Att-N1 | T129: 0.2
F130: INPUT | G130: 2050 | H130: =+H7*(1-T15) -> 0.00040491427 | I130: =+H130 -> 0.00040491427 | J130: RSDLT_Apt | L130: R-BLD_Apt_A | R130: RSDSC_Att | S130: R-BLD_Att-N1 | T130: 0.2
F131: INPUT | G131: 2050 | H131: =+H8*(1-T16) -> 0.00044218154 | I131: =+H131 -> 0.00044218154 | J131: RSDPF_Apt | L131: R-BLD_Apt_A | R131: RSDSH_Att-AB | S131: R-BLD_Att-N1 | T131: 0.2
F132: INPUT | G132: 2050 | H132: =+H9*(1-T17) -> 0.00034652484 | I132: =+H132 -> 0.00034652484 | J132: RSDSH_Apt-AB | L132: R-BLD_Apt_A | R132: RSDWH_Att | S132: R-BLD_Att-N1 | T132: 0.3
F133: INPUT | G133: 2050 | H133: =+H10*(1-T18) -> 0.0028171478 | I133: =+H133 -> 0.0028171478 | J133: RSDWH_Apt | L133: R-BLD_Apt_A | R133: RSDLT_Det | S133: R-BLD_Det-N1 | T133: 0.2
F134: INPUT | G134: 2050 | H134: =+H11*(1-T19) -> 0.00054689546 | I134: =+H134 -> 0.00054689546 | J134: RSDLT_Apt | L134: R-BLD_Apt_B1 | R134: RSDPF_Det | S134: R-BLD_Det-N1 | T134: 0.2
F135: INPUT | G135: 2050 | H135: =+H12*(1-T20) -> 0.00029841321 | I135: =+H135 -> 0.00029841321 | J135: RSDPF_Apt | L135: R-BLD_Apt_B1 | R135: RSDSC_Det | S135: R-BLD_Det-N1 | T135: 0.2
F136: INPUT | G136: 2050 | H136: =+H13*(1-T21) -> 0.0052068543 | I136: =+H136 -> 0.0052068543 | J136: RSDSH_Apt-AB | L136: R-BLD_Apt_B1 | R136: RSDSH_Det-AB | S136: R-BLD_Det-N1 | T136: 0.2
F137: INPUT | G137: 2050 | H137: =+H14*(1-T22) -> 0.0068211744 | I137: =+H137 -> 0.0068211744 | J137: RSDWH_Apt | L137: R-BLD_Apt_B1 | R137: RSDWH_Det | S137: R-BLD_Det-N1 | T137: 0.3
F138: INPUT | G138: 2050 | H138: =+H15*(1-T23) -> 0.00060578876 | I138: =+H138 -> 0.00060578876 | J138: RSDLT_Apt | L138: R-BLD_Apt_B2
F139: INPUT | G139: 2050 | H139: =+H16*(1-T24) -> 0.0002749826 | I139: =+H139 -> 0.0002749826 | J139: RSDPF_Apt | L139: R-BLD_Apt_B2
F140: INPUT | G140: 2050 | H140: =+H17*(1-T25) -> 0.0092833194 | I140: =+H140 -> 0.0092833194 | J140: RSDSH_Apt-AB | L140: R-BLD_Apt_B2
F141: INPUT | G141: 2050 | H141: =+H18*(1-T26) -> 0.0086318988 | I141: =+H141 -> 0.0086318988 | J141: RSDWH_Apt | L141: R-BLD_Apt_B2
F142: INPUT | G142: 2050 | H142: =+H19*(1-T27) -> 0.00060634948 | I142: =+H142 -> 0.00060634948 | J142: RSDLT_Apt | L142: R-BLD_Apt_B3
F143: INPUT | G143: 2050 | H143: =+H20*(1-T28) -> 0.00025474187 | I143: =+H143 -> 0.00025474187 | J143: RSDPF_Apt | L143: R-BLD_Apt_B3
F144: INPUT | G144: 2050 | H144: =+H21*(1-T29) -> 0.012527139 | I144: =+H144 -> 0.012527139 | J144: RSDSH_Apt-AB | L144: R-BLD_Apt_B3
F145: INPUT | G145: 2050 | H145: =+H22*(1-T30) -> 0.0096306439 | I145: =+H145 -> 0.0096306439 | J145: RSDWH_Apt | L145: R-BLD_Apt_B3
F146: INPUT | G146: 2050 | H146: =+H23*(1-T31) -> 0.00056392788 | I146: =+H146 -> 0.00056392788 | J146: RSDLT_Apt | L146: R-BLD_Apt_C
F147: INPUT | G147: 2050 | H147: =+H24*(1-T32) -> 0.00017064515 | I147: =+H147 -> 0.00017064515 | J147: RSDPF_Apt | L147: R-BLD_Apt_C
F148: INPUT | G148: 2050 | H148: =+H25*(1-T33) -> 0.0091149613 | I148: =+H148 -> 0.0091149613 | J148: RSDSH_Apt-C | L148: R-BLD_Apt_C
F149: INPUT | G149: 2050 | H149: =+H26*(1-T34) -> 0.0095659496 | I149: =+H149 -> 0.0095659496 | J149: RSDWH_Apt | L149: R-BLD_Apt_C
... F252: INPUT | G252: 2050 | H252: =+H129*(1-T137) -> 0.0029823791 | I252: =+H252 -> 0.0029823791 | J252: RSDWH_Det | L252: R-BLD_Det-N1

Sheet Inputs_RSD
A1: scenario | B1: attribute | C1: process | D1: commodity | E1: lim_type | F1: time_slice | G1: year | H1: commodity_group | I1: currency | J1: stage | K1: sow | L1: IE | M1: National
A2: BASE | B2: INPUT | C2: R-BLD_Apt_A | D2: RSDLT_Apt | E2: - | F2: ANNUAL | G2: 2018 | H2: - | I2: - | J2: - | K2: - | L2: 0.00050614284 | M2: 0.00050614284
A3: BASE | B3: INPUT | C3: R-BLD_Apt_A | D3: RSDPF_Apt | E3: - | F3: ANNUAL | G3: 2018 | H3: - | I3: - | J3: - | K3: - | L3: 0.00055272693 | M3: 0.00055272693
A4: BASE | B4: INPUT | C4: R-BLD_Apt_A | D4: RSDSH_Apt-AB | E4: - | F4: ANNUAL | G4: 2018 | H4: - | I4: - | J4: - | K4: - | L4: 0.00043315605 | M4: 0.00043315605
A5: BASE | B5: INPUT | C5: R-BLD_Apt_A | D5: RSDWH_Apt | E5: - | F5: ANNUAL | G5: 2018 | H5: - | I5: - | J5: - | K5: - | L5: 0.0040244969 | M5: 0.0040244969
A6: BASE | B6: INPUT | C6: R-BLD_Apt_B1 | D6: RSDLT_Apt | E6: - | F6: ANNUAL | G6: 2018 | H6: - | I6: - | J6: - | K6: - | L6: 0.00068361933 | M6: 0.00068361933
A7: BASE | B7: INPUT | C7: R-BLD_Apt_B1 | D7: RSDPF_Apt | E7: - | F7: ANNUAL | G7: 2018 | H7: - | I7: - | J7: - | K7: - | L7: 0.00037301651 | M7: 0.00037301651
A8: BASE | B8: INPUT | C8: R-BLD_Apt_B1 | D8: RSDSH_Apt-AB | E8: - | F8: ANNUAL | G8: 2018 | H8: - | I8: - | J8: - | K8: - | L8: 0.0065085678 | M8: 0.0065085678
A9: BASE | B9: INPUT | C9: R-BLD_Apt_B1 | D9: RSDWH_Apt | E9: - | F9: ANNUAL | G9: 2018 | H9: - | I9: - | J9: - | K9: - | L9: 0.0097445348 | M9: 0.0097445348
A10: BASE | B10: INPUT | C10: R-BLD_Apt_B2 | D10: RSDLT_Apt | E10: - | F10: ANNUAL | G10: 2018 | H10: - | I10: - | J10: - | K10: - | L10: 0.00075723596 | M10: 0.00075723596
A11: BASE | B11: INPUT | C11: R-BLD_Apt_B2 | D11: RSDPF_Apt | E11: - | F11: ANNUAL | G11: 2018 | H11: - | I11: - | J11: - | K11: - | L11: 0.00034372825 | M11: 0.00034372825
A12: BASE | B12: INPUT | C12: R-BLD_Apt_B2 | D12: RSDSH_Apt-AB | E12: - | F12: ANNUAL | G12: 2018 | H12: - | I12: - | J12: - | K12: - | L12: 0.011604149 | M12: 0.011604149
A13: BASE | B13: INPUT | C13: R-BLD_Apt_B2 | D13: RSDWH_Apt | E13: - | F13: ANNUAL | G13: 2018 | H13: - | I13: - | J13: - | K13: - | L13: 0.012331284 | M13: 0.012331284
... A124: RSD_NewTechs | B124: INPUT | C124: R-BLD_Det-N1 | D124: RSDWH_Det | E124: - | F124: ANNUAL | G124: 2020 | H124: - | I124: - | J124: - | K124: - | L124: 0.0042605415 | M124: 0.0042605415

Sheet Fill_data
C7: deact~TFM_Fill-R: w=Inputs_RSD; Hcol=Region | N7: deact~TFM_Fill-R: w=Inputs_SRV; Hcol=Region
C8: Scenario | D8: LimType | E8: Attribute | F8: Year | G8: AllRegions | H8: Pset_CO | I8: Cset_CN | J8: Pset_CI | K8: Pset_PN | N8: Scenario | O8: LimType | P8: Attribute | Q8: Year | R8: AllRegions | S8: Pset_CO | T8: Cset_CN | U8: Pset_CI | V8: Pset_PN
C9: BASE | E9: INPUT | F9: 2018 | G9: 1 | I9: RSDSH* | J9: =+I9 -> RSDSH* | K9: -*N1 | N9: BASE | P9: INPUT | Q9: 2018 | R9: 1 | T9: SRVSH-CS | U9: SRVSH-CS
C10: BASE | E10: INPUT | F10: 2018 | G10: 1 | I10: RSDSC* | J10: =+I10 -> RSDSC* | K10: -*N1 | N10: BASE | P10: INPUT | Q10: 2018 | R10: 1 | T10: SRVWH-CS | U10: SRVWH-CS
C11: BASE | E11: INPUT | F11: 2018 | G11: 1 | I11: RSDWH* | J11: =+I11 -> RSDWH* | K11: -*N1 | N11: BASE | P11: INPUT | Q11: 2018 | R11: 1 | T11: SRVSC-CS | U11: SRVSC-CS
C12: BASE | E12: INPUT | F12: 2018 | G12: 1 | I12: RSDLT* | J12: =+I12 -> RSDLT* | K12: -*N1 | N12: BASE | P12: INPUT | Q12: 2018 | R12: 1 | T12: SRVCK-CS | U12: SRVCK-CS
C13: BASE | E13: INPUT | F13: 2018 | G13: 1 | I13: RSDPF* | J13: =+I13 -> RSDPF* | K13: -*N1 | N13: BASE | P13: INPUT | Q13: 2018 | R13: 1 | T13: SRVLIG-CS | U13: SRVLIG-CS
E14: INPUT | F14: 2020 | G14: 1 | I14: RSDSH* | J14: RSDSH* | K14: *N1 | N14: BASE | P14: INPUT | Q14: 2018 | R14: 1 | T14: SRVREF-CS | U14: SRVREF-CS
E15: INPUT | F15: 2020 | G15: 1 | I15: RSDSC* | J15: RSDSC* | K15: *N1 | N15: BASE | P15: INPUT | Q15: 2018 | R15: 1 | T15: SRVOEL-CS | U15: SRVOEL-CS
E16: INPUT | F16: 2020 | G16: 1 | I16: RSDWH* | J16: RSDWH* | K16: *N1 | N16: BASE | P16: INPUT | Q16: 2018 | R16: 1 | T16: SRVSH-PU | U16: SRVSH-PU
E17: INPUT | F17: 2020 | G17: 1 | I17: RSDLT* | J17: RSDLT* | K17: *N1 | N17: BASE | P17: INPUT | Q17: 2018 | R17: 1 | T17: SRVWH-PU | U17: SRVWH-PU
E18: INPUT | F18: 2020 | G18: 1 | I18: RSDPF* | J18: RSDPF* | K18: *N1 | N18: BASE | P18: INPUT | Q18: 2018 | R18: 1 | T18: SRVSC-PU | U18: SRVSC-PU
N19: BASE | P19: INPUT | Q19: 2018 | R19: 1 | T19: SRVCK-PU | U19: SRVCK-PU
N20: BASE | P20: INPUT | Q20: 2018 | R20: 1 | T20: SRVLIG-PU | U20: SRVLIG-PU
N21: BASE | P21: INPUT | Q21: 2018 | R21: 1 | T21: SRVREF-PU | U21: SRVREF-PU
N22: BASE | P22: INPUT | Q22: 2018 | R22: 1 | T22: SRVOEL-PU | U22: SRVOEL-PU

Sheet Services
C3: ~TFM_INS
C4: TimeSlice | D4: LimType | E4: Attribute | F4: Year | G4: IE | H4: National | I4: Cset_CN | J4: Pset_CI | K4: Pset_PN | L4: Other_indexes
C5: *Unit | E5: PJ/Mm2 | N5: % | O5: 2018
E6: INPUT | F6: 2022 | G6: =O6 -> 0.30754681 | I6: SRVSH-CS | J6: SRVSH-CS | N6: =+G6/O6*100% -> 1 | O6: =+SUMIF(Inputs_SRV!$D$2:$D$15,Services!I6,Inputs_SRV!$L$2:$L$15) -> 0.30754681
E7: INPUT | F7: 2022 | G7: =O7 -> 0.086436287 | I7: SRVWH-CS | J7: SRVWH-CS | N7: =+G7/O7*100% -> 1 | O7: =+SUMIF(Inputs_SRV!$D$2:$D$15,Services!I7,Inputs_SRV!$L$2:$L$15) -> 0.086436287
E8: INPUT | F8: 2022 | G8: =O8 -> 0.12515865 | I8: SRVSC-CS | J8: SRVSC-CS | N8: =+G8/O8*100% -> 1 | O8: =+SUMIF(Inputs_SRV!$D$2:$D$15,Services!I8,Inputs_SRV!$L$2:$L$15) -> 0.12515865
E9: INPUT | F9: 2022 | G9: =O9 -> 0.13524761 | I9: SRVCK-CS | J9: SRVCK-CS | N9: =+G9/O9*100% -> 1 | O9: =+SUMIF(Inputs_SRV!$D$2:$D$15,Services!I9,Inputs_SRV!$L$2:$L$15) -> 0.13524761
E10: INPUT | F10: 2022 | G10: =O10 -> 0.65611068 | I10: SRVLIG-CS | J10: SRVLIG-CS | N10: =+G10/O10*100% -> 1 | O10: =+SUMIF(Inputs_SRV!$D$2:$D$15,Services!I10,Inputs_SRV!$L$2:$L$15) -> 0.65611068
E11: INPUT | F11: 2022 | G11: =O11 -> 3.4112422 | I11: SRVREF-CS | J11: SRVREF-CS | N11: =+G11/O11*100% -> 1 | O11: =+SUMIF(Inputs_SRV!$D$2:$D$15,Services!I11,Inputs_SRV!$L$2:$L$15) -> 3.4112422
E12: INPUT | F12: 2022 | G12: =O12 -> 0.34149098 | I12: SRVOEL-CS | J12: SRVOEL-CS | N12: =+G12/O12*100% -> 1 | O12: =+SUMIF(Inputs_SRV!$D$2:$D$15,Services!I12,Inputs_SRV!$L$2:$L$15) -> 0.34149098
E13: INPUT | F13: 2022 | G13: =O13 -> 0.10417798 | I13: SRVSH-PU | J13: SRVSH-PU | N13: =+G13/O13*100% -> 1 | O13: =+SUMIF(Inputs_SRV!$D$2:$D$15,Services!I13,Inputs_SRV!$L$2:$L$15) -> 0.10417798
E14: INPUT | F14: 2022 | G14: =O14 -> 0.025794975 | I14: SRVWH-PU | J14: SRVWH-PU | N14: =+G14/O14*100% -> 1 | O14: =+SUMIF(Inputs_SRV!$D$2:$D$15,Services!I14,Inputs_SRV!$L$2:$L$15) -> 0.025794975
E15: INPUT | F15: 2022 | G15: =O15 -> 0.019347548 | I15: SRVSC-PU | J15: SRVSC-PU | N15: =+G15/O15*100% -> 1 | O15: =+SUMIF(Inputs_SRV!$D$2:$D$15,Services!I15,Inputs_SRV!$L$2:$L$15) -> 0.019347548
E16: INPUT | F16: 2022 | G16: =O16 -> 0.032190254 | I16: SRVCK-PU | J16: SRVCK-PU | N16: =+G16/O16*100% -> 1 | O16: =+SUMIF(Inputs_SRV!$D$2:$D$15,Services!I16,Inputs_SRV!$L$2:$L$15) -> 0.032190254
E17: INPUT | F17: 2022 | G17: =O17 -> 0.16206915 | I17: SRVLIG-PU | J17: SRVLIG-PU | N17: =+G17/O17*100% -> 1 | O17: =+SUMIF(Inputs_SRV!$D$2:$D$15,Services!I17,Inputs_SRV!$L$2:$L$15) -> 0.16206915
... E19: INPUT | F19: 2022 | G19: =O19 -> 0.052612374 | I19: SRVOEL-PU | J19: SRVOEL-PU | N19: =+G19/O19*100% -> 1 | O19: =+SUMIF(Inputs_SRV!$D$2:$D$15,Services!I19,Inputs_SRV!$L$2:$L$15) -> 0.052612374
E20: INPUT | F20: 2050 | G20: =+G6*(1-N20) -> 0.16915074 | I20: SRVSH-CS | J20: SRVSH-CS | N20: 0.45
E21: INPUT | F21: 2050 | G21: =+G7*(1-N21) -> 0.047539958 | I21: SRVWH-CS | J21: SRVWH-CS | N21: 0.45
E22: INPUT | F22: 2050 | G22: =+G8*(1-N22) -> 0.06883726 | I22: SRVSC-CS | J22: SRVSC-CS | N22: 0.45
E23: INPUT | F23: 2050 | G23: =+G9*(1-N23) -> 0.074386187 | I23: SRVCK-CS | J23: SRVCK-CS | N23: 0.45
E24: INPUT | F24: 2050 | G24: =+G10*(1-N24) -> 0.36086087 | I24: SRVLIG-CS | J24: SRVLIG-CS | N24: 0.45
E25: INPUT | F25: 2050 | G25: =+G11*(1-N25) -> 1.8761832 | I25: SRVREF-CS | J25: SRVREF-CS | N25: 0.45
E26: INPUT | F26: 2050 | G26: =+G12*(1-N26) -> 0.18782004 | I26: SRVOEL-CS | J26: SRVOEL-CS | N26: 0.45
E27: INPUT | F27: 2050 | G27: =+G13*(1-N27) -> 0.057297889 | I27: SRVSH-PU | J27: SRVSH-PU | N27: 0.45
E28: INPUT | F28: 2050 | G28: =+G14*(1-N28) -> 0.014187236 | I28: SRVWH-PU | J28: SRVWH-PU | N28: 0.45
E29: INPUT | F29: 2050 | G29: =+G15*(1-N29) -> 0.010641152 | I29: SRVSC-PU | J29: SRVSC-PU | N29: 0.45
E30: INPUT | F30: 2050 | G30: =+G16*(1-N30) -> 0.01770464 | I30: SRVCK-PU | J30: SRVCK-PU | N30: 0.45
E31: INPUT | F31: 2050 | G31: =+G17*(1-N31) -> 0.089138031 | I31: SRVLIG-PU | J31: SRVLIG-PU | N31: 0.45
... E33: INPUT | F33: 2050 | G33: =+G19*(1-N33) -> 0.028936806 | I33: SRVOEL-PU | J33: SRVOEL-PU | N33: 0.45

Sheet Inputs_SRV
A1: scenario | B1: attribute | C1: process | D1: commodity | E1: lim_type | F1: time_slice | G1: year | H1: commodity_group | I1: currency | J1: stage | K1: sow | L1: IE | M1: National
A2: BASE | B2: INPUT | C2: S-BLD_CS | D2: SRVCK-CS | E2: - | F2: ANNUAL | G2: 2018 | H2: - | I2: - | J2: - | K2: - | L2: 0.13524761 | M2: 0.13524761
A3: BASE | B3: INPUT | C3: S-BLD_CS | D3: SRVLIG-CS | E3: - | F3: ANNUAL | G3: 2018 | H3: - | I3: - | J3: - | K3: - | L3: 0.65611068 | M3: 0.65611068
A4: BASE | B4: INPUT | C4: S-BLD_CS | D4: SRVOEL-CS | E4: - | F4: ANNUAL | G4: 2018 | H4: - | I4: - | J4: - | K4: - | L4: 0.34149098 | M4: 0.34149098
A5: BASE | B5: INPUT | C5: S-BLD_CS | D5: SRVREF-CS | E5: - | F5: ANNUAL | G5: 2018 | H5: - | I5: - | J5: - | K5: - | L5: 3.4112422 | M5: 3.4112422
A6: BASE | B6: INPUT | C6: S-BLD_CS | D6: SRVSC-CS | E6: - | F6: ANNUAL | G6: 2018 | H6: - | I6: - | J6: - | K6: - | L6: 0.12515865 | M6: 0.12515865
A7: BASE | B7: INPUT | C7: S-BLD_CS | D7: SRVSH-CS | E7: - | F7: ANNUAL | G7: 2018 | H7: - | I7: - | J7: - | K7: - | L7: 0.30754681 | M7: 0.30754681
A8: BASE | B8: INPUT | C8: S-BLD_CS | D8: SRVWH-CS | E8: - | F8: ANNUAL | G8: 2018 | H8: - | I8: - | J8: - | K8: - | L8: 0.086436287 | M8: 0.086436287
A9: BASE | B9: INPUT | C9: S-BLD_PU | D9: SRVCK-PU | E9: - | F9: ANNUAL | G9: 2018 | H9: - | I9: - | J9: - | K9: - | L9: 0.032190254 | M9: 0.032190254
A10: BASE | B10: INPUT | C10: S-BLD_PU | D10: SRVLIG-PU | E10: - | F10: ANNUAL | G10: 2018 | H10: - | I10: - | J10: - | K10: - | L10: 0.16206915 | M10: 0.16206915
A11: BASE | B11: INPUT | C11: S-BLD_PU | D11: SRVOEL-PU | E11: - | F11: ANNUAL | G11: 2018 | H11: - | I11: - | J11: - | K11: - | L11: 0.052612374 | M11: 0.052612374
A12: BASE | B12: INPUT | C12: S-BLD_PU | D12: SRVREF-PU | E12: - | F12: ANNUAL | G12: 2018 | H12: - | I12: - | J12: - | K12: - | L12: 0.84262783 | M12: 0.84262783
A13: BASE | B13: INPUT | C13: S-BLD_PU | D13: SRVSC-PU | E13: - | F13: ANNUAL | G13: 2018 | H13: - | I13: - | J13: - | K13: - | L13: 0.019347548 | M13: 0.019347548
... A15: BASE | B15: INPUT | C15: S-BLD_PU | D15: SRVWH-PU | E15: - | F15: ANNUAL | G15: 2018 | H15: - | I15: - | J15: - | K15: - | L15: 0.025794975 | M15: 0.025794975
