Workbook

Sheet Cover
A16: TIMES-Ireland Model
A19: Document type: | B19: Scenario
A20: Sector(s): | B20: Transport sector (TRA)
A21: Purpose: | B21: Retirement profile of different vehicles for existing stock
A23: Original developer(s): | B23: Vahid Aryanpur (UCC, vahid.aryanpur@ucc.ie)
B24: James Glynn (UCC, james.glynn@ucc.ie)
A26: Current maintainer(s): | B26: Vahid Aryanpur (UCC, vahid.aryanpur@ucc.ie)
A29: Part of TIM version: | B29: 1
A30: Model repository: | B30: https://github.com/MaREI-EPMG/TIMES-Ireland-model
A31: Licence: | B31: CC BY-NC-SA 4.0 (unless specified otherwise)
B32: https://creativecommons.org/licenses/by-nc-sa/4.0/

Sheet Regions
C3: {=IF(LEFT(INDEX(C5:C7,$A$4),1)<>"*",INDEX(C5:C7,$A$4),"")} -> IE | D3: {=IF(LEFT(INDEX(D5:D7,$A$4),1)<>"*",INDEX(D5:D7,$A$4),"")} | E3: {=IF(LEFT(INDEX(E5:E7,$A$4),1)<>"*",INDEX(E5:E7,$A$4),"")} -> IE-CW | F3: {=IF(LEFT(INDEX(F5:F7,$A$4),1)<>"*",INDEX(F5:F7,$A$4),"")} -> IE-D | G3: {=IF(LEFT(INDEX(G5:G7,$A$4),1)<>"*",INDEX(G5:G7,$A$4),"")} -> IE-KE | H3: {=IF(LEFT(INDEX(H5:H7,$A$4),1)<>"*",INDEX(H5:H7,$A$4),"")} -> IE-KK | I3: {=IF(LEFT(INDEX(I5:I7,$A$4),1)<>"*",INDEX(I5:I7,$A$4),"")} -> IE-LS | J3: {=IF(LEFT(INDEX(J5:J7,$A$4),1)<>"*",INDEX(J5:J7,$A$4),"")} -> IE-LD | ... AD3: {=IF(LEFT(INDEX(AD5:AD7,$A$4),1)<>"*",INDEX(AD5:AD7,$A$4),"")} -> IE-MN
A4: 1
A5: Development | C5: IE | D5: *National | E5: =Regions!A11 -> IE-CW | F5: =Regions!A16 -> IE-D | G5: =Regions!A19 -> IE-KE | H5: =Regions!A20 -> IE-KK | I5: =Regions!A21 -> IE-LS | J5: =Regions!A24 -> IE-LD | K5: =Regions!A25 -> IE-LH | L5: =Regions!A27 -> IE-MH | M5: =Regions!A29 -> IE-OY | N5: =Regions!A34 -> IE-WH | O5: =Regions!A35 -> IE-WX | P5: =Regions!A36 -> IE-WW | Q5: =Regions!A13 -> IE-CE | R5: =Regions!A14 -> IE-CO | S5: =Regions!A18 -> IE-KY | T5: =Regions!A23 -> IE-LK | U5: =Regions!A32 -> IE-TA | V5: =Regions!A33 -> IE-WD | W5: =Regions!A17 -> IE-G | X5: =Regions!A22 -> IE-LM | Y5: =Regions!A26 -> IE-MO | Z5: =Regions!A30 -> IE-RN | AA5: =Regions!A31 -> IE-SO | AB5: =Regions!A12 -> IE-CN | AC5: =Regions!A15 -> IE-DL | AD5: =Regions!A28 -> IE-MN
A6: Single-region | C6: =C5 -> IE | D6: =IF(LEFT(D5,1)<>"*","*"&D5,D5) -> *National | E6: =IF(LEFT(E5,1)<>"*","*"&E5,E5) -> *IE-CW | F6: =IF(LEFT(F5,1)<>"*","*"&F5,F5) -> *IE-D | G6: =IF(LEFT(G5,1)<>"*","*"&G5,G5) -> *IE-KE | H6: =IF(LEFT(H5,1)<>"*","*"&H5,H5) -> *IE-KK | I6: =IF(LEFT(I5,1)<>"*","*"&I5,I5) -> *IE-LS | J6: =IF(LEFT(J5,1)<>"*","*"&J5,J5) -> *IE-LD | K6: =IF(LEFT(K5,1)<>"*","*"&K5,K5) -> *IE-LH | ... AD6: =IF(LEFT(AD5,1)<>"*","*"&AD5,AD5) -> *IE-MN
A7: Multi-region | C7: ="*"&C5 -> *IE | D7: =D5 -> *National | E7: =E5 -> IE-CW | F7: =F5 -> IE-D | G7: =G5 -> IE-KE | H7: =H5 -> IE-KK | I7: =I5 -> IE-LS | J7: =J5 -> IE-LD | K7: =K5 -> IE-LH | ... AD7: =AD5 -> IE-MN
A10: Code | B10: County name
A11: IE-CW | B11: Carlow
A12: IE-CN | B12: Cavan
A13: IE-CE | B13: Clare
A14: IE-CO | B14: Cork
A15: IE-DL | B15: Donegal
A16: IE-D | B16: Dublin
A17: IE-G | B17: Galway
A18: IE-KY | B18: Kerry
A19: IE-KE | B19: Kildare
A20: IE-KK | B20: Kilkenny
A21: IE-LS | B21: Laois
... A36: IE-WW | B36: Wicklow
A37: Source: https://en.wikipedia.org/wiki/ISO_3166-2:IE

Sheet Goods Vehicle
A1: Goods vehicle (number)
A2: Year of Registration | B2: IE | C2: Carlow | D2: Dublin | E2: Kildare | F2: Kilkenny | G2: Laois | H2: Longford | I2: Louth | J2: Meath | K2: Offaly | L2: Westmeath | M2: Wexford | N2: Wicklow | O2: Clare | P2: Cork | Q2: Kerry | R2: Limerick | S2: Tipperary | T2: Waterford | U2: Galway | V2: Leitrim | W2: Mayo | X2: Roscommon | Y2: Sligo | Z2: Cavan | AA2: Donegal | AB2: Monaghan
A3: 1999 or before | B3: =SUM(C3:AB3) -> 6498 | C3: 159 | D3: 479 | E3: 236 | F3: 218 | G3: 134 | H3: 66 | I3: 103 | J3: 258 | K3: 164 | L3: 132 | M3: 371 | N3: 281 | O3: 235 | P3: 954 | Q3: 342 | R3: 317 | S3: 386 | T3: 166 | U3: 463 | V3: 89 | W3: 234 | X3: 139 | Y3: 145 | Z3: 146 | AA3: 173 | AB3: 108
A4: 2000 | B4: =SUM(C4:AB4) -> 3940 | C4: 101 | D4: 362 | E4: 142 | F4: 124 | G4: 75 | H4: 44 | I4: 70 | J4: 153 | K4: 110 | L4: 83 | M4: 186 | N4: 148 | O4: 144 | P4: 568 | Q4: 190 | R4: 171 | S4: 192 | T4: 78 | U4: 275 | V4: 51 | W4: 177 | X4: 108 | Y4: 76 | Z4: 105 | AA4: 127 | AB4: 80
A5: 2001 | B5: =SUM(C5:AB5) -> 4599 | C5: 102 | D5: 427 | E5: 176 | F5: 132 | G5: 87 | H5: 51 | I5: 76 | J5: 212 | K5: 127 | L5: 108 | M5: 207 | N5: 191 | O5: 172 | P5: 647 | Q5: 213 | R5: 192 | S5: 200 | T5: 98 | U5: 308 | V5: 75 | W5: 188 | X5: 125 | Y5: 91 | Z5: 111 | AA5: 166 | AB5: 117
A6: 2002 | B6: =SUM(C6:AB6) -> 6092 | C6: 146 | D6: 549 | E6: 234 | F6: 186 | G6: 145 | H6: 72 | I6: 103 | J6: 205 | K6: 146 | L6: 147 | M6: 277 | N6: 225 | O6: 213 | P6: 820 | Q6: 274 | R6: 243 | S6: 346 | T6: 172 | U6: 451 | V6: 84 | W6: 273 | X6: 163 | Y6: 151 | Z6: 140 | AA6: 210 | AB6: 117
A7: 2003 | B7: =SUM(C7:AB7) -> 8596 | C7: 181 | D7: 808 | E7: 370 | F7: 271 | G7: 185 | H7: 114 | I7: 147 | J7: 350 | K7: 226 | L7: 201 | M7: 422 | N7: 266 | O7: 290 | P7: 1243 | Q7: 395 | R7: 334 | S7: 430 | T7: 235 | U7: 634 | V7: 108 | W7: 361 | X7: 196 | Y7: 186 | Z7: 186 | AA7: 310 | AB7: 147
A8: 2004 | B8: =SUM(C8:AB8) -> 11434 | C8: 197 | D8: 1212 | E8: 532 | F8: 324 | G8: 254 | H8: 162 | I8: 192 | J8: 475 | K8: 280 | L8: 261 | M8: 551 | N8: 414 | O8: 402 | P8: 1555 | Q8: 468 | R8: 474 | S8: 579 | T8: 248 | U8: 740 | V8: 145 | W8: 491 | X8: 281 | Y8: 268 | Z8: 300 | AA8: 400 | AB8: 229
A9: 2005 | B9: =SUM(C9:AB9) -> 18375 | C9: 361 | D9: 2131 | E9: 859 | F9: 525 | G9: 378 | H9: 249 | I9: 368 | J9: 796 | K9: 390 | L9: 421 | M9: 851 | N9: 549 | O9: 596 | P9: 2432 | Q9: 818 | R9: 696 | S9: 860 | T9: 477 | U9: 1219 | V9: 241 | W9: 819 | X9: 414 | Y9: 395 | Z9: 463 | AA9: 708 | AB9: 359
A10: 2006 | B10: =SUM(C10:AB10) -> 24528 | C10: 477 | D10: 3009 | E10: 1112 | F10: 671 | G10: 534 | H10: 292 | I10: 521 | J10: 973 | K10: 527 | L10: 551 | M10: 1192 | N10: 748 | O10: 776 | P10: 3187 | Q10: 1045 | R10: 1016 | S10: 1199 | T10: 594 | U10: 1661 | V10: 274 | W10: 1127 | X10: 535 | Y10: 484 | Z10: 619 | AA10: 917 | AB10: 487
A11: 2007 | B11: =SUM(C11:AB11) -> 28566 | C11: 526 | D11: 3808 | E11: 1313 | F11: 778 | G11: 554 | H11: 402 | I11: 587 | J11: 1254 | K11: 618 | L11: 699 | M11: 1281 | N11: 894 | O11: 902 | P11: 3682 | Q11: 1079 | R11: 1170 | S11: 1393 | T11: 712 | U11: 1897 | V11: 316 | W11: 1246 | X11: 591 | Y11: 505 | Z11: 666 | AA11: 1113 | AB11: 580
A12: 2008 | B12: =SUM(C12:AB12) -> 22384 | C12: 393 | D12: 3249 | E12: 1030 | F12: 602 | G12: 485 | H12: 282 | I12: 493 | J12: 905 | K12: 459 | L12: 497 | M12: 878 | N12: 650 | O12: 708 | P12: 2886 | Q12: 863 | R12: 1005 | S12: 1065 | T12: 547 | U12: 1353 | V12: 242 | W12: 986 | X12: 463 | Y12: 434 | Z12: 504 | AA12: 921 | AB12: 484
A13: 2009 | B13: =SUM(C13:AB13) -> 10156 | C13: 189 | D13: 1539 | E13: 440 | F13: 208 | G13: 179 | H13: 128 | I13: 279 | J13: 402 | K13: 197 | L13: 212 | M13: 380 | N13: 265 | O13: 308 | P13: 1146 | Q13: 385 | R13: 439 | S13: 393 | T13: 243 | U13: 690 | V13: 124 | W13: 456 | X13: 217 | Y13: 246 | Z13: 271 | AA13: 607 | AB13: 213
A14: 2010 | B14: =SUM(C14:AB14) -> 9724 | C14: 123 | D14: 1505 | E14: 424 | F14: 221 | G14: 182 | H14: 120 | I14: 224 | J14: 408 | K14: 190 | L14: 230 | M14: 384 | N14: 284 | O14: 279 | P14: 1167 | Q14: 324 | R14: 413 | S14: 389 | T14: 214 | U14: 592 | V14: 94 | W14: 457 | X14: 209 | Y14: 201 | Z14: 259 | AA14: 565 | AB14: 266
A15: 2011 | B15: =SUM(C15:AB15) -> 10065 | C15: 147 | D15: 1942 | E15: 471 | F15: 232 | G15: 201 | H15: 121 | I15: 265 | J15: 433 | K15: 161 | L15: 218 | M15: 371 | N15: 258 | O15: 302 | P15: 1128 | Q15: 375 | R15: 408 | S15: 386 | T15: 239 | U15: 608 | V15: 103 | W15: 452 | X15: 171 | Y15: 201 | Z15: 212 | AA15: 403 | AB15: 257
... A23: 2019 | B23: =SUM(C23:AB23) -> 18587 | C23: 268 | D23: 6631 | E23: 866 | F23: 323 | G23: 247 | H23: 164 | I23: 432 | J23: 685 | K23: 259 | L23: 301 | M23: 627 | N23: 358 | O23: 343 | P23: 1749 | Q23: 442 | R23: 655 | S23: 511 | T23: 341 | U23: 751 | V23: 125 | W23: 478 | X23: 211 | Y23: 253 | Z23: 383 | AA23: 785 | AB23: 399
A24: Source: CSO, Table THA17
A27: =B2 -> IE
B29: 2019 | F29: Survival Rates for Small HGV
A30: Total | B30: =SUM(B31:B51) -> 362712 | F30: Vintage | G30: Sur Rates
A31: 1999 or before | B31: =B3 -> 6498 | F31: 0 | G31: 1
A32: 2000 | B32: =B4 -> 3940 | F32: 1 | G32: 1.09
A33: 2001 | B33: =B5 -> 4599 | F33: 2 | G33: 1.06
A34: 2002 | B34: =B6 -> 6092 | F34: 3 | G34: 1.04
A35: 2003 | B35: =B7 -> 8596 | F35: 4 | G35: 1.02
A36: 2004 | B36: =B8 -> 11434 | F36: 5 | G36: 1.01
A37: 2005 | B37: =B9 -> 18375 | F37: 6 | G37: 1
A38: 2006 | B38: =B10 -> 24528 | F38: 7 | G38: 1
A39: 2007 | B39: =B11 -> 28566 | F39: 8 | G39: 1
A40: 2008 | B40: =B12 -> 22384 | F40: 9 | G40: 1
A41: 2009 | B41: =B13 -> 10156 | F41: 10 | G41: 1.1
A42: 2010 | B42: =B14 -> 9724 | F42: 11 | G42: 1
A43: 2011 | B43: =B15 -> 10065 | F43: 12 | G43: 0.99
... A51: 2019 | B51: =B23 -> 18587 | F51: 20 | G51: 0.45438206
F52: 21 | G52: 0.40894385
F53: 22 | G53: 0.36804946
F54: 23 | G54: 0.33124452
F55: 24 | G55: 0.29812007
F56: 25 | G56: 0
F57: Source: Irish_TIMES 2.0
A59: Private Diesel Cars (number)
A60: Vintage | B60: 2018 | C60: 2019 | D60: 2020 | E60: 2021 | F60: 2022 | G60: 2023 | H60: 2024 | I60: 2025 | J60: 2026 | K60: 2027 | L60: 2028 | M60: 2029 | N60: 2030 | O60: 2031 | P60: 2032 | Q60: 2033 | R60: 2034 | S60: 2035 | T60: 2036 | U60: 2037 | V60: 2038 | W60: 2039 | X60: 2040 | Y60: 2041 | Z60: 2042 | AA60: 2043 | AB60: 2044
A61: 0 | B61: =B51 -> 18587 | C61: 0 | D61: 0 | E61: 0 | F61: 0 | G61: 0 | H61: 0 | I61: 0 | J61: 0 | K61: 0 | L61: 0 | M61: 0 | N61: 0 | O61: 0 | P61: 0 | Q61: 0 | R61: 0 | S61: 0 | T61: 0 | U61: 0 | V61: 0 | W61: 0 | X61: 0 | Y61: 0 | Z61: 0 | AA61: 0 | AB61: 0
A62: 1 | B62: =B50 -> 37082 | C62: =B61*G31 -> 18587 | D62: 0 | E62: 0 | F62: 0 | G62: 0 | H62: 0 | I62: 0 | J62: 0 | K62: 0 | L62: 0 | M62: 0 | N62: 0 | O62: 0 | P62: 0 | Q62: 0 | R62: 0 | S62: 0 | T62: 0 | U62: 0 | V62: 0 | W62: 0 | X62: 0 | Y62: 0 | Z62: 0 | AA62: 0 | AB62: 0
A63: 2 | B63: =B49 -> 35273 | C63: =B62*G32 -> 40419.38 | D63: =C62*G32 -> 20259.83 | E63: 0 | F63: 0 | G63: 0 | H63: 0 | I63: 0 | J63: 0 | K63: 0 | L63: 0 | M63: 0 | N63: 0 | O63: 0 | P63: 0 | Q63: 0 | R63: 0 | S63: 0 | T63: 0 | U63: 0 | V63: 0 | W63: 0 | X63: 0 | Y63: 0 | Z63: 0 | AA63: 0 | AB63: 0
A64: 3 | B64: =B48 -> 35611 | C64: =B63*G33 -> 37389.38 | D64: =C63*G33 -> 42844.543 | E64: =D63*G33 -> 21475.42 | F64: 0 | G64: 0 | H64: 0 | I64: 0 | J64: 0 | K64: 0 | L64: 0 | M64: 0 | N64: 0 | O64: 0 | P64: 0 | Q64: 0 | R64: 0 | S64: 0 | T64: 0 | U64: 0 | V64: 0 | W64: 0 | X64: 0 | Y64: 0 | Z64: 0 | AA64: 0 | AB64: 0
A65: 4 | B65: =B47 -> 26627 | C65: =B64*G34 -> 37035.44 | D65: =C64*G34 -> 38884.955 | E65: =D64*G34 -> 44558.325 | F65: =E64*G34 -> 22334.437 | G65: 0 | H65: 0 | I65: 0 | J65: 0 | K65: 0 | L65: 0 | M65: 0 | N65: 0 | O65: 0 | P65: 0 | Q65: 0 | R65: 0 | S65: 0 | T65: 0 | U65: 0 | V65: 0 | W65: 0 | X65: 0 | Y65: 0 | Z65: 0 | AA65: 0 | AB65: 0
A66: 5 | B66: =B46 -> 20426 | C66: =B65*G35 -> 27159.54 | D66: =C65*G35 -> 37776.149 | E66: =D65*G35 -> 39662.654 | F66: =E65*G35 -> 45449.491 | G66: =F65*G35 -> 22781.125 | H66: 0 | I66: 0 | J66: 0 | K66: 0 | L66: 0 | M66: 0 | N66: 0 | O66: 0 | P66: 0 | Q66: 0 | R66: 0 | S66: 0 | T66: 0 | U66: 0 | V66: 0 | W66: 0 | X66: 0 | Y66: 0 | Z66: 0 | AA66: 0 | AB66: 0
A67: 6 | B67: =B45 -> 13711 | C67: =B66*G36 -> 20630.26 | D67: =C66*G36 -> 27431.135 | E67: =D66*G36 -> 38153.91 | F67: =E66*G36 -> 40059.281 | G67: =F66*G36 -> 45903.986 | H67: =G66*G36 -> 23008.937 | I67: 0 | J67: 0 | K67: 0 | L67: 0 | M67: 0 | N67: 0 | O67: 0 | P67: 0 | Q67: 0 | R67: 0 | S67: 0 | T67: 0 | U67: 0 | V67: 0 | W67: 0 | X67: 0 | Y67: 0 | Z67: 0 | AA67: 0 | AB67: 0
A68: 7 | B68: =B44 -> 10438 | C68: =B67*G37 -> 13711 | D68: =C67*G37 -> 20630.26 | E68: =D67*G37 -> 27431.135 | F68: =E67*G37 -> 38153.91 | G68: =F67*G37 -> 40059.281 | H68: =G67*G37 -> 45903.986 | I68: =H67*G37 -> 23008.937 | J68: 0 | K68: 0 | L68: 0 | M68: 0 | N68: 0 | O68: 0 | P68: 0 | Q68: 0 | R68: 0 | S68: 0 | T68: 0 | U68: 0 | V68: 0 | W68: 0 | X68: 0 | Y68: 0 | Z68: 0 | AA68: 0 | AB68: 0
A69: 8 | B69: =B43 -> 10065 | C69: =B68*G38 -> 10438 | D69: =C68*G38 -> 13711 | E69: =D68*G38 -> 20630.26 | F69: =E68*G38 -> 27431.135 | G69: =F68*G38 -> 38153.91 | H69: =G68*G38 -> 40059.281 | I69: =H68*G38 -> 45903.986 | J69: =I68*G38 -> 23008.937 | K69: 0 | L69: 0 | M69: 0 | N69: 0 | O69: 0 | P69: 0 | Q69: 0 | R69: 0 | S69: 0 | T69: 0 | U69: 0 | V69: 0 | W69: 0 | X69: 0 | Y69: 0 | Z69: 0 | AA69: 0 | AB69: 0
A70: 9 | B70: =B42 -> 9724 | C70: =B69*G39 -> 10065 | D70: =C69*G39 -> 10438 | E70: =D69*G39 -> 13711 | F70: =E69*G39 -> 20630.26 | G70: =F69*G39 -> 27431.135 | H70: =G69*G39 -> 38153.91 | I70: =H69*G39 -> 40059.281 | J70: =I69*G39 -> 45903.986 | K70: =J69*G39 -> 23008.937 | L70: 0 | M70: 0 | N70: 0 | O70: 0 | P70: 0 | Q70: 0 | R70: 0 | S70: 0 | T70: 0 | U70: 0 | V70: 0 | W70: 0 | X70: 0 | Y70: 0 | Z70: 0 | AA70: 0 | AB70: 0
A71: 10 | B71: =B41 -> 10156 | C71: =B70*G40 -> 9724 | D71: =C70*G40 -> 10065 | E71: =D70*G40 -> 10438 | F71: =E70*G40 -> 13711 | G71: =F70*G40 -> 20630.26 | H71: =G70*G40 -> 27431.135 | I71: =H70*G40 -> 38153.91 | J71: =I70*G40 -> 40059.281 | K71: =J70*G40 -> 45903.986 | L71: =K70*G40 -> 23008.937 | M71: 0 | N71: 0 | O71: 0 | P71: 0 | Q71: 0 | R71: 0 | S71: 0 | T71: 0 | U71: 0 | V71: 0 | W71: 0 | X71: 0 | Y71: 0 | Z71: 0 | AA71: 0 | AB71: 0
A72: 11 | B72: =B40 -> 22384 | C72: =B71*G41 -> 11171.6 | D72: =C71*G41 -> 10696.4 | E72: =D71*G41 -> 11071.5 | F72: =E71*G41 -> 11481.8 | G72: =F71*G41 -> 15082.1 | H72: =G71*G41 -> 22693.286 | I72: =H71*G41 -> 30174.249 | J72: =I71*G41 -> 41969.301 | K72: =J71*G41 -> 44065.209 | L72: =K71*G41 -> 50494.385 | M72: =L71*G41 -> 25309.83 | N72: 0 | O72: 0 | P72: 0 | Q72: 0 | R72: 0 | S72: 0 | T72: 0 | U72: 0 | V72: 0 | W72: 0 | X72: 0 | Y72: 0 | Z72: 0 | AA72: 0 | AB72: 0
A73: 12 | B73: =B39 -> 28566 | C73: =B72*G42 -> 22384 | D73: =C72*G42 -> 11171.6 | E73: =D72*G42 -> 10696.4 | F73: =E72*G42 -> 11071.5 | G73: =F72*G42 -> 11481.8 | H73: =G72*G42 -> 15082.1 | I73: =H72*G42 -> 22693.286 | J73: =I72*G42 -> 30174.249 | K73: =J72*G42 -> 41969.301 | L73: =K72*G42 -> 44065.209 | M73: =L72*G42 -> 50494.385 | N73: =M72*G42 -> 25309.83 | O73: 0 | P73: 0 | Q73: 0 | R73: 0 | S73: 0 | T73: 0 | U73: 0 | V73: 0 | W73: 0 | X73: 0 | Y73: 0 | Z73: 0 | AA73: 0 | AB73: 0
A74: 13 | B74: =B38 -> 24528 | C74: =B73*G43 -> 28280.34 | D74: =C73*G43 -> 22160.16 | E74: =D73*G43 -> 11059.884 | F74: =E73*G43 -> 10589.436 | G74: =F73*G43 -> 10960.785 | H74: =G73*G43 -> 11366.982 | I74: =H73*G43 -> 14931.279 | J74: =I73*G43 -> 22466.353 | K74: =J73*G43 -> 29872.506 | L74: =K73*G43 -> 41549.608 | M74: =L73*G43 -> 43624.557 | N74: =M73*G43 -> 49989.441 | O74: =N73*G43 -> 25056.732 | P74: 0 | Q74: 0 | R74: 0 | S74: 0 | T74: 0 | U74: 0 | V74: 0 | W74: 0 | X74: 0 | Y74: 0 | Z74: 0 | AA74: 0 | AB74: 0
A75: 14 | B75: =B37 -> 18375 | C75: =B74*G44 -> 23301.6 | D75: =C74*G44 -> 26866.323 | E75: =D74*G44 -> 21052.152 | F75: =E74*G44 -> 10506.89 | G75: =F74*G44 -> 10059.964 | H75: =G74*G44 -> 10412.746 | I75: =H74*G44 -> 10798.633 | J75: =I74*G44 -> 14184.715 | K75: =J74*G44 -> 21343.035 | L75: =K74*G44 -> 28378.881 | M75: =L74*G44 -> 39472.128 | N75: =M74*G44 -> 41443.329 | O75: =N74*G44 -> 47489.969 | P75: =O74*G44 -> 23803.895 | Q75: 0 | R75: 0 | S75: 0 | T75: 0 | U75: 0 | V75: 0 | W75: 0 | X75: 0 | Y75: 0 | Z75: 0 | AA75: 0 | AB75: 0
A76: 15 | B76: =B36 -> 11434 | C76: =B75*G45 -> 15710.625 | D76: =C75*G45 -> 19922.868 | E76: =D75*G45 -> 22970.706 | F76: =E75*G45 -> 17999.59 | G76: =F75*G45 -> 8983.3908 | H76: =G75*G45 -> 8601.2694 | I76: =H75*G45 -> 8902.8976 | J76: =I75*G45 -> 9232.8311 | K76: =J75*G45 -> 12127.931 | L76: =K75*G45 -> 18248.295 | M76: =L75*G45 -> 24263.943 | N76: =M75*G45 -> 33748.669 | O76: =N75*G45 -> 35434.046 | P76: =O75*G45 -> 40603.923 | Q76: =P75*G45 -> 20352.331 | R76: 0 | S76: 0 | T76: 0 | U76: 0 | V76: 0 | W76: 0 | X76: 0 | Y76: 0 | Z76: 0 | AA76: 0 | AB76: 0
A77: 16 | B77: =B35 -> 8596 | C77: =B76*G46 -> 8798.463 | D77: =C76*G46 -> 12089.326 | E77: =D76*G46 -> 15330.647 | F77: =E76*G46 -> 17675.958 | G77: =F76*G46 -> 13850.684 | H77: =G76*G46 -> 6912.7192 | I77: =H76*G46 -> 6618.6768 | J77: =I76*G46 -> 6850.7797 | K77: =J76*G46 -> 7104.6636 | L77: =K76*G46 -> 9332.4432 | M77: =L76*G46 -> 14042.063 | N77: =M76*G46 -> 18671.104 | O77: =N76*G46 -> 25969.601 | P77: =O76*G46 -> 27266.499 | Q77: =P76*G46 -> 31244.719 | R77: =Q76*G46 -> 15661.118 | S77: 0 | T77: 0 | U77: 0 | V77: 0 | W77: 0 | X77: 0 | Y77: 0 | Z77: 0 | AA77: 0 | AB77: 0
A78: 17 | B78: =B34 -> 6092 | C78: =B77*G47 -> 5953.1598 | D78: =C77*G47 -> 6093.3756 | E78: =D77*G47 -> 8372.4627 | F78: =E77*G47 -> 10617.24 | G78: =F77*G47 -> 12241.485 | H78: =G77*G47 -> 9592.2915 | I78: =H77*G47 -> 4787.4037 | J78: =I77*G47 -> 4583.7646 | K78: =J77*G47 -> 4744.5075 | L78: =K77*G47 -> 4920.3347 | M78: =L77*G47 -> 6463.1835 | N78: =M77*G47 -> 9724.8309 | O78: =N77*G47 -> 12930.673 | P78: =O77*G47 -> 17985.247 | Q78: =P77*G47 -> 18883.414 | R78: =Q77*G47 -> 21638.53 | S78: =R77*G47 -> 10846.107 | T78: 0 | U78: 0 | V78: 0 | W78: 0 | X78: 0 | Y78: 0 | Z78: 0 | AA78: 0 | AB78: 0
A79: 18 | B79: =B33 -> 4599 | C79: =B78*G48 -> 3797.1131 | D79: =C78*G48 -> 3710.5747 | E79: =D78*G48 -> 3797.9705 | F79: =E78*G48 -> 5218.5141 | G79: =F78*G48 -> 6617.6723 | H79: =G78*G48 -> 7630.0564 | I79: =H78*G48 -> 5978.8274 | J79: =I78*G48 -> 2983.9648 | K79: =J78*G48 -> 2857.0376 | L79: =K78*G48 -> 2957.2278 | M79: =L78*G48 -> 3066.82 | N79: =M78*G48 -> 4028.47 | O79: =N78*G48 -> 6061.4385 | P79: =O78*G48 -> 8059.6241 | Q79: =P78*G48 -> 11210.115 | R79: =Q78*G48 -> 11769.937 | S79: =R78*G48 -> 13487.188 | T79: =S78*G48 -> 6760.3246 | U79: 0 | V79: 0 | W79: 0 | X79: 0 | Y79: 0 | Z79: 0 | AA79: 0 | AB79: 0
A80: 19 | B80: =B32 -> 3940 | C80: =B79*G49 -> 2579.8803 | D80: =C79*G49 -> 2130.0495 | E80: =D79*G49 -> 2081.5044 | F80: =E79*G49 -> 2130.5304 | G80: =F79*G49 -> 2927.4064 | H80: =G79*G49 -> 3712.2859 | I80: =H79*G49 -> 4280.1984 | J80: =I79*G49 -> 3353.9159 | K80: =J79*G49 -> 1673.9013 | L80: =K79*G49 -> 1602.6995 | M80: =L79*G49 -> 1658.9028 | N80: =M79*G49 -> 1720.3802 | O80: =N79*G49 -> 2259.8327 | P80: =O79*G49 -> 3400.2579 | Q80: =P79*G49 -> 4521.171 | R80: =Q79*G49 -> 6288.4876 | S80: =R79*G49 -> 6602.5288 | T80: =S79*G49 -> 7565.8469 | U80: =T79*G49 -> 3792.3089 | V80: 0 | W80: 0 | X80: 0 | Y80: 0 | Z80: 0 | AA80: 0 | AB80: 0
A81: 20 | B81: =B31/6 -> 1083 | C81: =B80*G50 -> 1989.1837 | D81: =C80*G50 -> 1302.5015 | E81: =D80*G50 -> 1075.3958 | F81: =E80*G50 -> 1050.8869 | G81: =F80*G50 -> 1075.6387 | H81: =G80*G50 -> 1477.9566 | I81: =H80*G50 -> 1874.2179 | J81: =I80*G50 -> 2160.9393 | K81: =J80*G50 -> 1693.288 | L81: =K80*G50 -> 845.10079 | M81: =L80*G50 -> 809.15322 | N81: =M80*G50 -> 837.5285 | O81: =N80*G50 -> 868.56657 | P81: =O80*G50 -> 1140.9194 | Q81: =P80*G50 -> 1716.6846 | R81: =Q80*G50 -> 2282.5989 | S81: =R80*G50 -> 3174.8621 | T81: =S80*G50 -> 3333.4118 | U81: =T80*G50 -> 3819.7612 | V81: =U80*G50 -> 1914.619 | W81: 0 | X81: 0 | Y81: 0 | Z81: 0 | AA81: 0 | AB81: 0
A82: 21 | B82: =B81 -> 1083 | C82: =B81*G51 -> 492.09577 | D82: =C81*G51 -> 903.84936 | E82: =D81*G51 -> 591.8333 | F82: =E81*G51 -> 488.64057 | G82: =F81*G51 -> 477.50417 | H82: =G81*G51 -> 488.7509 | I82: =H81*G51 -> 671.55695 | J82: =I81*G51 -> 851.61096 | K82: =J81*G51 -> 981.89203 | L82: =K81*G51 -> 769.39967 | M82: =L81*G51 -> 383.99863 | N82: =M81*G51 -> 367.6647 | O82: =N81*G51 -> 380.55792 | P82: =O81*G51 -> 394.66106 | Q82: =P81*G51 -> 518.41328 | R82: =Q81*G51 -> 780.03069 | S82: =R81*G51 -> 1037.172 | T82: =S81*G51 -> 1442.6004 | U82: =T81*G51 -> 1514.6425 | V82: =U81*G51 -> 1735.6309 | W82: =V81*G51 -> 869.96851 | X82: 0 | Y82: 0 | Z82: 0 | AA82: 0 | AB82: 0
A83: 22 | B83: =B82 -> 1083 | C83: =B82*G52 -> 442.88619 | D83: =C82*G52 -> 201.23954 | E83: =D82*G52 -> 369.62364 | F83: =E82*G52 -> 242.02659 | G83: =F82*G52 -> 199.82656 | H83: =G82*G52 -> 195.27239 | I83: =H82*G52 -> 199.87168 | J83: =I82*G52 -> 274.62908 | K83: =J82*G52 -> 348.26107 | L83: =K82*G52 -> 401.5387 | M83: =L82*G52 -> 314.64126 | N83: =M82*G52 -> 157.03388 | O83: =N82*G52 -> 150.35422 | P83: =O82*G52 -> 155.62682 | Q83: =P82*G52 -> 161.39421 | R83: =Q82*G52 -> 212.00192 | S83: =R82*G52 -> 318.98875 | T83: =S82*G52 -> 424.1451 | U83: =T82*G52 -> 589.94255 | V83: =U82*G52 -> 619.40373 | W83: =V82*G52 -> 709.7756 | X83: =W82*G52 -> 355.76827 | Y83: 0 | Z83: 0 | AA83: 0 | AB83: 0
A84: 23 | B84: =B83 -> 1083 | C84: =B83*G53 -> 398.59757 | D84: =C83*G53 -> 163.00402 | E84: =D83*G53 -> 74.066104 | F84: =E83*G53 -> 136.03978 | G84: =F83*G53 -> 89.077756 | H84: =G83*G53 -> 73.546057 | I84: =H83*G53 -> 71.8699 | J84: =I83*G53 -> 73.562664 | K84: =J83*G53 -> 101.07709 | L84: =K83*G53 -> 128.1773 | M84: =L83*G53 -> 147.78611 | N84: =M83*G53 -> 115.80355 | O84: =N83*G53 -> 57.796235 | P84: =O83*G53 -> 55.33779 | Q84: =P83*G53 -> 57.278368 | R84: =Q83*G53 -> 59.401054 | S84: =R83*G53 -> 78.027194 | T84: =S83*G53 -> 117.40364 | U84: =T83*G53 -> 156.10638 | V84: =U83*G53 -> 217.12804 | W84: =V83*G53 -> 227.97121 | X84: =W83*G53 -> 261.23253 | Y84: =X83*G53 -> 130.94032 | Z84: 0 | AA84: 0 | AB84: 0
A85: 24 | B85: =B84 -> 1083 | C85: =B84*G54 -> 358.73781 | D85: =C84*G54 -> 132.03326 | E85: =D84*G54 -> 53.99419 | F85: =E84*G54 -> 24.533991 | G85: =F84*G54 -> 45.062432 | H85: =G84*G54 -> 29.506518 | I85: =H84*G54 -> 24.361728 | J85: =I84*G54 -> 23.80651 | K85: =J84*G54 -> 24.367229 | L85: =K84*G54 -> 33.481231 | M85: =L84*G54 -> 42.458028 | N85: =M84*G54 -> 48.953337 | O85: =N84*G54 -> 38.359291 | P85: =O84*G54 -> 19.144686 | Q85: =P84*G54 -> 18.330339 | R85: =Q84*G54 -> 18.973145 | S85: =R84*G54 -> 19.676273 | T85: =S84*G54 -> 25.84608 | U85: =T84*G54 -> 38.889312 | V85: =U84*G54 -> 51.709381 | W85: =V84*G54 -> 71.922473 | X85: =W84*G54 -> 75.514214 | Y85: =X84*G54 -> 86.531843 | Z85: =Y84*G54 -> 43.373264 | AA85: 0 | AB85: 0
A86: 25 | B86: =B85 -> 1083 | C86: =B85*G55 -> 322.86403 | D86: =C85*G55 -> 106.94694 | E86: =D85*G55 -> 39.361764 | F86: =E85*G55 -> 16.096751 | G86: =F85*G55 -> 7.314075 | H86: =G85*G55 -> 13.434015 | I86: =H85*G55 -> 8.7964852 | J86: =I85*G55 -> 7.26272 | K86: =J85*G55 -> 7.0971985 | L86: =K85*G55 -> 7.2643599 | M86: =L85*G55 -> 9.9814269 | N86: =M85*G55 -> 12.65759 | O86: =N85*G55 -> 14.593972 | P86: =O85*G55 -> 11.435674 | Q86: =P85*G55 -> 5.7074151 | R86: =Q85*G55 -> 5.464642 | S86: =R85*G55 -> 5.6562754 | T86: =S85*G55 -> 5.8658919 | U86: =T85*G55 -> 7.7052351 | V86: =U85*G55 -> 11.593684 | W86: =V85*G55 -> 15.415604 | X86: =W85*G55 -> 21.441532 | Y86: =X85*G55 -> 22.512302 | Z86: =Y85*G55 -> 25.796879 | AA86: =Z85*G55 -> 12.93044 | AB86: 0
A87: Total | B87: =SUM(B61:B86) -> 362712 | C87: =SUM(C61:C86) -> 351140.15 | D87: =SUM(D61:D86) -> 339691.12 | E87: =SUM(E61:E86) -> 324698.21 | F87: =SUM(F61:F86) -> 307019.2 | G87: =SUM(G61:G86) -> 289059.41 | H87: =SUM(H61:H86) -> 272839.45 | I87: =SUM(I61:I86) -> 259142.24 | ... AB87: =SUM(AB61:AB86) -> 0
A88: Remaining compared to the base year | C88: =1-($B87-C87)/$B87 -> 0.9680963 | D88: =1-($B87-D87)/$B87 -> 0.93653125 | E88: =1-($B87-E87)/$B87 -> 0.89519565 | F88: =1-($B87-F87)/$B87 -> 0.84645448 | G88: =1-($B87-G87)/$B87 -> 0.7969392 | H88: =1-($B87-H87)/$B87 -> 0.75222064 | I88: =1-($B87-I87)/$B87 -> 0.71445731 | J88: =1-($B87-J87)/$B87 -> 0.68418991 | ... AA88: =1-($B87-AA87)/$B87 -> 3.5649331e-05
A92: Carlow
B94: 2019 | F94: Survival Rates for Heavy Medium Diesel
A95: Total | B95: =SUM(C3:C23) -> 5808 | F95: Vintage | G95: Sur Rates
A96: 1999 or before | B96: =C3 -> 159 | F96: 0 | G96: =G31 -> 1
A97: 2000 | B97: =C4 -> 101 | F97: 1 | G97: =G32 -> 1.09
A98: 2001 | B98: =C5 -> 102 | F98: 2 | G98: =G33 -> 1.06
A99: 2002 | B99: =C6 -> 146 | F99: 3 | G99: =G34 -> 1.04
A100: 2003 | B100: =C7 -> 181 | F100: 4 | G100: =G35 -> 1.02
A101: 2004 | B101: =C8 -> 197 | F101: 5 | G101: =G36 -> 1.01
A102: 2005 | B102: =C9 -> 361 | F102: 6 | G102: =G37 -> 1
A103: 2006 | B103: =C10 -> 477 | F103: 7 | G103: =G38 -> 1
A104: 2007 | B104: =C11 -> 526 | F104: 8 | G104: =G39 -> 1
A105: 2008 | B105: =C12 -> 393 | F105: 9 | G105: =G40 -> 1
A106: 2009 | B106: =C13 -> 189 | F106: 10 | G106: =G41 -> 1.1
A107: 2010 | B107: =C14 -> 123 | F107: 11 | G107: =G42 -> 1
A108: 2011 | B108: =C15 -> 147 | F108: 12 | G108: =G43 -> 0.99
... A116: 2019 | B116: =C23 -> 268 | F116: 20 | G116: =G51 -> 0.45438206
F117: 21 | G117: =G52 -> 0.40894385
F118: 22 | G118: =G53 -> 0.36804946
F119: 23 | G119: =G54 -> 0.33124452
F120: 24 | G120: =G55 -> 0.29812007
F121: 25 | G121: =G56 -> 0
F122: Source: Irish_TIMES 2.0
A124: Private Diesel Cars (number)
A125: Vintage | B125: 2018 | C125: 2019 | D125: 2020 | E125: 2021 | F125: 2022 | G125: 2023 | H125: 2024 | I125: 2025 | J125: 2026 | K125: 2027 | L125: 2028 | M125: 2029 | N125: 2030 | O125: 2031 | P125: 2032 | Q125: 2033 | R125: 2034 | S125: 2035 | T125: 2036 | U125: 2037 | V125: 2038 | W125: 2039 | X125: 2040 | Y125: 2041 | Z125: 2042 | AA125: 2043 | AB125: 2044
A126: 0 | B126: =B116 -> 268 | C126: 0 | D126: 0 | E126: 0 | F126: 0 | G126: 0 | H126: 0 | I126: 0 | J126: 0 | K126: 0 | L126: 0 | M126: 0 | N126: 0 | O126: 0 | P126: 0 | Q126: 0 | R126: 0 | S126: 0 | T126: 0 | U126: 0 | V126: 0 | W126: 0 | X126: 0 | Y126: 0 | Z126: 0 | AA126: 0 | AB126: 0
A127: 1 | B127: =B115 -> 472 | C127: =B126*G96 -> 268 | D127: 0 | E127: 0 | F127: 0 | G127: 0 | H127: 0 | I127: 0 | J127: 0 | K127: 0 | L127: 0 | M127: 0 | N127: 0 | O127: 0 | P127: 0 | Q127: 0 | R127: 0 | S127: 0 | T127: 0 | U127: 0 | V127: 0 | W127: 0 | X127: 0 | Y127: 0 | Z127: 0 | AA127: 0 | AB127: 0
A128: 2 | B128: =B114 -> 444 | C128: =B127*G97 -> 514.48 | D128: =C127*G97 -> 292.12 | E128: 0 | F128: 0 | G128: 0 | H128: 0 | I128: 0 | J128: 0 | K128: 0 | L128: 0 | M128: 0 | N128: 0 | O128: 0 | P128: 0 | Q128: 0 | R128: 0 | S128: 0 | T128: 0 | U128: 0 | V128: 0 | W128: 0 | X128: 0 | Y128: 0 | Z128: 0 | AA128: 0 | AB128: 0
A129: 3 | B129: =B113 -> 458 | C129: =B128*G98 -> 470.64 | D129: =C128*G98 -> 545.3488 | E129: =D128*G98 -> 309.6472 | F129: 0 | G129: 0 | H129: 0 | I129: 0 | J129: 0 | K129: 0 | L129: 0 | M129: 0 | N129: 0 | O129: 0 | P129: 0 | Q129: 0 | R129: 0 | S129: 0 | T129: 0 | U129: 0 | V129: 0 | W129: 0 | X129: 0 | Y129: 0 | Z129: 0 | AA129: 0 | AB129: 0
A130: 4 | B130: =B112 -> 404 | C130: =B129*G99 -> 476.32 | D130: =C129*G99 -> 489.4656 | E130: =D129*G99 -> 567.16275 | F130: =E129*G99 -> 322.03309 | G130: 0 | H130: 0 | I130: 0 | J130: 0 | K130: 0 | L130: 0 | M130: 0 | N130: 0 | O130: 0 | P130: 0 | Q130: 0 | R130: 0 | S130: 0 | T130: 0 | U130: 0 | V130: 0 | W130: 0 | X130: 0 | Y130: 0 | Z130: 0 | AA130: 0 | AB130: 0
...

Sheet Buses
A1: Buses (number)
A2: Year of Registration | B2: IE | C2: Carlow | D2: Dublin | E2: Kildare | F2: Kilkenny | G2: Laois | H2: Longford | I2: Louth | J2: Meath | K2: Offaly | L2: Westmeath | M2: Wexford | N2: Wicklow | O2: Clare | P2: Cork | Q2: Kerry | R2: Limerick | S2: Tipperary | T2: Waterford | U2: Galway | V2: Leitrim | W2: Mayo | X2: Roscommon | Y2: Sligo | Z2: Cavan | AA2: Donegal | AB2: Monaghan
A3: 1999 or before | B3: =SUM(C3:AB3) -> 172 | C3: 7 | D3: 43 | E3: 4 | F3: 6 | G3: 7 | H3: 4 | I3: 2 | J3: 9 | K3: 2 | L3: 7 | M3: 4 | N3: 3 | O3: 1 | P3: 19 | Q3: 8 | R3: 5 | S3: 6 | T3: 4 | U3: 8 | V3: 2 | W3: 10 | X3: 4 | Y3: 2 | Z3: 3 | AA3: 1 | AB3: 1
A4: 2000 | B4: =SUM(C4:AB4) -> 192 | C4: 1 | D4: 72 | E4: 8 | F4: 4 | G4: 3 | H4: 1 | I4: 12 | J4: 4 | K4: 1 | L4: 8 | M4: 1 | N4: 1 | O4: 1 | P4: 16 | Q4: 11 | R4: 5 | S4: 13 | T4: 4 | U4: 7 | V4: 1 | W4: 5 | X4: 3 | Y4: 2 | Z4: 0 | AA4: 7 | AB4: 1
A5: 2001 | B5: =SUM(C5:AB5) -> 165 | C5: 5 | D5: 36 | E5: 7 | F5: 1 | G5: 6 | H5: 4 | I5: 3 | J5: 5 | K5: 4 | L5: 3 | M5: 5 | N5: 4 | O5: 6 | P5: 12 | Q5: 9 | R5: 8 | S5: 8 | T5: 4 | U5: 4 | V5: 5 | W5: 10 | X5: 3 | Y5: 0 | Z5: 2 | AA5: 9 | AB5: 2
A6: 2002 | B6: =SUM(C6:AB6) -> 181 | C6: 2 | D6: 32 | E6: 13 | F6: 4 | G6: 2 | H6: 1 | I6: 0 | J6: 10 | K6: 3 | L6: 9 | M6: 4 | N6: 2 | O6: 10 | P6: 23 | Q6: 6 | R6: 11 | S6: 11 | T6: 8 | U6: 6 | V6: 2 | W6: 9 | X6: 1 | Y6: 2 | Z6: 3 | AA6: 5 | AB6: 2
A7: 2003 | B7: =SUM(C7:AB7) -> 280 | C7: 9 | D7: 62 | E7: 7 | F7: 7 | G7: 6 | H7: 2 | I7: 8 | J7: 13 | K7: 8 | L7: 7 | M7: 5 | N7: 7 | O7: 6 | P7: 21 | Q7: 20 | R7: 10 | S7: 11 | T7: 10 | U7: 20 | V7: 5 | W7: 13 | X7: 5 | Y7: 3 | Z7: 4 | AA7: 7 | AB7: 4
A8: 2004 | B8: =SUM(C8:AB8) -> 381 | C8: 6 | D8: 98 | E8: 18 | F8: 10 | G8: 3 | H8: 6 | I8: 4 | J8: 20 | K8: 6 | L8: 5 | M8: 13 | N8: 6 | O8: 12 | P8: 39 | Q8: 16 | R8: 19 | S8: 11 | T8: 10 | U8: 26 | V8: 6 | W8: 14 | X8: 4 | Y8: 7 | Z8: 5 | AA8: 12 | AB8: 5
A9: 2005 | B9: =SUM(C9:AB9) -> 395 | C9: 7 | D9: 105 | E9: 21 | F9: 2 | G9: 2 | H9: 10 | I9: 10 | J9: 12 | K9: 8 | L9: 4 | M9: 16 | N9: 8 | O9: 13 | P9: 37 | Q9: 24 | R9: 14 | S9: 6 | T9: 13 | U9: 17 | V9: 5 | W9: 12 | X9: 4 | Y9: 7 | Z9: 14 | AA9: 19 | AB9: 5
A10: 2006 | B10: =SUM(C10:AB10) -> 732 | C10: 7 | D10: 302 | E10: 36 | F10: 12 | G10: 8 | H10: 5 | I10: 7 | J10: 26 | K10: 7 | L10: 10 | M10: 21 | N10: 23 | O10: 19 | P10: 43 | Q10: 25 | R10: 22 | S10: 32 | T10: 7 | U10: 37 | V10: 5 | W10: 24 | X10: 5 | Y10: 6 | Z10: 6 | AA10: 27 | AB10: 10
A11: 2007 | B11: =SUM(C11:AB11) -> 737 | C11: 7 | D11: 222 | E11: 39 | F11: 25 | G11: 13 | H11: 8 | I11: 20 | J11: 18 | K11: 15 | L11: 7 | M11: 16 | N11: 24 | O11: 18 | P11: 59 | Q11: 39 | R11: 26 | S11: 27 | T11: 24 | U11: 41 | V11: 4 | W11: 26 | X11: 6 | Y11: 5 | Z11: 12 | AA11: 30 | AB11: 6
A12: 2008 | B12: =SUM(C12:AB12) -> 865 | C12: 6 | D12: 282 | E12: 28 | F12: 17 | G12: 11 | H12: 11 | I12: 12 | J12: 31 | K12: 19 | L12: 10 | M12: 32 | N12: 29 | O12: 14 | P12: 68 | Q12: 38 | R12: 24 | S12: 44 | T12: 18 | U12: 57 | V12: 6 | W12: 29 | X12: 9 | Y12: 8 | Z12: 13 | AA12: 38 | AB12: 11
A13: 2009 | B13: =SUM(C13:AB13) -> 385 | C13: 6 | D13: 74 | E13: 12 | F13: 10 | G13: 6 | H13: 4 | I13: 10 | J13: 16 | K13: 8 | L13: 8 | M13: 14 | N13: 6 | O13: 12 | P13: 63 | Q13: 10 | R13: 17 | S13: 17 | T13: 5 | U13: 22 | V13: 3 | W13: 14 | X13: 5 | Y13: 2 | Z13: 8 | AA13: 28 | AB13: 5
A14: 2010 | B14: =SUM(C14:AB14) -> 196 | C14: 2 | D14: 34 | E14: 8 | F14: 6 | G14: 3 | H14: 0 | I14: 7 | J14: 16 | K14: 7 | L14: 1 | M14: 7 | N14: 3 | O14: 6 | P14: 18 | Q14: 10 | R14: 6 | S14: 7 | T14: 3 | U14: 14 | V14: 1 | W14: 8 | X14: 4 | Y14: 1 | Z14: 4 | AA14: 13 | AB14: 7
A15: 2011 | B15: =SUM(C15:AB15) -> 214 | C15: 6 | D15: 19 | E15: 28 | F15: 9 | G15: 3 | H15: 2 | I15: 9 | J15: 6 | K15: 8 | L15: 2 | M15: 8 | N15: 2 | O15: 9 | P15: 20 | Q15: 7 | R15: 9 | S15: 9 | T15: 7 | U15: 10 | V15: 1 | W15: 12 | X15: 4 | Y15: 2 | Z15: 2 | AA15: 12 | AB15: 8
... A23: 2019 | B23: =SUM(C23:AB23) -> 553 | C23: 7 | D23: 176 | E23: 23 | F23: 24 | G23: 6 | H23: 6 | I23: 10 | J23: 16 | K23: 6 | L23: 6 | M23: 16 | N23: 13 | O23: 10 | P23: 41 | Q23: 34 | R23: 15 | S23: 13 | T23: 11 | U23: 35 | V23: 6 | W23: 9 | X23: 4 | Y23: 6 | Z23: 10 | AA23: 32 | AB23: 18
A24: Source: CSO, Table THA17
A27: =B2 -> IE
B29: 2019 | F29: Survival Rates for Buses
A30: Total | B30: =SUM(B31:B51) -> 11203 | F30: Vintage | G30: Sur Rates
A31: 1999 or before | B31: =B3 -> 172 | F31: 0 | G31: 1
A32: 2000 | B32: =B4 -> 192 | F32: 1 | G32: 1
A33: 2001 | B33: =B5 -> 165 | F33: 2 | G33: 1
A34: 2002 | B34: =B6 -> 181 | F34: 3 | G34: 1
A35: 2003 | B35: =B7 -> 280 | F35: 4 | G35: 1
A36: 2004 | B36: =B8 -> 381 | F36: 5 | G36: 1
A37: 2005 | B37: =B9 -> 395 | F37: 6 | G37: 1
A38: 2006 | B38: =B10 -> 732 | F38: 7 | G38: 1
A39: 2007 | B39: =B11 -> 737 | F39: 8 | G39: 1
A40: 2008 | B40: =B12 -> 865 | F40: 9 | G40: 1
A41: 2009 | B41: =B13 -> 385 | F41: 10 | G41: 1
A42: 2010 | B42: =B14 -> 196 | F42: 11 | G42: 0.97859323
A43: 2011 | B43: =B15 -> 214 | F43: 12 | G43: 0.8937765
... A51: 2019 | B51: =B23 -> 553 | F51: 20 | G51: 0.18254159
F52: 21 | G52: 0.14603327
F53: 22 | G53: 0.10952496
F54: 23 | G54: 0.073016637
F55: 24 | G55: 0.036508318
F56: 25 | G56: 0
F57: Source: Irish_TIMES 2.0
A59: Private Diesel Cars (number)
A60: Vintage | B60: 2018 | C60: 2019 | D60: 2020 | E60: 2021 | F60: 2022 | G60: 2023 | H60: 2024 | I60: 2025 | J60: 2026 | K60: 2027 | L60: 2028 | M60: 2029 | N60: 2030 | O60: 2031 | P60: 2032 | Q60: 2033 | R60: 2034 | S60: 2035 | T60: 2036 | U60: 2037 | V60: 2038 | W60: 2039 | X60: 2040 | Y60: 2041 | Z60: 2042 | AA60: 2043 | AB60: 2044
A61: 0 | B61: =B51 -> 553 | C61: 0 | D61: 0 | E61: 0 | F61: 0 | G61: 0 | H61: 0 | I61: 0 | J61: 0 | K61: 0 | L61: 0 | M61: 0 | N61: 0 | O61: 0 | P61: 0 | Q61: 0 | R61: 0 | S61: 0 | T61: 0 | U61: 0 | V61: 0 | W61: 0 | X61: 0 | Y61: 0 | Z61: 0 | AA61: 0 | AB61: 0
A62: 1 | B62: =B50 -> 1194 | C62: =B61*G31 -> 553 | D62: 0 | E62: 0 | F62: 0 | G62: 0 | H62: 0 | I62: 0 | J62: 0 | K62: 0 | L62: 0 | M62: 0 | N62: 0 | O62: 0 | P62: 0 | Q62: 0 | R62: 0 | S62: 0 | T62: 0 | U62: 0 | V62: 0 | W62: 0 | X62: 0 | Y62: 0 | Z62: 0 | AA62: 0 | AB62: 0
A63: 2 | B63: =B49 -> 1223 | C63: =B62*G32 -> 1194 | D63: =C62*G32 -> 553 | E63: 0 | F63: 0 | G63: 0 | H63: 0 | I63: 0 | J63: 0 | K63: 0 | L63: 0 | M63: 0 | N63: 0 | O63: 0 | P63: 0 | Q63: 0 | R63: 0 | S63: 0 | T63: 0 | U63: 0 | V63: 0 | W63: 0 | X63: 0 | Y63: 0 | Z63: 0 | AA63: 0 | AB63: 0
A64: 3 | B64: =B48 -> 1099 | C64: =B63*G33 -> 1223 | D64: =C63*G33 -> 1194 | E64: =D63*G33 -> 553 | F64: 0 | G64: 0 | H64: 0 | I64: 0 | J64: 0 | K64: 0 | L64: 0 | M64: 0 | N64: 0 | O64: 0 | P64: 0 | Q64: 0 | R64: 0 | S64: 0 | T64: 0 | U64: 0 | V64: 0 | W64: 0 | X64: 0 | Y64: 0 | Z64: 0 | AA64: 0 | AB64: 0
A65: 4 | B65: =B47 -> 752 | C65: =B64*G34 -> 1099 | D65: =C64*G34 -> 1223 | E65: =D64*G34 -> 1194 | F65: =E64*G34 -> 553 | G65: 0 | H65: 0 | I65: 0 | J65: 0 | K65: 0 | L65: 0 | M65: 0 | N65: 0 | O65: 0 | P65: 0 | Q65: 0 | R65: 0 | S65: 0 | T65: 0 | U65: 0 | V65: 0 | W65: 0 | X65: 0 | Y65: 0 | Z65: 0 | AA65: 0 | AB65: 0
A66: 5 | B66: =B46 -> 643 | C66: =B65*G35 -> 752 | D66: =C65*G35 -> 1099 | E66: =D65*G35 -> 1223 | F66: =E65*G35 -> 1194 | G66: =F65*G35 -> 553 | H66: 0 | I66: 0 | J66: 0 | K66: 0 | L66: 0 | M66: 0 | N66: 0 | O66: 0 | P66: 0 | Q66: 0 | R66: 0 | S66: 0 | T66: 0 | U66: 0 | V66: 0 | W66: 0 | X66: 0 | Y66: 0 | Z66: 0 | AA66: 0 | AB66: 0
A67: 6 | B67: =B45 -> 486 | C67: =B66*G36 -> 643 | D67: =C66*G36 -> 752 | E67: =D66*G36 -> 1099 | F67: =E66*G36 -> 1223 | G67: =F66*G36 -> 1194 | H67: =G66*G36 -> 553 | I67: 0 | J67: 0 | K67: 0 | L67: 0 | M67: 0 | N67: 0 | O67: 0 | P67: 0 | Q67: 0 | R67: 0 | S67: 0 | T67: 0 | U67: 0 | V67: 0 | W67: 0 | X67: 0 | Y67: 0 | Z67: 0 | AA67: 0 | AB67: 0
A68: 7 | B68: =B44 -> 358 | C68: =B67*G37 -> 486 | D68: =C67*G37 -> 643 | E68: =D67*G37 -> 752 | F68: =E67*G37 -> 1099 | G68: =F67*G37 -> 1223 | H68: =G67*G37 -> 1194 | I68: =H67*G37 -> 553 | J68: 0 | K68: 0 | L68: 0 | M68: 0 | N68: 0 | O68: 0 | P68: 0 | Q68: 0 | R68: 0 | S68: 0 | T68: 0 | U68: 0 | V68: 0 | W68: 0 | X68: 0 | Y68: 0 | Z68: 0 | AA68: 0 | AB68: 0
A69: 8 | B69: =B43 -> 214 | C69: =B68*G38 -> 358 | D69: =C68*G38 -> 486 | E69: =D68*G38 -> 643 | F69: =E68*G38 -> 752 | G69: =F68*G38 -> 1099 | H69: =G68*G38 -> 1223 | I69: =H68*G38 -> 1194 | J69: =I68*G38 -> 553 | K69: 0 | L69: 0 | M69: 0 | N69: 0 | O69: 0 | P69: 0 | Q69: 0 | R69: 0 | S69: 0 | T69: 0 | U69: 0 | V69: 0 | W69: 0 | X69: 0 | Y69: 0 | Z69: 0 | AA69: 0 | AB69: 0
A70: 9 | B70: =B42 -> 196 | C70: =B69*G39 -> 214 | D70: =C69*G39 -> 358 | E70: =D69*G39 -> 486 | F70: =E69*G39 -> 643 | G70: =F69*G39 -> 752 | H70: =G69*G39 -> 1099 | I70: =H69*G39 -> 1223 | J70: =I69*G39 -> 1194 | K70: =J69*G39 -> 553 | L70: 0 | M70: 0 | N70: 0 | O70: 0 | P70: 0 | Q70: 0 | R70: 0 | S70: 0 | T70: 0 | U70: 0 | V70: 0 | W70: 0 | X70: 0 | Y70: 0 | Z70: 0 | AA70: 0 | AB70: 0
A71: 10 | B71: =B41 -> 385 | C71: =B70*G40 -> 196 | D71: =C70*G40 -> 214 | E71: =D70*G40 -> 358 | F71: =E70*G40 -> 486 | G71: =F70*G40 -> 643 | H71: =G70*G40 -> 752 | I71: =H70*G40 -> 1099 | J71: =I70*G40 -> 1223 | K71: =J70*G40 -> 1194 | L71: =K70*G40 -> 553 | M71: 0 | N71: 0 | O71: 0 | P71: 0 | Q71: 0 | R71: 0 | S71: 0 | T71: 0 | U71: 0 | V71: 0 | W71: 0 | X71: 0 | Y71: 0 | Z71: 0 | AA71: 0 | AB71: 0
A72: 11 | B72: =B40 -> 865 | C72: =B71*G41 -> 385 | D72: =C71*G41 -> 196 | E72: =D71*G41 -> 214 | F72: =E71*G41 -> 358 | G72: =F71*G41 -> 486 | H72: =G71*G41 -> 643 | I72: =H71*G41 -> 752 | J72: =I71*G41 -> 1099 | K72: =J71*G41 -> 1223 | L72: =K71*G41 -> 1194 | M72: =L71*G41 -> 553 | N72: 0 | O72: 0 | P72: 0 | Q72: 0 | R72: 0 | S72: 0 | T72: 0 | U72: 0 | V72: 0 | W72: 0 | X72: 0 | Y72: 0 | Z72: 0 | AA72: 0 | AB72: 0
A73: 12 | B73: =B39 -> 737 | C73: =B72*G42 -> 846.48315 | D73: =C72*G42 -> 376.75839 | E73: =D72*G42 -> 191.80427 | F73: =E72*G42 -> 209.41895 | G73: =F72*G42 -> 350.33638 | H73: =G72*G42 -> 475.59631 | I73: =H72*G42 -> 629.23545 | J73: =I72*G42 -> 735.90211 | K73: =J72*G42 -> 1075.474 | L73: =K72*G42 -> 1196.8195 | M73: =L72*G42 -> 1168.4403 | N73: =M72*G42 -> 541.16206 | O73: 0 | P73: 0 | Q73: 0 | R73: 0 | S73: 0 | T73: 0 | U73: 0 | V73: 0 | W73: 0 | X73: 0 | Y73: 0 | Z73: 0 | AA73: 0 | AB73: 0
A74: 13 | B74: =B38 -> 732 | C74: =B73*G43 -> 658.71328 | D74: =C73*G43 -> 756.56674 | E74: =D73*G43 -> 336.7378 | F74: =E73*G43 -> 171.43015 | G74: =F73*G43 -> 187.17374 | H74: =G73*G43 -> 313.12242 | I74: =H73*G43 -> 425.07681 | J74: =I73*G43 -> 562.39586 | K74: =J73*G43 -> 657.73201 | L74: =K73*G43 -> 961.23335 | M74: =L73*G43 -> 1069.6892 | N74: =M73*G43 -> 1044.3245 | O74: =N73*G43 -> 483.67793 | P74: 0 | Q74: 0 | R74: 0 | S74: 0 | T74: 0 | U74: 0 | V74: 0 | W74: 0 | X74: 0 | Y74: 0 | Z74: 0 | AA74: 0 | AB74: 0
A75: 14 | B75: =B37 -> 395 | C75: =B74*G44 -> 511.57307 | D75: =C74*G44 -> 460.35516 | E75: =D74*G44 -> 528.74204 | F75: =E74*G44 -> 235.33605 | G75: =F74*G44 -> 119.80745 | H75: =G74*G44 -> 130.81017 | I75: =H74*G44 -> 218.83197 | J75: =I74*G44 -> 297.07356 | K75: =J74*G44 -> 393.04177 | L75: =K74*G44 -> 459.66938 | M75: =L74*G44 -> 671.77746 | N75: =M74*G44 -> 747.57401 | O75: =N74*G44 -> 729.8474 | P75: =O74*G44 -> 338.02815 | Q75: 0 | R75: 0 | S75: 0 | T75: 0 | U75: 0 | V75: 0 | W75: 0 | X75: 0 | Y75: 0 | Z75: 0 | AA75: 0 | AB75: 0
A76: 15 | B76: =B36 -> 381 | C76: =B75*G45 -> 201.98962 | D76: =C75*G45 -> 261.60114 | E76: =D75*G45 -> 235.41004 | F76: =E75*G45 -> 270.38077 | G76: =F75*G45 -> 120.34289 | H76: =G75*G45 -> 61.265469 | I76: =H75*G45 -> 66.89189 | J76: =I75*G45 -> 111.90326 | K76: =J75*G45 -> 151.91336 | L76: =K75*G45 -> 200.98825 | M76: =L75*G45 -> 235.05935 | N76: =M75*G45 -> 343.52424 | O76: =N75*G45 -> 382.28403 | P76: =O75*G45 -> 373.21924 | Q76: =P75*G45 -> 172.85615 | R76: 0 | S76: 0 | T76: 0 | U76: 0 | V76: 0 | W76: 0 | X76: 0 | Y76: 0 | Z76: 0 | AA76: 0 | AB76: 0
A77: 16 | B77: =B35 -> 280 | C77: =B76*G46 -> 139.09669 | D77: =C76*G46 -> 73.743014 | E77: =D76*G46 -> 95.506178 | F77: =E76*G46 -> 85.944246 | G77: =F76*G46 -> 98.711473 | H77: =G76*G46 -> 43.935164 | I77: =H76*G46 -> 22.366993 | J77: =I76*G46 -> 24.421104 | K77: =J76*G46 -> 40.853997 | L77: =K76*G46 -> 55.461012 | M77: =L76*G46 -> 73.37743 | N77: =M76*G46 -> 85.816217 | O77: =N76*G46 -> 125.41492 | P77: =O76*G46 -> 139.56547 | Q77: =P76*G46 -> 136.25607 | R77: =Q76*G46 -> 63.106872 | S77: 0 | T77: 0 | U77: 0 | V77: 0 | W77: 0 | X77: 0 | Y77: 0 | Z77: 0 | AA77: 0 | AB77: 0
A78: 17 | B78: =B34 -> 181 | C78: =B77*G47 -> 92.000963 | D78: =C77*G47 -> 45.703677 | E78: =D77*G47 -> 24.230101 | F78: =E77*G47 -> 31.38093 | G78: =F77*G47 -> 28.239119 | H78: =G77*G47 -> 32.434109 | I78: =H77*G47 -> 14.435991 | J78: =I77*G47 -> 7.3492316 | K78: =J77*G47 -> 8.0241611 | L78: =K77*G47 -> 13.423597 | M78: =L77*G47 -> 18.223095 | N78: =M77*G47 -> 24.109979 | O78: =N77*G47 -> 28.197052 | P78: =O77*G47 -> 41.208192 | Q78: =P77*G47 -> 45.857706 | R78: =Q77*G47 -> 44.770319 | S78: =R77*G47 -> 20.735332 | T78: 0 | U78: 0 | V78: 0 | W78: 0 | X78: 0 | Y78: 0 | Z78: 0 | AA78: 0 | AB78: 0
A79: 18 | B79: =B33 -> 165 | C79: =B78*G48 -> 52.864045 | D79: =C78*G48 -> 26.870404 | E79: =D78*G48 -> 13.348515 | F79: =E78*G48 -> 7.0768019 | G79: =F78*G48 -> 9.1653198 | H79: =G78*G48 -> 8.247702 | I79: =H78*G48 -> 9.4729182 | J79: =I78*G48 -> 4.21627 | K79: =J78*G48 -> 2.1464647 | L79: =K78*G48 -> 2.343589 | M79: =L78*G48 -> 3.9205835 | N79: =M78*G48 -> 5.3223564 | O79: =N78*G48 -> 7.0417184 | P79: =O78*G48 -> 8.2354156 | Q79: =P78*G48 -> 12.035534 | R79: =Q78*G48 -> 13.393502 | S79: =R78*G48 -> 13.075913 | T79: =S78*G48 -> 6.0560969 | U79: 0 | V79: 0 | W79: 0 | X79: 0 | Y79: 0 | Z79: 0 | AA79: 0 | AB79: 0
A80: 19 | B80: =B32 -> 192 | C80: =B79*G49 -> 42.167108 | D80: =C79*G49 -> 13.509842 | E80: =D79*G49 -> 6.8669527 | F80: =E79*G49 -> 3.4113229 | G80: =F79*G49 -> 1.808535 | H80: =G79*G49 -> 2.3422729 | I80: =H79*G49 -> 2.1077681 | J80: =I79*G49 -> 2.4208822 | K80: =J79*G49 -> 1.0775025 | L80: =K79*G49 -> 0.54854672 | M80: =L79*G49 -> 0.59892346 | N80: =M79*G49 -> 1.0019374 | O80: =N79*G49 -> 1.360172 | P80: =O79*G49 -> 1.7995691 | Q80: =P79*G49 -> 2.1046282 | R80: =Q79*G49 -> 3.0757798 | S80: =R79*G49 -> 3.4228196 | T80: =S79*G49 -> 3.3416571 | U80: =T79*G49 -> 1.5476854 | V80: 0 | W80: 0 | X80: 0 | Y80: 0 | Z80: 0 | AA80: 0 | AB80: 0
A81: 20 | B81: =B31/6 -> 28.666667 | C81: =B80*G50 -> 42.057583 | D81: =C80*G50 -> 9.2367012 | E81: =D80*G50 -> 2.9593296 | F81: =E80*G50 -> 1.5042054 | G81: =F80*G50 -> 0.74724998 | H81: =G80*G50 -> 0.39615942 | I81: =H80*G50 -> 0.51307467 | J81: =I80*G50 -> 0.46170642 | K81: =J80*G50 -> 0.53029403 | L81: =K80*G50 -> 0.23602682 | M81: =L80*G50 -> 0.12015911 | N81: =M80*G50 -> 0.13119413 | O81: =N80*G50 -> 0.21947429 | P81: =O80*G50 -> 0.29794555 | Q81: =P80*G50 -> 0.39419545 | R81: =Q80*G50 -> 0.46101863 | S81: =R80*G50 -> 0.6737493 | T81: =S80*G50 -> 0.74976833 | U81: =T80*G50 -> 0.73198968 | V81: =U80*G50 -> 0.33902035 | W81: 0 | X81: 0 | Y81: 0 | Z81: 0 | AA81: 0 | AB81: 0
A82: 21 | B82: =B81 -> 28.666667 | C82: =B81*G51 -> 5.232859 | D82: =C81*G51 -> 7.6772581 | E82: =D81*G51 -> 1.6860821 | F82: =E81*G51 -> 0.54020074 | G82: =F81*G51 -> 0.27458005 | H82: =G81*G51 -> 0.1364042 | I82: =H81*G51 -> 0.072315572 | J82: =I81*G51 -> 0.093657467 | K82: =J81*G51 -> 0.084280625 | L82: =K81*G51 -> 0.096800717 | M82: =L81*G51 -> 0.043084712 | N82: =M81*G51 -> 0.021934035 | O82: =N81*G51 -> 0.023948385 | P82: =O81*G51 -> 0.040063187 | Q82: =P81*G51 -> 0.054387455 | R82: =Q81*G51 -> 0.071957065 | S82: =R81*G51 -> 0.084155074 | T82: =S81*G51 -> 0.12298727 | U82: =T81*G51 -> 0.1368639 | V82: =U81*G51 -> 0.13361856 | W82: =V81*G51 -> 0.061885314 | X82: 0 | Y82: 0 | Z82: 0 | AA82: 0 | AB82: 0
A83: 22 | B83: =B82 -> 28.666667 | C83: =B82*G52 -> 4.1862872 | D83: =C82*G52 -> 0.76417153 | E83: =D82*G52 -> 1.1211351 | F83: =E82*G52 -> 0.2462241 | G83: =F82*G52 -> 0.078887283 | H83: =G82*G52 -> 0.040097823 | I83: =H82*G52 -> 0.019919552 | J83: =I82*G52 -> 0.01056048 | K83: =J82*G52 -> 0.013677107 | L83: =K82*G52 -> 0.012307776 | M83: =L82*G52 -> 0.014136126 | N83: =M82*G52 -> 0.0062918016 | O83: =N82*G52 -> 0.003203099 | P83: =O82*G52 -> 0.0034972611 | Q83: =P82*G52 -> 0.0058505584 | R83: =Q82*G52 -> 0.0079423781 | S83: =R82*G52 -> 0.010508126 | T83: =S82*G52 -> 0.012289441 | U83: =T82*G52 -> 0.017960234 | V83: =U82*G52 -> 0.019986684 | W83: =V82*G52 -> 0.019512756 | X83: =W82*G52 -> 0.009037315 | Y83: 0 | Z83: 0 | AA83: 0 | AB83: 0
A84: 23 | B84: =B83 -> 28.666667 | C84: =B83*G53 -> 3.1397154 | D84: =C83*G53 -> 0.45850292 | E84: =D83*G53 -> 0.083695853 | F84: =E83*G53 -> 0.12279228 | G84: =F83*G53 -> 0.026967683 | H84: =G83*G53 -> 0.0086401262 | I84: =H83*G53 -> 0.0043917123 | J84: =I83*G53 -> 0.0021816881 | K84: =J83*G53 -> 0.0011566361 | L84: =K83*G53 -> 0.0014979845 | M84: =L83*G53 -> 0.0013480086 | N84: =M83*G53 -> 0.0015482585 | O84: =N83*G53 -> 0.00068910929 | P84: =O83*G53 -> 0.00035081927 | Q84: =P83*G53 -> 0.00038303737 | R84: =Q83*G53 -> 0.00064078214 | S84: =R83*G53 -> 0.00086988861 | T84: =S83*G53 -> 0.001150902 | U84: =T83*G53 -> 0.0013460005 | V84: =U83*G53 -> 0.0019670938 | W84: =V83*G53 -> 0.0021890407 | X84: =W83*G53 -> 0.0021371337 | Y84: =X83*G53 -> 0.00098981152 | Z84: 0 | AA84: 0 | AB84: 0
A85: 24 | B85: =B84 -> 28.666667 | C85: =B84*G54 -> 2.0931436 | D85: =C84*G54 -> 0.22925146 | E85: =D84*G54 -> 0.033478341 | F85: =E84*G54 -> 0.0061111897 | G85: =F84*G54 -> 0.0089658791 | H85: =G84*G54 -> 0.0019690895 | I85: =H84*G54 -> 0.00063087296 | J85: =I84*G54 -> 0.00032066806 | K85: =J84*G54 -> 0.00015929953 | L85: =K84*G54 -> 8.4453676e-05 | M85: =L84*G54 -> 0.00010937779 | N85: =M84*G54 -> 9.8427052e-05 | O85: =N84*G54 -> 0.00011304863 | P85: =O84*G54 -> 5.0316443e-05 | Q85: =P84*G54 -> 2.5615644e-05 | R85: =Q84*G54 -> 2.7968101e-05 | S85: =R84*G54 -> 4.6787757e-05 | T85: =S84*G54 -> 6.3516341e-05 | U85: =T84*G54 -> 8.4034994e-05 | V85: =U84*G54 -> 9.8280428e-05 | W85: =V84*G54 -> 0.00014363057 | X85: =W84*G54 -> 0.00015983639 | Y85: =X84*G54 -> 0.00015604632 | Z85: =Y84*G54 -> 7.2272709e-05 | AA85: 0 | AB85: 0
A86: 25 | B86: =B85 -> 28.666667 | C86: =B85*G55 -> 1.0465718 | D86: =C85*G55 -> 0.076417153 | E86: =D85*G55 -> 0.0083695853 | F86: =E85*G55 -> 0.0012222379 | G86: =F85*G55 -> 0.00022310926 | H86: =G85*G55 -> 0.00032732917 | I86: =H85*G55 -> 7.1888148e-05 | J86: =I85*G55 -> 2.3032111e-05 | K86: =J85*G55 -> 1.1707052e-05 | L86: =K85*G55 -> 5.8157578e-06 | M86: =L85*G55 -> 3.0832617e-06 | N86: =M85*G55 -> 3.9931992e-06 | O86: =N85*G55 -> 3.5934062e-06 | P86: =O85*G55 -> 4.1272154e-06 | Q86: =P85*G55 -> 1.8369687e-06 | R86: =Q85*G55 -> 9.3518407e-07 | S86: =R85*G55 -> 1.0210683e-06 | T86: =S85*G55 -> 1.7081423e-06 | U86: =T85*G55 -> 2.3188748e-06 | V86: =U85*G55 -> 3.0679763e-06 | W86: =V85*G55 -> 3.5880532e-06 | X86: =W85*G55 -> 5.2437107e-06 | Y86: =X85*G55 -> 5.8353578e-06 | Z86: =Y85*G55 -> 5.6969887e-06 | AA86: =Z85*G55 -> 2.6385551e-06 | AB86: 0
A87: Total | B87: =SUM(B61:B86) -> 11203 | C87: =SUM(C61:C86) -> 9705.6441 | D87: =SUM(D61:D86) -> 8751.5507 | E87: =SUM(E61:E86) -> 7960.538 | F87: =SUM(F61:F86) -> 7324.8 | G87: =SUM(G61:G86) -> 6866.7218 | H87: =SUM(H61:H86) -> 6532.3372 | I87: =SUM(I61:I86) -> 6210.0302 | ... AB87: =SUM(AB61:AB86) -> 0
A88: Remaining compared to the base year | C88: =1-($B87-C87)/$B87 -> 0.86634331 | D88: =1-($B87-D87)/$B87 -> 0.78117921 | E88: =1-($B87-E87)/$B87 -> 0.71057199 | F88: =1-($B87-F87)/$B87 -> 0.65382487 | G88: =1-($B87-G87)/$B87 -> 0.61293598 | H88: =1-($B87-H87)/$B87 -> 0.58308821 | I88: =1-($B87-I87)/$B87 -> 0.5543185 | J88: =1-($B87-J87)/$B87 -> 0.51907978 | ... AA88: =1-($B87-AA87)/$B87 -> 2.3552216e-10
A92: Carlow
B94: 2019 | F94: Survival Rates for Heavy Medium Diesel
A95: Total | B95: =SUM(C3:C23) -> 149 | F95: Vintage | G95: Sur Rates
A96: 1999 or before | B96: =C3 -> 7 | F96: 0 | G96: =G31 -> 1
A97: 2000 | B97: =C4 -> 1 | F97: 1 | G97: =G32 -> 1
A98: 2001 | B98: =C5 -> 5 | F98: 2 | G98: =G33 -> 1
A99: 2002 | B99: =C6 -> 2 | F99: 3 | G99: =G34 -> 1
A100: 2003 | B100: =C7 -> 9 | F100: 4 | G100: =G35 -> 1
A101: 2004 | B101: =C8 -> 6 | F101: 5 | G101: =G36 -> 1
A102: 2005 | B102: =C9 -> 7 | F102: 6 | G102: =G37 -> 1
A103: 2006 | B103: =C10 -> 7 | F103: 7 | G103: =G38 -> 1
A104: 2007 | B104: =C11 -> 7 | F104: 8 | G104: =G39 -> 1
A105: 2008 | B105: =C12 -> 6 | F105: 9 | G105: =G40 -> 1
A106: 2009 | B106: =C13 -> 6 | F106: 10 | G106: =G41 -> 1
A107: 2010 | B107: =C14 -> 2 | F107: 11 | G107: =G42 -> 0.97859323
A108: 2011 | B108: =C15 -> 6 | F108: 12 | G108: =G43 -> 0.8937765
... A116: 2019 | B116: =C23 -> 7 | F116: 20 | G116: =G51 -> 0.18254159
F117: 21 | G117: =G52 -> 0.14603327
F118: 22 | G118: =G53 -> 0.10952496
F119: 23 | G119: =G54 -> 0.073016637
F120: 24 | G120: =G55 -> 0.036508318
F121: 25 | G121: =G56 -> 0
F122: Source: Irish_TIMES 2.0
A124: Private Diesel Cars (number)
A125: Vintage | B125: 2018 | C125: 2019 | D125: 2020 | E125: 2021 | F125: 2022 | G125: 2023 | H125: 2024 | I125: 2025 | J125: 2026 | K125: 2027 | L125: 2028 | M125: 2029 | N125: 2030 | O125: 2031 | P125: 2032 | Q125: 2033 | R125: 2034 | S125: 2035 | T125: 2036 | U125: 2037 | V125: 2038 | W125: 2039 | X125: 2040 | Y125: 2041 | Z125: 2042 | AA125: 2043 | AB125: 2044
A126: 0 | B126: =B116 -> 7 | C126: 0 | D126: 0 | E126: 0 | F126: 0 | G126: 0 | H126: 0 | I126: 0 | J126: 0 | K126: 0 | L126: 0 | M126: 0 | N126: 0 | O126: 0 | P126: 0 | Q126: 0 | R126: 0 | S126: 0 | T126: 0 | U126: 0 | V126: 0 | W126: 0 | X126: 0 | Y126: 0 | Z126: 0 | AA126: 0 | AB126: 0
A127: 1 | B127: =B115 -> 12 | C127: =B126*G96 -> 7 | D127: 0 | E127: 0 | F127: 0 | G127: 0 | H127: 0 | I127: 0 | J127: 0 | K127: 0 | L127: 0 | M127: 0 | N127: 0 | O127: 0 | P127: 0 | Q127: 0 | R127: 0 | S127: 0 | T127: 0 | U127: 0 | V127: 0 | W127: 0 | X127: 0 | Y127: 0 | Z127: 0 | AA127: 0 | AB127: 0
A128: 2 | B128: =B114 -> 12 | C128: =B127*G97 -> 12 | D128: =C127*G97 -> 7 | E128: 0 | F128: 0 | G128: 0 | H128: 0 | I128: 0 | J128: 0 | K128: 0 | L128: 0 | M128: 0 | N128: 0 | O128: 0 | P128: 0 | Q128: 0 | R128: 0 | S128: 0 | T128: 0 | U128: 0 | V128: 0 | W128: 0 | X128: 0 | Y128: 0 | Z128: 0 | AA128: 0 | AB128: 0
A129: 3 | B129: =B113 -> 12 | C129: =B128*G98 -> 12 | D129: =C128*G98 -> 12 | E129: =D128*G98 -> 7 | F129: 0 | G129: 0 | H129: 0 | I129: 0 | J129: 0 | K129: 0 | L129: 0 | M129: 0 | N129: 0 | O129: 0 | P129: 0 | Q129: 0 | R129: 0 | S129: 0 | T129: 0 | U129: 0 | V129: 0 | W129: 0 | X129: 0 | Y129: 0 | Z129: 0 | AA129: 0 | AB129: 0
A130: 4 | B130: =B112 -> 11 | C130: =B129*G99 -> 12 | D130: =C129*G99 -> 12 | E130: =D129*G99 -> 12 | F130: =E129*G99 -> 7 | G130: 0 | H130: 0 | I130: 0 | J130: 0 | K130: 0 | L130: 0 | M130: 0 | N130: 0 | O130: 0 | P130: 0 | Q130: 0 | R130: 0 | S130: 0 | T130: 0 | U130: 0 | V130: 0 | W130: 0 | X130: 0 | Y130: 0 | Z130: 0 | AA130: 0 | AB130: 0
...

Sheet Taxis
A1: Taxis (number)
A2: Year of Registration | B2: IE | C2: Carlow | D2: Dublin | E2: Kildare | F2: Kilkenny | G2: Laois | H2: Longford | I2: Louth | J2: Meath | K2: Offaly | L2: Westmeath | M2: Wexford | N2: Wicklow | O2: Clare | P2: Cork | Q2: Kerry | R2: Limerick | S2: Tipperary | T2: Waterford | U2: Galway | V2: Leitrim | W2: Mayo | X2: Roscommon | Y2: Sligo | Z2: Cavan | AA2: Donegal | AB2: Monaghan
A3: 1999 or before | B3: =SUM(C3:AB3) -> 28 | C3: 1 | D3: 16 | E3: 1 | F3: 0 | G3: 1 | H3: 0 | I3: 1 | J3: 1 | K3: 0 | L3: 0 | M3: 0 | N3: 1 | O3: 0 | P3: 0 | Q3: 2 | R3: 0 | S3: 1 | T3: 0 | U3: 0 | V3: 0 | W3: 2 | X3: 0 | Y3: 0 | Z3: 0 | AA3: 1 | AB3: 0
A4: 2000 | B4: =SUM(C4:AB4) -> 29 | C4: 1 | D4: 12 | E4: 1 | F4: 0 | G4: 0 | H4: 0 | I4: 2 | J4: 2 | K4: 0 | L4: 1 | M4: 0 | N4: 1 | O4: 0 | P4: 0 | Q4: 0 | R4: 1 | S4: 0 | T4: 2 | U4: 2 | V4: 0 | W4: 0 | X4: 1 | Y4: 1 | Z4: 0 | AA4: 2 | AB4: 0
A5: 2001 | B5: =SUM(C5:AB5) -> 33 | C5: 2 | D5: 12 | E5: 1 | F5: 0 | G5: 1 | H5: 0 | I5: 1 | J5: 1 | K5: 0 | L5: 0 | M5: 0 | N5: 2 | O5: 0 | P5: 3 | Q5: 4 | R5: 3 | S5: 0 | T5: 0 | U5: 1 | V5: 0 | W5: 1 | X5: 0 | Y5: 0 | Z5: 0 | AA5: 1 | AB5: 0
A6: 2002 | B6: =SUM(C6:AB6) -> 21 | C6: 4 | D6: 6 | E6: 0 | F6: 0 | G6: 0 | H6: 0 | I6: 0 | J6: 1 | K6: 0 | L6: 0 | M6: 0 | N6: 0 | O6: 1 | P6: 2 | Q6: 1 | R6: 1 | S6: 0 | T6: 1 | U6: 1 | V6: 0 | W6: 1 | X6: 0 | Y6: 2 | Z6: 0 | AA6: 0 | AB6: 0
A7: 2003 | B7: =SUM(C7:AB7) -> 45 | C7: 3 | D7: 17 | E7: 4 | F7: 0 | G7: 0 | H7: 0 | I7: 0 | J7: 3 | K7: 0 | L7: 1 | M7: 1 | N7: 2 | O7: 2 | P7: 5 | Q7: 1 | R7: 1 | S7: 0 | T7: 0 | U7: 4 | V7: 0 | W7: 0 | X7: 0 | Y7: 0 | Z7: 0 | AA7: 1 | AB7: 0
A8: 2004 | B8: =SUM(C8:AB8) -> 193 | C8: 4 | D8: 84 | E8: 10 | F8: 0 | G8: 1 | H8: 1 | I8: 8 | J8: 6 | K8: 3 | L8: 1 | M8: 7 | N8: 4 | O8: 5 | P8: 15 | Q8: 4 | R8: 13 | S8: 3 | T8: 1 | U8: 8 | V8: 1 | W8: 5 | X8: 1 | Y8: 1 | Z8: 2 | AA8: 3 | AB8: 2
A9: 2005 | B9: =SUM(C9:AB9) -> 444 | C9: 7 | D9: 206 | E9: 22 | F9: 3 | G9: 1 | H9: 0 | I9: 16 | J9: 21 | K9: 6 | L9: 5 | M9: 9 | N9: 8 | O9: 9 | P9: 48 | Q9: 6 | R9: 12 | S9: 9 | T9: 8 | U9: 28 | V9: 2 | W9: 2 | X9: 4 | Y9: 5 | Z9: 2 | AA9: 4 | AB9: 1
A10: 2006 | B10: =SUM(C10:AB10) -> 689 | C10: 7 | D10: 346 | E10: 19 | F10: 10 | G10: 7 | H10: 4 | I10: 17 | J10: 27 | K10: 11 | L10: 9 | M10: 14 | N10: 14 | O10: 15 | P10: 57 | Q10: 10 | R10: 34 | S10: 17 | T10: 10 | U10: 27 | V10: 0 | W10: 11 | X10: 5 | Y10: 6 | Z10: 6 | AA10: 6 | AB10: 0
A11: 2007 | B11: =SUM(C11:AB11) -> 903 | C11: 10 | D11: 438 | E11: 29 | F11: 13 | G11: 2 | H11: 5 | I11: 21 | J11: 37 | K11: 13 | L11: 8 | M11: 11 | N11: 24 | O11: 18 | P11: 96 | Q11: 21 | R11: 26 | S11: 18 | T11: 14 | U11: 37 | V11: 3 | W11: 13 | X11: 6 | Y11: 10 | Z11: 10 | AA11: 17 | AB11: 3
A12: 2008 | B12: =SUM(C12:AB12) -> 673 | C12: 13 | D12: 291 | E12: 26 | F12: 6 | G12: 8 | H12: 2 | I12: 22 | J12: 30 | K12: 10 | L12: 11 | M12: 17 | N12: 18 | O12: 10 | P12: 54 | Q12: 23 | R12: 22 | S12: 19 | T12: 18 | U12: 31 | V12: 2 | W12: 14 | X12: 4 | Y12: 10 | Z12: 1 | AA12: 6 | AB12: 5
A13: 2009 | B13: =SUM(C13:AB13) -> 498 | C13: 5 | D13: 244 | E13: 20 | F13: 5 | G13: 4 | H13: 3 | I13: 12 | J13: 20 | K13: 5 | L13: 5 | M13: 6 | N13: 6 | O13: 11 | P13: 43 | Q13: 11 | R13: 21 | S13: 8 | T13: 7 | U13: 29 | V13: 3 | W13: 5 | X13: 2 | Y13: 2 | Z13: 9 | AA13: 11 | AB13: 1
A14: 2010 | B14: =SUM(C14:AB14) -> 1056 | C14: 5 | D14: 506 | E14: 53 | F14: 5 | G14: 9 | H14: 6 | I14: 34 | J14: 49 | K14: 13 | L14: 15 | M14: 13 | N14: 18 | O14: 14 | P14: 102 | Q14: 18 | R14: 57 | S14: 14 | T14: 11 | U14: 56 | V14: 6 | W14: 15 | X14: 7 | Y14: 8 | Z14: 3 | AA14: 16 | AB14: 3
A15: 2011 | B15: =SUM(C15:AB15) -> 1316 | C15: 8 | D15: 640 | E15: 48 | F15: 8 | G15: 13 | H15: 2 | I15: 38 | J15: 65 | K15: 18 | L15: 26 | M15: 19 | N15: 18 | O15: 13 | P15: 148 | Q15: 31 | R15: 40 | S15: 20 | T15: 17 | U15: 61 | V15: 5 | W15: 18 | X15: 9 | Y15: 6 | Z15: 17 | AA15: 22 | AB15: 6
... A23: 2019 | B23: =SUM(C23:AB23) -> 1222 | C23: 11 | D23: 738 | E23: 36 | F23: 12 | G23: 13 | H23: 4 | I23: 38 | J23: 58 | K23: 5 | L23: 9 | M23: 8 | N23: 17 | O23: 15 | P23: 73 | Q23: 31 | R23: 31 | S23: 6 | T23: 17 | U23: 43 | V23: 2 | W23: 10 | X23: 6 | Y23: 5 | Z23: 10 | AA23: 18 | AB23: 6
A24: Source: CSO, Table THA17
A27: =B2 -> IE
B29: 2019 | F29: Survival Rates for small gasoline
A30: Total | B30: =SUM(B31:B51) -> 21449 | F30: Vintage | G30: Sur Rates
A31: 1999 or before | B31: =B3 -> 28 | F31: 0 | G31: 1
A32: 2000 | B32: =B4 -> 29 | F32: 1 | G32: 1
A33: 2001 | B33: =B5 -> 33 | F33: 2 | G33: 1
A34: 2002 | B34: =B6 -> 21 | F34: 3 | G34: 1
A35: 2003 | B35: =B7 -> 45 | F35: 4 | G35: 1
A36: 2004 | B36: =B8 -> 193 | F36: 5 | G36: 1
A37: 2005 | B37: =B9 -> 444 | F37: 6 | G37: 1
A38: 2006 | B38: =B10 -> 689 | F38: 7 | G38: 1
A39: 2007 | B39: =B11 -> 903 | F39: 8 | G39: 1
A40: 2008 | B40: =B12 -> 673 | F40: 9 | G40: 1
A41: 2009 | B41: =B13 -> 498 | F41: 10 | G41: 1
A42: 2010 | B42: =B14 -> 1056 | F42: 11 | G42: 0.97859323
A43: 2011 | B43: =B15 -> 1316 | F43: 12 | G43: 0.8937765
... A51: 2019 | B51: =B23 -> 1222 | F51: 20 | G51: 0.18254159
F52: 21 | G52: 0.14603327
F53: 22 | G53: 0.10952496
F54: 23 | G54: 0.073016637
F55: 24 | G55: 0.036508318
F56: 25 | G56: 0
F57: Source: Irish_TIMES 2.0
A59: Private Diesel Cars (number)
A60: Vintage | B60: 2018 | C60: 2019 | D60: 2020 | E60: 2021 | F60: 2022 | G60: 2023 | H60: 2024 | I60: 2025 | J60: 2026 | K60: 2027 | L60: 2028 | M60: 2029 | N60: 2030 | O60: 2031 | P60: 2032 | Q60: 2033 | R60: 2034 | S60: 2035 | T60: 2036 | U60: 2037 | V60: 2038 | W60: 2039 | X60: 2040 | Y60: 2041 | Z60: 2042 | AA60: 2043 | AB60: 2044
A61: 0 | B61: =B51 -> 1222 | C61: 0 | D61: 0 | E61: 0 | F61: 0 | G61: 0 | H61: 0 | I61: 0 | J61: 0 | K61: 0 | L61: 0 | M61: 0 | N61: 0 | O61: 0 | P61: 0 | Q61: 0 | R61: 0 | S61: 0 | T61: 0 | U61: 0 | V61: 0 | W61: 0 | X61: 0 | Y61: 0 | Z61: 0 | AA61: 0 | AB61: 0
A62: 1 | B62: =B50 -> 2795 | C62: =B61*G31 -> 1222 | D62: 0 | E62: 0 | F62: 0 | G62: 0 | H62: 0 | I62: 0 | J62: 0 | K62: 0 | L62: 0 | M62: 0 | N62: 0 | O62: 0 | P62: 0 | Q62: 0 | R62: 0 | S62: 0 | T62: 0 | U62: 0 | V62: 0 | W62: 0 | X62: 0 | Y62: 0 | Z62: 0 | AA62: 0 | AB62: 0
A63: 2 | B63: =B49 -> 2537 | C63: =B62*G32 -> 2795 | D63: =C62*G32 -> 1222 | E63: 0 | F63: 0 | G63: 0 | H63: 0 | I63: 0 | J63: 0 | K63: 0 | L63: 0 | M63: 0 | N63: 0 | O63: 0 | P63: 0 | Q63: 0 | R63: 0 | S63: 0 | T63: 0 | U63: 0 | V63: 0 | W63: 0 | X63: 0 | Y63: 0 | Z63: 0 | AA63: 0 | AB63: 0
A64: 3 | B64: =B48 -> 2392 | C64: =B63*G33 -> 2537 | D64: =C63*G33 -> 2795 | E64: =D63*G33 -> 1222 | F64: 0 | G64: 0 | H64: 0 | I64: 0 | J64: 0 | K64: 0 | L64: 0 | M64: 0 | N64: 0 | O64: 0 | P64: 0 | Q64: 0 | R64: 0 | S64: 0 | T64: 0 | U64: 0 | V64: 0 | W64: 0 | X64: 0 | Y64: 0 | Z64: 0 | AA64: 0 | AB64: 0
A65: 4 | B65: =B47 -> 1828 | C65: =B64*G34 -> 2392 | D65: =C64*G34 -> 2537 | E65: =D64*G34 -> 2795 | F65: =E64*G34 -> 1222 | G65: 0 | H65: 0 | I65: 0 | J65: 0 | K65: 0 | L65: 0 | M65: 0 | N65: 0 | O65: 0 | P65: 0 | Q65: 0 | R65: 0 | S65: 0 | T65: 0 | U65: 0 | V65: 0 | W65: 0 | X65: 0 | Y65: 0 | Z65: 0 | AA65: 0 | AB65: 0
A66: 5 | B66: =B46 -> 1800 | C66: =B65*G35 -> 1828 | D66: =C65*G35 -> 2392 | E66: =D65*G35 -> 2537 | F66: =E65*G35 -> 2795 | G66: =F65*G35 -> 1222 | H66: 0 | I66: 0 | J66: 0 | K66: 0 | L66: 0 | M66: 0 | N66: 0 | O66: 0 | P66: 0 | Q66: 0 | R66: 0 | S66: 0 | T66: 0 | U66: 0 | V66: 0 | W66: 0 | X66: 0 | Y66: 0 | Z66: 0 | AA66: 0 | AB66: 0
A67: 6 | B67: =B45 -> 1412 | C67: =B66*G36 -> 1800 | D67: =C66*G36 -> 1828 | E67: =D66*G36 -> 2392 | F67: =E66*G36 -> 2537 | G67: =F66*G36 -> 2795 | H67: =G66*G36 -> 1222 | I67: 0 | J67: 0 | K67: 0 | L67: 0 | M67: 0 | N67: 0 | O67: 0 | P67: 0 | Q67: 0 | R67: 0 | S67: 0 | T67: 0 | U67: 0 | V67: 0 | W67: 0 | X67: 0 | Y67: 0 | Z67: 0 | AA67: 0 | AB67: 0
A68: 7 | B68: =B44 -> 1535 | C68: =B67*G37 -> 1412 | D68: =C67*G37 -> 1800 | E68: =D67*G37 -> 1828 | F68: =E67*G37 -> 2392 | G68: =F67*G37 -> 2537 | H68: =G67*G37 -> 2795 | I68: =H67*G37 -> 1222 | J68: 0 | K68: 0 | L68: 0 | M68: 0 | N68: 0 | O68: 0 | P68: 0 | Q68: 0 | R68: 0 | S68: 0 | T68: 0 | U68: 0 | V68: 0 | W68: 0 | X68: 0 | Y68: 0 | Z68: 0 | AA68: 0 | AB68: 0
A69: 8 | B69: =B43 -> 1316 | C69: =B68*G38 -> 1535 | D69: =C68*G38 -> 1412 | E69: =D68*G38 -> 1800 | F69: =E68*G38 -> 1828 | G69: =F68*G38 -> 2392 | H69: =G68*G38 -> 2537 | I69: =H68*G38 -> 2795 | J69: =I68*G38 -> 1222 | K69: 0 | L69: 0 | M69: 0 | N69: 0 | O69: 0 | P69: 0 | Q69: 0 | R69: 0 | S69: 0 | T69: 0 | U69: 0 | V69: 0 | W69: 0 | X69: 0 | Y69: 0 | Z69: 0 | AA69: 0 | AB69: 0
A70: 9 | B70: =B42 -> 1056 | C70: =B69*G39 -> 1316 | D70: =C69*G39 -> 1535 | E70: =D69*G39 -> 1412 | F70: =E69*G39 -> 1800 | G70: =F69*G39 -> 1828 | H70: =G69*G39 -> 2392 | I70: =H69*G39 -> 2537 | J70: =I69*G39 -> 2795 | K70: =J69*G39 -> 1222 | L70: 0 | M70: 0 | N70: 0 | O70: 0 | P70: 0 | Q70: 0 | R70: 0 | S70: 0 | T70: 0 | U70: 0 | V70: 0 | W70: 0 | X70: 0 | Y70: 0 | Z70: 0 | AA70: 0 | AB70: 0
A71: 10 | B71: =B41 -> 498 | C71: =B70*G40 -> 1056 | D71: =C70*G40 -> 1316 | E71: =D70*G40 -> 1535 | F71: =E70*G40 -> 1412 | G71: =F70*G40 -> 1800 | H71: =G70*G40 -> 1828 | I71: =H70*G40 -> 2392 | J71: =I70*G40 -> 2537 | K71: =J70*G40 -> 2795 | L71: =K70*G40 -> 1222 | M71: 0 | N71: 0 | O71: 0 | P71: 0 | Q71: 0 | R71: 0 | S71: 0 | T71: 0 | U71: 0 | V71: 0 | W71: 0 | X71: 0 | Y71: 0 | Z71: 0 | AA71: 0 | AB71: 0
A72: 11 | B72: =B40 -> 673 | C72: =B71*G41 -> 498 | D72: =C71*G41 -> 1056 | E72: =D71*G41 -> 1316 | F72: =E71*G41 -> 1535 | G72: =F71*G41 -> 1412 | H72: =G71*G41 -> 1800 | I72: =H71*G41 -> 1828 | J72: =I71*G41 -> 2392 | K72: =J71*G41 -> 2537 | L72: =K71*G41 -> 2795 | M72: =L71*G41 -> 1222 | N72: 0 | O72: 0 | P72: 0 | Q72: 0 | R72: 0 | S72: 0 | T72: 0 | U72: 0 | V72: 0 | W72: 0 | X72: 0 | Y72: 0 | Z72: 0 | AA72: 0 | AB72: 0
A73: 12 | B73: =B39 -> 903 | C73: =B72*G42 -> 658.59325 | D73: =C72*G42 -> 487.33943 | E73: =D72*G42 -> 1033.3945 | F73: =E72*G42 -> 1287.8287 | G73: =F72*G42 -> 1502.1406 | H73: =G72*G42 -> 1381.7736 | I73: =H72*G42 -> 1761.4678 | J73: =I72*G42 -> 1788.8684 | K73: =J72*G42 -> 2340.795 | L73: =K72*G42 -> 2482.691 | M73: =L72*G42 -> 2735.1681 | N73: =M72*G42 -> 1195.8409 | O73: 0 | P73: 0 | Q73: 0 | R73: 0 | S73: 0 | T73: 0 | U73: 0 | V73: 0 | W73: 0 | X73: 0 | Y73: 0 | Z73: 0 | AA73: 0 | AB73: 0
A74: 13 | B74: =B38 -> 689 | C74: =B73*G43 -> 807.08018 | D74: =C73*G43 -> 588.63517 | E74: =D73*G43 -> 435.57253 | F74: =E73*G43 -> 923.62368 | G74: =F73*G43 -> 1151.031 | H74: =G73*G43 -> 1342.578 | I74: =H73*G43 -> 1234.9968 | J74: =I73*G43 -> 1574.3585 | K74: =J73*G43 -> 1598.8486 | L74: =K73*G43 -> 2092.1476 | M74: =L73*G43 -> 2218.9709 | N74: =M73*G43 -> 2444.629 | O74: =N73*G43 -> 1068.8145 | P74: 0 | Q74: 0 | R74: 0 | S74: 0 | T74: 0 | U74: 0 | V74: 0 | W74: 0 | X74: 0 | Y74: 0 | Z74: 0 | AA74: 0 | AB74: 0
A75: 14 | B75: =B37 -> 444 | C75: =B74*G44 -> 481.52165 | D75: =C74*G44 -> 564.04438 | E75: =D74*G44 -> 411.37965 | F75: =E74*G44 -> 304.40871 | G75: =F74*G44 -> 645.49318 | H75: =G74*G44 -> 804.42142 | I75: =H74*G44 -> 938.2879 | J75: =I74*G44 -> 863.10262 | K75: =J74*G44 -> 1100.2725 | L75: =K74*G44 -> 1117.3878 | M75: =L74*G44 -> 1462.1398 | N75: =M74*G44 -> 1550.7729 | O75: =N74*G44 -> 1708.4786 | P75: =O74*G44 -> 746.96275 | Q75: 0 | R75: 0 | S75: 0 | T75: 0 | U75: 0 | V75: 0 | W75: 0 | X75: 0 | Y75: 0 | Z75: 0 | AA75: 0 | AB75: 0
A76: 15 | B76: =B36 -> 193 | C76: =B75*G45 -> 227.04656 | D76: =C75*G45 -> 246.23386 | E76: =D75*G45 -> 288.43319 | F76: =E75*G45 -> 210.36562 | G76: =F75*G45 -> 155.6643 | H76: =G75*G45 -> 330.08335 | I76: =H75*G45 -> 411.35387 | J76: =I75*G45 -> 479.80865 | K76: =J75*G45 -> 441.36144 | L76: =K75*G45 -> 562.64207 | M76: =L75*G45 -> 571.39428 | N76: =M75*G45 -> 747.68879 | O76: =N75*G45 -> 793.01273 | P76: =O75*G45 -> 873.6581 | Q76: =P75*G45 -> 381.97145 | R76: 0 | S76: 0 | T76: 0 | U76: 0 | V76: 0 | W76: 0 | X76: 0 | Y76: 0 | Z76: 0 | AA76: 0 | AB76: 0
A77: 16 | B77: =B35 -> 45 | C77: =B76*G46 -> 70.461055 | D77: =C76*G46 -> 82.890881 | E77: =D76*G46 -> 89.895842 | F77: =E76*G46 -> 105.30211 | G77: =F76*G46 -> 76.800949 | H77: =G76*G46 -> 56.83042 | I77: =H76*G46 -> 120.50788 | J77: =I76*G46 -> 150.17838 | K77: =J76*G46 -> 175.17007 | L77: =K76*G46 -> 161.13364 | M77: =L76*G46 -> 205.41116 | N77: =M76*G46 -> 208.60644 | O77: =N76*G46 -> 272.9686 | P77: =O76*G46 -> 289.51561 | Q77: =P76*G46 -> 318.95788 | R77: =Q76*G46 -> 139.45135 | S77: 0 | T77: 0 | U77: 0 | V77: 0 | W77: 0 | X77: 0 | Y77: 0 | Z77: 0 | AA77: 0 | AB77: 0
A78: 17 | B78: =B34 -> 21 | C78: =B77*G47 -> 14.785869 | D78: =C77*G47 -> 23.151732 | E78: =D77*G47 -> 27.23586 | F78: =E77*G47 -> 29.537514 | G78: =F77*G47 -> 34.599626 | H78: =G77*G47 -> 25.234862 | I78: =H77*G47 -> 18.673048 | J78: =I77*G47 -> 39.59586 | K78: =J77*G47 -> 49.344841 | L78: =K77*G47 -> 57.556482 | M78: =L77*G47 -> 52.944465 | N78: =M77*G47 -> 67.492944 | O78: =N77*G47 -> 68.542834 | P78: =O77*G47 -> 89.690623 | Q78: =P77*G47 -> 95.127554 | R78: =Q77*G47 -> 104.80154 | S78: =R77*G47 -> 45.820209 | T78: 0 | U78: 0 | V78: 0 | W78: 0 | X78: 0 | Y78: 0 | Z78: 0 | AA78: 0 | AB78: 0
A79: 18 | B79: =B33 -> 33 | C79: =B78*G48 -> 6.1333975 | D79: =C78*G48 -> 4.3184577 | E79: =D78*G48 -> 6.7618463 | F79: =E78*G48 -> 7.9546837 | G79: =F78*G48 -> 8.6269199 | H79: =G78*G48 -> 10.105393 | I79: =H78*G48 -> 7.3702589 | J79: =I78*G48 -> 5.4537726 | K79: =J78*G48 -> 11.564626 | L79: =K78*G48 -> 14.411977 | M79: =L78*G48 -> 16.810323 | N79: =M78*G48 -> 15.463307 | O79: =N78*G48 -> 19.712431 | P79: =O78*G48 -> 20.019069 | Q79: =P78*G48 -> 26.195631 | R79: =Q78*G48 -> 27.783576 | S79: =R78*G48 -> 30.609025 | T79: =S78*G48 -> 13.38255 | U79: 0 | V79: 0 | W79: 0 | X79: 0 | Y79: 0 | Z79: 0 | AA79: 0 | AB79: 0
A80: 19 | B80: =B32 -> 29 | C80: =B79*G49 -> 8.4334216 | D80: =C79*G49 -> 1.5674402 | E80: =D79*G49 -> 1.1036174 | F80: =E79*G49 -> 1.7280455 | G80: =F79*G49 -> 2.0328849 | H80: =G79*G49 -> 2.2046804 | I80: =H79*G49 -> 2.5825164 | J80: =I79*G49 -> 1.8835303 | K80: =J79*G49 -> 1.3937565 | L80: =K79*G49 -> 2.9554354 | M80: =L79*G49 -> 3.6830994 | N80: =M79*G49 -> 4.2960164 | O80: =N79*G49 -> 3.9517754 | P80: =O79*G49 -> 5.037674 | Q80: =P79*G49 -> 5.1160378 | R80: =Q79*G49 -> 6.694509 | S80: =R79*G49 -> 7.1003216 | T80: =S79*G49 -> 7.8223882 | U80: =T79*G49 -> 3.4200209 | V80: 0 | W80: 0 | X80: 0 | Y80: 0 | Z80: 0 | AA80: 0 | AB80: 0
A81: 20 | B81: =B31/6 -> 4.6666667 | C81: =B80*G50 -> 6.3524474 | D81: =C80*G50 -> 1.8473402 | E81: =D80*G50 -> 0.34334764 | F81: =E80*G50 -> 0.24174729 | G81: =F80*G50 -> 0.37852821 | H81: =G80*G50 -> 0.44530325 | I81: =H80*G50 -> 0.48293504 | J81: =I80*G50 -> 0.56569999 | K81: =J80*G50 -> 0.41258715 | L81: =K80*G50 -> 0.30530223 | M81: =L80*G50 -> 0.64738786 | N81: =M80*G50 -> 0.8067826 | O81: =N80*G50 -> 0.94104201 | P81: =O80*G50 -> 0.86563604 | Q81: =P80*G50 -> 1.103502 | R81: =Q80*G50 -> 1.1206676 | S81: =R80*G50 -> 1.4664316 | T81: =S80*G50 -> 1.5553248 | U81: =T80*G50 -> 1.7134934 | V81: =U80*G50 -> 0.74915527 | W81: 0 | X81: 0 | Y81: 0 | Z81: 0 | AA81: 0 | AB81: 0
A82: 21 | B82: =B81 -> 4.6666667 | C82: =B81*G51 -> 0.85186076 | D82: =C81*G51 -> 1.1595859 | E82: =D81*G51 -> 0.33721643 | F82: =E81*G51 -> 0.062675224 | G82: =F81*G51 -> 0.044128936 | H82: =G81*G51 -> 0.069097142 | I82: =H81*G51 -> 0.081286365 | J82: =I81*G51 -> 0.088155731 | K82: =J81*G51 -> 0.10326378 | L82: =K81*G51 -> 0.075314315 | M82: =L81*G51 -> 0.055730355 | N82: =M81*G51 -> 0.11817521 | O82: =N81*G51 -> 0.14727138 | P82: =O81*G51 -> 0.17177931 | Q82: =P81*G51 -> 0.15801458 | R82: =Q81*G51 -> 0.20143502 | S82: =R81*G51 -> 0.20456845 | T82: =S81*G51 -> 0.26768476 | U82: =T81*G51 -> 0.28391147 | V82: =U81*G51 -> 0.31278382 | W82: =V81*G51 -> 0.136752 | X82: 0 | Y82: 0 | Z82: 0 | AA82: 0 | AB82: 0
A83: 22 | B83: =B82 -> 4.6666667 | C83: =B82*G52 -> 0.68148861 | D83: =C82*G52 -> 0.12440002 | E83: =D82*G52 -> 0.16933812 | F83: =E82*G52 -> 0.049244819 | G83: =F82*G52 -> 0.0091526682 | H83: =G82*G52 -> 0.006444293 | I83: =H82*G52 -> 0.010090482 | J83: =I82*G52 -> 0.011870514 | K83: =J82*G52 -> 0.01287367 | L83: =K82*G52 -> 0.015079948 | M83: =L82*G52 -> 0.010998396 | N83: =M82*G52 -> 0.0081384862 | O83: =N82*G52 -> 0.017257513 | P83: =O82*G52 -> 0.021506522 | Q83: =P82*G52 -> 0.025085495 | R83: =Q82*G52 -> 0.023075387 | S83: =R82*G52 -> 0.029416215 | T83: =S82*G52 -> 0.029873801 | U83: =T82*G52 -> 0.039090882 | V83: =U82*G52 -> 0.041460521 | W83: =V82*G52 -> 0.045676845 | X83: =W82*G52 -> 0.019970342 | Y83: 0 | Z83: 0 | AA83: 0 | AB83: 0
A84: 23 | B84: =B83 -> 4.6666667 | C84: =B83*G53 -> 0.51111646 | D84: =C83*G53 -> 0.07464001 | E84: =D83*G53 -> 0.013624906 | F84: =E83*G53 -> 0.01854675 | G84: =F83*G53 -> 0.0053935366 | H84: =G83*G53 -> 0.0010024456 | I84: =H83*G53 -> 0.0007058109 | J84: =I83*G53 -> 0.0011051596 | K84: =J83*G53 -> 0.0013001175 | L84: =K83*G53 -> 0.0014099881 | M84: =L83*G53 -> 0.0016516306 | N84: =M83*G53 -> 0.0012045988 | O84: =N83*G53 -> 0.00089136734 | P84: =O83*G53 -> 0.0018901283 | Q84: =P83*G53 -> 0.0023555008 | R84: =Q83*G53 -> 0.0027474877 | S84: =R83*G53 -> 0.0025273307 | T84: =S83*G53 -> 0.0032218097 | U84: =T83*G53 -> 0.0032719267 | V84: =U83*G53 -> 0.0042814271 | W84: =V83*G53 -> 0.0045409617 | X84: =W83*G53 -> 0.0050027544 | Y84: =X83*G53 -> 0.0021872508 | Z84: 0 | AA84: 0 | AB84: 0
A85: 24 | B85: =B84 -> 4.6666667 | C85: =B84*G54 -> 0.34074431 | D85: =C84*G54 -> 0.037320005 | E85: =D84*G54 -> 0.0054499625 | F85: =E84*G54 -> 0.00099484483 | G85: =F84*G54 -> 0.0013542213 | H85: =G84*G54 -> 0.00039381791 | I85: =H84*G54 -> 7.3195205e-05 | J85: =I84*G54 -> 5.1535939e-05 | K85: =J84*G54 -> 8.0695035e-05 | L85: =K84*G54 -> 9.4930208e-05 | M85: =L84*G54 -> 0.00010295259 | N85: =M84*G54 -> 0.00012059651 | O85: =N84*G54 -> 8.7955756e-05 | P85: =O84*G54 -> 6.5084645e-05 | Q85: =P84*G54 -> 0.00013801081 | R85: =Q84*G54 -> 0.00017199075 | S85: =R84*G54 -> 0.00020061231 | T85: =S84*G54 -> 0.00018453719 | U85: =T84*G54 -> 0.00023524571 | V85: =U84*G54 -> 0.00023890508 | W85: =V84*G54 -> 0.0003126154 | X85: =W84*G54 -> 0.00033156575 | Y85: =X84*G54 -> 0.0003652843 | Z85: =Y84*G54 -> 0.0001597057 | AA85: 0 | AB85: 0
A86: 25 | B86: =B85 -> 4.6666667 | C86: =B85*G55 -> 0.17037215 | D86: =C85*G55 -> 0.012440002 | E86: =D85*G55 -> 0.0013624906 | F86: =E85*G55 -> 0.00019896897 | G86: =F85*G55 -> 3.6320112e-05 | H86: =G85*G55 -> 4.9440343e-05 | I86: =H85*G55 -> 1.437763e-05 | J86: =I85*G55 -> 2.6722338e-06 | K86: =J85*G55 -> 1.8814905e-06 | L86: =K85*G55 -> 2.94604e-06 | M86: =L85*G55 -> 3.4657423e-06 | N86: =M85*G55 -> 3.758626e-06 | O86: =N85*G55 -> 4.4027758e-06 | P86: =O85*G55 -> 3.2111167e-06 | Q86: =P85*G55 -> 2.376131e-06 | R86: =Q85*G55 -> 5.0385428e-06 | S86: =R85*G55 -> 6.2790931e-06 | T86: =S85*G55 -> 7.3240181e-06 | U86: =T85*G55 -> 6.7371424e-06 | V86: =U85*G55 -> 8.5884252e-06 | W86: =V85*G55 -> 8.7220229e-06 | X86: =W85*G55 -> 1.1413063e-05 | Y86: =X85*G55 -> 1.2104908e-05 | Z86: =Y85*G55 -> 1.3335916e-05 | AA86: =Z85*G55 -> 5.8305864e-06 | AB86: 0
A87: Total | B87: =SUM(B61:B86) -> 21449 | C87: =SUM(C61:C86) -> 20673.963 | D87: =SUM(D61:D86) -> 19894.437 | E87: =SUM(E61:E86) -> 19131.647 | F87: =SUM(F61:F86) -> 18392.122 | G87: =SUM(G61:G86) -> 17562.828 | H87: =SUM(H61:H86) -> 16527.754 | I87: =SUM(I61:I86) -> 15269.815 | ... AB87: =SUM(AB61:AB86) -> 0
A88: Remaining compared to the base year | C88: =1-($B87-C87)/$B87 -> 0.96386607 | D88: =1-($B87-D87)/$B87 -> 0.92752283 | E88: =1-($B87-E87)/$B87 -> 0.89195987 | F88: =1-($B87-F87)/$B87 -> 0.85748158 | G88: =1-($B87-G87)/$B87 -> 0.81881804 | H88: =1-($B87-H87)/$B87 -> 0.77056059 | I88: =1-($B87-I87)/$B87 -> 0.71191269 | J88: =1-($B87-J87)/$B87 -> 0.64571386 | ... AA88: =1-($B87-AA87)/$B87 -> 2.7183478e-10
A92: Carlow
B94: 2019 | F94: Survival Rates for Heavy Medium Diesel
A95: Total | B95: =SUM(C3:C23) -> 169 | F95: Vintage | G95: Sur Rates
A96: 1999 or before | B96: =C3 -> 1 | F96: 0 | G96: =G31 -> 1
A97: 2000 | B97: =C4 -> 1 | F97: 1 | G97: =G32 -> 1
A98: 2001 | B98: =C5 -> 2 | F98: 2 | G98: =G33 -> 1
A99: 2002 | B99: =C6 -> 4 | F99: 3 | G99: =G34 -> 1
A100: 2003 | B100: =C7 -> 3 | F100: 4 | G100: =G35 -> 1
A101: 2004 | B101: =C8 -> 4 | F101: 5 | G101: =G36 -> 1
A102: 2005 | B102: =C9 -> 7 | F102: 6 | G102: =G37 -> 1
A103: 2006 | B103: =C10 -> 7 | F103: 7 | G103: =G38 -> 1
A104: 2007 | B104: =C11 -> 10 | F104: 8 | G104: =G39 -> 1
A105: 2008 | B105: =C12 -> 13 | F105: 9 | G105: =G40 -> 1
A106: 2009 | B106: =C13 -> 5 | F106: 10 | G106: =G41 -> 1
A107: 2010 | B107: =C14 -> 5 | F107: 11 | G107: =G42 -> 0.97859323
A108: 2011 | B108: =C15 -> 8 | F108: 12 | G108: =G43 -> 0.8937765
... A116: 2019 | B116: =C23 -> 11 | F116: 20 | G116: =G51 -> 0.18254159
F117: 21 | G117: =G52 -> 0.14603327
F118: 22 | G118: =G53 -> 0.10952496
F119: 23 | G119: =G54 -> 0.073016637
F120: 24 | G120: =G55 -> 0.036508318
F121: 25 | G121: =G56 -> 0
F122: Source: Irish_TIMES 2.0
A124: Private Diesel Cars (number)
A125: Vintage | B125: 2018 | C125: 2019 | D125: 2020 | E125: 2021 | F125: 2022 | G125: 2023 | H125: 2024 | I125: 2025 | J125: 2026 | K125: 2027 | L125: 2028 | M125: 2029 | N125: 2030 | O125: 2031 | P125: 2032 | Q125: 2033 | R125: 2034 | S125: 2035 | T125: 2036 | U125: 2037 | V125: 2038 | W125: 2039 | X125: 2040 | Y125: 2041 | Z125: 2042 | AA125: 2043 | AB125: 2044
A126: 0 | B126: =B116 -> 11 | C126: 0 | D126: 0 | E126: 0 | F126: 0 | G126: 0 | H126: 0 | I126: 0 | J126: 0 | K126: 0 | L126: 0 | M126: 0 | N126: 0 | O126: 0 | P126: 0 | Q126: 0 | R126: 0 | S126: 0 | T126: 0 | U126: 0 | V126: 0 | W126: 0 | X126: 0 | Y126: 0 | Z126: 0 | AA126: 0 | AB126: 0
A127: 1 | B127: =B115 -> 19 | C127: =B126*G96 -> 11 | D127: 0 | E127: 0 | F127: 0 | G127: 0 | H127: 0 | I127: 0 | J127: 0 | K127: 0 | L127: 0 | M127: 0 | N127: 0 | O127: 0 | P127: 0 | Q127: 0 | R127: 0 | S127: 0 | T127: 0 | U127: 0 | V127: 0 | W127: 0 | X127: 0 | Y127: 0 | Z127: 0 | AA127: 0 | AB127: 0
A128: 2 | B128: =B114 -> 12 | C128: =B127*G97 -> 19 | D128: =C127*G97 -> 11 | E128: 0 | F128: 0 | G128: 0 | H128: 0 | I128: 0 | J128: 0 | K128: 0 | L128: 0 | M128: 0 | N128: 0 | O128: 0 | P128: 0 | Q128: 0 | R128: 0 | S128: 0 | T128: 0 | U128: 0 | V128: 0 | W128: 0 | X128: 0 | Y128: 0 | Z128: 0 | AA128: 0 | AB128: 0
A129: 3 | B129: =B113 -> 23 | C129: =B128*G98 -> 12 | D129: =C128*G98 -> 19 | E129: =D128*G98 -> 11 | F129: 0 | G129: 0 | H129: 0 | I129: 0 | J129: 0 | K129: 0 | L129: 0 | M129: 0 | N129: 0 | O129: 0 | P129: 0 | Q129: 0 | R129: 0 | S129: 0 | T129: 0 | U129: 0 | V129: 0 | W129: 0 | X129: 0 | Y129: 0 | Z129: 0 | AA129: 0 | AB129: 0
A130: 4 | B130: =B112 -> 10 | C130: =B129*G99 -> 23 | D130: =C129*G99 -> 12 | E130: =D129*G99 -> 19 | F130: =E129*G99 -> 11 | G130: 0 | H130: 0 | I130: 0 | J130: 0 | K130: 0 | L130: 0 | M130: 0 | N130: 0 | O130: 0 | P130: 0 | Q130: 0 | R130: 0 | S130: 0 | T130: 0 | U130: 0 | V130: 0 | W130: 0 | X130: 0 | Y130: 0 | Z130: 0 | AA130: 0 | AB130: 0
...

Sheet Diesel Cars
A1: Private Diesel Cars (number)
A2: Year of Registration | B2: IE | C2: Carlow | D2: Dublin | E2: Kildare | F2: Kilkenny | G2: Laois | H2: Longford | I2: Louth | J2: Meath | K2: Offaly | L2: Westmeath | M2: Wexford | N2: Wicklow | O2: Clare | P2: Cork | Q2: Kerry | R2: Limerick | S2: Tipperary | T2: Waterford | U2: Galway | V2: Leitrim | W2: Mayo | X2: Roscommon | Y2: Sligo | Z2: Cavan | AA2: Donegal | AB2: Monaghan
A3: 1999 or before | B3: =SUM(C3:AB3) -> 1667 | C3: 39 | D3: 153 | E3: 55 | F3: 58 | G3: 53 | H3: 18 | I3: 27 | J3: 79 | K3: 45 | L3: 36 | M3: 77 | N3: 57 | O3: 45 | P3: 228 | Q3: 108 | R3: 84 | S3: 84 | T3: 31 | U3: 129 | V3: 28 | W3: 73 | X3: 27 | Y3: 31 | Z3: 49 | AA3: 33 | AB3: 20
A4: 2000 | B4: =SUM(C4:AB4) -> 1151 | C4: 20 | D4: 113 | E4: 41 | F4: 36 | G4: 33 | H4: 11 | I4: 18 | J4: 63 | K4: 30 | L4: 30 | M4: 70 | N4: 39 | O4: 31 | P4: 136 | Q4: 56 | R4: 52 | S4: 74 | T4: 37 | U4: 71 | V4: 18 | W4: 49 | X4: 27 | Y4: 17 | Z4: 25 | AA4: 45 | AB4: 9
A5: 2001 | B5: =SUM(C5:AB5) -> 1457 | C5: 37 | D5: 148 | E5: 67 | F5: 32 | G5: 35 | H5: 29 | I5: 19 | J5: 72 | K5: 36 | L5: 27 | M5: 78 | N5: 62 | O5: 41 | P5: 182 | Q5: 67 | R5: 55 | S5: 85 | T5: 35 | U5: 102 | V5: 19 | W5: 54 | X5: 34 | Y5: 40 | Z5: 32 | AA5: 53 | AB5: 16
A6: 2002 | B6: =SUM(C6:AB6) -> 3175 | C6: 67 | D6: 316 | E6: 129 | F6: 112 | G6: 90 | H6: 40 | I6: 40 | J6: 144 | K6: 87 | L6: 84 | M6: 173 | N6: 125 | O6: 102 | P6: 397 | Q6: 142 | R6: 136 | S6: 167 | T6: 77 | U6: 246 | V6: 39 | W6: 122 | X6: 64 | Y6: 71 | Z6: 65 | AA6: 111 | AB6: 29
A7: 2003 | B7: =SUM(C7:AB7) -> 4838 | C7: 112 | D7: 557 | E7: 214 | F7: 141 | G7: 135 | H7: 64 | I7: 82 | J7: 209 | K7: 122 | L7: 126 | M7: 238 | N7: 192 | O7: 152 | P7: 572 | Q7: 248 | R7: 198 | S7: 262 | T7: 110 | U7: 333 | V7: 66 | W7: 198 | X7: 114 | Y7: 75 | Z7: 95 | AA7: 154 | AB7: 69
A8: 2004 | B8: =SUM(C8:AB8) -> 8054 | C8: 156 | D8: 1020 | E8: 396 | F8: 262 | G8: 228 | H8: 103 | I8: 134 | J8: 332 | K8: 202 | L8: 221 | M8: 457 | N8: 343 | O8: 270 | P8: 851 | Q8: 367 | R8: 304 | S8: 432 | T8: 214 | U8: 528 | V8: 106 | W8: 336 | X8: 180 | Y8: 131 | Z8: 151 | AA8: 222 | AB8: 108
A9: 2005 | B9: =SUM(C9:AB9) -> 14870 | C9: 315 | D9: 2012 | E9: 685 | F9: 397 | G9: 396 | H9: 169 | I9: 292 | J9: 700 | K9: 377 | L9: 412 | M9: 781 | N9: 589 | O9: 459 | P9: 1662 | Q9: 687 | R9: 634 | S9: 767 | T9: 427 | U9: 933 | V9: 134 | W9: 607 | X9: 294 | Y9: 213 | Z9: 289 | AA9: 435 | AB9: 204
A10: 2006 | B10: =SUM(C10:AB10) -> 23111 | C10: 483 | D10: 3508 | E10: 1076 | F10: 624 | G10: 610 | H10: 270 | I10: 475 | J10: 1071 | K10: 556 | L10: 616 | M10: 1117 | N10: 925 | O10: 662 | P10: 2581 | Q10: 1011 | R10: 1009 | S10: 1209 | T10: 635 | U10: 1385 | V10: 194 | W10: 868 | X10: 417 | Y10: 343 | Z10: 411 | AA10: 748 | AB10: 307
A11: 2007 | B11: =SUM(C11:AB11) -> 34411 | C11: 635 | D11: 5740 | E11: 1633 | F11: 847 | G11: 820 | H11: 378 | I11: 698 | J11: 1645 | K11: 775 | L11: 853 | M11: 1556 | N11: 1352 | O11: 958 | P11: 3936 | Q11: 1431 | R11: 1561 | S11: 1709 | T11: 887 | U11: 2141 | V11: 281 | W11: 1310 | X11: 598 | Y11: 540 | Z11: 675 | AA11: 1012 | AB11: 440
A12: 2008 | B12: =SUM(C12:AB12) -> 50340 | C12: 967 | D12: 8026 | E12: 2482 | F12: 1311 | G12: 1163 | H12: 526 | I12: 1097 | J12: 2346 | K12: 1189 | L12: 1233 | M12: 2496 | N12: 1754 | O12: 1440 | P12: 5734 | Q12: 2101 | R12: 2204 | S12: 2594 | T12: 1290 | U12: 3258 | V12: 437 | W12: 1904 | X12: 923 | Y12: 771 | Z12: 973 | AA12: 1474 | AB12: 647
A13: 2009 | B13: =SUM(C13:AB13) -> 43132 | C13: 739 | D13: 7426 | E13: 2021 | F13: 1028 | G13: 914 | H13: 446 | I13: 1043 | J13: 1986 | K13: 865 | L13: 1063 | M13: 1893 | N13: 1463 | O13: 1196 | P13: 5138 | Q13: 1706 | R13: 1865 | S13: 2068 | T13: 1135 | U13: 2702 | V13: 391 | W13: 1632 | X13: 757 | Y13: 695 | Z13: 751 | AA13: 1642 | AB13: 567
A14: 2010 | B14: =SUM(C14:AB14) -> 67846 | C14: 1089 | D14: 12793 | E14: 3105 | F14: 1642 | G14: 1363 | H14: 615 | I14: 1569 | J14: 3020 | K14: 1364 | L14: 1685 | M14: 2934 | N14: 2156 | O14: 1957 | P14: 8528 | Q14: 2752 | R14: 3096 | S14: 3145 | T14: 1755 | U14: 4145 | V14: 494 | W14: 2286 | X14: 1080 | Y14: 1101 | Z14: 1138 | AA14: 2248 | AB14: 786
A15: 2011 | B15: =SUM(C15:AB15) -> 80316 | C15: 1244 | D15: 15057 | E15: 3930 | F15: 1945 | G15: 1525 | H15: 755 | I15: 1842 | J15: 3639 | K15: 1606 | L15: 1945 | M15: 3344 | N15: 2435 | O15: 2460 | P15: 10242 | Q15: 3184 | R15: 3701 | S15: 3715 | T15: 2063 | U15: 5000 | V15: 675 | W15: 2750 | X15: 1305 | Y15: 1204 | Z15: 1249 | AA15: 2502 | AB15: 999
... A23: 2019 | B23: =SUM(C23:AB23) -> 69017 | C23: 960 | D23: 16754 | E23: 3351 | F23: 1426 | G23: 1237 | H23: 680 | I23: 2066 | J23: 3131 | K23: 1081 | L23: 1397 | M23: 2715 | N23: 1629 | O23: 2062 | P23: 7386 | Q23: 1921 | R23: 2691 | S23: 2460 | T23: 1793 | U23: 3667 | V23: 565 | W23: 1939 | X23: 1432 | Y23: 941 | Z23: 1340 | AA23: 3075 | AB23: 1318
A24: Source: CSO, Table THA17
A27: =B2 -> IE
B29: 2019 | F29: Survival Rates for Heavy Medium Diesel
A30: Total | B30: =SUM(B31:B51) -> 1207684 | F30: Vintage | G30: Sur Rates
A31: 1999 or before | B31: =B3 -> 1667 | F31: 0 | G31: 1
A32: 2000 | B32: =B4 -> 1151 | F32: 1 | G32: 1
A33: 2001 | B33: =B5 -> 1457 | F33: 2 | G33: 1
A34: 2002 | B34: =B6 -> 3175 | F34: 3 | G34: 1
A35: 2003 | B35: =B7 -> 4838 | F35: 4 | G35: 1
A36: 2004 | B36: =B8 -> 8054 | F36: 5 | G36: 1
A37: 2005 | B37: =B9 -> 14870 | F37: 6 | G37: 1
A38: 2006 | B38: =B10 -> 23111 | F38: 7 | G38: 1
A39: 2007 | B39: =B11 -> 34411 | F39: 8 | G39: 1
A40: 2008 | B40: =B12 -> 50340 | F40: 9 | G40: 1
A41: 2009 | B41: =B13 -> 43132 | F41: 10 | G41: 1
A42: 2010 | B42: =B14 -> 67846 | F42: 11 | G42: 1
A43: 2011 | B43: =B15 -> 80316 | F43: 12 | G43: 0.99
... A51: 2019 | B51: =B23 -> 69017 | F51: 20 | G51: 0.2
F52: 21 | G52: 0.16
F53: 22 | G53: 0.12
F54: 23 | G54: 0.08
F55: 24 | G55: 0.04
F56: 25 | G56: 0
F57: Source: Irish_TIMES 2.0
A59: Private Diesel Cars (number)
A60: Vintage | B60: 2018 | C60: 2019 | D60: 2020 | E60: 2021 | F60: 2022 | G60: 2023 | H60: 2024 | I60: 2025 | J60: 2026 | K60: 2027 | L60: 2028 | M60: 2029 | N60: 2030 | O60: 2031 | P60: 2032 | Q60: 2033 | R60: 2034 | S60: 2035 | T60: 2036 | U60: 2037 | V60: 2038 | W60: 2039 | X60: 2040 | Y60: 2041 | Z60: 2042 | AA60: 2043 | AB60: 2044
A61: 0 | B61: =B51 -> 69017 | C61: 0 | D61: 0 | E61: 0 | F61: 0 | G61: 0 | H61: 0 | I61: 0 | J61: 0 | K61: 0 | L61: 0 | M61: 0 | N61: 0 | O61: 0 | P61: 0 | Q61: 0 | R61: 0 | S61: 0 | T61: 0 | U61: 0 | V61: 0 | W61: 0 | X61: 0 | Y61: 0 | Z61: 0 | AA61: 0 | AB61: 0
A62: 1 | B62: =B50 -> 131088 | C62: =B61*G31 -> 69017 | D62: 0 | E62: 0 | F62: 0 | G62: 0 | H62: 0 | I62: 0 | J62: 0 | K62: 0 | L62: 0 | M62: 0 | N62: 0 | O62: 0 | P62: 0 | Q62: 0 | R62: 0 | S62: 0 | T62: 0 | U62: 0 | V62: 0 | W62: 0 | X62: 0 | Y62: 0 | Z62: 0 | AA62: 0 | AB62: 0
A63: 2 | B63: =B49 -> 147120 | C63: =B62*G32 -> 131088 | D63: =C62*G32 -> 69017 | E63: 0 | F63: 0 | G63: 0 | H63: 0 | I63: 0 | J63: 0 | K63: 0 | L63: 0 | M63: 0 | N63: 0 | O63: 0 | P63: 0 | Q63: 0 | R63: 0 | S63: 0 | T63: 0 | U63: 0 | V63: 0 | W63: 0 | X63: 0 | Y63: 0 | Z63: 0 | AA63: 0 | AB63: 0
A64: 3 | B64: =B48 -> 147409 | C64: =B63*G33 -> 147120 | D64: =C63*G33 -> 131088 | E64: =D63*G33 -> 69017 | F64: 0 | G64: 0 | H64: 0 | I64: 0 | J64: 0 | K64: 0 | L64: 0 | M64: 0 | N64: 0 | O64: 0 | P64: 0 | Q64: 0 | R64: 0 | S64: 0 | T64: 0 | U64: 0 | V64: 0 | W64: 0 | X64: 0 | Y64: 0 | Z64: 0 | AA64: 0 | AB64: 0
A65: 4 | B65: =B47 -> 115630 | C65: =B64*G34 -> 147409 | D65: =C64*G34 -> 147120 | E65: =D64*G34 -> 131088 | F65: =E64*G34 -> 69017 | G65: 0 | H65: 0 | I65: 0 | J65: 0 | K65: 0 | L65: 0 | M65: 0 | N65: 0 | O65: 0 | P65: 0 | Q65: 0 | R65: 0 | S65: 0 | T65: 0 | U65: 0 | V65: 0 | W65: 0 | X65: 0 | Y65: 0 | Z65: 0 | AA65: 0 | AB65: 0
A66: 5 | B66: =B46 -> 102223 | C66: =B65*G35 -> 115630 | D66: =C65*G35 -> 147409 | E66: =D65*G35 -> 147120 | F66: =E65*G35 -> 131088 | G66: =F65*G35 -> 69017 | H66: 0 | I66: 0 | J66: 0 | K66: 0 | L66: 0 | M66: 0 | N66: 0 | O66: 0 | P66: 0 | Q66: 0 | R66: 0 | S66: 0 | T66: 0 | U66: 0 | V66: 0 | W66: 0 | X66: 0 | Y66: 0 | Z66: 0 | AA66: 0 | AB66: 0
A67: 6 | B67: =B45 -> 83119 | C67: =B66*G36 -> 102223 | D67: =C66*G36 -> 115630 | E67: =D66*G36 -> 147409 | F67: =E66*G36 -> 147120 | G67: =F66*G36 -> 131088 | H67: =G66*G36 -> 69017 | I67: 0 | J67: 0 | K67: 0 | L67: 0 | M67: 0 | N67: 0 | O67: 0 | P67: 0 | Q67: 0 | R67: 0 | S67: 0 | T67: 0 | U67: 0 | V67: 0 | W67: 0 | X67: 0 | Y67: 0 | Z67: 0 | AA67: 0 | AB67: 0
A68: 7 | B68: =B44 -> 77710 | C68: =B67*G37 -> 83119 | D68: =C67*G37 -> 102223 | E68: =D67*G37 -> 115630 | F68: =E67*G37 -> 147409 | G68: =F67*G37 -> 147120 | H68: =G67*G37 -> 131088 | I68: =H67*G37 -> 69017 | J68: 0 | K68: 0 | L68: 0 | M68: 0 | N68: 0 | O68: 0 | P68: 0 | Q68: 0 | R68: 0 | S68: 0 | T68: 0 | U68: 0 | V68: 0 | W68: 0 | X68: 0 | Y68: 0 | Z68: 0 | AA68: 0 | AB68: 0
A69: 8 | B69: =B43 -> 80316 | C69: =B68*G38 -> 77710 | D69: =C68*G38 -> 83119 | E69: =D68*G38 -> 102223 | F69: =E68*G38 -> 115630 | G69: =F68*G38 -> 147409 | H69: =G68*G38 -> 147120 | I69: =H68*G38 -> 131088 | J69: =I68*G38 -> 69017 | K69: 0 | L69: 0 | M69: 0 | N69: 0 | O69: 0 | P69: 0 | Q69: 0 | R69: 0 | S69: 0 | T69: 0 | U69: 0 | V69: 0 | W69: 0 | X69: 0 | Y69: 0 | Z69: 0 | AA69: 0 | AB69: 0
A70: 9 | B70: =B42 -> 67846 | C70: =B69*G39 -> 80316 | D70: =C69*G39 -> 77710 | E70: =D69*G39 -> 83119 | F70: =E69*G39 -> 102223 | G70: =F69*G39 -> 115630 | H70: =G69*G39 -> 147409 | I70: =H69*G39 -> 147120 | J70: =I69*G39 -> 131088 | K70: =J69*G39 -> 69017 | L70: 0 | M70: 0 | N70: 0 | O70: 0 | P70: 0 | Q70: 0 | R70: 0 | S70: 0 | T70: 0 | U70: 0 | V70: 0 | W70: 0 | X70: 0 | Y70: 0 | Z70: 0 | AA70: 0 | AB70: 0
A71: 10 | B71: =B41 -> 43132 | C71: =B70*G40 -> 67846 | D71: =C70*G40 -> 80316 | E71: =D70*G40 -> 77710 | F71: =E70*G40 -> 83119 | G71: =F70*G40 -> 102223 | H71: =G70*G40 -> 115630 | I71: =H70*G40 -> 147409 | J71: =I70*G40 -> 147120 | K71: =J70*G40 -> 131088 | L71: =K70*G40 -> 69017 | M71: 0 | N71: 0 | O71: 0 | P71: 0 | Q71: 0 | R71: 0 | S71: 0 | T71: 0 | U71: 0 | V71: 0 | W71: 0 | X71: 0 | Y71: 0 | Z71: 0 | AA71: 0 | AB71: 0
A72: 11 | B72: =B40 -> 50340 | C72: =B71*G41 -> 43132 | D72: =C71*G41 -> 67846 | E72: =D71*G41 -> 80316 | F72: =E71*G41 -> 77710 | G72: =F71*G41 -> 83119 | H72: =G71*G41 -> 102223 | I72: =H71*G41 -> 115630 | J72: =I71*G41 -> 147409 | K72: =J71*G41 -> 147120 | L72: =K71*G41 -> 131088 | M72: =L71*G41 -> 69017 | N72: 0 | O72: 0 | P72: 0 | Q72: 0 | R72: 0 | S72: 0 | T72: 0 | U72: 0 | V72: 0 | W72: 0 | X72: 0 | Y72: 0 | Z72: 0 | AA72: 0 | AB72: 0
A73: 12 | B73: =B39 -> 34411 | C73: =B72*G42 -> 50340 | D73: =C72*G42 -> 43132 | E73: =D72*G42 -> 67846 | F73: =E72*G42 -> 80316 | G73: =F72*G42 -> 77710 | H73: =G72*G42 -> 83119 | I73: =H72*G42 -> 102223 | J73: =I72*G42 -> 115630 | K73: =J72*G42 -> 147409 | L73: =K72*G42 -> 147120 | M73: =L72*G42 -> 131088 | N73: =M72*G42 -> 69017 | O73: 0 | P73: 0 | Q73: 0 | R73: 0 | S73: 0 | T73: 0 | U73: 0 | V73: 0 | W73: 0 | X73: 0 | Y73: 0 | Z73: 0 | AA73: 0 | AB73: 0
A74: 13 | B74: =B38 -> 23111 | C74: =B73*G43 -> 34066.89 | D74: =C73*G43 -> 49836.6 | E74: =D73*G43 -> 42700.68 | F74: =E73*G43 -> 67167.54 | G74: =F73*G43 -> 79512.84 | H74: =G73*G43 -> 76932.9 | I74: =H73*G43 -> 82287.81 | J74: =I73*G43 -> 101200.77 | K74: =J73*G43 -> 114473.7 | L74: =K73*G43 -> 145934.91 | M74: =L73*G43 -> 145648.8 | N74: =M73*G43 -> 129777.12 | O74: =N73*G43 -> 68326.83 | P74: 0 | Q74: 0 | R74: 0 | S74: 0 | T74: 0 | U74: 0 | V74: 0 | W74: 0 | X74: 0 | Y74: 0 | Z74: 0 | AA74: 0 | AB74: 0
A75: 14 | B75: =B37 -> 14870 | C75: =B74*G44 -> 20337.68 | D75: =C74*G44 -> 29978.863 | E75: =D74*G44 -> 43856.208 | F75: =E74*G44 -> 37576.598 | G75: =F74*G44 -> 59107.435 | H75: =G74*G44 -> 69971.299 | I75: =H74*G44 -> 67700.952 | J75: =I74*G44 -> 72413.273 | K75: =J74*G44 -> 89056.678 | L75: =K74*G44 -> 100736.86 | M75: =L74*G44 -> 128422.72 | N75: =M74*G44 -> 128170.94 | O75: =N74*G44 -> 114203.87 | P75: =O74*G44 -> 60127.61 | Q75: 0 | R75: 0 | S75: 0 | T75: 0 | U75: 0 | V75: 0 | W75: 0 | X75: 0 | Y75: 0 | Z75: 0 | AA75: 0 | AB75: 0
A76: 15 | B76: =B36 -> 8054 | C76: =B75*G45 -> 8624.6 | D76: =C75*G45 -> 11795.854 | E76: =D75*G45 -> 17387.741 | F76: =E75*G45 -> 25436.601 | G76: =F75*G45 -> 21794.427 | H76: =G75*G45 -> 34282.312 | I76: =H75*G45 -> 40583.354 | J76: =I75*G45 -> 39266.552 | K76: =J75*G45 -> 41999.698 | L76: =K75*G45 -> 51652.873 | M76: =L75*G45 -> 58427.376 | N76: =M75*G45 -> 74485.178 | O76: =N75*G45 -> 74339.148 | P76: =O75*G45 -> 66238.242 | Q76: =P75*G45 -> 34874.014 | R76: 0 | S76: 0 | T76: 0 | U76: 0 | V76: 0 | W76: 0 | X76: 0 | Y76: 0 | Z76: 0 | AA76: 0 | AB76: 0
A77: 16 | B77: =B35 -> 4838 | C77: =B76*G46 -> 3302.14 | D77: =C76*G46 -> 3536.086 | E77: =D76*G46 -> 4836.3003 | F77: =E76*G46 -> 7128.9737 | G77: =F76*G46 -> 10429.006 | H77: =G76*G46 -> 8935.7151 | I77: =H76*G46 -> 14055.748 | J77: =I76*G46 -> 16639.175 | K77: =J76*G46 -> 16099.286 | L77: =K76*G46 -> 17219.876 | M77: =L76*G46 -> 21177.678 | N77: =M76*G46 -> 23955.224 | O77: =N76*G46 -> 30538.923 | P77: =O76*G46 -> 30479.05 | Q77: =P76*G46 -> 27157.679 | R77: =Q76*G46 -> 14298.346 | S77: 0 | T77: 0 | U77: 0 | V77: 0 | W77: 0 | X77: 0 | Y77: 0 | Z77: 0 | AA77: 0 | AB77: 0
A78: 17 | B78: =B34 -> 3175 | C78: =B77*G47 -> 1790.06 | D78: =C77*G47 -> 1221.7918 | E78: =D77*G47 -> 1308.3518 | F78: =E77*G47 -> 1789.4311 | G78: =F77*G47 -> 2637.7203 | H78: =G77*G47 -> 3858.7323 | I78: =H77*G47 -> 3306.2146 | J78: =I77*G47 -> 5200.6268 | K78: =J77*G47 -> 6156.4947 | L78: =K77*G47 -> 5956.736 | M78: =L77*G47 -> 6371.3542 | N78: =M77*G47 -> 7835.7408 | O78: =N77*G47 -> 8863.433 | P78: =O77*G47 -> 11299.402 | Q78: =P77*G47 -> 11277.249 | R78: =Q77*G47 -> 10048.341 | S78: =R77*G47 -> 5290.3879 | T78: 0 | U78: 0 | V78: 0 | W78: 0 | X78: 0 | Y78: 0 | Z78: 0 | AA78: 0 | AB78: 0
A79: 18 | B79: =B33 -> 1457 | C79: =B78*G48 -> 1047.75 | D79: =C78*G48 -> 590.7198 | E79: =D78*G48 -> 403.19129 | F79: =E78*G48 -> 431.7561 | G79: =F78*G48 -> 590.51227 | H79: =G78*G48 -> 870.44768 | I79: =H78*G48 -> 1273.3817 | J79: =I78*G48 -> 1091.0508 | K79: =J78*G48 -> 1716.2068 | L79: =K78*G48 -> 2031.6433 | M79: =L78*G48 -> 1965.7229 | N79: =M78*G48 -> 2102.5469 | O79: =N78*G48 -> 2585.7945 | P79: =O78*G48 -> 2924.9329 | Q79: =P78*G48 -> 3728.8025 | R79: =Q78*G48 -> 3721.4921 | S79: =R78*G48 -> 3315.9526 | T79: =S78*G48 -> 1745.828 | U79: 0 | V79: 0 | W79: 0 | X79: 0 | Y79: 0 | Z79: 0 | AA79: 0 | AB79: 0
A80: 19 | B80: =B32 -> 1151 | C80: =B79*G49 -> 422.53 | D80: =C79*G49 -> 303.8475 | E80: =D79*G49 -> 171.30874 | F80: =E79*G49 -> 116.92548 | G80: =F79*G49 -> 125.20927 | H80: =G79*G49 -> 171.24856 | I80: =H79*G49 -> 252.42983 | J80: =I79*G49 -> 369.28068 | K80: =J79*G49 -> 316.40474 | L80: =K79*G49 -> 497.69998 | M80: =L79*G49 -> 589.17655 | N80: =M79*G49 -> 570.05963 | O80: =N79*G49 -> 609.7386 | P80: =O79*G49 -> 749.8804 | Q80: =P79*G49 -> 848.23054 | R80: =Q79*G49 -> 1081.3527 | S80: =R79*G49 -> 1079.2327 | T80: =S79*G49 -> 961.62626 | U80: =T79*G49 -> 506.29012 | V80: 0 | W80: 0 | X80: 0 | Y80: 0 | Z80: 0 | AA80: 0 | AB80: 0
A81: 20 | B81: =B31/6 -> 277.83333 | C81: =B80*G50 -> 287.75 | D81: =C80*G50 -> 105.6325 | E81: =D80*G50 -> 75.961875 | F81: =E80*G50 -> 42.827185 | G81: =F80*G50 -> 29.231369 | H81: =G80*G50 -> 31.302317 | I81: =H80*G50 -> 42.812139 | J81: =I80*G50 -> 63.107457 | K81: =J80*G50 -> 92.320171 | L81: =K80*G50 -> 79.101184 | M81: =L80*G50 -> 124.425 | N81: =M80*G50 -> 147.29414 | O81: =N80*G50 -> 142.51491 | P81: =O80*G50 -> 152.43465 | Q81: =P80*G50 -> 187.4701 | R81: =Q80*G50 -> 212.05763 | S81: =R80*G50 -> 270.33818 | T81: =S80*G50 -> 269.80817 | U81: =T80*G50 -> 240.40657 | V81: =U80*G50 -> 126.57253 | W81: 0 | X81: 0 | Y81: 0 | Z81: 0 | AA81: 0 | AB81: 0
A82: 21 | B82: =B81 -> 277.83333 | C82: =B81*G51 -> 55.566667 | D82: =C81*G51 -> 57.55 | E82: =D81*G51 -> 21.1265 | F82: =E81*G51 -> 15.192375 | G82: =F81*G51 -> 8.5654371 | H82: =G81*G51 -> 5.8462738 | I82: =H81*G51 -> 6.2604635 | J82: =I81*G51 -> 8.5624279 | K82: =J81*G51 -> 12.621491 | L82: =K81*G51 -> 18.464034 | M82: =L81*G51 -> 15.820237 | N82: =M81*G51 -> 24.884999 | O82: =N81*G51 -> 29.458827 | P82: =O81*G51 -> 28.502982 | Q82: =P81*G51 -> 30.48693 | R82: =Q81*G51 -> 37.49402 | S82: =R81*G51 -> 42.411527 | T82: =S81*G51 -> 54.067636 | U82: =T81*G51 -> 53.961635 | V82: =U81*G51 -> 48.081313 | W82: =V81*G51 -> 25.314506 | X82: 0 | Y82: 0 | Z82: 0 | AA82: 0 | AB82: 0
A83: 22 | B83: =B82 -> 277.83333 | C83: =B82*G52 -> 44.453333 | D83: =C82*G52 -> 8.8906667 | E83: =D82*G52 -> 9.208 | F83: =E82*G52 -> 3.38024 | G83: =F82*G52 -> 2.43078 | H83: =G82*G52 -> 1.3704699 | I83: =H82*G52 -> 0.9354038 | J83: =I82*G52 -> 1.0016742 | K83: =J82*G52 -> 1.3699885 | L83: =K82*G52 -> 2.0194386 | M83: =L82*G52 -> 2.9542455 | N83: =M82*G52 -> 2.5312379 | O83: =N82*G52 -> 3.9815999 | P83: =O82*G52 -> 4.7134124 | Q83: =P82*G52 -> 4.5604771 | R83: =Q82*G52 -> 4.8779088 | S83: =R82*G52 -> 5.9990432 | T83: =S82*G52 -> 6.7858443 | U83: =T82*G52 -> 8.6508218 | V83: =U82*G52 -> 8.6338616 | W83: =V82*G52 -> 7.6930101 | X83: =W82*G52 -> 4.050321 | Y83: 0 | Z83: 0 | AA83: 0 | AB83: 0
A84: 23 | B84: =B83 -> 277.83333 | C84: =B83*G53 -> 33.34 | D84: =C83*G53 -> 5.3344 | E84: =D83*G53 -> 1.06688 | F84: =E83*G53 -> 1.10496 | G84: =F83*G53 -> 0.4056288 | H84: =G83*G53 -> 0.2916936 | I84: =H83*G53 -> 0.16445639 | J84: =I83*G53 -> 0.11224846 | K84: =J83*G53 -> 0.1202009 | L84: =K83*G53 -> 0.16439862 | M84: =L83*G53 -> 0.24233264 | N84: =M83*G53 -> 0.35450946 | O84: =N83*G53 -> 0.30374855 | P84: =O83*G53 -> 0.47779198 | Q84: =P83*G53 -> 0.56560948 | R84: =Q83*G53 -> 0.54725725 | S84: =R83*G53 -> 0.58534905 | T84: =S83*G53 -> 0.71988518 | U84: =T83*G53 -> 0.81430132 | V84: =U83*G53 -> 1.0380986 | W84: =V83*G53 -> 1.0360634 | X84: =W83*G53 -> 0.92316121 | Y84: =X83*G53 -> 0.48603852 | Z84: 0 | AA84: 0 | AB84: 0
A85: 24 | B85: =B84 -> 277.83333 | C85: =B84*G54 -> 22.226667 | D85: =C84*G54 -> 2.6672 | E85: =D84*G54 -> 0.426752 | F85: =E84*G54 -> 0.0853504 | G85: =F84*G54 -> 0.0883968 | H85: =G84*G54 -> 0.032450304 | I85: =H84*G54 -> 0.023335488 | J85: =I84*G54 -> 0.013156511 | K85: =J84*G54 -> 0.0089798765 | L85: =K84*G54 -> 0.0096160719 | M85: =L84*G54 -> 0.013151889 | N85: =M84*G54 -> 0.019386611 | O85: =N84*G54 -> 0.028360756 | P85: =O84*G54 -> 0.024299884 | Q85: =P84*G54 -> 0.038223359 | R85: =Q84*G54 -> 0.045248759 | S85: =R84*G54 -> 0.04378058 | T85: =S84*G54 -> 0.046827924 | U85: =T84*G54 -> 0.057590815 | V85: =U84*G54 -> 0.065144105 | W85: =V84*G54 -> 0.083047889 | X85: =W84*G54 -> 0.082885071 | Y85: =X84*G54 -> 0.073852897 | Z85: =Y84*G54 -> 0.038883082 | AA85: 0 | AB85: 0
A86: 25 | B86: =B85 -> 277.83333 | C86: =B85*G55 -> 11.113333 | D86: =C85*G55 -> 0.88906667 | E86: =D85*G55 -> 0.106688 | F86: =E85*G55 -> 0.01707008 | G86: =F85*G55 -> 0.003414016 | H86: =G85*G55 -> 0.003535872 | I86: =H85*G55 -> 0.0012980122 | J86: =I85*G55 -> 0.00093341952 | K86: =J85*G55 -> 0.00052626046 | L86: =K85*G55 -> 0.00035919506 | M86: =L85*G55 -> 0.00038464287 | N86: =M85*G55 -> 0.00052607557 | O86: =N85*G55 -> 0.00077546443 | P86: =O85*G55 -> 0.0011344303 | Q86: =P85*G55 -> 0.00097199535 | R86: =Q85*G55 -> 0.0015289344 | S86: =R85*G55 -> 0.0018099503 | T86: =S85*G55 -> 0.0017512232 | U86: =T85*G55 -> 0.001873117 | V86: =U85*G55 -> 0.0023036326 | W86: =V85*G55 -> 0.0026057642 | X86: =W85*G55 -> 0.0033219156 | Y86: =X85*G55 -> 0.0033154028 | Z86: =Y85*G55 -> 0.0029541159 | AA86: =Z85*G55 -> 0.0015553233 | AB86: 0
A87: Total | B87: =SUM(B61:B86) -> 1207684 | C87: =SUM(C61:C86) -> 1184996.1 | D87: =SUM(D61:D86) -> 1162054.7 | E87: =SUM(E61:E86) -> 1132249.7 | F87: =SUM(F61:F86) -> 1093342.4 | G87: =SUM(G61:G86) -> 1047553.9 | H87: =SUM(H61:H86) -> 990667.5 | I87: =SUM(I61:I86) -> 921997.09 | ... AB87: =SUM(AB61:AB86) -> 0
A88: Remaining compared to the base year | C88: =1-($B87-C87)/$B87 -> 0.98121371 | D88: =1-($B87-D87)/$B87 -> 0.96221754 | E88: =1-($B87-E87)/$B87 -> 0.93753803 | F88: =1-($B87-F87)/$B87 -> 0.90532162 | G88: =1-($B87-G87)/$B87 -> 0.86740726 | H88: =1-($B87-H87)/$B87 -> 0.82030357 | I88: =1-($B87-I87)/$B87 -> 0.76344233 | J88: =1-($B87-J87)/$B87 -> 0.7009429 | ... AA88: =1-($B87-AA87)/$B87 -> 1.2878563e-09
A92: Carlow
B94: 2019 | F94: Survival Rates for Heavy Medium Diesel
A95: Total | B95: =SUM(C3:C23) -> 18621 | F95: Vintage | G95: Sur Rates
A96: 1999 or before | B96: =C3 -> 39 | F96: 0 | G96: =G31 -> 1
A97: 2000 | B97: =C4 -> 20 | F97: 1 | G97: =G32 -> 1
A98: 2001 | B98: =C5 -> 37 | F98: 2 | G98: =G33 -> 1
A99: 2002 | B99: =C6 -> 67 | F99: 3 | G99: =G34 -> 1
A100: 2003 | B100: =C7 -> 112 | F100: 4 | G100: =G35 -> 1
A101: 2004 | B101: =C8 -> 156 | F101: 5 | G101: =G36 -> 1
A102: 2005 | B102: =C9 -> 315 | F102: 6 | G102: =G37 -> 1
A103: 2006 | B103: =C10 -> 483 | F103: 7 | G103: =G38 -> 1
A104: 2007 | B104: =C11 -> 635 | F104: 8 | G104: =G39 -> 1
A105: 2008 | B105: =C12 -> 967 | F105: 9 | G105: =G40 -> 1
A106: 2009 | B106: =C13 -> 739 | F106: 10 | G106: =G41 -> 1
A107: 2010 | B107: =C14 -> 1089 | F107: 11 | G107: =G42 -> 1
A108: 2011 | B108: =C15 -> 1244 | F108: 12 | G108: =G43 -> 0.99
... A116: 2019 | B116: =C23 -> 960 | F116: 20 | G116: =G51 -> 0.2
F117: 21 | G117: =G52 -> 0.16
F118: 22 | G118: =G53 -> 0.12
F119: 23 | G119: =G54 -> 0.08
F120: 24 | G120: =G55 -> 0.04
F121: 25 | G121: =G56 -> 0
F122: Source: Irish_TIMES 2.0
A124: Private Diesel Cars (number)
A125: Vintage | B125: 2018 | C125: 2019 | D125: 2020 | E125: 2021 | F125: 2022 | G125: 2023 | H125: 2024 | I125: 2025 | J125: 2026 | K125: 2027 | L125: 2028 | M125: 2029 | N125: 2030 | O125: 2031 | P125: 2032 | Q125: 2033 | R125: 2034 | S125: 2035 | T125: 2036 | U125: 2037 | V125: 2038 | W125: 2039 | X125: 2040 | Y125: 2041 | Z125: 2042 | AA125: 2043 | AB125: 2044
A126: 0 | B126: =B116 -> 960 | C126: 0 | D126: 0 | E126: 0 | F126: 0 | G126: 0 | H126: 0 | I126: 0 | J126: 0 | K126: 0 | L126: 0 | M126: 0 | N126: 0 | O126: 0 | P126: 0 | Q126: 0 | R126: 0 | S126: 0 | T126: 0 | U126: 0 | V126: 0 | W126: 0 | X126: 0 | Y126: 0 | Z126: 0 | AA126: 0 | AB126: 0
A127: 1 | B127: =B115 -> 1758 | C127: =B126*G96 -> 960 | D127: 0 | E127: 0 | F127: 0 | G127: 0 | H127: 0 | I127: 0 | J127: 0 | K127: 0 | L127: 0 | M127: 0 | N127: 0 | O127: 0 | P127: 0 | Q127: 0 | R127: 0 | S127: 0 | T127: 0 | U127: 0 | V127: 0 | W127: 0 | X127: 0 | Y127: 0 | Z127: 0 | AA127: 0 | AB127: 0
A128: 2 | B128: =B114 -> 2116 | C128: =B127*G97 -> 1758 | D128: =C127*G97 -> 960 | E128: 0 | F128: 0 | G128: 0 | H128: 0 | I128: 0 | J128: 0 | K128: 0 | L128: 0 | M128: 0 | N128: 0 | O128: 0 | P128: 0 | Q128: 0 | R128: 0 | S128: 0 | T128: 0 | U128: 0 | V128: 0 | W128: 0 | X128: 0 | Y128: 0 | Z128: 0 | AA128: 0 | AB128: 0
A129: 3 | B129: =B113 -> 2017 | C129: =B128*G98 -> 2116 | D129: =C128*G98 -> 1758 | E129: =D128*G98 -> 960 | F129: 0 | G129: 0 | H129: 0 | I129: 0 | J129: 0 | K129: 0 | L129: 0 | M129: 0 | N129: 0 | O129: 0 | P129: 0 | Q129: 0 | R129: 0 | S129: 0 | T129: 0 | U129: 0 | V129: 0 | W129: 0 | X129: 0 | Y129: 0 | Z129: 0 | AA129: 0 | AB129: 0
A130: 4 | B130: =B112 -> 1703 | C130: =B129*G99 -> 2017 | D130: =C129*G99 -> 2116 | E130: =D129*G99 -> 1758 | F130: =E129*G99 -> 960 | G130: 0 | H130: 0 | I130: 0 | J130: 0 | K130: 0 | L130: 0 | M130: 0 | N130: 0 | O130: 0 | P130: 0 | Q130: 0 | R130: 0 | S130: 0 | T130: 0 | U130: 0 | V130: 0 | W130: 0 | X130: 0 | Y130: 0 | Z130: 0 | AA130: 0 | AB130: 0
...

Sheet Gasoline Cars
A1: Private Gasoline Cars (number)
A2: Year of Registration | B2: IE | C2: Carlow | D2: Dublin | E2: Kildare | F2: Kilkenny | G2: Laois | H2: Longford | I2: Louth | J2: Meath | K2: Offaly | L2: Westmeath | M2: Wexford | N2: Wicklow | O2: Clare | P2: Cork | Q2: Kerry | R2: Limerick | S2: Tipperary | T2: Waterford | U2: Galway | V2: Leitrim | W2: Mayo | X2: Roscommon | Y2: Sligo | Z2: Cavan | AA2: Donegal | AB2: Monaghan
A3: 1999 or before | B3: =SUM(C3:AB3) -> 18684 | C3: 258 | D3: 4693 | E3: 639 | F3: 439 | G3: 266 | H3: 121 | I3: 250 | J3: 532 | K3: 340 | L3: 298 | M3: 708 | N3: 694 | O3: 568 | P3: 2759 | Q3: 958 | R3: 847 | S3: 895 | T3: 493 | U3: 996 | V3: 138 | W3: 584 | X3: 215 | Y3: 277 | Z3: 205 | AA3: 369 | AB3: 142
A4: 2000 | B4: =SUM(C4:AB4) -> 16571 | C4: 226 | D4: 4477 | E4: 619 | F4: 395 | G4: 245 | H4: 94 | I4: 229 | J4: 500 | K4: 245 | L4: 276 | M4: 570 | N4: 600 | O4: 454 | P4: 2367 | Q4: 799 | R4: 784 | S4: 685 | T4: 452 | U4: 872 | V4: 119 | W4: 501 | X4: 179 | Y4: 289 | Z4: 189 | AA4: 298 | AB4: 107
A5: 2001 | B5: =SUM(C5:AB5) -> 15829 | C5: 229 | D5: 4497 | E5: 704 | F5: 337 | G5: 228 | H5: 114 | I5: 237 | J5: 523 | K5: 233 | L5: 241 | M5: 574 | N5: 569 | O5: 398 | P5: 2110 | Q5: 717 | R5: 666 | S5: 594 | T5: 419 | U5: 809 | V5: 118 | W5: 493 | X5: 182 | Y5: 219 | Z5: 181 | AA5: 326 | AB5: 111
A6: 2002 | B6: =SUM(C6:AB6) -> 22551 | C6: 344 | D6: 5989 | E6: 1014 | F6: 483 | G6: 323 | H6: 163 | I6: 380 | J6: 740 | K6: 342 | L6: 397 | M6: 778 | N6: 875 | O6: 587 | P6: 3147 | Q6: 957 | R6: 1003 | S6: 885 | T6: 623 | U6: 1205 | V6: 143 | W6: 670 | X6: 238 | Y6: 325 | Z6: 269 | AA6: 466 | AB6: 205
A7: 2003 | B7: =SUM(C7:AB7) -> 32971 | C7: 471 | D7: 8991 | E7: 1531 | F7: 710 | G7: 559 | H7: 224 | I7: 581 | J7: 1128 | K7: 543 | L7: 572 | M7: 1179 | N7: 1174 | O7: 907 | P7: 4274 | Q7: 1341 | R7: 1478 | S7: 1328 | T7: 919 | U7: 1693 | V7: 211 | W7: 947 | X7: 438 | Y7: 431 | Z7: 407 | AA7: 639 | AB7: 295
A8: 2004 | B8: =SUM(C8:AB8) -> 50154 | C8: 630 | D8: 14220 | E8: 2356 | F8: 1011 | G8: 758 | H8: 343 | I8: 938 | J8: 1855 | K8: 779 | L8: 797 | M8: 1810 | N8: 1892 | O8: 1401 | P8: 6435 | Q8: 1949 | R8: 2185 | S8: 1846 | T8: 1411 | U8: 2589 | V8: 286 | W8: 1342 | X8: 583 | Y8: 683 | Z8: 610 | AA8: 1049 | AB8: 396
A9: 2005 | B9: =SUM(C9:AB9) -> 70808 | C9: 929 | D9: 20618 | E9: 3276 | F9: 1324 | G9: 1021 | H9: 518 | I9: 1394 | J9: 2621 | K9: 1017 | L9: 1164 | M9: 2466 | N9: 2479 | O9: 1899 | P9: 9076 | Q9: 2726 | R9: 3129 | S9: 2553 | T9: 1992 | U9: 3724 | V9: 385 | W9: 1833 | X9: 829 | Y9: 928 | Z9: 848 | AA9: 1479 | AB9: 580
A10: 2006 | B10: =SUM(C10:AB10) -> 88966 | C10: 1183 | D10: 26739 | E10: 4390 | F10: 1670 | G10: 1272 | H10: 591 | I10: 1713 | J10: 3454 | K10: 1231 | L10: 1389 | M10: 2954 | N10: 3207 | O10: 2277 | P10: 11187 | Q10: 3148 | R10: 3917 | S10: 3126 | T10: 2592 | U10: 4513 | V10: 469 | W10: 2279 | X10: 974 | Y10: 1135 | Z10: 1058 | AA10: 1827 | AB10: 671
A11: 2007 | B11: =SUM(C11:AB11) -> 104302 | C11: 1243 | D11: 32162 | E11: 5243 | F11: 1877 | G11: 1460 | H11: 629 | I11: 2148 | J11: 3976 | K11: 1408 | L11: 1642 | M11: 3320 | N11: 3822 | O11: 2745 | P11: 13166 | Q11: 3655 | R11: 4592 | S11: 3588 | T11: 2818 | U11: 5284 | V11: 496 | W11: 2494 | X11: 1113 | Y11: 1312 | Z11: 1213 | AA11: 2098 | AB11: 798
A12: 2008 | B12: =SUM(C12:AB12) -> 85461 | C12: 1031 | D12: 26722 | E12: 4148 | F12: 1498 | G12: 1185 | H12: 542 | I12: 1829 | J12: 3274 | K12: 1149 | L12: 1276 | M12: 2590 | N12: 2865 | O12: 2230 | P12: 10962 | Q12: 3048 | R12: 3805 | S12: 2825 | T12: 2411 | U12: 4384 | V12: 379 | W12: 2022 | X12: 909 | Y12: 1044 | Z12: 921 | AA12: 1754 | AB12: 658
A13: 2009 | B13: =SUM(C13:AB13) -> 24459 | C13: 287 | D13: 7982 | E13: 1135 | F13: 432 | G13: 307 | H13: 151 | I13: 529 | J13: 876 | K13: 286 | L13: 329 | M13: 708 | N13: 825 | O13: 656 | P13: 3197 | Q13: 814 | R13: 1032 | S13: 750 | T13: 677 | U13: 1159 | V13: 120 | W13: 514 | X13: 250 | Y13: 334 | Z13: 271 | AA13: 647 | AB13: 191
A14: 2010 | B14: =SUM(C14:AB14) -> 30985 | C14: 292 | D14: 10529 | E14: 1317 | F14: 585 | G14: 322 | H14: 188 | I14: 651 | J14: 1013 | K14: 333 | L14: 438 | M14: 860 | N14: 1040 | O14: 756 | P14: 4226 | Q14: 992 | R14: 1357 | S14: 927 | T14: 813 | U14: 1397 | V14: 163 | W14: 697 | X14: 341 | Y14: 395 | Z14: 332 | AA14: 741 | AB14: 280
A15: 2011 | B15: =SUM(C15:AB15) -> 26759 | C15: 234 | D15: 9685 | E15: 1134 | F15: 458 | G15: 292 | H15: 137 | I15: 654 | J15: 886 | K15: 310 | L15: 376 | M15: 723 | N15: 899 | O15: 612 | P15: 3459 | Q15: 766 | R15: 1053 | S15: 769 | T15: 748 | U15: 1167 | V15: 147 | W15: 523 | X15: 254 | Y15: 296 | Z15: 243 | AA15: 734 | AB15: 200
... A23: 2019 | B23: =SUM(C23:AB23) -> 39089 | C23: 389 | D23: 14690 | E23: 1760 | F23: 595 | G23: 384 | H23: 179 | I23: 1062 | J23: 1260 | K23: 352 | L23: 433 | M23: 1210 | N23: 1145 | O23: 834 | P23: 4918 | Q23: 802 | R23: 1372 | S23: 855 | T23: 1261 | U23: 1359 | V23: 148 | W23: 672 | X23: 1399 | Y23: 373 | Z23: 343 | AA23: 978 | AB23: 316
A24: Source: CSO, Table THA17
A27: =B2 -> IE
B29: 2019 | F29: Survival Rates for Light Medium gasoline
A30: Total | B30: =SUM(B31:B51) -> 900661 | F30: Vintage | G30: Sur Rates
A31: 1999 or before | B31: =B3 -> 18684 | F31: 0 | G31: 1 | I31: 1
A32: 2000 | B32: =B4 -> 16571 | F32: 1 | G32: 1.15 | I32: 1.08
A33: 2001 | B33: =B5 -> 15829 | F33: 2 | G33: 1.12 | I33: 1.05
A34: 2002 | B34: =B6 -> 22551 | F34: 3 | G34: 1.08 | I34: 1.02
A35: 2003 | B35: =B7 -> 32971 | F35: 4 | G35: 1.05 | I35: 1
A36: 2004 | B36: =B8 -> 50154 | F36: 5 | G36: 1.1 | I36: 1
A37: 2005 | B37: =B9 -> 70808 | F37: 6 | G37: 1 | I37: 1
A38: 2006 | B38: =B10 -> 88966 | F38: 7 | G38: 1.03 | I38: 1
A39: 2007 | B39: =B11 -> 104302 | F39: 8 | G39: 1.1 | I39: 1
A40: 2008 | B40: =B12 -> 85461 | F40: 9 | G40: 1.25 | I40: 1
A41: 2009 | B41: =B13 -> 24459 | F41: 10 | G41: 1.15 | I41: 1.1
A42: 2010 | B42: =B14 -> 30985 | F42: 11 | G42: 1.02 | I42: 1
A43: 2011 | B43: =B15 -> 26759 | F43: 12 | G43: 0.88 | I43: 0.99
... A51: 2019 | B51: =B23 -> 39089 | F51: 20 | G51: 0.1375633 | I51: 0.2
F52: 21 | G52: 0.11005064 | I52: 0.16
F53: 22 | G53: 0.082537977 | I53: 0.12
F54: 23 | G54: 0.055025318 | I54: 0.08
F55: 24 | G55: 0.027512659 | I55: 0.04
F56: 25 | G56: 0
F57: Source: Irish_TIMES 2.0
A59: Private Diesel Cars (number)
A60: Vintage | B60: 2018 | C60: 2019 | D60: 2020 | E60: 2021 | F60: 2022 | G60: 2023 | H60: 2024 | I60: 2025 | J60: 2026 | K60: 2027 | L60: 2028 | M60: 2029 | N60: 2030 | O60: 2031 | P60: 2032 | Q60: 2033 | R60: 2034 | S60: 2035 | T60: 2036 | U60: 2037 | V60: 2038 | W60: 2039 | X60: 2040 | Y60: 2041 | Z60: 2042 | AA60: 2043 | AB60: 2044
A61: 0 | B61: =B51 -> 39089 | C61: 0 | D61: 0 | E61: 0 | F61: 0 | G61: 0 | H61: 0 | I61: 0 | J61: 0 | K61: 0 | L61: 0 | M61: 0 | N61: 0 | O61: 0 | P61: 0 | Q61: 0 | R61: 0 | S61: 0 | T61: 0 | U61: 0 | V61: 0 | W61: 0 | X61: 0 | Y61: 0 | Z61: 0 | AA61: 0 | AB61: 0
A62: 1 | B62: =B50 -> 60916 | C62: =B61*G31 -> 39089 | D62: 0 | E62: 0 | F62: 0 | G62: 0 | H62: 0 | I62: 0 | J62: 0 | K62: 0 | L62: 0 | M62: 0 | N62: 0 | O62: 0 | P62: 0 | Q62: 0 | R62: 0 | S62: 0 | T62: 0 | U62: 0 | V62: 0 | W62: 0 | X62: 0 | Y62: 0 | Z62: 0 | AA62: 0 | AB62: 0
A63: 2 | B63: =B49 -> 52684 | C63: =B62*G32 -> 70053.4 | D63: =C62*G32 -> 44952.35 | E63: 0 | F63: 0 | G63: 0 | H63: 0 | I63: 0 | J63: 0 | K63: 0 | L63: 0 | M63: 0 | N63: 0 | O63: 0 | P63: 0 | Q63: 0 | R63: 0 | S63: 0 | T63: 0 | U63: 0 | V63: 0 | W63: 0 | X63: 0 | Y63: 0 | Z63: 0 | AA63: 0 | AB63: 0
A64: 3 | B64: =B48 -> 48994 | C64: =B63*G33 -> 59006.08 | D64: =C63*G33 -> 78459.808 | E64: =D63*G33 -> 50346.632 | F64: 0 | G64: 0 | H64: 0 | I64: 0 | J64: 0 | K64: 0 | L64: 0 | M64: 0 | N64: 0 | O64: 0 | P64: 0 | Q64: 0 | R64: 0 | S64: 0 | T64: 0 | U64: 0 | V64: 0 | W64: 0 | X64: 0 | Y64: 0 | Z64: 0 | AA64: 0 | AB64: 0
A65: 4 | B65: =B47 -> 38745 | C65: =B64*G34 -> 52913.52 | D65: =C64*G34 -> 63726.566 | E65: =D64*G34 -> 84736.593 | F65: =E64*G34 -> 54374.363 | G65: 0 | H65: 0 | I65: 0 | J65: 0 | K65: 0 | L65: 0 | M65: 0 | N65: 0 | O65: 0 | P65: 0 | Q65: 0 | R65: 0 | S65: 0 | T65: 0 | U65: 0 | V65: 0 | W65: 0 | X65: 0 | Y65: 0 | Z65: 0 | AA65: 0 | AB65: 0
A66: 5 | B66: =B46 -> 28811 | C66: =B65*G35 -> 40682.25 | D66: =C65*G35 -> 55559.196 | E66: =D65*G35 -> 66912.895 | F66: =E65*G35 -> 88973.422 | G66: =F65*G35 -> 57093.081 | H66: 0 | I66: 0 | J66: 0 | K66: 0 | L66: 0 | M66: 0 | N66: 0 | O66: 0 | P66: 0 | Q66: 0 | R66: 0 | S66: 0 | T66: 0 | U66: 0 | V66: 0 | W66: 0 | X66: 0 | Y66: 0 | Z66: 0 | AA66: 0 | AB66: 0
A67: 6 | B67: =B45 -> 22532 | C67: =B66*G36 -> 31692.1 | D67: =C66*G36 -> 44750.475 | E67: =D66*G36 -> 61115.116 | F67: =E66*G36 -> 73604.184 | G67: =F66*G36 -> 97870.764 | H67: =G66*G36 -> 62802.389 | I67: 0 | J67: 0 | K67: 0 | L67: 0 | M67: 0 | N67: 0 | O67: 0 | P67: 0 | Q67: 0 | R67: 0 | S67: 0 | T67: 0 | U67: 0 | V67: 0 | W67: 0 | X67: 0 | Y67: 0 | Z67: 0 | AA67: 0 | AB67: 0
A68: 7 | B68: =B44 -> 20390 | C68: =B67*G37 -> 22532 | D68: =C67*G37 -> 31692.1 | E68: =D67*G37 -> 44750.475 | F68: =E67*G37 -> 61115.116 | G68: =F67*G37 -> 73604.184 | H68: =G67*G37 -> 97870.764 | I68: =H67*G37 -> 62802.389 | J68: 0 | K68: 0 | L68: 0 | M68: 0 | N68: 0 | O68: 0 | P68: 0 | Q68: 0 | R68: 0 | S68: 0 | T68: 0 | U68: 0 | V68: 0 | W68: 0 | X68: 0 | Y68: 0 | Z68: 0 | AA68: 0 | AB68: 0
A69: 8 | B69: =B43 -> 26759 | C69: =B68*G38 -> 21001.7 | D69: =C68*G38 -> 23207.96 | E69: =D68*G38 -> 32642.863 | F69: =E68*G38 -> 46092.989 | G69: =F68*G38 -> 62948.569 | H69: =G68*G38 -> 75812.31 | I69: =H68*G38 -> 100806.89 | J69: =I68*G38 -> 64686.46 | K69: 0 | L69: 0 | M69: 0 | N69: 0 | O69: 0 | P69: 0 | Q69: 0 | R69: 0 | S69: 0 | T69: 0 | U69: 0 | V69: 0 | W69: 0 | X69: 0 | Y69: 0 | Z69: 0 | AA69: 0 | AB69: 0
A70: 9 | B70: =B42 -> 30985 | C70: =B69*G39 -> 29434.9 | D70: =C69*G39 -> 23101.87 | E70: =D69*G39 -> 25528.756 | F70: =E69*G39 -> 35907.149 | G70: =F69*G39 -> 50702.288 | H70: =G69*G39 -> 69243.426 | I70: =H69*G39 -> 83393.541 | J70: =I69*G39 -> 110887.58 | K70: =J69*G39 -> 71155.106 | L70: 0 | M70: 0 | N70: 0 | O70: 0 | P70: 0 | Q70: 0 | R70: 0 | S70: 0 | T70: 0 | U70: 0 | V70: 0 | W70: 0 | X70: 0 | Y70: 0 | Z70: 0 | AA70: 0 | AB70: 0
A71: 10 | B71: =B41 -> 24459 | C71: =B70*G40 -> 38731.25 | D71: =C70*G40 -> 36793.625 | E71: =D70*G40 -> 28877.338 | F71: =E70*G40 -> 31910.945 | G71: =F70*G40 -> 44883.937 | H71: =G70*G40 -> 63377.86 | I71: =H70*G40 -> 86554.282 | J71: =I70*G40 -> 104241.93 | K71: =J70*G40 -> 138609.47 | L71: =K70*G40 -> 88943.883 | M71: 0 | N71: 0 | O71: 0 | P71: 0 | Q71: 0 | R71: 0 | S71: 0 | T71: 0 | U71: 0 | V71: 0 | W71: 0 | X71: 0 | Y71: 0 | Z71: 0 | AA71: 0 | AB71: 0
A72: 11 | B72: =B40 -> 85461 | C72: =B71*G41 -> 28127.85 | D72: =C71*G41 -> 44540.938 | E72: =D71*G41 -> 42312.669 | F72: =E71*G41 -> 33208.938 | G72: =F71*G41 -> 36697.587 | H72: =G71*G41 -> 51616.527 | I72: =H71*G41 -> 72884.539 | J72: =I71*G41 -> 99537.425 | K72: =J71*G41 -> 119878.21 | L72: =K71*G41 -> 159400.89 | M72: =L71*G41 -> 102285.47 | N72: 0 | O72: 0 | P72: 0 | Q72: 0 | R72: 0 | S72: 0 | T72: 0 | U72: 0 | V72: 0 | W72: 0 | X72: 0 | Y72: 0 | Z72: 0 | AA72: 0 | AB72: 0
A73: 12 | B73: =B39 -> 104302 | C73: =B72*G42 -> 87170.22 | D73: =C72*G42 -> 28690.407 | E73: =D72*G42 -> 45431.756 | F73: =E72*G42 -> 43158.922 | G73: =F72*G42 -> 33873.117 | H73: =G72*G42 -> 37431.538 | I73: =H72*G42 -> 52648.858 | J73: =I72*G42 -> 74342.23 | K73: =J72*G42 -> 101528.17 | L73: =K72*G42 -> 122275.78 | M73: =L72*G42 -> 162588.91 | N73: =M72*G42 -> 104331.17 | O73: 0 | P73: 0 | Q73: 0 | R73: 0 | S73: 0 | T73: 0 | U73: 0 | V73: 0 | W73: 0 | X73: 0 | Y73: 0 | Z73: 0 | AA73: 0 | AB73: 0
A74: 13 | B74: =B38 -> 88966 | C74: =B73*G43 -> 91785.76 | D74: =C73*G43 -> 76709.794 | E74: =D73*G43 -> 25247.558 | F74: =E73*G43 -> 39979.946 | G74: =F73*G43 -> 37979.851 | H74: =G73*G43 -> 29808.343 | I74: =H73*G43 -> 32939.754 | J74: =I73*G43 -> 46330.995 | K74: =J73*G43 -> 65421.162 | L74: =K73*G43 -> 89344.793 | M74: =L73*G43 -> 107602.69 | N74: =M73*G43 -> 143078.24 | O74: =N73*G43 -> 91811.434 | P74: 0 | Q74: 0 | R74: 0 | S74: 0 | T74: 0 | U74: 0 | V74: 0 | W74: 0 | X74: 0 | Y74: 0 | Z74: 0 | AA74: 0 | AB74: 0
A75: 14 | B75: =B37 -> 70808 | C75: =B74*G44 -> 74731.44 | D75: =C74*G44 -> 77100.038 | E75: =D74*G44 -> 64436.227 | F75: =E74*G44 -> 21207.949 | G75: =F74*G44 -> 33583.154 | H75: =G74*G44 -> 31903.075 | I75: =H74*G44 -> 25039.008 | J75: =I74*G44 -> 27669.393 | K75: =J74*G44 -> 38918.036 | L75: =K74*G44 -> 54953.776 | M75: =L74*G44 -> 75049.626 | N75: =M74*G44 -> 90386.256 | O75: =N74*G44 -> 120185.72 | P75: =O74*G44 -> 77121.604 | Q75: 0 | R75: 0 | S75: 0 | T75: 0 | U75: 0 | V75: 0 | W75: 0 | X75: 0 | Y75: 0 | Z75: 0 | AA75: 0 | AB75: 0
A76: 15 | B76: =B36 -> 50154 | C76: =B75*G45 -> 50273.68 | D76: =C75*G45 -> 53059.322 | E76: =D75*G45 -> 54741.027 | F76: =E75*G45 -> 45749.721 | G76: =F75*G45 -> 15057.644 | H76: =G75*G45 -> 23844.039 | I76: =H75*G45 -> 22651.183 | J76: =I75*G45 -> 17777.696 | K76: =J75*G45 -> 19645.269 | L76: =K75*G45 -> 27631.805 | M76: =L75*G45 -> 39017.181 | N76: =M75*G45 -> 53285.234 | O76: =N75*G45 -> 64174.242 | P76: =O75*G45 -> 85331.862 | Q76: =P75*G45 -> 54756.339 | R76: 0 | S76: 0 | T76: 0 | U76: 0 | V76: 0 | W76: 0 | X76: 0 | Y76: 0 | Z76: 0 | AA76: 0 | AB76: 0
A77: 16 | B77: =B35 -> 32971 | C77: =B76*G46 -> 34104.72 | D77: =C76*G46 -> 34186.102 | E77: =D76*G46 -> 36080.339 | F77: =E76*G46 -> 37223.899 | G77: =F76*G46 -> 31109.81 | H77: =G76*G46 -> 10239.198 | I77: =H76*G46 -> 16213.947 | J77: =I76*G46 -> 15402.805 | K77: =J76*G46 -> 12088.833 | L77: =K76*G46 -> 13358.783 | M77: =L76*G46 -> 18789.628 | N77: =M76*G46 -> 26531.683 | O77: =N76*G46 -> 36233.959 | P77: =O76*G46 -> 43638.484 | Q77: =P76*G46 -> 58025.666 | R77: =Q76*G46 -> 37234.311 | S77: 0 | T77: 0 | U77: 0 | V77: 0 | W77: 0 | X77: 0 | Y77: 0 | Z77: 0 | AA77: 0 | AB77: 0
A78: 17 | B78: =B34 -> 22551 | C78: =B77*G47 -> 18134.05 | D78: =C77*G47 -> 18757.596 | E78: =D77*G47 -> 18802.356 | F78: =E77*G47 -> 19844.187 | G78: =F77*G47 -> 20473.144 | H78: =G77*G47 -> 17110.396 | I78: =H77*G47 -> 5631.5587 | J78: =I77*G47 -> 8917.6708 | K78: =J77*G47 -> 8471.5426 | L78: =K77*G47 -> 6648.8582 | M78: =L77*G47 -> 7347.3307 | N78: =M77*G47 -> 10334.295 | O78: =N77*G47 -> 14592.426 | P78: =O77*G47 -> 19928.678 | Q78: =P77*G47 -> 24001.166 | R78: =Q77*G47 -> 31914.116 | S78: =R77*G47 -> 20478.871 | T78: 0 | U78: 0 | V78: 0 | W78: 0 | X78: 0 | Y78: 0 | Z78: 0 | AA78: 0 | AB78: 0
A79: 18 | B79: =B33 -> 15829 | C79: =B78*G48 -> 7216.32 | D79: =C78*G48 -> 5802.896 | E79: =D78*G48 -> 6002.4307 | F79: =E78*G48 -> 6016.754 | G79: =F78*G48 -> 6350.1397 | H79: =G78*G48 -> 6551.4061 | I79: =H78*G48 -> 5475.3266 | J79: =I78*G48 -> 1802.0988 | K79: =J78*G48 -> 2853.6546 | L79: =K78*G48 -> 2710.8936 | M79: =L78*G48 -> 2127.6346 | N79: =M78*G48 -> 2351.1458 | O79: =N78*G48 -> 3306.9745 | P79: =O78*G48 -> 4669.5763 | Q79: =P78*G48 -> 6377.1768 | R79: =Q78*G48 -> 7680.3732 | S79: =R78*G48 -> 10212.517 | T79: =S78*G48 -> 6553.2387 | U79: 0 | V79: 0 | W79: 0 | X79: 0 | Y79: 0 | Z79: 0 | AA79: 0 | AB79: 0
A80: 19 | B80: =B32 -> 16571 | C80: =B79*G49 -> 3048.4852 | D80: =C79*G49 -> 1389.7811 | E80: =D79*G49 -> 1117.5717 | F80: =E79*G49 -> 1155.9998 | G80: =F79*G49 -> 1158.7583 | H80: =G79*G49 -> 1222.9646 | I80: =H79*G49 -> 1261.7262 | J80: =I79*G49 -> 1054.4856 | K80: =J79*G49 -> 347.06371 | L80: =K79*G49 -> 549.58139 | M80: =L79*G49 -> 522.08725 | N80: =M79*G49 -> 409.7582 | O80: =N79*G49 -> 452.80391 | P80: =O79*G49 -> 636.88563 | Q80: =P79*G49 -> 899.30722 | R80: =Q79*G49 -> 1228.1716 | S80: =R79*G49 -> 1479.1524 | T80: =S79*G49 -> 1966.8145 | U80: =T79*G49 -> 1262.0792 | V80: 0 | W80: 0 | X80: 0 | Y80: 0 | Z80: 0 | AA80: 0 | AB80: 0
A81: 20 | B81: =B31/6 -> 3114 | C81: =B80*G50 -> 2735.4736 | D81: =C80*G50 -> 503.2316 | E81: =D80*G50 -> 229.41944 | F81: =E80*G50 -> 184.48421 | G81: =F80*G50 -> 190.82777 | H81: =G80*G50 -> 191.28314 | I81: =H80*G50 -> 201.88205 | J81: =I80*G50 -> 208.28066 | K81: =J80*G50 -> 174.07021 | L81: =K80*G50 -> 57.291873 | M81: =L80*G50 -> 90.722673 | N81: =M80*G50 -> 86.184051 | O81: =N80*G50 -> 67.641226 | P81: =O80*G50 -> 74.747038 | Q81: =P80*G50 -> 105.1345 | R81: =Q80*G50 -> 148.454 | S81: =R80*G50 -> 202.74161 | T81: =S80*G50 -> 244.1725 | U81: =T80*G50 -> 324.67379 | V81: =U80*G50 -> 208.33892 | W81: 0 | X81: 0 | Y81: 0 | Z81: 0 | AA81: 0 | AB81: 0
A82: 21 | B82: =B81 -> 3114 | C82: =B81*G51 -> 428.3721 | D82: =C81*G51 -> 376.30077 | E82: =D81*G51 -> 69.226197 | F82: =E81*G51 -> 31.559694 | G82: =F81*G51 -> 25.378257 | H82: =G81*G51 -> 26.250897 | I82: =H81*G51 -> 26.313539 | J82: =I81*G51 -> 27.77156 | K82: =J81*G51 -> 28.651774 | L82: =K81*G51 -> 23.945672 | M82: =L81*G51 -> 7.8812589 | N82: =M81*G51 -> 12.48011 | O82: =N81*G51 -> 11.855762 | P82: =O81*G51 -> 9.30495 | Q82: =P81*G51 -> 10.282449 | R82: =Q81*G51 -> 14.462649 | S82: =R81*G51 -> 20.421821 | T82: =S81*G51 -> 27.889804 | U82: =T81*G51 -> 33.589174 | V82: =U81*G51 -> 44.663196 | W82: =V81*G51 -> 28.659789 | X82: 0 | Y82: 0 | Z82: 0 | AA82: 0 | AB82: 0
A83: 22 | B83: =B82 -> 3114 | C83: =B82*G52 -> 342.69768 | D83: =C82*G52 -> 47.142623 | E83: =D82*G52 -> 41.412139 | F83: =E82*G52 -> 7.6183871 | G83: =F82*G52 -> 3.4731644 | H83: =G82*G52 -> 2.7928933 | I83: =H82*G52 -> 2.888928 | J83: =I82*G52 -> 2.8958217 | K83: =J82*G52 -> 3.0562779 | L83: =K82*G52 -> 3.153146 | M83: =L82*G52 -> 2.6352364 | N83: =M82*G52 -> 0.86733756 | O83: =N82*G52 -> 1.373444 | P83: =O82*G52 -> 1.3047342 | Q83: =P82*G52 -> 1.0240157 | R83: =Q82*G52 -> 1.1315901 | S83: =R82*G52 -> 1.5916237 | T83: =S82*G52 -> 2.2474344 | U83: =T82*G52 -> 3.0692906 | V83: =U82*G52 -> 3.69651 | W83: =V82*G52 -> 4.9152132 | X83: =W82*G52 -> 3.154028 | Y83: 0 | Z83: 0 | AA83: 0 | AB83: 0
A84: 23 | B84: =B83 -> 3114 | C84: =B83*G53 -> 257.02326 | D84: =C83*G53 -> 28.285574 | E84: =D83*G53 -> 3.8910567 | F84: =E83*G53 -> 3.4180742 | G84: =F83*G53 -> 0.62880626 | H84: =G83*G53 -> 0.28666796 | I84: =H83*G53 -> 0.23051976 | J84: =I83*G53 -> 0.23844627 | K84: =J83*G53 -> 0.23901526 | L84: =K83*G53 -> 0.25225899 | M84: =L83*G53 -> 0.26025429 | N84: =M83*G53 -> 0.21750708 | O84: =N83*G53 -> 0.071588288 | P84: =O83*G53 -> 0.11336129 | Q84: =P83*G53 -> 0.10769012 | R84: =Q83*G53 -> 0.084520183 | S84: =R83*G53 -> 0.093399154 | T84: =S83*G53 -> 0.1313694 | U84: =T83*G53 -> 0.18549869 | V84: =U83*G53 -> 0.25333304 | W84: =V83*G53 -> 0.30510246 | X84: =W83*G53 -> 0.40569175 | Y84: =X83*G53 -> 0.26032709 | Z84: 0 | AA84: 0 | AB84: 0
A85: 24 | B85: =B84 -> 3114 | C85: =B84*G54 -> 171.34884 | D85: =C84*G54 -> 14.142787 | E85: =D84*G54 -> 1.5564227 | F85: =E84*G54 -> 0.21410663 | G85: =F84*G54 -> 0.18808062 | H85: =G84*G54 -> 0.034600265 | I85: =H84*G54 -> 0.015773996 | J85: =I84*G54 -> 0.012684423 | K85: =J84*G54 -> 0.013120582 | L85: =K84*G54 -> 0.013151891 | M85: =L84*G54 -> 0.013880631 | N85: =M84*G54 -> 0.014320575 | O85: =N84*G54 -> 0.011968397 | P85: =O84*G54 -> 0.0039391683 | Q85: =P84*G54 -> 0.0062377412 | R85: =Q84*G54 -> 0.0059256831 | S85: =R84*G54 -> 0.0046507499 | T85: =S84*G54 -> 0.0051393182 | U85: =T84*G54 -> 0.0072286431 | V85: =U84*G54 -> 0.010207125 | W85: =V84*G54 -> 0.013939731 | X85: =W84*G54 -> 0.01678836 | Y85: =X84*G54 -> 0.022323318 | Z85: =Y84*G54 -> 0.014324581 | AA85: 0 | AB85: 0
A86: 25 | B86: =B85 -> 3114 | C86: =B85*G55 -> 85.674421 | D86: =C85*G55 -> 4.7142623 | E86: =D85*G55 -> 0.38910567 | F86: =E85*G55 -> 0.042821327 | G86: =F85*G55 -> 0.0058906428 | H86: =G85*G55 -> 0.005174598 | I86: =H85*G55 -> 0.00095194529 | J86: =I85*G55 -> 0.00043398457 | K86: =J85*G55 -> 0.00034898222 | L86: =K85*G55 -> 0.0003609821 | M86: =L85*G55 -> 0.00036184349 | N86: =M85*G55 -> 0.00038189308 | O86: =N85*G55 -> 0.00039399711 | P86: =O85*G55 -> 0.00032928242 | Q86: =P85*G55 -> 0.000108377 | R86: =Q85*G55 -> 0.00017161685 | S86: =R85*G55 -> 0.0001630313 | T86: =S85*G55 -> 0.0001279545 | U86: =T85*G55 -> 0.00014139631 | V86: =U85*G55 -> 0.00019887919 | W86: =V85*G55 -> 0.00028082514 | X86: =W85*G55 -> 0.00038351907 | Y86: =X85*G55 -> 0.00046189242 | Z86: =Y85*G55 -> 0.00061417384 | AA86: =Z85*G55 -> 0.00039410731 | AB86: 0
A87: Total | B87: =SUM(B61:B86) -> 900661 | C87: =SUM(C61:C86) -> 803749.32 | D87: =SUM(D61:D86) -> 743454.64 | E87: =SUM(E61:E86) -> 689428.5 | F87: =SUM(F61:F86) -> 639751.82 | G87: =SUM(G61:G86) -> 603606.53 | H87: =SUM(H61:H86) -> 579054.89 | I87: =SUM(I61:I86) -> 568534.33 | ... AB87: =SUM(AB61:AB86) -> 0
A88: Remaining compared to the base year | C88: =1-($B87-C87)/$B87 -> 0.89239938 | D88: =1-($B87-D87)/$B87 -> 0.82545446 | E88: =1-($B87-E87)/$B87 -> 0.76546947 | F88: =1-($B87-F87)/$B87 -> 0.71031367 | G88: =1-($B87-G87)/$B87 -> 0.67018171 | H88: =1-($B87-H87)/$B87 -> 0.64292213 | I88: =1-($B87-I87)/$B87 -> 0.6312412 | J88: =1-($B87-J87)/$B87 -> 0.63607724 | ... AA88: =1-($B87-AA87)/$B87 -> 4.3757564e-10
A92: Carlow
B94: 2019 | F94: Survival Rates for Heavy Medium Diesel
A95: Total | B95: =SUM(C3:C23) -> 10130 | F95: Vintage | G95: Sur Rates
A96: 1999 or before | B96: =C3 -> 258 | F96: 0 | G96: =G31 -> 1
A97: 2000 | B97: =C4 -> 226 | F97: 1 | G97: =G32 -> 1.15
A98: 2001 | B98: =C5 -> 229 | F98: 2 | G98: =G33 -> 1.12
A99: 2002 | B99: =C6 -> 344 | F99: 3 | G99: =G34 -> 1.08
A100: 2003 | B100: =C7 -> 471 | F100: 4 | G100: =G35 -> 1.05
A101: 2004 | B101: =C8 -> 630 | F101: 5 | G101: =G36 -> 1.1
A102: 2005 | B102: =C9 -> 929 | F102: 6 | G102: =G37 -> 1
A103: 2006 | B103: =C10 -> 1183 | F103: 7 | G103: =G38 -> 1.03
A104: 2007 | B104: =C11 -> 1243 | F104: 8 | G104: =G39 -> 1.1
A105: 2008 | B105: =C12 -> 1031 | F105: 9 | G105: =G40 -> 1.25
A106: 2009 | B106: =C13 -> 287 | F106: 10 | G106: =G41 -> 1.15
A107: 2010 | B107: =C14 -> 292 | F107: 11 | G107: =G42 -> 1.02
A108: 2011 | B108: =C15 -> 234 | F108: 12 | G108: =G43 -> 0.88
... A116: 2019 | B116: =C23 -> 389 | F116: 20 | G116: =G51 -> 0.1375633
F117: 21 | G117: =G52 -> 0.11005064
F118: 22 | G118: =G53 -> 0.082537977
F119: 23 | G119: =G54 -> 0.055025318
F120: 24 | G120: =G55 -> 0.027512659
F121: 25 | G121: =G56 -> 0
F122: Source: Irish_TIMES 2.0
A124: Private Diesel Cars (number)
A125: Vintage | B125: 2018 | C125: 2019 | D125: 2020 | E125: 2021 | F125: 2022 | G125: 2023 | H125: 2024 | I125: 2025 | J125: 2026 | K125: 2027 | L125: 2028 | M125: 2029 | N125: 2030 | O125: 2031 | P125: 2032 | Q125: 2033 | R125: 2034 | S125: 2035 | T125: 2036 | U125: 2037 | V125: 2038 | W125: 2039 | X125: 2040 | Y125: 2041 | Z125: 2042 | AA125: 2043 | AB125: 2044
A126: 0 | B126: =B116 -> 389 | C126: 0 | D126: 0 | E126: 0 | F126: 0 | G126: 0 | H126: 0 | I126: 0 | J126: 0 | K126: 0 | L126: 0 | M126: 0 | N126: 0 | O126: 0 | P126: 0 | Q126: 0 | R126: 0 | S126: 0 | T126: 0 | U126: 0 | V126: 0 | W126: 0 | X126: 0 | Y126: 0 | Z126: 0 | AA126: 0 | AB126: 0
A127: 1 | B127: =B115 -> 504 | C127: =B126*G96 -> 389 | D127: 0 | E127: 0 | F127: 0 | G127: 0 | H127: 0 | I127: 0 | J127: 0 | K127: 0 | L127: 0 | M127: 0 | N127: 0 | O127: 0 | P127: 0 | Q127: 0 | R127: 0 | S127: 0 | T127: 0 | U127: 0 | V127: 0 | W127: 0 | X127: 0 | Y127: 0 | Z127: 0 | AA127: 0 | AB127: 0
A128: 2 | B128: =B114 -> 394 | C128: =B127*G97 -> 579.6 | D128: =C127*G97 -> 447.35 | E128: 0 | F128: 0 | G128: 0 | H128: 0 | I128: 0 | J128: 0 | K128: 0 | L128: 0 | M128: 0 | N128: 0 | O128: 0 | P128: 0 | Q128: 0 | R128: 0 | S128: 0 | T128: 0 | U128: 0 | V128: 0 | W128: 0 | X128: 0 | Y128: 0 | Z128: 0 | AA128: 0 | AB128: 0
A129: 3 | B129: =B113 -> 428 | C129: =B128*G98 -> 441.28 | D129: =C128*G98 -> 649.152 | E129: =D128*G98 -> 501.032 | F129: 0 | G129: 0 | H129: 0 | I129: 0 | J129: 0 | K129: 0 | L129: 0 | M129: 0 | N129: 0 | O129: 0 | P129: 0 | Q129: 0 | R129: 0 | S129: 0 | T129: 0 | U129: 0 | V129: 0 | W129: 0 | X129: 0 | Y129: 0 | Z129: 0 | AA129: 0 | AB129: 0
A130: 4 | B130: =B112 -> 316 | C130: =B129*G99 -> 462.24 | D130: =C129*G99 -> 476.5824 | E130: =D129*G99 -> 701.08416 | F130: =E129*G99 -> 541.11456 | G130: 0 | H130: 0 | I130: 0 | J130: 0 | K130: 0 | L130: 0 | M130: 0 | N130: 0 | O130: 0 | P130: 0 | Q130: 0 | R130: 0 | S130: 0 | T130: 0 | U130: 0 | V130: 0 | W130: 0 | X130: 0 | Y130: 0 | Z130: 0 | AA130: 0 | AB130: 0
...

Sheet Motors
A1: Motorcycles (number)
A2: Year of Registration | B2: IE | C2: Carlow | D2: Dublin | E2: Kildare | F2: Kilkenny | G2: Laois | H2: Longford | I2: Louth | J2: Meath | K2: Offaly | L2: Westmeath | M2: Wexford | N2: Wicklow | O2: Clare | P2: Cork | Q2: Kerry | R2: Limerick | S2: Tipperary | T2: Waterford | U2: Galway | V2: Leitrim | W2: Mayo | X2: Roscommon | Y2: Sligo | Z2: Cavan | AA2: Donegal | AB2: Monaghan
A3: 1999 or before | B3: =SUM(C3:AB3) -> 2028 | C3: 34 | D3: 471 | E3: 103 | F3: 57 | G3: 29 | H3: 13 | I3: 39 | J3: 71 | K3: 45 | L3: 35 | M3: 91 | N3: 81 | O3: 49 | P3: 334 | Q3: 64 | R3: 85 | S3: 76 | T3: 91 | U3: 81 | V3: 9 | W3: 35 | X3: 20 | Y3: 42 | Z3: 27 | AA3: 33 | AB3: 13
A4: 2000 | B4: =SUM(C4:AB4) -> 1029 | C4: 23 | D4: 232 | E4: 52 | F4: 21 | G4: 14 | H4: 9 | I4: 16 | J4: 57 | K4: 20 | L4: 20 | M4: 40 | N4: 54 | O4: 24 | P4: 160 | Q4: 41 | R4: 45 | S4: 39 | T4: 55 | U4: 38 | V4: 8 | W4: 20 | X4: 4 | Y4: 6 | Z4: 13 | AA4: 13 | AB4: 5
A5: 2001 | B5: =SUM(C5:AB5) -> 1313 | C5: 26 | D5: 345 | E5: 81 | F5: 34 | G5: 16 | H5: 7 | I5: 32 | J5: 56 | K5: 19 | L5: 23 | M5: 58 | N5: 51 | O5: 37 | P5: 171 | Q5: 40 | R5: 52 | S5: 46 | T5: 50 | U5: 59 | V5: 7 | W5: 22 | X5: 13 | Y5: 18 | Z5: 16 | AA5: 23 | AB5: 11
A6: 2002 | B6: =SUM(C6:AB6) -> 1496 | C6: 28 | D6: 387 | E6: 82 | F6: 35 | G6: 14 | H6: 13 | I6: 25 | J6: 65 | K6: 39 | L6: 24 | M6: 70 | N6: 68 | O6: 39 | P6: 203 | Q6: 43 | R6: 62 | S6: 56 | T6: 67 | U6: 65 | V6: 4 | W6: 23 | X6: 10 | Y6: 24 | Z6: 19 | AA6: 22 | AB6: 9
A7: 2003 | B7: =SUM(C7:AB7) -> 1451 | C7: 29 | D7: 387 | E7: 87 | F7: 40 | G7: 19 | H7: 7 | I7: 32 | J7: 64 | K7: 19 | L7: 26 | M7: 77 | N7: 58 | O7: 41 | P7: 203 | Q7: 39 | R7: 59 | S7: 55 | T7: 56 | U7: 55 | V7: 6 | W7: 21 | X7: 10 | Y7: 12 | Z7: 16 | AA7: 22 | AB7: 11
A8: 2004 | B8: =SUM(C8:AB8) -> 1597 | C8: 22 | D8: 417 | E8: 106 | F8: 38 | G8: 20 | H8: 10 | I8: 38 | J8: 79 | K8: 27 | L8: 23 | M8: 70 | N8: 65 | O8: 38 | P8: 265 | Q8: 40 | R8: 54 | S8: 75 | T8: 53 | U8: 59 | V8: 6 | W8: 26 | X8: 6 | Y8: 13 | Z8: 10 | AA8: 25 | AB8: 12
A9: 2005 | B9: =SUM(C9:AB9) -> 1823 | C9: 31 | D9: 501 | E9: 112 | F9: 53 | G9: 18 | H9: 7 | I9: 33 | J9: 79 | K9: 44 | L9: 39 | M9: 74 | N9: 68 | O9: 47 | P9: 246 | Q9: 49 | R9: 83 | S9: 76 | T9: 64 | U9: 74 | V9: 3 | W9: 32 | X9: 15 | Y9: 16 | Z9: 22 | AA9: 30 | AB9: 7
A10: 2006 | B10: =SUM(C10:AB10) -> 2160 | C10: 36 | D10: 618 | E10: 102 | F10: 37 | G10: 27 | H10: 18 | I10: 46 | J10: 94 | K10: 42 | L10: 34 | M10: 88 | N10: 98 | O10: 48 | P10: 314 | Q10: 66 | R10: 89 | S10: 93 | T10: 78 | U10: 92 | V10: 10 | W10: 31 | X10: 12 | Y10: 24 | Z10: 20 | AA10: 31 | AB10: 12
A11: 2007 | B11: =SUM(C11:AB11) -> 2705 | C11: 45 | D11: 821 | E11: 142 | F11: 60 | G11: 37 | H11: 18 | I11: 66 | J11: 100 | K11: 49 | L11: 43 | M11: 110 | N11: 110 | O11: 63 | P11: 371 | Q11: 64 | R11: 82 | S11: 101 | T11: 108 | U11: 116 | V11: 4 | W11: 45 | X11: 27 | Y11: 23 | Z11: 35 | AA11: 44 | AB11: 21
A12: 2008 | B12: =SUM(C12:AB12) -> 2781 | C12: 41 | D12: 841 | E12: 142 | F12: 71 | G12: 42 | H12: 14 | I12: 51 | J12: 137 | K12: 57 | L12: 36 | M12: 103 | N12: 119 | O12: 65 | P12: 402 | Q12: 90 | R12: 109 | S12: 113 | T12: 92 | U12: 95 | V12: 11 | W12: 44 | X12: 11 | Y12: 24 | Z12: 20 | AA12: 41 | AB12: 10
A13: 2009 | B13: =SUM(C13:AB13) -> 2133 | C13: 34 | D13: 626 | E13: 121 | F13: 41 | G13: 36 | H13: 9 | I13: 37 | J13: 95 | K13: 31 | L13: 30 | M13: 78 | N13: 82 | O13: 59 | P13: 317 | Q13: 60 | R13: 75 | S13: 76 | T13: 50 | U13: 88 | V13: 10 | W13: 28 | X13: 15 | Y13: 22 | Z13: 28 | AA13: 61 | AB13: 24
A14: 2010 | B14: =SUM(C14:AB14) -> 1579 | C14: 25 | D14: 443 | E14: 71 | F14: 39 | G14: 27 | H14: 9 | I14: 28 | J14: 59 | K14: 25 | L14: 23 | M14: 76 | N14: 57 | O14: 37 | P14: 210 | Q14: 45 | R14: 71 | S14: 67 | T14: 47 | U14: 62 | V14: 10 | W14: 30 | X14: 19 | Y14: 29 | Z14: 16 | AA14: 38 | AB14: 16
A15: 2011 | B15: =SUM(C15:AB15) -> 1243 | C15: 12 | D15: 396 | E15: 76 | F15: 19 | G15: 16 | H15: 6 | I15: 26 | J15: 49 | K15: 22 | L15: 18 | M15: 33 | N15: 36 | O15: 22 | P15: 172 | Q15: 25 | R15: 46 | S15: 56 | T15: 37 | U15: 53 | V15: 8 | W15: 24 | X15: 9 | Y15: 13 | Z15: 20 | AA15: 30 | AB15: 19
... A23: 2019 | B23: =SUM(C23:AB23) -> 2568 | C23: 40 | D23: 941 | E23: 147 | F23: 44 | G23: 19 | H23: 19 | I23: 66 | J23: 127 | K23: 43 | L23: 29 | M23: 76 | N23: 99 | O23: 53 | P23: 302 | Q23: 64 | R23: 89 | S23: 68 | T23: 64 | U23: 83 | V23: 12 | W23: 34 | X23: 22 | Y23: 17 | Z23: 34 | AA23: 55 | AB23: 21
A24: Source: CSO, Table THA17
A27: =B2 -> IE
B29: 2019 | F29: Survival Rates for Heavy Medium Diesel
A30: Total | B30: =SUM(B31:B51) -> 41473 | F30: Vintage | G30: Sur Rates
A31: 1999 or before | B31: =B3 -> 2028 | F31: 0 | G31: 1
A32: 2000 | B32: =B4 -> 1029 | F32: 1 | G32: 1
A33: 2001 | B33: =B5 -> 1313 | F33: 2 | G33: 1
A34: 2002 | B34: =B6 -> 1496 | F34: 3 | G34: 1
A35: 2003 | B35: =B7 -> 1451 | F35: 4 | G35: 1
A36: 2004 | B36: =B8 -> 1597 | F36: 5 | G36: 1
A37: 2005 | B37: =B9 -> 1823 | F37: 6 | G37: 1
A38: 2006 | B38: =B10 -> 2160 | F38: 7 | G38: 1
A39: 2007 | B39: =B11 -> 2705 | F39: 8 | G39: 1
A40: 2008 | B40: =B12 -> 2781 | F40: 9 | G40: 0.98643404
A41: 2009 | B41: =B13 -> 2133 | F41: 10 | G41: 0.92357047
A42: 2010 | B42: =B14 -> 1579 | F42: 11 | G42: 0.83469918
A43: 2011 | B43: =B15 -> 1243 | F43: 12 | G43: 0.72545709
... A51: 2019 | B51: =B23 -> 2568 | F51: 20 | G51: 0.17356157
F52: 21 | G52: 0.13884926
F53: 22 | G53: 0.10413694
F54: 23 | G54: 0.069424629
F55: 24 | G55: 0.034712315
F56: 25 | G56: 0
F57: Source: Irish_TIMES 2.0
A59: Private Diesel Cars (number)
A60: Vintage | B60: 2018 | C60: 2019 | D60: 2020 | E60: 2021 | F60: 2022 | G60: 2023 | H60: 2024 | I60: 2025 | J60: 2026 | K60: 2027 | L60: 2028 | M60: 2029 | N60: 2030 | O60: 2031 | P60: 2032 | Q60: 2033 | R60: 2034 | S60: 2035 | T60: 2036 | U60: 2037 | V60: 2038 | W60: 2039 | X60: 2040 | Y60: 2041 | Z60: 2042 | AA60: 2043 | AB60: 2044
A61: 0 | B61: =B51 -> 2568 | C61: 0 | D61: 0 | E61: 0 | F61: 0 | G61: 0 | H61: 0 | I61: 0 | J61: 0 | K61: 0 | L61: 0 | M61: 0 | N61: 0 | O61: 0 | P61: 0 | Q61: 0 | R61: 0 | S61: 0 | T61: 0 | U61: 0 | V61: 0 | W61: 0 | X61: 0 | Y61: 0 | Z61: 0 | AA61: 0 | AB61: 0
A62: 1 | B62: =B50 -> 3995 | C62: =B61*G31 -> 2568 | D62: 0 | E62: 0 | F62: 0 | G62: 0 | H62: 0 | I62: 0 | J62: 0 | K62: 0 | L62: 0 | M62: 0 | N62: 0 | O62: 0 | P62: 0 | Q62: 0 | R62: 0 | S62: 0 | T62: 0 | U62: 0 | V62: 0 | W62: 0 | X62: 0 | Y62: 0 | Z62: 0 | AA62: 0 | AB62: 0
A63: 2 | B63: =B49 -> 3426 | C63: =B62*G32 -> 3995 | D63: =C62*G32 -> 2568 | E63: 0 | F63: 0 | G63: 0 | H63: 0 | I63: 0 | J63: 0 | K63: 0 | L63: 0 | M63: 0 | N63: 0 | O63: 0 | P63: 0 | Q63: 0 | R63: 0 | S63: 0 | T63: 0 | U63: 0 | V63: 0 | W63: 0 | X63: 0 | Y63: 0 | Z63: 0 | AA63: 0 | AB63: 0
A64: 3 | B64: =B48 -> 2671 | C64: =B63*G33 -> 3426 | D64: =C63*G33 -> 3995 | E64: =D63*G33 -> 2568 | F64: 0 | G64: 0 | H64: 0 | I64: 0 | J64: 0 | K64: 0 | L64: 0 | M64: 0 | N64: 0 | O64: 0 | P64: 0 | Q64: 0 | R64: 0 | S64: 0 | T64: 0 | U64: 0 | V64: 0 | W64: 0 | X64: 0 | Y64: 0 | Z64: 0 | AA64: 0 | AB64: 0
A65: 4 | B65: =B47 -> 1768 | C65: =B64*G34 -> 2671 | D65: =C64*G34 -> 3426 | E65: =D64*G34 -> 3995 | F65: =E64*G34 -> 2568 | G65: 0 | H65: 0 | I65: 0 | J65: 0 | K65: 0 | L65: 0 | M65: 0 | N65: 0 | O65: 0 | P65: 0 | Q65: 0 | R65: 0 | S65: 0 | T65: 0 | U65: 0 | V65: 0 | W65: 0 | X65: 0 | Y65: 0 | Z65: 0 | AA65: 0 | AB65: 0
A66: 5 | B66: =B46 -> 1508 | C66: =B65*G35 -> 1768 | D66: =C65*G35 -> 2671 | E66: =D65*G35 -> 3426 | F66: =E65*G35 -> 3995 | G66: =F65*G35 -> 2568 | H66: 0 | I66: 0 | J66: 0 | K66: 0 | L66: 0 | M66: 0 | N66: 0 | O66: 0 | P66: 0 | Q66: 0 | R66: 0 | S66: 0 | T66: 0 | U66: 0 | V66: 0 | W66: 0 | X66: 0 | Y66: 0 | Z66: 0 | AA66: 0 | AB66: 0
A67: 6 | B67: =B45 -> 1173 | C67: =B66*G36 -> 1508 | D67: =C66*G36 -> 1768 | E67: =D66*G36 -> 2671 | F67: =E66*G36 -> 3426 | G67: =F66*G36 -> 3995 | H67: =G66*G36 -> 2568 | I67: 0 | J67: 0 | K67: 0 | L67: 0 | M67: 0 | N67: 0 | O67: 0 | P67: 0 | Q67: 0 | R67: 0 | S67: 0 | T67: 0 | U67: 0 | V67: 0 | W67: 0 | X67: 0 | Y67: 0 | Z67: 0 | AA67: 0 | AB67: 0
A68: 7 | B68: =B44 -> 1026 | C68: =B67*G37 -> 1173 | D68: =C67*G37 -> 1508 | E68: =D67*G37 -> 1768 | F68: =E67*G37 -> 2671 | G68: =F67*G37 -> 3426 | H68: =G67*G37 -> 3995 | I68: =H67*G37 -> 2568 | J68: 0 | K68: 0 | L68: 0 | M68: 0 | N68: 0 | O68: 0 | P68: 0 | Q68: 0 | R68: 0 | S68: 0 | T68: 0 | U68: 0 | V68: 0 | W68: 0 | X68: 0 | Y68: 0 | Z68: 0 | AA68: 0 | AB68: 0
A69: 8 | B69: =B43 -> 1243 | C69: =B68*G38 -> 1026 | D69: =C68*G38 -> 1173 | E69: =D68*G38 -> 1508 | F69: =E68*G38 -> 1768 | G69: =F68*G38 -> 2671 | H69: =G68*G38 -> 3426 | I69: =H68*G38 -> 3995 | J69: =I68*G38 -> 2568 | K69: 0 | L69: 0 | M69: 0 | N69: 0 | O69: 0 | P69: 0 | Q69: 0 | R69: 0 | S69: 0 | T69: 0 | U69: 0 | V69: 0 | W69: 0 | X69: 0 | Y69: 0 | Z69: 0 | AA69: 0 | AB69: 0
A70: 9 | B70: =B42 -> 1579 | C70: =B69*G39 -> 1243 | D70: =C69*G39 -> 1026 | E70: =D69*G39 -> 1173 | F70: =E69*G39 -> 1508 | G70: =F69*G39 -> 1768 | H70: =G69*G39 -> 2671 | I70: =H69*G39 -> 3426 | J70: =I69*G39 -> 3995 | K70: =J69*G39 -> 2568 | L70: 0 | M70: 0 | N70: 0 | O70: 0 | P70: 0 | Q70: 0 | R70: 0 | S70: 0 | T70: 0 | U70: 0 | V70: 0 | W70: 0 | X70: 0 | Y70: 0 | Z70: 0 | AA70: 0 | AB70: 0
A71: 10 | B71: =B41 -> 2133 | C71: =B70*G40 -> 1557.5794 | D71: =C70*G40 -> 1226.1375 | E71: =D70*G40 -> 1012.0813 | F71: =E70*G40 -> 1157.0871 | G71: =F70*G40 -> 1487.5425 | H71: =G70*G40 -> 1744.0154 | I71: =H70*G40 -> 2634.7653 | J71: =I70*G40 -> 3379.523 | K71: =J70*G40 -> 3940.804 | L71: =K70*G40 -> 2533.1626 | M71: 0 | N71: 0 | O71: 0 | P71: 0 | Q71: 0 | R71: 0 | S71: 0 | T71: 0 | U71: 0 | V71: 0 | W71: 0 | X71: 0 | Y71: 0 | Z71: 0 | AA71: 0 | AB71: 0
A72: 11 | B72: =B40 -> 2781 | C72: =B71*G41 -> 1969.9758 | D72: =C71*G41 -> 1438.5343 | E72: =D71*G41 -> 1132.4244 | F72: =E71*G41 -> 934.72843 | G72: =F71*G41 -> 1068.6515 | H72: =G71*G41 -> 1373.8504 | I72: =H71*G41 -> 1610.7211 | J72: =I71*G41 -> 2433.3914 | K72: =J71*G41 -> 3121.2277 | L72: =K71*G41 -> 3639.6102 | M72: =L71*G41 -> 2339.5542 | N72: 0 | O72: 0 | P72: 0 | Q72: 0 | R72: 0 | S72: 0 | T72: 0 | U72: 0 | V72: 0 | W72: 0 | X72: 0 | Y72: 0 | Z72: 0 | AA72: 0 | AB72: 0
A73: 12 | B73: =B39 -> 2705 | C73: =B72*G42 -> 2321.2984 | D73: =C72*G42 -> 1644.3372 | E73: =D72*G42 -> 1200.7434 | F73: =E72*G42 -> 945.23372 | G73: =F72*G42 -> 780.21705 | H73: =G72*G42 -> 892.00254 | I73: =H72*G42 -> 1146.7518 | J73: =I72*G42 -> 1344.4676 | K73: =J72*G42 -> 2031.1499 | L73: =K72*G42 -> 2605.2862 | M73: =L72*G42 -> 3037.9797 | N73: =M72*G42 -> 1952.824 | O73: 0 | P73: 0 | Q73: 0 | R73: 0 | S73: 0 | T73: 0 | U73: 0 | V73: 0 | W73: 0 | X73: 0 | Y73: 0 | Z73: 0 | AA73: 0 | AB73: 0
A74: 13 | B74: =B38 -> 2160 | C74: =B73*G43 -> 1962.3614 | D74: =C73*G43 -> 1684.0024 | E74: =D73*G43 -> 1192.8961 | F74: =E73*G43 -> 871.08782 | G74: =F73*G43 -> 685.72651 | H74: =G73*G43 -> 566.014 | I74: =H73*G43 -> 647.10957 | J74: =I73*G43 -> 831.91921 | K74: =J73*G43 -> 975.35355 | L74: =K73*G43 -> 1473.5121 | M74: =L73*G43 -> 1890.0233 | N74: =M73*G43 -> 2203.9239 | O74: =N73*G43 -> 1416.69 | P74: 0 | Q74: 0 | R74: 0 | S74: 0 | T74: 0 | U74: 0 | V74: 0 | W74: 0 | X74: 0 | Y74: 0 | Z74: 0 | AA74: 0 | AB74: 0
A75: 14 | B75: =B37 -> 1823 | C75: =B74*G44 -> 1311.3746 | D75: =C74*G44 -> 1191.3847 | E75: =D74*G44 -> 1022.388 | F75: =E74*G44 -> 724.22853 | G75: =F74*G44 -> 528.85298 | H75: =G74*G44 -> 416.31682 | I75: =H74*G44 -> 343.63721 | J75: =I74*G44 -> 392.87178 | K75: =J74*G44 -> 505.07301 | L75: =K74*G44 -> 592.15457 | M75: =L74*G44 -> 894.59551 | N75: =M74*G44 -> 1147.4669 | O75: =N74*G44 -> 1338.0416 | P75: =O74*G44 -> 860.09781 | Q75: 0 | R75: 0 | S75: 0 | T75: 0 | U75: 0 | V75: 0 | W75: 0 | X75: 0 | Y75: 0 | Z75: 0 | AA75: 0 | AB75: 0
A76: 15 | B76: =B36 -> 1597 | C76: =B75*G45 -> 874.23176 | D76: =C75*G45 -> 628.8784 | E76: =D75*G45 -> 571.33644 | F76: =E75*G45 -> 490.29293 | G76: =F75*G45 -> 347.3086 | H76: =G75*G45 -> 253.61496 | I76: =H75*G45 -> 199.64749 | J76: =I75*G45 -> 164.79351 | K76: =J75*G45 -> 188.40427 | L76: =K75*G45 -> 242.21112 | M76: =L75*G45 -> 283.97166 | N76: =M75*G45 -> 429.00922 | O76: =N75*G45 -> 550.27539 | P76: =O75*G45 -> 641.66673 | Q76: =P75*G45 -> 412.46562 | R76: 0 | S76: 0 | T76: 0 | U76: 0 | V76: 0 | W76: 0 | X76: 0 | Y76: 0 | Z76: 0 | AA76: 0 | AB76: 0
A77: 16 | B77: =B35 -> 1451 | C77: =B76*G46 -> 554.35567 | D77: =C76*G46 -> 303.46608 | E77: =D76*G46 -> 218.29825 | F77: =E76*G46 -> 198.3241 | G77: =F76*G46 -> 170.19203 | H77: =G76*G46 -> 120.55885 | I77: =H76*G46 -> 88.035623 | J77: =I76*G46 -> 69.302267 | K77: =J76*G46 -> 57.203641 | L77: =K76*G46 -> 65.399484 | M77: =L76*G46 -> 84.077086 | N77: =M76*G46 -> 98.573135 | O77: =N76*G46 -> 148.91903 | P77: =O76*G46 -> 191.01333 | Q77: =P76*G46 -> 222.73737 | R77: =Q76*G46 -> 143.17636 | S77: 0 | T77: 0 | U77: 0 | V77: 0 | W77: 0 | X77: 0 | Y77: 0 | Z77: 0 | AA77: 0 | AB77: 0
A78: 17 | B78: =B34 -> 1496 | C78: =B77*G47 -> 453.30812 | D78: =C77*G47 -> 173.18672 | E78: =D77*G47 -> 94.806091 | F78: =E77*G47 -> 68.198738 | G78: =F77*G47 -> 61.958598 | H78: =G77*G47 -> 53.169833 | I78: =H77*G47 -> 37.663892 | J78: =I77*G47 -> 27.503282 | K78: =J77*G47 -> 21.650779 | L78: =K77*G47 -> 17.871037 | M78: =L77*G47 -> 20.431507 | N78: =M77*G47 -> 26.266592 | O78: =N77*G47 -> 30.795315 | P78: =O77*G47 -> 46.523918 | Q78: =P77*G47 -> 59.674632 | R78: =Q77*G47 -> 69.585568 | S78: =R77*G47 -> 44.729847 | T78: 0 | U78: 0 | V78: 0 | W78: 0 | X78: 0 | Y78: 0 | Z78: 0 | AA78: 0 | AB78: 0
A79: 18 | B79: =B33 -> 1313 | C79: =B78*G48 -> 415.43698 | D79: =C78*G48 -> 125.88299 | E79: =D78*G48 -> 48.093694 | F79: =E78*G48 -> 26.327511 | G79: =F78*G48 -> 18.938688 | H79: =G78*G48 -> 17.205811 | I79: =H78*G48 -> 14.765184 | J79: =I78*G48 -> 10.459207 | K79: =J78*G48 -> 7.6376207 | L79: =K78*G48 -> 6.0123892 | M79: =L78*G48 -> 4.9627605 | N79: =M78*G48 -> 5.6737993 | O79: =N78*G48 -> 7.2941938 | P79: =O78*G48 -> 8.5518134 | Q79: =P78*G48 -> 12.919623 | R79: =Q78*G48 -> 16.571557 | S79: =R78*G48 -> 19.323809 | T79: =S78*G48 -> 12.421412 | U79: 0 | V79: 0 | W79: 0 | X79: 0 | Y79: 0 | Z79: 0 | AA79: 0 | AB79: 0
A80: 19 | B80: =B32 -> 1029 | C80: =B79*G49 -> 319.04088 | D80: =C79*G49 -> 100.94545 | E80: =D79*G49 -> 30.58783 | F80: =E79*G49 -> 11.686104 | G80: =F79*G49 -> 6.3972219 | H80: =G79*G49 -> 4.60184 | I80: =H79*G49 -> 4.1807747 | J80: =I79*G49 -> 3.5877359 | K80: =J79*G49 -> 2.541443 | L80: =K79*G49 -> 1.8558364 | M80: =L79*G49 -> 1.4609276 | N80: =M79*G49 -> 1.2058823 | O80: =N79*G49 -> 1.3786549 | P80: =O79*G49 -> 1.7723885 | Q80: =P79*G49 -> 2.0779727 | R80: =Q79*G49 -> 3.1392902 | S80: =R79*G49 -> 4.0266597 | T80: =S79*G49 -> 4.695419 | U80: =T79*G49 -> 3.0182318 | V80: 0 | W80: 0 | X80: 0 | Y80: 0 | Z80: 0 | AA80: 0 | AB80: 0
A81: 20 | B81: =B31/6 -> 338 | C81: =B80*G50 -> 214.31383 | D81: =C80*G50 -> 66.447886 | E81: =D80*G50 -> 21.024302 | F81: =E80*G50 -> 6.3706464 | G81: =F80*G50 -> 2.4339103 | H81: =G80*G50 -> 1.3323743 | I81: =H80*G50 -> 0.9584431 | J81: =I80*G50 -> 0.8707462 | K81: =J80*G50 -> 0.74723171 | L81: =K80*G50 -> 0.52931621 | M81: =L80*G50 -> 0.38652227 | N81: =M80*G50 -> 0.30427308 | O81: =N80*G50 -> 0.2511538 | P81: =O80*G50 -> 0.28713783 | Q81: =P80*G50 -> 0.36914223 | R81: =Q80*G50 -> 0.43278745 | S81: =R80*G50 -> 0.65383217 | T81: =S80*G50 -> 0.83864807 | U81: =T80*G50 -> 0.97793317 | V81: =U80*G50 -> 0.62861887 | W81: 0 | X81: 0 | Y81: 0 | Z81: 0 | AA81: 0 | AB81: 0
A82: 21 | B82: =B81 -> 338 | C82: =B81*G51 -> 58.663812 | D82: =C81*G51 -> 37.196646 | E82: =D81*G51 -> 11.5328 | F82: =E81*G51 -> 3.649011 | G82: =F81*G51 -> 1.1056994 | H82: =G81*G51 -> 0.42243331 | I82: =H81*G51 -> 0.23124898 | J82: =I81*G51 -> 0.16634889 | K82: =J81*G51 -> 0.15112808 | L82: =K81*G51 -> 0.12969071 | M82: =L81*G51 -> 0.091868955 | N82: =M81*G51 -> 0.067085414 | O82: =N81*G51 -> 0.052810114 | P82: =O81*G51 -> 0.043590649 | Q82: =P81*G51 -> 0.049836093 | R82: =Q81*G51 -> 0.064068907 | S82: =R81*G51 -> 0.07511527 | T82: =S81*G51 -> 0.11348014 | U82: =T81*G51 -> 0.14555708 | V82: =U81*G51 -> 0.16973162 | W82: =V81*G51 -> 0.10910408 | X82: 0 | Y82: 0 | Z82: 0 | AA82: 0 | AB82: 0
A83: 22 | B83: =B82 -> 338 | C83: =B82*G52 -> 46.931049 | D83: =C82*G52 -> 8.1454268 | E83: =D82*G52 -> 5.1647267 | F83: =E82*G52 -> 1.6013207 | G83: =F82*G52 -> 0.50666247 | H83: =G82*G52 -> 0.15352554 | I83: =H82*G52 -> 0.058654552 | J83: =I82*G52 -> 0.032108749 | K83: =J82*G52 -> 0.023097421 | L83: =K82*G52 -> 0.020984022 | M83: =L82*G52 -> 0.018007459 | N83: =M82*G52 -> 0.012755936 | O83: =N82*G52 -> 0.00931476 | P83: =O82*G52 -> 0.0073326452 | Q83: =P82*G52 -> 0.0060525293 | R83: =Q82*G52 -> 0.0069197046 | S83: =R82*G52 -> 0.0088959203 | T83: =S82*G52 -> 0.0104297 | U83: =T82*G52 -> 0.015756633 | V83: =U82*G52 -> 0.020210493 | W83: =V82*G52 -> 0.02356711 | X83: =W82*G52 -> 0.015149021 | Y83: 0 | Z83: 0 | AA83: 0 | AB83: 0
A84: 23 | B84: =B83 -> 338 | C84: =B83*G53 -> 35.198287 | D84: =C83*G53 -> 4.8872561 | E84: =D83*G53 -> 0.84823986 | F84: =E83*G53 -> 0.53783886 | G84: =F83*G53 -> 0.16675664 | H84: =G83*G53 -> 0.052762282 | I84: =H83*G53 -> 0.015987681 | J84: =I83*G53 -> 0.0061081058 | K84: =J83*G53 -> 0.003343707 | L84: =K83*G53 -> 0.0024052948 | M84: =L83*G53 -> 0.0021852119 | N84: =M83*G53 -> 0.0018752418 | O84: =N83*G53 -> 0.0013283642 | P84: =O83*G53 -> 0.00097001064 | Q84: =P83*G53 -> 0.00076359926 | R84: =Q83*G53 -> 0.00063029191 | S84: =R83*G53 -> 0.00072059689 | T84: =S83*G53 -> 0.00092639395 | U84: =T83*G53 -> 0.001086117 | V84: =U83*G53 -> 0.0016408476 | W84: =V83*G53 -> 0.0021046589 | X84: =W83*G53 -> 0.0024542068 | Y84: =X83*G53 -> 0.0015775727 | Z84: 0 | AA84: 0 | AB84: 0
A85: 24 | B85: =B84 -> 338 | C85: =B84*G54 -> 23.465525 | D85: =C84*G54 -> 2.443628 | E85: =D84*G54 -> 0.33929594 | F85: =E84*G54 -> 0.058888738 | G85: =F84*G54 -> 0.037339263 | H85: =G84*G54 -> 0.011577018 | I85: =H84*G54 -> 0.0036630019 | J85: =I84*G54 -> 0.0011099388 | K85: =J84*G54 -> 0.00042405298 | L85: =K84*G54 -> 0.00023213562 | M85: =L84*G54 -> 0.0001669867 | N85: =M84*G54 -> 0.00015170753 | O85: =N84*G54 -> 0.00013018797 | P85: =O84*G54 -> 9.2221194e-05 | Q85: =P84*G54 -> 6.7342629e-05 | R85: =Q84*G54 -> 5.3012596e-05 | S85: =R84*G54 -> 4.3757782e-05 | T85: =S84*G54 -> 5.0027172e-05 | U85: =T84*G54 -> 6.4314557e-05 | V85: =U84*G54 -> 7.5403273e-05 | W85: =V84*G54 -> 0.00011391524 | X85: =W84*G54 -> 0.00014611517 | Y85: =X84*G54 -> 0.0001703824 | Z85: =Y84*G54 -> 0.0001095224 | AA85: 0 | AB85: 0
A86: 25 | B86: =B85 -> 338 | C86: =B85*G55 -> 11.732762 | D86: =C85*G55 -> 0.81454268 | E86: =D85*G55 -> 0.084823986 | F86: =E85*G55 -> 0.011777748 | G86: =F85*G55 -> 0.0020441644 | H86: =G85*G55 -> 0.0012961323 | I86: =H85*G55 -> 0.00040186509 | J86: =I85*G55 -> 0.00012715127 | K86: =J85*G55 -> 3.8528546e-05 | L86: =K85*G55 -> 1.4719861e-05 | M86: =L85*G55 -> 8.0579647e-06 | N86: =M85*G55 -> 5.7964949e-06 | O86: =N85*G55 -> 5.2661195e-06 | P86: =O85*G55 -> 4.5191256e-06 | Q86: =P85*G55 -> 3.2012111e-06 | R86: =Q85*G55 -> 2.3376185e-06 | S86: =R85*G55 -> 1.8401899e-06 | T86: =S85*G55 -> 1.5189339e-06 | U86: =T85*G55 -> 1.7365589e-06 | V86: =U85*G55 -> 2.2325071e-06 | W86: =V85*G55 -> 2.6174222e-06 | X86: =W85*G55 -> 3.9542616e-06 | Y86: =X85*G55 -> 5.0719957e-06 | Z86: =Y85*G55 -> 5.9143674e-06 | AA86: =Z85*G55 -> 3.8017761e-06 | AB86: 0
A87: Total | B87: =SUM(B61:B86) -> 41473 | C87: =SUM(C61:C86) -> 31507.268 | D87: =SUM(D61:D86) -> 26771.691 | E87: =SUM(E61:E86) -> 23671.65 | F87: =SUM(F61:F86) -> 21375.424 | G87: =SUM(G61:G86) -> 19588.038 | H87: =SUM(H61:H86) -> 18103.324 | I87: =SUM(I61:I86) -> 16717.546 | ... AB87: =SUM(AB61:AB86) -> 0
A88: Remaining compared to the base year | C88: =1-($B87-C87)/$B87 -> 0.75970555 | D88: =1-($B87-D87)/$B87 -> 0.64552097 | E88: =1-($B87-E87)/$B87 -> 0.57077254 | F88: =1-($B87-F87)/$B87 -> 0.51540579 | G88: =1-($B87-G87)/$B87 -> 0.4723082 | H88: =1-($B87-H87)/$B87 -> 0.43650868 | I88: =1-($B87-I87)/$B87 -> 0.4030947 | J88: =1-($B87-J87)/$B87 -> 0.36703146 | ... AA88: =1-($B87-AA87)/$B87 -> 9.1668673e-11
A92: Carlow
B94: 2019 | F94: Survival Rates for Heavy Medium Diesel
A95: Total | B95: =SUM(C3:C23) -> 610 | F95: Vintage | G95: Sur Rates
A96: 1999 or before | B96: =C3 -> 34 | F96: 0 | G96: =G31 -> 1
A97: 2000 | B97: =C4 -> 23 | F97: 1 | G97: =G32 -> 1
A98: 2001 | B98: =C5 -> 26 | F98: 2 | G98: =G33 -> 1
A99: 2002 | B99: =C6 -> 28 | F99: 3 | G99: =G34 -> 1
A100: 2003 | B100: =C7 -> 29 | F100: 4 | G100: =G35 -> 1
A101: 2004 | B101: =C8 -> 22 | F101: 5 | G101: =G36 -> 1
A102: 2005 | B102: =C9 -> 31 | F102: 6 | G102: =G37 -> 1
A103: 2006 | B103: =C10 -> 36 | F103: 7 | G103: =G38 -> 1
A104: 2007 | B104: =C11 -> 45 | F104: 8 | G104: =G39 -> 1
A105: 2008 | B105: =C12 -> 41 | F105: 9 | G105: =G40 -> 0.98643404
A106: 2009 | B106: =C13 -> 34 | F106: 10 | G106: =G41 -> 0.92357047
A107: 2010 | B107: =C14 -> 25 | F107: 11 | G107: =G42 -> 0.83469918
A108: 2011 | B108: =C15 -> 12 | F108: 12 | G108: =G43 -> 0.72545709
... A116: 2019 | B116: =C23 -> 40 | F116: 20 | G116: =G51 -> 0.17356157
F117: 21 | G117: =G52 -> 0.13884926
F118: 22 | G118: =G53 -> 0.10413694
F119: 23 | G119: =G54 -> 0.069424629
F120: 24 | G120: =G55 -> 0.034712315
F121: 25 | G121: =G56 -> 0
F122: Source: Irish_TIMES 2.0
A124: Private Diesel Cars (number)
A125: Vintage | B125: 2018 | C125: 2019 | D125: 2020 | E125: 2021 | F125: 2022 | G125: 2023 | H125: 2024 | I125: 2025 | J125: 2026 | K125: 2027 | L125: 2028 | M125: 2029 | N125: 2030 | O125: 2031 | P125: 2032 | Q125: 2033 | R125: 2034 | S125: 2035 | T125: 2036 | U125: 2037 | V125: 2038 | W125: 2039 | X125: 2040 | Y125: 2041 | Z125: 2042 | AA125: 2043 | AB125: 2044
A126: 0 | B126: =B116 -> 40 | C126: 0 | D126: 0 | E126: 0 | F126: 0 | G126: 0 | H126: 0 | I126: 0 | J126: 0 | K126: 0 | L126: 0 | M126: 0 | N126: 0 | O126: 0 | P126: 0 | Q126: 0 | R126: 0 | S126: 0 | T126: 0 | U126: 0 | V126: 0 | W126: 0 | X126: 0 | Y126: 0 | Z126: 0 | AA126: 0 | AB126: 0
A127: 1 | B127: =B115 -> 41 | C127: =B126*G96 -> 40 | D127: 0 | E127: 0 | F127: 0 | G127: 0 | H127: 0 | I127: 0 | J127: 0 | K127: 0 | L127: 0 | M127: 0 | N127: 0 | O127: 0 | P127: 0 | Q127: 0 | R127: 0 | S127: 0 | T127: 0 | U127: 0 | V127: 0 | W127: 0 | X127: 0 | Y127: 0 | Z127: 0 | AA127: 0 | AB127: 0
A128: 2 | B128: =B114 -> 43 | C128: =B127*G97 -> 41 | D128: =C127*G97 -> 40 | E128: 0 | F128: 0 | G128: 0 | H128: 0 | I128: 0 | J128: 0 | K128: 0 | L128: 0 | M128: 0 | N128: 0 | O128: 0 | P128: 0 | Q128: 0 | R128: 0 | S128: 0 | T128: 0 | U128: 0 | V128: 0 | W128: 0 | X128: 0 | Y128: 0 | Z128: 0 | AA128: 0 | AB128: 0
A129: 3 | B129: =B113 -> 29 | C129: =B128*G98 -> 43 | D129: =C128*G98 -> 41 | E129: =D128*G98 -> 40 | F129: 0 | G129: 0 | H129: 0 | I129: 0 | J129: 0 | K129: 0 | L129: 0 | M129: 0 | N129: 0 | O129: 0 | P129: 0 | Q129: 0 | R129: 0 | S129: 0 | T129: 0 | U129: 0 | V129: 0 | W129: 0 | X129: 0 | Y129: 0 | Z129: 0 | AA129: 0 | AB129: 0
A130: 4 | B130: =B112 -> 14 | C130: =B129*G99 -> 29 | D130: =C129*G99 -> 43 | E130: =D129*G99 -> 41 | F130: =E129*G99 -> 40 | G130: 0 | H130: 0 | I130: 0 | J130: 0 | K130: 0 | L130: 0 | M130: 0 | N130: 0 | O130: 0 | P130: 0 | Q130: 0 | R130: 0 | S130: 0 | T130: 0 | U130: 0 | V130: 0 | W130: 0 | X130: 0 | Y130: 0 | Z130: 0 | AA130: 0 | AB130: 0
...

Sheet Stock retirement
A3: Vehicle Stock in 2018
A4: TechName | B4: *Unit | C4: Comm-IN | D4: Comm-OUT | E4: =Regions!C3 -> IE | F4: =Regions!E3 -> IE-CW | G4: =Regions!F3 -> IE-D | H4: =Regions!G3 -> IE-KE | I4: =Regions!H3 -> IE-KK | J4: =Regions!I3 -> IE-LS | K4: =Regions!J3 -> IE-LD | L4: =Regions!K3 -> IE-LH | M4: =Regions!L3 -> IE-MH | ... AE4: =Regions!AD3 -> IE-MN
A5: T-MOT-ICE_GSL00 | B5: 000_Units | C5: TRAGSL,TRAETH | D5: TRAPS,TRAPM | E5: 39.852 | F5: 0.563 | G5: 12.616 | H5: 2.168 | I5: 0.872 | J5: 0.513 | K5: 0.213 | L5: 0.855 | M5: 1.684 | N5: 0.669 | O5: 0.604 | P5: 1.506 | Q5: 1.554 | R5: 0.924 | S5: 5.452 | T5: 1.062 | U5: 1.489 | V5: 1.412 | W5: 1.293 | X5: 1.458 | Y5: 0.16 | Z5: 0.605 | AA5: 0.295 | AB5: 0.4 | AC5: 0.448 | AD5: 0.736 | AE5: 0.301
A6: T-CAR-ICE_GSL00 | B6: 000_Units | C6: TRAGSL,TRAETH | D6: TRAPS,TRAPM,TRAPL | E6: 946.86 | F6: 10.796 | G6: 299.408 | H6: 44.521 | I6: 17.346 | J6: 12.391 | K6: 5.804 | L6: 20.722 | M6: 34.216 | N6: 12.252 | O6: 14.417 | P6: 29.236 | Q6: 32.847 | R6: 24.057 | S6: 121.228 | T6: 31.727 | U6: 40.146 | V6: 30.854 | W6: 27.159 | X6: 45.82 | Y6: 4.961 | Z6: 22.404 | AA6: 11.971 | AB6: 11.761 | AC6: 10.568 | AD6: 22.398 | AE6: 7.85
A7: T-CAR-ICE_DST00 | B7: 000_Units | C7: TRADST,TRABDL | D7: TRAPS,TRAPM,TRAPL | E7: 1129.404 | F7: 17.385 | G7: 225.706 | H7: 56.834 | I7: 26.674 | J7: 22.058 | K7: 11.27 | L7: 29.947 | M7: 52.424 | N7: 21.785 | O7: 26.113 | P7: 44.971 | Q7: 34.195 | R7: 32.584 | S7: 132.295 | T7: 39.247 | U7: 47.853 | V7: 47.714 | W7: 29.674 | X7: 66.337 | Y7: 9.454 | Z7: 37.994 | AA7: 20.248 | AB7: 16.993 | AC7: 20.89 | AD7: 41.125 | AE7: 17.634
A8: T-CAR-ICE_DF00 | B8: 000_Units | C8: TRAGSL,TRACNG | D8: TRAPS,TRAPM,TRAPL | E8: 0.067 | F8: 0 | G8: 0.028 | H8: 0.001 | I8: 0.001 | J8: 0 | K8: 0.002 | L8: 0.001 | M8: 0.002 | N8: 0.003 | O8: 0.001 | P8: 0.003 | Q8: 0.005 | R8: 0.001 | S8: 0.005 | T8: 0.003 | U8: 0.002 | V8: 0 | W8: 0 | X8: 0.007 | Y8: 0 | Z8: 0 | AA8: 0 | AB8: 0 | AC8: 0 | AD8: 0.002 | AE8: 0
A9: T-CAR-ICE_E8500 | B9: 000_Units | C9: TRAGSL,TRAETH | D9: TRAPS,TRAPM,TRAPL | E9: 8.529 | F9: 0.098 | G9: 0.265 | H9: 0.281 | I9: 0.574 | J9: 0.124 | K9: 0.316 | L9: 0.041 | M9: 0.083 | N9: 0.053 | O9: 0.26 | P9: 0.177 | Q9: 0.315 | R9: 0.205 | S9: 1.162 | T9: 0.35 | U9: 0.033 | V9: 0.075 | W9: 0.229 | X9: 2.626 | Y9: 0.107 | Z9: 0.247 | AA9: 0.085 | AB9: 0.075 | AC9: 0.091 | AD9: 0.185 | AE9: 0.472
A10: T-CAR-HEV_GSL00 | B10: 000_Units | C10: TRAGSL,TRAETH | D10: TRAPS,TRAPM,TRAPL | E10: 29.8 | F10: 0.205 | G10: 1.109 | H10: 0.572 | I10: 1.428 | J10: 0.365 | K10: 0.805 | L10: 0.159 | M10: 0.457 | N10: 0.161 | O10: 0.418 | P10: 0.488 | Q10: 0.616 | R10: 0.492 | S10: 2.929 | T10: 1.663 | U10: 0.09 | V10: 0.273 | W10: 0.565 | X10: 13.569 | Y10: 0.307 | Z10: 0.583 | AA10: 0.347 | AB10: 0.265 | AC10: 0.256 | AD10: 0.573 | AE10: 1.105
A11: T-CAR-HEV_DST00 | B11: 000_Units | C11: TRADST,TRABDL | D11: TRAPS,TRAPM,TRAPL | E11: 0.773 | F11: 0.014 | G11: 0.033 | H11: 0.019 | I11: 0.043 | J11: 0.016 | K11: 0.024 | L11: 0.008 | M11: 0.013 | N11: 0.01 | O11: 0.023 | P11: 0.016 | Q11: 0.017 | R11: 0.013 | S11: 0.071 | T11: 0.032 | U11: 0.002 | V11: 0.004 | W11: 0.013 | X11: 0.287 | Y11: 0.016 | Z11: 0.017 | AA11: 0.011 | AB11: 0.005 | AC11: 0.016 | AD11: 0.012 | AE11: 0.038
A12: T-CAR-PHEV_GSL00 | B12: 000_Units | C12: TRAGSL,TRAELC | D12: TRAPS,TRAPM,TRAPL | E12: 2.759 | F12: 0.015 | G12: 0.109 | H12: 0.033 | I12: 0.15 | J12: 0.024 | K12: 0.054 | L12: 0.018 | M12: 0.023 | N12: 0.01 | O12: 0.032 | P12: 0.035 | Q12: 0.042 | R12: 0.037 | S12: 0.262 | T12: 0.152 | U12: 0.003 | V12: 0.023 | W12: 0.04 | X12: 1.43 | Y12: 0.017 | Z12: 0.047 | AA12: 0.018 | AB12: 0.016 | AC12: 0.024 | AD12: 0.037 | AE12: 0.108
A13: T-CAR-PHEV_DST00 | B13: 000_Units | C13: TRADST,TRAELC | D13: TRAPS,TRAPM,TRAPL | E13: 0.025 | F13: 0 | G13: 0.011 | H13: 0.002 | I13: 0 | J13: 0 | K13: 0.001 | L13: 0 | M13: 0.001 | N13: 0 | O13: 0 | P13: 0.001 | Q13: 0.001 | R13: 0.002 | S13: 0.002 | T13: 0 | U13: 0 | V13: 0.001 | W13: 0 | X13: 0 | Y13: 0 | Z13: 0 | AA13: 0 | AB13: 0.001 | AC13: 0 | AD13: 0.001 | AE13: 0.001
A14: T-CAR-BEV_ELC00 | B14: 000_Units | C14: TRAELC | D14: TRAPS,TRAPM,TRAPL | E14: 4.53 | F14: 0.046 | G14: 1.676 | H14: 0.292 | I14: 0.054 | J14: 0.056 | K14: 0.024 | L14: 0.103 | M14: 0.239 | N14: 0.029 | O14: 0.098 | P14: 0.141 | Q14: 0.257 | R14: 0.107 | S14: 0.514 | T14: 0.098 | U14: 0.123 | V14: 0.094 | W14: 0.1 | X14: 0.228 | Y14: 0.017 | Z14: 0.058 | AA14: 0.03 | AB14: 0.029 | AC14: 0.035 | AD14: 0.051 | AE14: 0.031
A15: T-TAX-ICE_GSL00 | B15: 000_Units | C15: TRAGSL,TRAETH | D15: TRAPS,TRAPM,TRAPL | E15: 2.5 | F15: 0.01 | G15: 1.579 | H15: 0.071 | I15: 0.01 | J15: 0.012 | K15: 0.004 | L15: 0.048 | M15: 0.095 | N15: 0.014 | O15: 0.014 | P15: 0.017 | Q15: 0.031 | R15: 0.044 | S15: 0.164 | T15: 0.028 | U15: 0.125 | V15: 0.012 | W15: 0.044 | X15: 0.115 | Y15: 0 | Z15: 0.02 | AA15: 0.003 | AB15: 0.012 | AC15: 0.007 | AD15: 0.017 | AE15: 0.004
A16: T-TAX-ICE_DST00 | B16: 000_Units | C16: TRADST,TRABDL | D16: TRAPS,TRAPM,TRAPL | E16: 17.463 | F16: 0.147 | G16: 8.514 | H16: 0.715 | I16: 0.204 | J16: 0.2 | K16: 0.083 | L16: 0.508 | M16: 0.832 | N16: 0.15 | O16: 0.259 | P16: 0.25 | Q16: 0.315 | R16: 0.301 | S16: 1.538 | T16: 0.436 | U16: 0.487 | V16: 0.241 | W16: 0.262 | X16: 0.822 | Y16: 0.065 | Z16: 0.27 | AA16: 0.129 | AB16: 0.155 | AC16: 0.157 | AD16: 0.348 | AE16: 0.075
... A22: T-HGT-ICE_DST00 | B22: 000_Units | C22: TRADST,TRABDL | D22: TRAF | E22: 21.648 | F22: 0.39 | G22: 3.883 | H22: 1.112 | I22: 0.713 | J22: 0.455 | K22: 0.276 | L22: 0.617 | M22: 1.424 | N22: 0.323 | O22: 0.316 | P22: 1.39 | Q22: 0.396 | R22: 0.397 | S22: 2.558 | T22: 0.516 | U22: 0.941 | V22: 1.05 | W22: 0.358 | X22: 1.026 | Y22: 0.135 | Z22: 0.57 | AA22: 0.326 | AB22: 0.232 | AC22: 0.488 | AD22: 0.72 | AE22: 1.036
A28: ~TFM_INS-TS
A29: Region | B29: Attribute | C29: Pset_PN | D29: 2020 | E29: 2021 | F29: 2022 | G29: 2023 | H29: 2024 | I29: 2025 | J29: 2026 | K29: 2027 | L29: 2028 | M29: 2029 | N29: 2030 | O29: 2031 | P29: 2032 | Q29: 2033 | R29: 2034 | S29: 2035 | T29: 2036 | U29: 2037 | V29: 2038 | W29: 2039 | X29: 2040 | Y29: 2041 | Z29: 2042
A30: =Regions!C3 -> IE | B30: =IF(LEFT(A30,1)="*","*","STOCK") -> STOCK | C30: =A5 -> T-MOT-ICE_GSL00 | D30: =Stock_CSO!B6 -> 41.471 | E30: =IF($D30*Motors!C1782>0.01,$D30*Motors!C1782,0) -> 31.505749 | F30: =IF($D30*Motors!D1782>0.01,$D30*Motors!D1782,0) -> 26.7704 | G30: =IF($D30*Motors!E1782>0.01,$D30*Motors!E1782,0) -> 23.670508 | H30: =IF($D30*Motors!F1782>0.01,$D30*Motors!F1782,0) -> 21.374394 | I30: =IF($D30*Motors!G1782>0.01,$D30*Motors!G1782,0) -> 19.587094 | J30: =IF($D30*Motors!H1782>0.01,$D30*Motors!H1782,0) -> 18.102451 | K30: =IF($D30*Motors!I1782>0.01,$D30*Motors!I1782,0) -> 16.71674 | L30: =IF($D30*Motors!J1782>0.01,$D30*Motors!J1782,0) -> 15.221162 | ... Z30: =IF($D30*Motors!X1782>0.01,$D30*Motors!X1782,0) -> 0
A31: =Regions!E3 -> IE-CW | B31: =IF(LEFT(A31,1)="*","*","STOCK") -> STOCK | C31: =C30 -> T-MOT-ICE_GSL00 | D31: =Stock_CSO!B7 -> 0.609 | E31: =$D31*Motors!C1783 -> 0.43347187 | F31: =$D31*Motors!D1783 -> 0.35374302 | G31: =$D31*Motors!E1783 -> 0.30408906 | H31: =$D31*Motors!F1783 -> 0.26881761 | I31: =$D31*Motors!G1783 -> 0.24241892 | J31: =$D31*Motors!H1783 -> 0.22114396 | K31: =$D31*Motors!I1783 -> 0.20223904 | L31: =$D31*Motors!J1783 -> 0.18307072 | ... Z31: =$D31*Motors!X1783 -> 2.625988e-07
A32: =Regions!F3 -> IE-D | B32: =IF(LEFT(A32,1)="*","*","STOCK") -> STOCK | C32: =C31 -> T-MOT-ICE_GSL00 | D32: =Stock_CSO!B8 -> 12.986 | E32: =$D32*Motors!C1784 -> 10.371331 | F32: =$D32*Motors!D1784 -> 9.0465297 | G32: =$D32*Motors!E1784 -> 8.145999 | H32: =$D32*Motors!F1784 -> 7.4656945 | I32: =$D32*Motors!G1784 -> 6.9263587 | J32: =$D32*Motors!H1784 -> 6.4631617 | K32: =$D32*Motors!I1784 -> 6.0089587 | L32: =$D32*Motors!J1784 -> 5.4952823 | ... Z32: =$D32*Motors!X1784 -> 6.516176e-06
A33: =Regions!G3 -> IE-KE | B33: =IF(LEFT(A33,1)="*","*","STOCK") -> STOCK | C33: =C32 -> T-MOT-ICE_GSL00 | D33: =Stock_CSO!B9 -> 2.275 | E33: =$D33*Motors!C1785 -> 1.719164 | F33: =$D33*Motors!D1785 -> 1.4591844 | G33: =$D33*Motors!E1785 -> 1.2937001 | H33: =$D33*Motors!F1785 -> 1.1721648 | I33: =$D33*Motors!G1785 -> 1.0776644 | J33: =$D33*Motors!H1785 -> 0.99920417 | K33: =$D33*Motors!I1785 -> 0.92645354 | L33: =$D33*Motors!J1785 -> 0.84833812 | ... Z33: =$D33*Motors!X1785 -> 1.0157745e-06
A34: =Regions!H3 -> IE-KK | B34: =IF(LEFT(A34,1)="*","*","STOCK") -> STOCK | C34: =C33 -> T-MOT-ICE_GSL00 | D34: =Stock_CSO!B10 -> 0.885 | E34: =$D34*Motors!C1786 -> 0.63871831 | F34: =$D34*Motors!D1786 -> 0.52738093 | G34: =$D34*Motors!E1786 -> 0.45718255 | H34: =$D34*Motors!F1786 -> 0.40568965 | I34: =$D34*Motors!G1786 -> 0.36595209 | J34: =$D34*Motors!H1786 -> 0.3334849 | K34: =$D34*Motors!I1786 -> 0.30396395 | L34: =$D34*Motors!J1786 -> 0.27332721 | ... Z34: =$D34*Motors!X1786 -> 3.0300816e-07
A35: =Regions!I3 -> IE-LS | B35: =IF(LEFT(A35,1)="*","*","STOCK") -> STOCK | C35: =C34 -> T-MOT-ICE_GSL00 | D35: =Stock_CSO!B11 -> 0.507 | E35: =$D35*Motors!C1787 -> 0.38089204 | F35: =$D35*Motors!D1787 -> 0.31903046 | G35: =$D35*Motors!E1787 -> 0.27546882 | H35: =$D35*Motors!F1787 -> 0.2418708 | I35: =$D35*Motors!G1787 -> 0.21617108 | J35: =$D35*Motors!H1787 -> 0.19626373 | K35: =$D35*Motors!I1787 -> 0.17924522 | L35: =$D35*Motors!J1787 -> 0.16182074 | ... Z35: =$D35*Motors!X1787 -> 1.3967684e-07
A36: =Regions!J3 -> IE-LD | B36: =IF(LEFT(A36,1)="*","*","STOCK") -> STOCK | C36: =C35 -> T-MOT-ICE_GSL00 | D36: =Stock_CSO!B12 -> 0.233 | E36: =$D36*Motors!C1788 -> 0.16863832 | F36: =$D36*Motors!D1788 -> 0.13941711 | G36: =$D36*Motors!E1788 -> 0.12122155 | H36: =$D36*Motors!F1788 -> 0.10880297 | I36: =$D36*Motors!G1788 -> 0.099914964 | J36: =$D36*Motors!H1788 -> 0.092930423 | K36: =$D36*Motors!I1788 -> 0.08664731 | L36: =$D36*Motors!J1788 -> 0.07984886 | ... Z36: =$D36*Motors!X1788 -> 1.2611474e-07
A37: =Regions!K3 -> IE-LH | B37: =IF(LEFT(A37,1)="*","*","STOCK") -> STOCK | C37: =C36 -> T-MOT-ICE_GSL00 | D37: =Stock_CSO!B13 -> 0.894 | E37: =$D37*Motors!C1789 -> 0.69116379 | F37: =$D37*Motors!D1789 -> 0.59394123 | G37: =$D37*Motors!E1789 -> 0.53122706 | H37: =$D37*Motors!F1789 -> 0.48629763 | I37: =$D37*Motors!G1789 -> 0.45251522 | J37: =$D37*Motors!H1789 -> 0.42446557 | K37: =$D37*Motors!I1789 -> 0.39758989 | L37: =$D37*Motors!J1789 -> 0.3671766 | ... Z37: =$D37*Motors!X1789 -> 4.5404213e-07
A38: =Regions!L3 -> IE-MH | B38: =IF(LEFT(A38,1)="*","*","STOCK") -> STOCK | C38: =C37 -> T-MOT-ICE_GSL00 | D38: =Stock_CSO!B14 -> 1.801 | E38: =$D38*Motors!C1790 -> 1.3699001 | F38: =$D38*Motors!D1790 -> 1.1628141 | G38: =$D38*Motors!E1790 -> 1.0286676 | H38: =$D38*Motors!F1790 -> 0.93063054 | I38: =$D38*Motors!G1790 -> 0.855701 | J38: =$D38*Motors!H1790 -> 0.79532006 | K38: =$D38*Motors!I1790 -> 0.73916562 | L38: =$D38*Motors!J1790 -> 0.6767716 | ... Z38: =$D38*Motors!X1790 -> 8.5893766e-07
A39: =Regions!M3 -> IE-OY | B39: =IF(LEFT(A39,1)="*","*","STOCK") -> STOCK | C39: =C38 -> T-MOT-ICE_GSL00 | D39: =Stock_CSO!B15 -> 0.692 | E39: =$D39*Motors!C1791 -> 0.49684195 | F39: =$D39*Motors!D1791 -> 0.40627938 | G39: =$D39*Motors!E1791 -> 0.34917729 | H39: =$D39*Motors!F1791 -> 0.30917369 | I39: =$D39*Motors!G1791 -> 0.28039157 | J39: =$D39*Motors!H1791 -> 0.25872702 | K39: =$D39*Motors!I1791 -> 0.24013028 | L39: =$D39*Motors!J1791 -> 0.22093616 | ... Z39: =$D39*Motors!X1791 -> 2.9336243e-07
A40: =Regions!N3 -> IE-WH | B40: =IF(LEFT(A40,1)="*","*","STOCK") -> STOCK | C40: =C39 -> T-MOT-ICE_GSL00 | D40: =Stock_CSO!B16 -> 0.622 | E40: =$D40*Motors!C1792 -> 0.45227353 | F40: =$D40*Motors!D1792 -> 0.37510674 | G40: =$D40*Motors!E1792 -> 0.32778255 | H40: =$D40*Motors!F1792 -> 0.29467273 | I40: =$D40*Motors!G1792 -> 0.2700036 | J40: =$D40*Motors!H1792 -> 0.25015303 | K40: =$D40*Motors!I1792 -> 0.23208204 | L40: =$D40*Motors!J1792 -> 0.2125529 | ... Z40: =$D40*Motors!X1792 -> 2.1288163e-07
A41: =Regions!O3 -> IE-WX | B41: =IF(LEFT(A41,1)="*","*","STOCK") -> STOCK | C41: =C40 -> T-MOT-ICE_GSL00 | D41: =Stock_CSO!B17 -> 1.571 | E41: =$D41*Motors!C1793 -> 1.1358097 | F41: =$D41*Motors!D1793 -> 0.9377869 | G41: =$D41*Motors!E1793 -> 0.81318049 | H41: =$D41*Motors!F1793 -> 0.72309832 | I41: =$D41*Motors!G1793 -> 0.6543146 | J41: =$D41*Motors!H1793 -> 0.59816174 | K41: =$D41*Motors!I1793 -> 0.54694886 | L41: =$D41*Motors!J1793 -> 0.49260927 | ... Z41: =$D41*Motors!X1793 -> 5.2202729e-07
A42: =Regions!P3 -> IE-WW | B42: =IF(LEFT(A42,1)="*","*","STOCK") -> STOCK | C42: =C41 -> T-MOT-ICE_GSL00 | D42: =Stock_CSO!B18 -> 1.646 | E42: =$D42*Motors!C1794 -> 1.2284311 | F42: =$D42*Motors!D1794 -> 1.0318673 | G42: =$D42*Motors!E1794 -> 0.90577404 | H42: =$D42*Motors!F1794 -> 0.81532584 | I42: =$D42*Motors!G1794 -> 0.74654771 | J42: =$D42*Motors!H1794 -> 0.68989101 | K42: =$D42*Motors!I1794 -> 0.63688312 | L42: =$D42*Motors!J1794 -> 0.57928673 | ... Z42: =$D42*Motors!X1794 -> 6.7893192e-07
A43: =Regions!Q3 -> IE-CE | B43: =IF(LEFT(A43,1)="*","*","STOCK") -> STOCK | C43: =C42 -> T-MOT-ICE_GSL00 | D43: =Stock_CSO!B19 -> 0.99 | E43: =$D43*Motors!C1795 -> 0.74120249 | F43: =$D43*Motors!D1795 -> 0.6249805 | G43: =$D43*Motors!E1795 -> 0.5502558 | H43: =$D43*Motors!F1795 -> 0.49541429 | I43: =$D43*Motors!G1795 -> 0.45295133 | J43: =$D43*Motors!H1795 -> 0.41718702 | K43: =$D43*Motors!I1795 -> 0.38283795 | L43: =$D43*Motors!J1795 -> 0.34506532 | ... Z43: =$D43*Motors!X1795 -> 3.6872724e-07
A44: =Regions!R3 -> IE-CO | B44: =IF(LEFT(A44,1)="*","*","STOCK") -> STOCK | C44: =C43 -> T-MOT-ICE_GSL00 | D44: =Stock_CSO!B20 -> 5.59 | E44: =$D44*Motors!C1796 -> 4.1228617 | F44: =$D44*Motors!D1796 -> 3.4437293 | G44: =$D44*Motors!E1796 -> 3.0017972 | H44: =$D44*Motors!F1796 -> 2.6752556 | I44: =$D44*Motors!G1796 -> 2.4231265 | J44: =$D44*Motors!H1796 -> 2.21932 | K44: =$D44*Motors!I1796 -> 2.0371249 | L44: =$D44*Motors!J1796 -> 1.8483398 | ... Z44: =$D44*Motors!X1796 -> 2.0972755e-06
A45: =Regions!S3 -> IE-KY | B45: =IF(LEFT(A45,1)="*","*","STOCK") -> STOCK | C45: =C44 -> T-MOT-ICE_GSL00 | D45: =Stock_CSO!B21 -> 1.112 | E45: =$D45*Motors!C1797 -> 0.81774663 | F45: =$D45*Motors!D1797 -> 0.68261423 | G45: =$D45*Motors!E1797 -> 0.59527751 | H45: =$D45*Motors!F1797 -> 0.53174001 | I45: =$D45*Motors!G1797 -> 0.48417813 | J45: =$D45*Motors!H1797 -> 0.447389 | K45: =$D45*Motors!I1797 -> 0.41451534 | L45: =$D45*Motors!J1797 -> 0.37893347 | ... Z45: =$D45*Motors!X1797 -> 4.4151304e-07
A46: =Regions!T3 -> IE-LK | B46: =IF(LEFT(A46,1)="*","*","STOCK") -> STOCK | C46: =C45 -> T-MOT-ICE_GSL00 | D46: =Stock_CSO!B22 -> 1.566 | E46: =$D46*Motors!C1798 -> 1.1673892 | F46: =$D46*Motors!D1798 -> 0.98382528 | G46: =$D46*Motors!E1798 -> 0.86644053 | H46: =$D46*Motors!F1798 -> 0.77925717 | I46: =$D46*Motors!G1798 -> 0.70978055 | J46: =$D46*Motors!H1798 -> 0.65141828 | K46: =$D46*Motors!I1798 -> 0.59753292 | L46: =$D46*Motors!J1798 -> 0.541678 | ... Z46: =$D46*Motors!X1798 -> 6.2356242e-07
A47: =Regions!U3 -> IE-TA | B47: =IF(LEFT(A47,1)="*","*","STOCK") -> STOCK | C47: =C46 -> T-MOT-ICE_GSL00 | D47: =Stock_CSO!B23 -> 1.499 | E47: =$D47*Motors!C1799 -> 1.1079679 | F47: =$D47*Motors!D1799 -> 0.91931223 | G47: =$D47*Motors!E1799 -> 0.79602758 | H47: =$D47*Motors!F1799 -> 0.70507495 | I47: =$D47*Motors!G1799 -> 0.63412559 | J47: =$D47*Motors!H1799 -> 0.57589974 | K47: =$D47*Motors!I1799 -> 0.52327616 | L47: =$D47*Motors!J1799 -> 0.46937105 | ... Z47: =$D47*Motors!X1799 -> 4.7307851e-07
A48: =Regions!V3 -> IE-WD | B48: =IF(LEFT(A48,1)="*","*","STOCK") -> STOCK | C48: =C47 -> T-MOT-ICE_GSL00 | D48: =Stock_CSO!B24 -> 1.342 | E48: =$D48*Motors!C1800 -> 0.94243145 | F48: =$D48*Motors!D1800 -> 0.76845132 | G48: =$D48*Motors!E1800 -> 0.66280747 | H48: =$D48*Motors!F1800 -> 0.58960177 | I48: =$D48*Motors!G1800 -> 0.53563556 | J48: =$D48*Motors!H1800 -> 0.49187479 | K48: =$D48*Motors!I1800 -> 0.45156376 | L48: =$D48*Motors!J1800 -> 0.40929103 | ... Z48: =$D48*Motors!X1800 -> 4.4740368e-07
A49: =Regions!W3 -> IE-G | B49: =IF(LEFT(A49,1)="*","*","STOCK") -> STOCK | C49: =C48 -> T-MOT-ICE_GSL00 | D49: =Stock_CSO!B25 -> 1.538 | E49: =$D49*Motors!C1801 -> 1.1367395 | F49: =$D49*Motors!D1801 -> 0.94666099 | G49: =$D49*Motors!E1801 -> 0.82331103 | H49: =$D49*Motors!F1801 -> 0.73309442 | I49: =$D49*Motors!G1801 -> 0.66374885 | J49: =$D49*Motors!H1801 -> 0.6065585 | K49: =$D49*Motors!I1801 -> 0.55433854 | L49: =$D49*Motors!J1801 -> 0.50034361 | ... Z49: =$D49*Motors!X1801 -> 5.688264e-07
A50: =Regions!X3 -> IE-LM | B50: =IF(LEFT(A50,1)="*","*","STOCK") -> STOCK | C50: =C49 -> T-MOT-ICE_GSL00 | D50: =Stock_CSO!B26 -> 0.175 | E50: =$D50*Motors!C1802 -> 0.13536253 | F50: =$D50*Motors!D1802 -> 0.11834876 | G50: =$D50*Motors!E1802 -> 0.10673739 | H50: =$D50*Motors!F1802 -> 0.097079327 | I50: =$D50*Motors!G1802 -> 0.088304657 | J50: =$D50*Motors!H1802 -> 0.080227254 | K50: =$D50*Motors!I1802 -> 0.072631779 | L50: =$D50*Motors!J1802 -> 0.065171133 | ... Z50: =$D50*Motors!X1802 -> 8.2698839e-08
A51: =Regions!Y3 -> IE-MO | B51: =IF(LEFT(A51,1)="*","*","STOCK") -> STOCK | C51: =C50 -> T-MOT-ICE_GSL00 | D51: =Stock_CSO!B27 -> 0.648 | E51: =$D51*Motors!C1803 -> 0.4847651 | F51: =$D51*Motors!D1803 -> 0.40908641 | G51: =$D51*Motors!E1803 -> 0.35997501 | H51: =$D51*Motors!F1803 -> 0.32339268 | I51: =$D51*Motors!G1803 -> 0.29460096 | J51: =$D51*Motors!H1803 -> 0.27064082 | K51: =$D51*Motors!I1803 -> 0.24885657 | L51: =$D51*Motors!J1803 -> 0.22668094 | ... Z51: =$D51*Motors!X1803 -> 2.4827712e-07
A52: =Regions!Z3 -> IE-RN | B52: =IF(LEFT(A52,1)="*","*","STOCK") -> STOCK | C52: =C51 -> T-MOT-ICE_GSL00 | D52: =Stock_CSO!B28 -> 0.315 | E52: =$D52*Motors!C1804 -> 0.24185838 | F52: =$D52*Motors!D1804 -> 0.208436 | G52: =$D52*Motors!E1804 -> 0.18613289 | H52: =$D52*Motors!F1804 -> 0.16888696 | I52: =$D52*Motors!G1804 -> 0.15486451 | J52: =$D52*Motors!H1804 -> 0.14276717 | K52: =$D52*Motors!I1804 -> 0.13157296 | L52: =$D52*Motors!J1804 -> 0.11987657 | ... Z52: =$D52*Motors!X1804 -> 1.5025134e-07
A53: =Regions!AA3 -> IE-SO | B53: =IF(LEFT(A53,1)="*","*","STOCK") -> STOCK | C53: =C52 -> T-MOT-ICE_GSL00 | D53: =Stock_CSO!B29 -> 0.413 | E53: =$D53*Motors!C1805 -> 0.29208165 | F53: =$D53*Motors!D1805 -> 0.24305321 | G53: =$D53*Motors!E1805 -> 0.21115885 | H53: =$D53*Motors!F1805 -> 0.18617403 | I53: =$D53*Motors!G1805 -> 0.16536985 | J53: =$D53*Motors!H1805 -> 0.14768077 | K53: =$D53*Motors!I1805 -> 0.13237969 | L53: =$D53*Motors!J1805 -> 0.11826413 | ... Z53: =$D53*Motors!X1805 -> 1.230061e-07
A54: =Regions!AB3 -> IE-CN | B54: =IF(LEFT(A54,1)="*","*","STOCK") -> STOCK | C54: =C53 -> T-MOT-ICE_GSL00 | D54: =Stock_CSO!B30 -> 0.484 | E54: =$D54*Motors!C1806 -> 0.37156959 | F54: =$D54*Motors!D1806 -> 0.32082734 | G54: =$D54*Motors!E1806 -> 0.2877882 | H54: =$D54*Motors!F1806 -> 0.26281337 | I54: =$D54*Motors!G1806 -> 0.2428159 | J54: =$D54*Motors!H1806 -> 0.22546767 | K54: =$D54*Motors!I1806 -> 0.20880057 | L54: =$D54*Motors!J1806 -> 0.19044312 | ... Z54: =$D54*Motors!X1806 -> 2.3330503e-07
A55: =Regions!AC3 -> IE-DL | B55: =IF(LEFT(A55,1)="*","*","STOCK") -> STOCK | C55: =C54 -> T-MOT-ICE_GSL00 | D55: =Stock_CSO!B31 -> 0.775 | E55: =$D55*Motors!C1807 -> 0.61819525 | F55: =$D55*Motors!D1807 -> 0.53977034 | G55: =$D55*Motors!E1807 -> 0.48330774 | H55: =$D55*Motors!F1807 -> 0.43700713 | I55: =$D55*Motors!G1807 -> 0.39840404 | J55: =$D55*Motors!H1807 -> 0.36589255 | K55: =$D55*Motors!I1807 -> 0.33626647 | L55: =$D55*Motors!J1807 -> 0.3045476 | ... Z55: =$D55*Motors!X1807 -> 3.7028412e-07
A56: =Regions!AD3 -> IE-MN | B56: =IF(LEFT(A56,1)="*","*","STOCK") -> STOCK | C56: =C55 -> T-MOT-ICE_GSL00 | D56: =Stock_CSO!B32 -> 0.304 | E56: =$D56*Motors!C1808 -> 0.23969312 | F56: =$D56*Motors!D1808 -> 0.2088631 | G56: =$D56*Motors!E1808 -> 0.18659715 | H56: =$D56*Motors!F1808 -> 0.16790542 | I56: =$D56*Motors!G1808 -> 0.15176438 | J56: =$D56*Motors!H1808 -> 0.13775083 | K56: =$D56*Motors!I1808 -> 0.12526932 | L56: =$D56*Motors!J1808 -> 0.11266478 | ... Z56: =$D56*Motors!X1808 -> 1.41718e-07
A60: ~TFM_INS-TS
A61: Region | B61: Attribute | C61: Pset_PN | D61: 2020 | E61: 2021 | F61: 2022 | G61: 2023 | H61: 2024 | I61: 2025 | J61: 2026 | K61: 2027 | L61: 2028 | M61: 2029 | N61: 2030 | O61: 2031 | P61: 2032 | Q61: 2033 | R61: 2034 | S61: 2035 | T61: 2036 | U61: 2037 | V61: 2038 | W61: 2039 | X61: 2040 | Y61: 2041 | Z61: 2042
A62: =A30 -> IE | B62: =IF(LEFT(A62,1)="*","*","STOCK") -> STOCK | C62: =A6 -> T-CAR-ICE_GSL00 | D62: =Stock_CSO!G6 -> 861.396 | E62: =IF($D62*'Gasoline Cars'!C1782<0.01,0,$D62*'Gasoline Cars'!C1782) -> 768.70925 | F62: =IF($D62*'Gasoline Cars'!D1782<0.01,0,$D62*'Gasoline Cars'!D1782) -> 711.04317 | G62: =IF($D62*'Gasoline Cars'!E1782<0.01,0,$D62*'Gasoline Cars'!E1782) -> 659.37234 | H62: =IF($D62*'Gasoline Cars'!F1782<0.01,0,$D62*'Gasoline Cars'!F1782) -> 611.86135 | I62: =IF($D62*'Gasoline Cars'!G1782<0.01,0,$D62*'Gasoline Cars'!G1782) -> 577.29185 | J62: =IF($D62*'Gasoline Cars'!H1782<0.01,0,$D62*'Gasoline Cars'!H1782) -> 553.81055 | K62: =IF($D62*'Gasoline Cars'!I1782<0.01,0,$D62*'Gasoline Cars'!I1782) -> 543.74865 | L62: =IF($D62*'Gasoline Cars'!J1782<0.01,0,$D62*'Gasoline Cars'!J1782) -> 547.91439 | ... Z62: =IF($D62*'Gasoline Cars'!X1782<0.01,0,$D62*'Gasoline Cars'!X1782) -> 0
A63: =A31 -> IE-CW | B63: =IF(LEFT(A63,1)="*","*","STOCK") -> STOCK | C63: =C62 -> T-CAR-ICE_GSL00 | D63: =Stock_CSO!G7 -> 9.436 | E63: =$D63*'Gasoline Cars'!C1783 -> 8.0393375 | F63: =$D63*'Gasoline Cars'!D1783 -> 7.1359545 | G63: =$D63*'Gasoline Cars'!E1783 -> 6.3802558 | H63: =$D63*'Gasoline Cars'!F1783 -> 5.7204142 | I63: =$D63*'Gasoline Cars'!G1783 -> 5.2468551 | J63: =$D63*'Gasoline Cars'!H1783 -> 4.9189981 | K63: =$D63*'Gasoline Cars'!I1783 -> 4.7323348 | L63: =$D63*'Gasoline Cars'!J1783 -> 4.678872 | ... Z63: =$D63*'Gasoline Cars'!X1783 -> 3.2484104e-05
A64: =A32 -> IE-D | B64: =IF(LEFT(A64,1)="*","*","STOCK") -> STOCK | C64: =C63 -> T-CAR-ICE_GSL00 | D64: =Stock_CSO!G8 -> 278.007 | E64: =$D64*'Gasoline Cars'!C1784 -> 254.54002 | F64: =$D64*'Gasoline Cars'!D1784 -> 240.25593 | G64: =$D64*'Gasoline Cars'!E1784 -> 226.65903 | H64: =$D64*'Gasoline Cars'!F1784 -> 213.39358 | I64: =$D64*'Gasoline Cars'!G1784 -> 203.63744 | J64: =$D64*'Gasoline Cars'!H1784 -> 197.11243 | K64: =$D64*'Gasoline Cars'!I1784 -> 194.62682 | L64: =$D64*'Gasoline Cars'!J1784 -> 196.94312 | ... Z64: =$D64*'Gasoline Cars'!X1784 -> 0.0012911996
A65: =A33 -> IE-KE | B65: =IF(LEFT(A65,1)="*","*","STOCK") -> STOCK | C65: =C64 -> T-CAR-ICE_GSL00 | D65: =Stock_CSO!G9 -> 41.228 | E65: =$D65*'Gasoline Cars'!C1785 -> 37.162811 | F65: =$D65*'Gasoline Cars'!D1785 -> 34.332551 | G65: =$D65*'Gasoline Cars'!E1785 -> 31.739707 | H65: =$D65*'Gasoline Cars'!F1785 -> 29.387116 | I65: =$D65*'Gasoline Cars'!G1785 -> 27.722695 | J65: =$D65*'Gasoline Cars'!H1785 -> 26.651812 | K65: =$D65*'Gasoline Cars'!I1785 -> 26.317513 | L65: =$D65*'Gasoline Cars'!J1785 -> 26.681345 | ... Z65: =$D65*'Gasoline Cars'!X1785 -> 0.00015786393
A66: =A34 -> IE-KK | B66: =IF(LEFT(A66,1)="*","*","STOCK") -> STOCK | C66: =C65 -> T-CAR-ICE_GSL00 | D66: =Stock_CSO!G10 -> 15.522 | E66: =$D66*'Gasoline Cars'!C1786 -> 13.4489 | F66: =$D66*'Gasoline Cars'!D1786 -> 12.218122 | G66: =$D66*'Gasoline Cars'!E1786 -> 11.187798 | H66: =$D66*'Gasoline Cars'!F1786 -> 10.27337 | I66: =$D66*'Gasoline Cars'!G1786 -> 9.6013524 | J66: =$D66*'Gasoline Cars'!H1786 -> 9.1190605 | K66: =$D66*'Gasoline Cars'!I1786 -> 8.8717903 | L66: =$D66*'Gasoline Cars'!J1786 -> 8.8388814 | ... Z66: =$D66*'Gasoline Cars'!X1786 -> 5.1866599e-05
A67: =A35 -> IE-LS | B67: =IF(LEFT(A67,1)="*","*","STOCK") -> STOCK | C67: =C66 -> T-CAR-ICE_GSL00 | D67: =Stock_CSO!G11 -> 10.818 | E67: =$D67*'Gasoline Cars'!C1787 -> 9.3336178 | F67: =$D67*'Gasoline Cars'!D1787 -> 8.3367807 | G67: =$D67*'Gasoline Cars'!E1787 -> 7.4804942 | H67: =$D67*'Gasoline Cars'!F1787 -> 6.7420565 | I67: =$D67*'Gasoline Cars'!G1787 -> 6.2150491 | J67: =$D67*'Gasoline Cars'!H1787 -> 5.8512924 | K67: =$D67*'Gasoline Cars'!I1787 -> 5.6668722 | L67: =$D67*'Gasoline Cars'!J1787 -> 5.6569119 | ... Z67: =$D67*'Gasoline Cars'!X1787 -> 3.3263173e-05
A68: =A36 -> IE-LD | B68: =IF(LEFT(A68,1)="*","*","STOCK") -> STOCK | C68: =C67 -> T-CAR-ICE_GSL00 | D68: =Stock_CSO!G12 -> 5.06 | E68: =$D68*'Gasoline Cars'!C1788 -> 4.402242 | F68: =$D68*'Gasoline Cars'!D1788 -> 3.9662561 | G68: =$D68*'Gasoline Cars'!E1788 -> 3.5829206 | H68: =$D68*'Gasoline Cars'!F1788 -> 3.2422774 | I68: =$D68*'Gasoline Cars'!G1788 -> 2.9940699 | J68: =$D68*'Gasoline Cars'!H1788 -> 2.818364 | K68: =$D68*'Gasoline Cars'!I1788 -> 2.72796 | L68: =$D68*'Gasoline Cars'!J1788 -> 2.7270453 | ... Z68: =$D68*'Gasoline Cars'!X1788 -> 1.5612156e-05
A69: =A37 -> IE-LH | B69: =IF(LEFT(A69,1)="*","*","STOCK") -> STOCK | C69: =C68 -> T-CAR-ICE_GSL00 | D69: =Stock_CSO!G13 -> 19.492 | E69: =$D69*'Gasoline Cars'!C1789 -> 18.159987 | F69: =$D69*'Gasoline Cars'!D1789 -> 17.308264 | G69: =$D69*'Gasoline Cars'!E1789 -> 16.475559 | H69: =$D69*'Gasoline Cars'!F1789 -> 15.661974 | I69: =$D69*'Gasoline Cars'!G1789 -> 15.106893 | J69: =$D69*'Gasoline Cars'!H1789 -> 14.767679 | K69: =$D69*'Gasoline Cars'!I1789 -> 14.710301 | L69: =$D69*'Gasoline Cars'!J1789 -> 14.982137 | ... Z69: =$D69*'Gasoline Cars'!X1789 -> 9.5695534e-05
A70: =A38 -> IE-MH | B70: =IF(LEFT(A70,1)="*","*","STOCK") -> STOCK | C70: =C69 -> T-CAR-ICE_GSL00 | D70: =Stock_CSO!G14 -> 31.619 | E70: =$D70*'Gasoline Cars'!C1790 -> 28.432152 | F70: =$D70*'Gasoline Cars'!D1790 -> 26.204465 | G70: =$D70*'Gasoline Cars'!E1790 -> 24.153682 | H70: =$D70*'Gasoline Cars'!F1790 -> 22.276285 | I70: =$D70*'Gasoline Cars'!G1790 -> 20.945309 | J70: =$D70*'Gasoline Cars'!H1790 -> 20.080756 | K70: =$D70*'Gasoline Cars'!I1790 -> 19.779081 | L70: =$D70*'Gasoline Cars'!J1790 -> 19.983841 | ... Z70: =$D70*'Gasoline Cars'!X1790 -> 0.00011359197
A71: =A39 -> IE-OY | B71: =IF(LEFT(A71,1)="*","*","STOCK") -> STOCK | C71: =C70 -> T-CAR-ICE_GSL00 | D71: =Stock_CSO!G15 -> 10.542 | E71: =$D71*'Gasoline Cars'!C1791 -> 8.9706982 | F71: =$D71*'Gasoline Cars'!D1791 -> 7.9725126 | G71: =$D71*'Gasoline Cars'!E1791 -> 7.125385 | H71: =$D71*'Gasoline Cars'!F1791 -> 6.3873787 | I71: =$D71*'Gasoline Cars'!G1791 -> 5.8399902 | J71: =$D71*'Gasoline Cars'!H1791 -> 5.4565981 | K71: =$D71*'Gasoline Cars'!I1791 -> 5.259999 | L71: =$D71*'Gasoline Cars'!J1791 -> 5.2415339 | ... Z71: =$D71*'Gasoline Cars'!X1791 -> 3.0349916e-05
A72: =A40 -> IE-WH | B72: =IF(LEFT(A72,1)="*","*","STOCK") -> STOCK | C72: =C71 -> T-CAR-ICE_GSL00 | D72: =Stock_CSO!G16 -> 12.463 | E72: =$D72*'Gasoline Cars'!C1792 -> 10.87482 | F72: =$D72*'Gasoline Cars'!D1792 -> 9.8506039 | G72: =$D72*'Gasoline Cars'!E1792 -> 8.9597559 | H72: =$D72*'Gasoline Cars'!F1792 -> 8.1776437 | I72: =$D72*'Gasoline Cars'!G1792 -> 7.6284998 | J72: =$D72*'Gasoline Cars'!H1792 -> 7.2513293 | K72: =$D72*'Gasoline Cars'!I1792 -> 7.0651596 | L72: =$D72*'Gasoline Cars'!J1792 -> 7.0498159 | ... Z72: =$D72*'Gasoline Cars'!X1792 -> 3.790992e-05
A73: =A41 -> IE-WX | B73: =IF(LEFT(A73,1)="*","*","STOCK") -> STOCK | C73: =C72 -> T-CAR-ICE_GSL00 | D73: =Stock_CSO!G17 -> 25.875 | E73: =$D73*'Gasoline Cars'!C1793 -> 22.363931 | F73: =$D73*'Gasoline Cars'!D1793 -> 20.16715 | G73: =$D73*'Gasoline Cars'!E1793 -> 18.277136 | H73: =$D73*'Gasoline Cars'!F1793 -> 16.640989 | I73: =$D73*'Gasoline Cars'!G1793 -> 15.474192 | J73: =$D73*'Gasoline Cars'!H1793 -> 14.674109 | K73: =$D73*'Gasoline Cars'!I1793 -> 14.234086 | L73: =$D73*'Gasoline Cars'!J1793 -> 14.21718 | ... Z73: =$D73*'Gasoline Cars'!X1793 -> 0.00010227415
A74: =A42 -> IE-WW | B74: =IF(LEFT(A74,1)="*","*","STOCK") -> STOCK | C74: =C73 -> T-CAR-ICE_GSL00 | D74: =Stock_CSO!G18 -> 30.496 | E74: =$D74*'Gasoline Cars'!C1794 -> 26.950406 | F74: =$D74*'Gasoline Cars'!D1794 -> 24.724769 | G74: =$D74*'Gasoline Cars'!E1794 -> 22.760582 | H74: =$D74*'Gasoline Cars'!F1794 -> 21.033513 | I74: =$D74*'Gasoline Cars'!G1794 -> 19.806506 | J74: =$D74*'Gasoline Cars'!H1794 -> 18.999889 | K74: =$D74*'Gasoline Cars'!I1794 -> 18.651085 | L74: =$D74*'Gasoline Cars'!J1794 -> 18.7027 | ... Z74: =$D74*'Gasoline Cars'!X1794 -> 0.00010246087
... A88: =A56 -> IE-MN | B88: =IF(LEFT(A88,1)="*","*","STOCK") -> STOCK | C88: =C87 -> T-CAR-ICE_GSL00 | D88: =Stock_CSO!G32 -> 6.907 | E88: =$D88*'Gasoline Cars'!C1808 -> 6.2181725 | F88: =$D88*'Gasoline Cars'!D1808 -> 5.7887017 | G88: =$D88*'Gasoline Cars'!E1808 -> 5.4121913 | H88: =$D88*'Gasoline Cars'!F1808 -> 5.0682236 | I88: =$D88*'Gasoline Cars'!G1808 -> 4.8298102 | J88: =$D88*'Gasoline Cars'!H1808 -> 4.6591171 | K88: =$D88*'Gasoline Cars'!I1808 -> 4.5916638 | L88: =$D88*'Gasoline Cars'!J1808 -> 4.6326146 | ... Z88: =$D88*'Gasoline Cars'!X1808 -> 2.7645729e-05
A92: ~TFM_INS-TS
A93: Region | B93: Attribute | C93: Pset_PN | D93: 2020 | E93: 2021 | F93: 2022 | G93: 2023 | H93: 2024 | I93: 2025 | J93: 2026 | K93: 2027 | L93: 2028 | M93: 2029 | N93: 2030 | O93: 2031 | P93: 2032 | Q93: 2033 | R93: 2034 | S93: 2035 | T93: 2036 | U93: 2037 | V93: 2038 | W93: 2039 | X93: 2040 | Y93: 2041 | Z93: 2042
A94: =A62 -> IE | B94: =IF(LEFT(A94,1)="*","*","STOCK") -> STOCK | C94: =A7 -> T-CAR-ICE_DST00 | D94: =Stock_CSO!H6 -> 1267.787 | E94: =$D94*'Diesel Cars'!C1782 -> 1243.97 | F94: =$D94*'Diesel Cars'!D1782 -> 1219.8869 | G94: =$D94*'Diesel Cars'!E1782 -> 1188.5985 | H94: =$D94*'Diesel Cars'!F1782 -> 1147.755 | I94: =$D94*'Diesel Cars'!G1782 -> 1099.6877 | J94: =$D94*'Diesel Cars'!H1782 -> 1039.9702 | K94: =$D94*'Diesel Cars'!I1782 -> 967.88226 | L94: =$D94*'Diesel Cars'!J1782 -> 888.6463 | ... Z94: =$D94*'Diesel Cars'!X1782 -> 0.0053114955
A95: =A63 -> IE-CW | B95: =IF(LEFT(A95,1)="*","*","STOCK") -> STOCK | C95: =C94 -> T-CAR-ICE_DST00 | D95: =Stock_CSO!H7 -> 19.614 | E95: =$D95*'Diesel Cars'!C1783 -> 19.107908 | F95: =$D95*'Diesel Cars'!D1783 -> 18.6121 | G95: =$D95*'Diesel Cars'!E1783 -> 18.00012 | H95: =$D95*'Diesel Cars'!F1783 -> 17.226455 | I95: =$D95*'Diesel Cars'!G1783 -> 16.365057 | J95: =$D95*'Diesel Cars'!H1783 -> 15.365164 | K95: =$D95*'Diesel Cars'!I1783 -> 14.204985 | L95: =$D95*'Diesel Cars'!J1783 -> 12.944159 | ... Z95: =$D95*'Diesel Cars'!X1783 -> 7.3686907e-05
A96: =A64 -> IE-D | B96: =IF(LEFT(A96,1)="*","*","STOCK") -> STOCK | C96: =C95 -> T-CAR-ICE_DST00 | D96: =Stock_CSO!H8 -> 244.097 | E96: =$D96*'Diesel Cars'!C1784 -> 241.21778 | F96: =$D96*'Diesel Cars'!D1784 -> 237.85185 | G96: =$D96*'Diesel Cars'!E1784 -> 233.07049 | H96: =$D96*'Diesel Cars'!F1784 -> 226.62857 | I96: =$D96*'Diesel Cars'!G1784 -> 218.68264 | J96: =$D96*'Diesel Cars'!H1784 -> 208.19983 | K96: =$D96*'Diesel Cars'!I1784 -> 195.2117 | L96: =$D96*'Diesel Cars'!J1784 -> 180.82372 | ... Z96: =$D96*'Diesel Cars'!X1784 -> 0.0012348793
A97: =A65 -> IE-KE | B97: =IF(LEFT(A97,1)="*","*","STOCK") -> STOCK | C97: =C96 -> T-CAR-ICE_DST00 | D97: =Stock_CSO!H9 -> 64.718 | E97: =$D97*'Diesel Cars'!C1785 -> 63.639604 | F97: =$D97*'Diesel Cars'!D1785 -> 62.509929 | G97: =$D97*'Diesel Cars'!E1785 -> 61.009478 | H97: =$D97*'Diesel Cars'!F1785 -> 59.022477 | I97: =$D97*'Diesel Cars'!G1785 -> 56.711239 | J97: =$D97*'Diesel Cars'!H1785 -> 53.86905 | K97: =$D97*'Diesel Cars'!I1785 -> 50.373034 | L97: =$D97*'Diesel Cars'!J1785 -> 46.432146 | ... Z97: =$D97*'Diesel Cars'!X1785 -> 0.00026409442
A98: =A66 -> IE-KK | B98: =IF(LEFT(A98,1)="*","*","STOCK") -> STOCK | C98: =C97 -> T-CAR-ICE_DST00 | D98: =Stock_CSO!H10 -> 30.097 | E98: =$D98*'Diesel Cars'!C1786 -> 29.385827 | F98: =$D98*'Diesel Cars'!D1786 -> 28.719237 | G98: =$D98*'Diesel Cars'!E1786 -> 27.898071 | H98: =$D98*'Diesel Cars'!F1786 -> 26.84549 | I98: =$D98*'Diesel Cars'!G1786 -> 25.639429 | J98: =$D98*'Diesel Cars'!H1786 -> 24.168357 | K98: =$D98*'Diesel Cars'!I1786 -> 22.398486 | L98: =$D98*'Diesel Cars'!J1786 -> 20.4476 | ... Z98: =$D98*'Diesel Cars'!X1786 -> 0.00011220181
A99: =A67 -> IE-LS | B99: =IF(LEFT(A99,1)="*","*","STOCK") -> STOCK | C99: =C98 -> T-CAR-ICE_DST00 | D99: =Stock_CSO!H11 -> 25.468 | E99: =$D99*'Diesel Cars'!C1787 -> 24.797427 | F99: =$D99*'Diesel Cars'!D1787 -> 24.150982 | G99: =$D99*'Diesel Cars'!E1787 -> 23.361572 | H99: =$D99*'Diesel Cars'!F1787 -> 22.384934 | I99: =$D99*'Diesel Cars'!G1787 -> 21.3021 | J99: =$D99*'Diesel Cars'!H1787 -> 20.039591 | K99: =$D99*'Diesel Cars'!I1787 -> 18.574234 | L99: =$D99*'Diesel Cars'!J1787 -> 16.967028 | ... Z99: =$D99*'Diesel Cars'!X1787 -> 9.6832576e-05
A100: =A68 -> IE-LD | B100: =IF(LEFT(A100,1)="*","*","STOCK") -> STOCK | C100: =C99 -> T-CAR-ICE_DST00 | D100: =Stock_CSO!H12 -> 12.664 | E100: =$D100*'Diesel Cars'!C1788 -> 12.368338 | F100: =$D100*'Diesel Cars'!D1788 -> 12.083592 | G100: =$D100*'Diesel Cars'!E1788 -> 11.731981 | H100: =$D100*'Diesel Cars'!F1788 -> 11.292406 | I100: =$D100*'Diesel Cars'!G1788 -> 10.797066 | J100: =$D100*'Diesel Cars'!H1788 -> 10.217059 | K100: =$D100*'Diesel Cars'!I1788 -> 9.5326422 | L100: =$D100*'Diesel Cars'!J1788 -> 8.7804568 | ... Z100: =$D100*'Diesel Cars'!X1788 -> 5.3006146e-05
A101: =A69 -> IE-LH | B101: =IF(LEFT(A101,1)="*","*","STOCK") -> STOCK | C101: =C100 -> T-CAR-ICE_DST00 | D101: =Stock_CSO!H13 -> 33.583 | E101: =$D101*'Diesel Cars'!C1789 -> 33.168255 | F101: =$D101*'Diesel Cars'!D1789 -> 32.702744 | G101: =$D101*'Diesel Cars'!E1789 -> 32.064354 | H101: =$D101*'Diesel Cars'!F1789 -> 31.186459 | I101: =$D101*'Diesel Cars'!G1789 -> 30.098264 | J101: =$D101*'Diesel Cars'!H1789 -> 28.72112 | K101: =$D101*'Diesel Cars'!I1789 -> 27.045606 | L101: =$D101*'Diesel Cars'!J1789 -> 25.155357 | ... Z101: =$D101*'Diesel Cars'!X1789 -> 0.0001600073
A102: =A70 -> IE-MH | B102: =IF(LEFT(A102,1)="*","*","STOCK") -> STOCK | C102: =C101 -> T-CAR-ICE_DST00 | D102: =Stock_CSO!H14 -> 60.193 | E102: =$D102*'Diesel Cars'!C1790 -> 59.091661 | F102: =$D102*'Diesel Cars'!D1790 -> 57.960005 | G102: =$D102*'Diesel Cars'!E1790 -> 56.469127 | H102: =$D102*'Diesel Cars'!F1790 -> 54.528876 | I102: =$D102*'Diesel Cars'!G1790 -> 52.276185 | J102: =$D102*'Diesel Cars'!H1790 -> 49.523501 | K102: =$D102*'Diesel Cars'!I1790 -> 46.211533 | L102: =$D102*'Diesel Cars'!J1790 -> 42.560499 | ... Z102: =$D102*'Diesel Cars'!X1790 -> 0.00024758051
A103: =A71 -> IE-OY | B103: =IF(LEFT(A103,1)="*","*","STOCK") -> STOCK | C103: =C102 -> T-CAR-ICE_DST00 | D103: =Stock_CSO!H15 -> 24.713 | E103: =$D103*'Diesel Cars'!C1791 -> 24.105023 | F103: =$D103*'Diesel Cars'!D1791 -> 23.514554 | G103: =$D103*'Diesel Cars'!E1791 -> 22.776863 | H103: =$D103*'Diesel Cars'!F1791 -> 21.83611 | I103: =$D103*'Diesel Cars'!G1791 -> 20.790222 | J103: =$D103*'Diesel Cars'!H1791 -> 19.552146 | K103: =$D103*'Diesel Cars'!I1791 -> 18.077353 | L103: =$D103*'Diesel Cars'!J1791 -> 16.446072 | ... Z103: =$D103*'Diesel Cars'!X1791 -> 8.5064728e-05
A104: =A72 -> IE-WH | B104: =IF(LEFT(A104,1)="*","*","STOCK") -> STOCK | C104: =C103 -> T-CAR-ICE_DST00 | D104: =Stock_CSO!H16 -> 29.417 | E104: =$D104*'Diesel Cars'!C1792 -> 28.78941 | F104: =$D104*'Diesel Cars'!D1792 -> 28.151488 | G104: =$D104*'Diesel Cars'!E1792 -> 27.351693 | H104: =$D104*'Diesel Cars'!F1792 -> 26.332272 | I104: =$D104*'Diesel Cars'!G1792 -> 25.139836 | J104: =$D104*'Diesel Cars'!H1792 -> 23.662591 | K104: =$D104*'Diesel Cars'!I1792 -> 21.903499 | L104: =$D104*'Diesel Cars'!J1792 -> 20.008738 | ... Z104: =$D104*'Diesel Cars'!X1792 -> 0.00010822027
A105: =A73 -> IE-WX | B105: =IF(LEFT(A105,1)="*","*","STOCK") -> STOCK | C105: =C104 -> T-CAR-ICE_DST00 | D105: =Stock_CSO!H17 -> 51.429 | E105: =$D105*'Diesel Cars'!C1793 -> 50.171711 | F105: =$D105*'Diesel Cars'!D1793 -> 48.961896 | G105: =$D105*'Diesel Cars'!E1793 -> 47.455738 | H105: =$D105*'Diesel Cars'!F1793 -> 45.499375 | I105: =$D105*'Diesel Cars'!G1793 -> 43.277465 | J105: =$D105*'Diesel Cars'!H1793 -> 40.637563 | K105: =$D105*'Diesel Cars'!I1793 -> 37.556497 | L105: =$D105*'Diesel Cars'!J1793 -> 34.240615 | ... Z105: =$D105*'Diesel Cars'!X1793 -> 0.00020890097
A106: =A74 -> IE-WW | B106: =IF(LEFT(A106,1)="*","*","STOCK") -> STOCK | C106: =C105 -> T-CAR-ICE_DST00 | D106: =Stock_CSO!H18 -> 38.523 | E106: =$D106*'Diesel Cars'!C1794 -> 37.571327 | F106: =$D106*'Diesel Cars'!D1794 -> 36.609224 | G106: =$D106*'Diesel Cars'!E1794 -> 35.397169 | H106: =$D106*'Diesel Cars'!F1794 -> 33.904005 | I106: =$D106*'Diesel Cars'!G1794 -> 32.238737 | J106: =$D106*'Diesel Cars'!H1794 -> 30.279617 | K106: =$D106*'Diesel Cars'!I1794 -> 27.988788 | L106: =$D106*'Diesel Cars'!J1794 -> 25.453053 | ... Z106: =$D106*'Diesel Cars'!X1794 -> 0.00012732572
... A120: =A88 -> IE-MN | B120: =IF(LEFT(A120,1)="*","*","STOCK") -> STOCK | C120: =C119 -> T-CAR-ICE_DST00 | D120: =Stock_CSO!H32 -> 19.933 | E120: =$D120*'Diesel Cars'!C1808 -> 19.627211 | F120: =$D120*'Diesel Cars'!D1808 -> 19.309566 | G120: =$D120*'Diesel Cars'!E1808 -> 18.900917 | H120: =$D120*'Diesel Cars'!F1808 -> 18.370803 | I120: =$D120*'Diesel Cars'!G1808 -> 17.75521 | J120: =$D120*'Diesel Cars'!H1808 -> 17.015132 | K120: =$D120*'Diesel Cars'!I1808 -> 16.102949 | L120: =$D120*'Diesel Cars'!J1808 -> 15.028643 | ... Z120: =$D120*'Diesel Cars'!X1808 -> 0.00010194334
A124: ~TFM_INS-TS
A125: Region | B125: Attribute | C125: Pset_PN | D125: 2020 | E125: 2021 | F125: 2022 | G125: 2023 | H125: 2024 | I125: 2025 | J125: 2026 | K125: 2027 | L125: 2028 | M125: 2029 | N125: 2030 | O125: 2031 | P125: 2032 | Q125: 2033 | R125: 2034 | S125: 2035 | T125: 2036 | U125: 2037 | V125: 2038 | W125: 2039 | X125: 2040 | Y125: 2041 | Z125: 2042
A126: =A94 -> IE | B126: =IF(LEFT(A126,1)="*","*","STOCK") -> STOCK | C126: =A8 -> T-CAR-ICE_DF00 | D126: 0.067 | E126: =IF($D126*'Gasoline Cars'!C1782<0.01,0,$D126*'Gasoline Cars'!C1782) -> 0.059790758 | F126: =IF($D126*'Gasoline Cars'!D1782<0.01,0,$D126*'Gasoline Cars'!D1782) -> 0.055305449 | G126: =IF($D126*'Gasoline Cars'!E1782<0.01,0,$D126*'Gasoline Cars'!E1782) -> 0.051286454 | H126: =IF($D126*'Gasoline Cars'!F1782<0.01,0,$D126*'Gasoline Cars'!F1782) -> 0.047591016 | I126: =IF($D126*'Gasoline Cars'!G1782<0.01,0,$D126*'Gasoline Cars'!G1782) -> 0.044902175 | J126: =IF($D126*'Gasoline Cars'!H1782<0.01,0,$D126*'Gasoline Cars'!H1782) -> 0.043075783 | K126: =IF($D126*'Gasoline Cars'!I1782<0.01,0,$D126*'Gasoline Cars'!I1782) -> 0.04229316 | L126: =IF($D126*'Gasoline Cars'!J1782<0.01,0,$D126*'Gasoline Cars'!J1782) -> 0.042617175 | ... Z126: =IF($D126*'Gasoline Cars'!X1782<0.01,0,$D126*'Gasoline Cars'!X1782) -> 0
A127: =A95 -> IE-CW | B127: =IF(LEFT(A127,1)="*","*","STOCK") -> STOCK | C127: =C126 -> T-CAR-ICE_DF00 | D127: 0 | E127: =$D127*'Gasoline Cars'!C1783 -> 0 | F127: =$D127*'Gasoline Cars'!D1783 -> 0 | G127: =$D127*'Gasoline Cars'!E1783 -> 0 | H127: =$D127*'Gasoline Cars'!F1783 -> 0 | I127: =$D127*'Gasoline Cars'!G1783 -> 0 | J127: =$D127*'Gasoline Cars'!H1783 -> 0 | K127: =$D127*'Gasoline Cars'!I1783 -> 0 | L127: =$D127*'Gasoline Cars'!J1783 -> 0 | ... Z127: =$D127*'Gasoline Cars'!X1783 -> 0
A128: =A96 -> IE-D | B128: =IF(LEFT(A128,1)="*","*","STOCK") -> STOCK | C128: =C127 -> T-CAR-ICE_DF00 | D128: 0.028 | E128: =$D128*'Gasoline Cars'!C1784 -> 0.025636478 | F128: =$D128*'Gasoline Cars'!D1784 -> 0.02419783 | G128: =$D128*'Gasoline Cars'!E1784 -> 0.022828392 | H128: =$D128*'Gasoline Cars'!F1784 -> 0.021492337 | I128: =$D128*'Gasoline Cars'!G1784 -> 0.020509729 | J128: =$D128*'Gasoline Cars'!H1784 -> 0.019852551 | K128: =$D128*'Gasoline Cars'!I1784 -> 0.019602208 | L128: =$D128*'Gasoline Cars'!J1784 -> 0.019835498 | ... Z128: =$D128*'Gasoline Cars'!X1784 -> 1.300456e-07
A129: =A97 -> IE-KE | B129: =IF(LEFT(A129,1)="*","*","STOCK") -> STOCK | C129: =C128 -> T-CAR-ICE_DF00 | D129: 0.001 | E129: =$D129*'Gasoline Cars'!C1785 -> 0.00090139737 | F129: =$D129*'Gasoline Cars'!D1785 -> 0.00083274839 | G129: =$D129*'Gasoline Cars'!E1785 -> 0.00076985803 | H129: =$D129*'Gasoline Cars'!F1785 -> 0.00071279509 | I129: =$D129*'Gasoline Cars'!G1785 -> 0.00067242397 | J129: =$D129*'Gasoline Cars'!H1785 -> 0.0006464493 | K129: =$D129*'Gasoline Cars'!I1785 -> 0.00063834077 | L129: =$D129*'Gasoline Cars'!J1785 -> 0.00064716565 | ... Z129: =$D129*'Gasoline Cars'!X1785 -> 3.8290465e-09
A130: =A98 -> IE-KK | B130: =IF(LEFT(A130,1)="*","*","STOCK") -> STOCK | C130: =C129 -> T-CAR-ICE_DF00 | D130: 0.001 | E130: =$D130*'Gasoline Cars'!C1786 -> 0.00086644121 | F130: =$D130*'Gasoline Cars'!D1786 -> 0.00078714869 | G130: =$D130*'Gasoline Cars'!E1786 -> 0.00072077037 | H130: =$D130*'Gasoline Cars'!F1786 -> 0.00066185868 | I130: =$D130*'Gasoline Cars'!G1786 -> 0.00061856413 | J130: =$D130*'Gasoline Cars'!H1786 -> 0.00058749263 | K130: =$D130*'Gasoline Cars'!I1786 -> 0.00057156232 | L130: =$D130*'Gasoline Cars'!J1786 -> 0.00056944217 | ... Z130: =$D130*'Gasoline Cars'!X1786 -> 3.3414894e-09
A131: =A99 -> IE-LS | B131: =IF(LEFT(A131,1)="*","*","STOCK") -> STOCK | C131: =C130 -> T-CAR-ICE_DF00 | D131: 0 | E131: =$D131*'Gasoline Cars'!C1787 -> 0 | F131: =$D131*'Gasoline Cars'!D1787 -> 0 | G131: =$D131*'Gasoline Cars'!E1787 -> 0 | H131: =$D131*'Gasoline Cars'!F1787 -> 0 | I131: =$D131*'Gasoline Cars'!G1787 -> 0 | J131: =$D131*'Gasoline Cars'!H1787 -> 0 | K131: =$D131*'Gasoline Cars'!I1787 -> 0 | L131: =$D131*'Gasoline Cars'!J1787 -> 0 | ... Z131: =$D131*'Gasoline Cars'!X1787 -> 0
A132: =A100 -> IE-LD | B132: =IF(LEFT(A132,1)="*","*","STOCK") -> STOCK | C132: =C131 -> T-CAR-ICE_DF00 | D132: 0.002 | E132: =$D132*'Gasoline Cars'!C1788 -> 0.0017400166 | F132: =$D132*'Gasoline Cars'!D1788 -> 0.0015676902 | G132: =$D132*'Gasoline Cars'!E1788 -> 0.0014161742 | H132: =$D132*'Gasoline Cars'!F1788 -> 0.0012815326 | I132: =$D132*'Gasoline Cars'!G1788 -> 0.0011834268 | J132: =$D132*'Gasoline Cars'!H1788 -> 0.0011139779 | K132: =$D132*'Gasoline Cars'!I1788 -> 0.001078245 | L132: =$D132*'Gasoline Cars'!J1788 -> 0.0010778835 | ... Z132: =$D132*'Gasoline Cars'!X1788 -> 6.1708127e-09
A133: =A101 -> IE-LH | B133: =IF(LEFT(A133,1)="*","*","STOCK") -> STOCK | C133: =C132 -> T-CAR-ICE_DF00 | D133: 0.001 | E133: =$D133*'Gasoline Cars'!C1789 -> 0.00093166363 | F133: =$D133*'Gasoline Cars'!D1789 -> 0.00088796757 | G133: =$D133*'Gasoline Cars'!E1789 -> 0.00084524725 | H133: =$D133*'Gasoline Cars'!F1789 -> 0.00080350778 | I133: =$D133*'Gasoline Cars'!G1789 -> 0.00077503041 | J133: =$D133*'Gasoline Cars'!H1789 -> 0.00075762767 | K133: =$D133*'Gasoline Cars'!I1789 -> 0.00075468403 | L133: =$D133*'Gasoline Cars'!J1789 -> 0.00076863003 | ... Z133: =$D133*'Gasoline Cars'!X1789 -> 4.9094774e-09
A134: =A102 -> IE-MH | B134: =IF(LEFT(A134,1)="*","*","STOCK") -> STOCK | C134: =C133 -> T-CAR-ICE_DF00 | D134: 0.002 | E134: =$D134*'Gasoline Cars'!C1790 -> 0.001798422 | F134: =$D134*'Gasoline Cars'!D1790 -> 0.0016575139 | G134: =$D134*'Gasoline Cars'!E1790 -> 0.0015277955 | H134: =$D134*'Gasoline Cars'!F1790 -> 0.0014090443 | I134: =$D134*'Gasoline Cars'!G1790 -> 0.0013248559 | J134: =$D134*'Gasoline Cars'!H1790 -> 0.0012701702 | K134: =$D134*'Gasoline Cars'!I1790 -> 0.0012510883 | L134: =$D134*'Gasoline Cars'!J1790 -> 0.00126404 | ... Z134: =$D134*'Gasoline Cars'!X1790 -> 7.1850451e-09
A135: =A103 -> IE-OY | B135: =IF(LEFT(A135,1)="*","*","STOCK") -> STOCK | C135: =C134 -> T-CAR-ICE_DF00 | D135: 0.003 | E135: =$D135*'Gasoline Cars'!C1791 -> 0.0025528452 | F135: =$D135*'Gasoline Cars'!D1791 -> 0.0022687856 | G135: =$D135*'Gasoline Cars'!E1791 -> 0.0020277134 | H135: =$D135*'Gasoline Cars'!F1791 -> 0.0018176946 | I135: =$D135*'Gasoline Cars'!G1791 -> 0.0016619209 | J135: =$D135*'Gasoline Cars'!H1791 -> 0.0015528168 | K135: =$D135*'Gasoline Cars'!I1791 -> 0.0014968694 | L135: =$D135*'Gasoline Cars'!J1791 -> 0.0014916146 | ... Z135: =$D135*'Gasoline Cars'!X1791 -> 8.6368571e-09
A136: =A104 -> IE-WH | B136: =IF(LEFT(A136,1)="*","*","STOCK") -> STOCK | C136: =C135 -> T-CAR-ICE_DF00 | D136: 0.001 | E136: =$D136*'Gasoline Cars'!C1792 -> 0.0008725684 | F136: =$D136*'Gasoline Cars'!D1792 -> 0.00079038786 | G136: =$D136*'Gasoline Cars'!E1792 -> 0.00071890844 | H136: =$D136*'Gasoline Cars'!F1792 -> 0.00065615371 | I136: =$D136*'Gasoline Cars'!G1792 -> 0.00061209178 | J136: =$D136*'Gasoline Cars'!H1792 -> 0.00058182855 | K136: =$D136*'Gasoline Cars'!I1792 -> 0.00056689076 | L136: =$D136*'Gasoline Cars'!J1792 -> 0.00056565963 | ... Z136: =$D136*'Gasoline Cars'!X1792 -> 3.0417973e-09
A137: =A105 -> IE-WX | B137: =IF(LEFT(A137,1)="*","*","STOCK") -> STOCK | C137: =C136 -> T-CAR-ICE_DF00 | D137: 0.003 | E137: =$D137*'Gasoline Cars'!C1793 -> 0.0025929195 | F137: =$D137*'Gasoline Cars'!D1793 -> 0.0023382203 | G137: =$D137*'Gasoline Cars'!E1793 -> 0.0021190882 | H137: =$D137*'Gasoline Cars'!F1793 -> 0.00192939 | I137: =$D137*'Gasoline Cars'!G1793 -> 0.0017941092 | J137: =$D137*'Gasoline Cars'!H1793 -> 0.0017013459 | K137: =$D137*'Gasoline Cars'!I1793 -> 0.0016503288 | L137: =$D137*'Gasoline Cars'!J1793 -> 0.0016483687 | ... Z137: =$D137*'Gasoline Cars'!X1793 -> 1.1857873e-08
A138: =A106 -> IE-WW | B138: =IF(LEFT(A138,1)="*","*","STOCK") -> STOCK | C138: =C137 -> T-CAR-ICE_DF00 | D138: 0.005 | E138: =$D138*'Gasoline Cars'!C1794 -> 0.0044186789 | F138: =$D138*'Gasoline Cars'!D1794 -> 0.0040537725 | G138: =$D138*'Gasoline Cars'!E1794 -> 0.0037317324 | H138: =$D138*'Gasoline Cars'!F1794 -> 0.0034485692 | I138: =$D138*'Gasoline Cars'!G1794 -> 0.0032473941 | J138: =$D138*'Gasoline Cars'!H1794 -> 0.0031151445 | K138: =$D138*'Gasoline Cars'!I1794 -> 0.003057956 | L138: =$D138*'Gasoline Cars'!J1794 -> 0.0030664185 | ... Z138: =$D138*'Gasoline Cars'!X1794 -> 1.6799068e-08
... A152: =A120 -> IE-MN | B152: =IF(LEFT(A152,1)="*","*","STOCK") -> STOCK | C152: =C151 -> T-CAR-ICE_DF00 | D152: 0 | E152: =$D152*'Gasoline Cars'!C1808 -> 0 | F152: =$D152*'Gasoline Cars'!D1808 -> 0 | G152: =$D152*'Gasoline Cars'!E1808 -> 0 | H152: =$D152*'Gasoline Cars'!F1808 -> 0 | I152: =$D152*'Gasoline Cars'!G1808 -> 0 | J152: =$D152*'Gasoline Cars'!H1808 -> 0 | K152: =$D152*'Gasoline Cars'!I1808 -> 0 | L152: =$D152*'Gasoline Cars'!J1808 -> 0 | ... Z152: =$D152*'Gasoline Cars'!X1808 -> 0
A156: ~TFM_INS-TS
A157: Region | B157: Attribute | C157: Pset_PN | D157: 2020 | E157: 2021 | F157: 2022 | G157: 2023 | H157: 2024 | I157: 2025 | J157: 2026 | K157: 2027 | L157: 2028 | M157: 2029 | N157: 2030 | O157: 2031 | P157: 2032 | Q157: 2033 | R157: 2034 | S157: 2035 | T157: 2036 | U157: 2037 | V157: 2038 | W157: 2039 | X157: 2040 | Y157: 2041 | Z157: 2042
A158: =A126 -> IE | B158: =IF(LEFT(A158,1)="*","*","STOCK") -> STOCK | C158: =A9 -> T-CAR-ICE_E8500 | D158: 8.529 | E158: =IF($D158*'Gasoline Cars'!C1782<0.01,0,$D158*'Gasoline Cars'!C1782) -> 7.6112743 | F158: =IF($D158*'Gasoline Cars'!D1782<0.01,0,$D158*'Gasoline Cars'!D1782) -> 7.0403011 | G158: =IF($D158*'Gasoline Cars'!E1782<0.01,0,$D158*'Gasoline Cars'!E1782) -> 6.5286891 | H158: =IF($D158*'Gasoline Cars'!F1782<0.01,0,$D158*'Gasoline Cars'!F1782) -> 6.0582653 | I158: =IF($D158*'Gasoline Cars'!G1782<0.01,0,$D158*'Gasoline Cars'!G1782) -> 5.7159798 | J158: =IF($D158*'Gasoline Cars'!H1782<0.01,0,$D158*'Gasoline Cars'!H1782) -> 5.4834829 | K158: =IF($D158*'Gasoline Cars'!I1782<0.01,0,$D158*'Gasoline Cars'!I1782) -> 5.3838562 | L158: =IF($D158*'Gasoline Cars'!J1782<0.01,0,$D158*'Gasoline Cars'!J1782) -> 5.4251028 | ... Z158: =IF($D158*'Gasoline Cars'!X1782<0.01,0,$D158*'Gasoline Cars'!X1782) -> 0
A159: =A127 -> IE-CW | B159: =IF(LEFT(A159,1)="*","*","STOCK") -> STOCK | C159: =C158 -> T-CAR-ICE_E8500 | D159: 0.098 | E159: =$D159*'Gasoline Cars'!C1783 -> 0.083494603 | F159: =$D159*'Gasoline Cars'!D1783 -> 0.074112287 | G159: =$D159*'Gasoline Cars'!E1783 -> 0.066263785 | H159: =$D159*'Gasoline Cars'!F1783 -> 0.05941083 | I159: =$D159*'Gasoline Cars'!G1783 -> 0.05449256 | J159: =$D159*'Gasoline Cars'!H1783 -> 0.051087518 | K159: =$D159*'Gasoline Cars'!I1783 -> 0.049148877 | L159: =$D159*'Gasoline Cars'!J1783 -> 0.048593627 | ... Z159: =$D159*'Gasoline Cars'!X1783 -> 3.37372e-07
A160: =A128 -> IE-D | B160: =IF(LEFT(A160,1)="*","*","STOCK") -> STOCK | C160: =C159 -> T-CAR-ICE_E8500 | D160: 0.265 | E160: =$D160*'Gasoline Cars'!C1784 -> 0.24263096 | F160: =$D160*'Gasoline Cars'!D1784 -> 0.22901518 | G160: =$D160*'Gasoline Cars'!E1784 -> 0.21605442 | H160: =$D160*'Gasoline Cars'!F1784 -> 0.20340962 | I160: =$D160*'Gasoline Cars'!G1784 -> 0.19410994 | J160: =$D160*'Gasoline Cars'!H1784 -> 0.18789021 | K160: =$D160*'Gasoline Cars'!I1784 -> 0.1855209 | L160: =$D160*'Gasoline Cars'!J1784 -> 0.18772882 | ... Z160: =$D160*'Gasoline Cars'!X1784 -> 1.2307888e-06
A161: =A129 -> IE-KE | B161: =IF(LEFT(A161,1)="*","*","STOCK") -> STOCK | C161: =C160 -> T-CAR-ICE_E8500 | D161: 0.281 | E161: =$D161*'Gasoline Cars'!C1785 -> 0.25329266 | F161: =$D161*'Gasoline Cars'!D1785 -> 0.2340023 | G161: =$D161*'Gasoline Cars'!E1785 -> 0.21633011 | H161: =$D161*'Gasoline Cars'!F1785 -> 0.20029542 | I161: =$D161*'Gasoline Cars'!G1785 -> 0.18895114 | J161: =$D161*'Gasoline Cars'!H1785 -> 0.18165225 | K161: =$D161*'Gasoline Cars'!I1785 -> 0.17937376 | L161: =$D161*'Gasoline Cars'!J1785 -> 0.18185355 | ... Z161: =$D161*'Gasoline Cars'!X1785 -> 1.0759621e-06
A162: =A130 -> IE-KK | B162: =IF(LEFT(A162,1)="*","*","STOCK") -> STOCK | C162: =C161 -> T-CAR-ICE_E8500 | D162: 0.574 | E162: =$D162*'Gasoline Cars'!C1786 -> 0.49733725 | F162: =$D162*'Gasoline Cars'!D1786 -> 0.45182335 | G162: =$D162*'Gasoline Cars'!E1786 -> 0.41372219 | H162: =$D162*'Gasoline Cars'!F1786 -> 0.37990688 | I162: =$D162*'Gasoline Cars'!G1786 -> 0.35505581 | J162: =$D162*'Gasoline Cars'!H1786 -> 0.33722077 | K162: =$D162*'Gasoline Cars'!I1786 -> 0.32807677 | L162: =$D162*'Gasoline Cars'!J1786 -> 0.32685981 | ... Z162: =$D162*'Gasoline Cars'!X1786 -> 1.9180149e-06
A163: =A131 -> IE-LS | B163: =IF(LEFT(A163,1)="*","*","STOCK") -> STOCK | C163: =C162 -> T-CAR-ICE_E8500 | D163: 0.124 | E163: =$D163*'Gasoline Cars'!C1787 -> 0.10698545 | F163: =$D163*'Gasoline Cars'!D1787 -> 0.095559328 | G163: =$D163*'Gasoline Cars'!E1787 -> 0.085744248 | H163: =$D163*'Gasoline Cars'!F1787 -> 0.077279997 | I163: =$D163*'Gasoline Cars'!G1787 -> 0.071239239 | J163: =$D163*'Gasoline Cars'!H1787 -> 0.067069722 | K163: =$D163*'Gasoline Cars'!I1787 -> 0.064955828 | L163: =$D163*'Gasoline Cars'!J1787 -> 0.06484166 | ... Z163: =$D163*'Gasoline Cars'!X1787 -> 3.8127505e-07
...

Sheet Stock_CSO
A4: Vehicle population in 2019
A5: Region | B5: Motor | C5: T-TAX-ICE_GSL00 | D5: T-TAX-ICE_DST00 | E5: T-TAX-HEV_GSL00 | F5: T-BUS-ICE_DST00 | G5: T-CAR-ICE_GSL00 | H5: T-CAR-ICE_DST00 | I5: T-LGT-ICE_DST00 | J5: T-MGT-ICE_DST00 | K5: T-HGT-ICE_DST00
A6: ='Stock retirement'!A30 -> IE | B6: 41.471 | C6: 1.691 | D6: 17.634 | E6: 2.132 | F6: 11.206 | G6: 861.396 | H6: 1267.787 | I6: 370.708 | J6: 11.207 | K6: 22.797
A7: ='Stock retirement'!A31 -> IE-CW | B7: 0.609 | C7: 0.01 | D7: 0.152 | E7: 0.006 | F7: 0.149 | G7: 9.436 | H7: 19.614 | I7: 5.907 | J7: 0.138 | K7: 0.412
A8: ='Stock retirement'!A32 -> IE-D | B8: 12.986 | C8: 1.045 | D8: 8.654 | E8: 1.674 | F8: 3.262 | G8: 278.007 | H8: 244.097 | I8: 80.75 | J8: 3.015 | K8: 4.177
A9: ='Stock retirement'!A33 -> IE-KE | B9: 2.275 | C9: 0.056 | D9: 0.697 | E9: 0.06 | F9: 0.525 | G9: 41.228 | H9: 64.718 | I9: 17.131 | J9: 0.588 | K9: 1.177
A10: ='Stock retirement'!A34 -> IE-KK | B10: 0.885 | C10: 0.007 | D10: 0.195 | E10: 0.002 | F10: 0.334 | G10: 15.522 | H10: 30.097 | I10: 8.485 | J10: 0.252 | K10: 0.749
A11: ='Stock retirement'!A35 -> IE-LS | B11: 0.507 | C11: 0.009 | D11: 0.196 | E11: 0.021 | F11: 0.211 | G11: 10.818 | H11: 25.468 | I11: 6.336 | J11: 0.21 | K11: 0.471
A12: ='Stock retirement'!A36 -> IE-LD | B12: 0.233 | C12: 0.001 | D12: 0.086 | E12: 0 | F12: 0.101 | G12: 5.06 | H12: 12.664 | I12: 4.183 | J12: 0.145 | K12: 0.293
A13: ='Stock retirement'!A37 -> IE-LH | B13: 0.894 | C13: 0.037 | D13: 0.488 | E13: 0.051 | F13: 0.246 | G13: 19.492 | H13: 33.583 | I13: 8.319 | J13: 0.385 | K13: 0.644
A14: ='Stock retirement'!A38 -> IE-MH | B14: 1.801 | C14: 0.064 | D14: 0.853 | E14: 0.076 | F14: 0.399 | G14: 31.619 | H14: 60.193 | I14: 15.941 | J14: 0.506 | K14: 1.478
A15: ='Stock retirement'!A39 -> IE-OY | B15: 0.692 | C15: 0.011 | D15: 0.146 | E15: 0.004 | F15: 0.219 | G15: 10.542 | H15: 24.713 | I15: 6.708 | J15: 0.163 | K15: 0.346
A16: ='Stock retirement'!A40 -> IE-WH | B16: 0.622 | C16: 0.01 | D16: 0.248 | E16: 0.012 | F16: 0.154 | G16: 12.463 | H16: 29.417 | I16: 8.421 | J16: 0.198 | K16: 0.343
A17: ='Stock retirement'!A41 -> IE-WX | B17: 1.571 | C17: 0.01 | D17: 0.238 | E17: 0.008 | F17: 0.302 | G17: 25.875 | H17: 51.429 | I17: 14.337 | J17: 0.396 | K17: 1.416
... A32: ='Stock retirement'!A56 -> IE-MN | B32: 0.304 | C32: 0.003 | D32: 0.073 | E32: 0 | F32: 0.232 | G32: 6.907 | H32: 19.933 | I32: 8.461 | J32: 0.247 | K32: 1.088
A33: Source: CSO, Table THA17
