Workbook

Sheet Cover
A16: TIMES-Ireland Model
A19: Document type: | B19: Scenario - Parametric
A20: Sector(s): | B20: All
A21: Purpose: | B21: Specify carbon price and tax on sectoral basis
A23: Original developer(s): | B23: Bakytzhan Suleimenov (UCC, bsuleimenov@ucc.ie)
A26: Current maintainer(s): | B26: Bakytzhan Suleimenov (UCC, bsuleimenov@ucc.ie)
A29: Part of TIM version: | B29: 1
A30: Model repository: | B30: https://github.com/MaREI-EPMG/TIMES-Ireland-model
A31: Licence: | B31: CC BY-NC-SA 4.0 (unless specified otherwise)
B32: https://creativecommons.org/licenses/by-nc-sa/4.0/

Sheet Regions
C3: {=IF(LEFT(INDEX(C5:C7,$A$4),1)<>"*",INDEX(C5:C7,$A$4),"")} -> IE | D3: {=IF(LEFT(INDEX(D5:D7,$A$4),1)<>"*",INDEX(D5:D7,$A$4),"")} -> National | E3: {=IF(LEFT(INDEX(E5:E7,$A$4),1)<>"*",INDEX(E5:E7,$A$4),"")} -> IE-CW | F3: {=IF(LEFT(INDEX(F5:F7,$A$4),1)<>"*",INDEX(F5:F7,$A$4),"")} -> IE-D | G3: {=IF(LEFT(INDEX(G5:G7,$A$4),1)<>"*",INDEX(G5:G7,$A$4),"")} -> IE-KE | H3: {=IF(LEFT(INDEX(H5:H7,$A$4),1)<>"*",INDEX(H5:H7,$A$4),"")} -> IE-KK | I3: {=IF(LEFT(INDEX(I5:I7,$A$4),1)<>"*",INDEX(I5:I7,$A$4),"")} -> IE-LS | J3: {=IF(LEFT(INDEX(J5:J7,$A$4),1)<>"*",INDEX(J5:J7,$A$4),"")} -> IE-LD | ... AD3: {=IF(LEFT(INDEX(AD5:AD7,$A$4),1)<>"*",INDEX(AD5:AD7,$A$4),"")} -> IE-MN
A4: 1
A5: Development | C5: IE | D5: National | E5: =Regions!A11 -> IE-CW | F5: =Regions!A16 -> IE-D | G5: =Regions!A19 -> IE-KE | H5: =Regions!A20 -> IE-KK | I5: =Regions!A21 -> IE-LS | J5: =Regions!A24 -> IE-LD | K5: =Regions!A25 -> IE-LH | L5: =Regions!A27 -> IE-MH | M5: =Regions!A29 -> IE-OY | N5: =Regions!A34 -> IE-WH | O5: =Regions!A35 -> IE-WX | P5: =Regions!A36 -> IE-WW | Q5: =Regions!A13 -> IE-CE | R5: =Regions!A14 -> IE-CO | S5: =Regions!A18 -> IE-KY | T5: =Regions!A23 -> IE-LK | U5: =Regions!A32 -> IE-TA | V5: =Regions!A33 -> IE-WD | W5: =Regions!A17 -> IE-G | X5: =Regions!A22 -> IE-LM | Y5: =Regions!A26 -> IE-MO | Z5: =Regions!A30 -> IE-RN | AA5: =Regions!A31 -> IE-SO | AB5: =Regions!A12 -> IE-CN | AC5: =Regions!A15 -> IE-DL | AD5: =Regions!A28 -> IE-MN
A6: Single-region | C6: =C5 -> IE | D6: =IF(LEFT(D5,1)<>"*","*"&D5,D5) -> *National | E6: =IF(LEFT(E5,1)<>"*","*"&E5,E5) -> *IE-CW | F6: =IF(LEFT(F5,1)<>"*","*"&F5,F5) -> *IE-D | G6: =IF(LEFT(G5,1)<>"*","*"&G5,G5) -> *IE-KE | H6: =IF(LEFT(H5,1)<>"*","*"&H5,H5) -> *IE-KK | I6: =IF(LEFT(I5,1)<>"*","*"&I5,I5) -> *IE-LS | J6: =IF(LEFT(J5,1)<>"*","*"&J5,J5) -> *IE-LD | K6: =IF(LEFT(K5,1)<>"*","*"&K5,K5) -> *IE-LH | ... AD6: =IF(LEFT(AD5,1)<>"*","*"&AD5,AD5) -> *IE-MN
A7: Multi-region | C7: ="*"&C5 -> *IE | D7: =D5 -> National | E7: =E5 -> IE-CW | F7: =F5 -> IE-D | G7: =G5 -> IE-KE | H7: =H5 -> IE-KK | I7: =I5 -> IE-LS | J7: =J5 -> IE-LD | K7: =K5 -> IE-LH | ... AD7: =AD5 -> IE-MN
A10: Code | B10: County name
A11: IE-CW | B11: Carlow
A12: IE-CN | B12: Cavan
A13: IE-CE | B13: Clare
A14: IE-CO | B14: Cork
A15: IE-DL | B15: Donegal
A16: IE-D | B16: Dublin
A17: IE-G | B17: Galway
A18: IE-KY | B18: Kerry
A19: IE-KE | B19: Kildare
A20: IE-KK | B20: Kilkenny
A21: IE-LS | B21: Laois
... A36: IE-WW | B36: Wicklow
A37: Source: https://en.wikipedia.org/wiki/ISO_3166-2:IE

Sheet config
B2: ~InputCell:1-4
B3: 1
H6: Case # | I6: Carbon tax, non-ETS | J6: Carbon price, ETS
H7: 1 | I7: 0 | J7: 0
H8: 2 | I8: 0.05 | J8: 0.05
H9: 3 | I9: 0.1 | J9: 0.1
H10: 4 | I10: 0.15 | J10: 0.15
I13: Carbon tax, non-ETS | J13: Carbon price, ETS
H14: 2018 | I14: 20 | J14: 25
H15: 2019 | I15: 20 | J15: 25
H16: 2020 | I16: 26 | J16: 25
H17: 2021 | I17: 33.5 | J17: =$J$16+($J$20-$J$16)*(H17-$H$16)/($H$20-$H$16) -> 35
H18: 2022 | I18: 41 | J18: =$J$16+($J$20-$J$16)*(H18-$H$16)/($H$20-$H$16) -> 45
H19: 2023 | I19: 48.5 | J19: =$J$16+($J$20-$J$16)*(H19-$H$16)/($H$20-$H$16) -> 55
H20: 2024 | I20: 56 | J20: 65
H21: 2025 | I21: 63.5 | J21: =$J$20+($J$31-$J$20)*(H21-$H$20)/($H$31-$H$20) -> 75.181818
H22: 2026 | I22: 71 | J22: =$J$20+($J$31-$J$20)*(H22-$H$20)/($H$31-$H$20) -> 85.363636
H23: 2027 | I23: 78.5 | J23: =$J$20+($J$31-$J$20)*(H23-$H$20)/($H$31-$H$20) -> 95.545455
H24: 2028 | I24: 86 | J24: =$J$20+($J$31-$J$20)*(H24-$H$20)/($H$31-$H$20) -> 105.72727
H25: 2029 | I25: 93.5 | J25: =$J$20+($J$31-$J$20)*(H25-$H$20)/($H$31-$H$20) -> 115.90909
H26: 2030 | I26: 100 | J26: =$J$20+($J$31-$J$20)*(H26-$H$20)/($H$31-$H$20) -> 126.09091
H27: 2031 | I27: 106.5 | J27: =$J$20+($J$31-$J$20)*(H27-$H$20)/($H$31-$H$20) -> 136.27273
H28: 2032 | I28: 113 | J28: =$J$20+($J$31-$J$20)*(H28-$H$20)/($H$31-$H$20) -> 146.45455
H29: 2033 | I29: 119.5 | J29: =$J$20+($J$31-$J$20)*(H29-$H$20)/($H$31-$H$20) -> 156.63636
H30: 2034 | I30: 126 | J30: =$J$20+($J$31-$J$20)*(H30-$H$20)/($H$31-$H$20) -> 166.81818
H31: 2035 | I31: 132.5 | J31: 177
H32: 2036 | I32: 139 | J32: =+$J$31*I32/$I$31 -> 185.68302
H33: 2037 | I33: 145.5 | J33: =+$J$31*I33/$I$31 -> 194.36604
H34: 2038 | I34: 152 | J34: =+$J$31*I34/$I$31 -> 203.04906
H35: 2039 | I35: 158.5 | J35: =+$J$31*I35/$I$31 -> 211.73208
H36: 2040 | I36: 166 | J36: =+$J$31*I36/$I$31 -> 221.75094
H37: 2041 | I37: 173.5 | J37: =+$J$31*I37/$I$31 -> 231.76981
H38: 2042 | I38: 181 | J38: =+$J$31*I38/$I$31 -> 241.78868
H39: 2043 | I39: 188.5 | J39: =+$J$31*I39/$I$31 -> 251.80755
H40: 2044 | I40: 196 | J40: =+$J$31*I40/$I$31 -> 261.82642
H41: 2045 | I41: 204.5 | J41: =+$J$31*I41/$I$31 -> 273.18113
H42: 2046 | I42: 214 | J42: =+$J$31*I42/$I$31 -> 285.8717
H43: 2047 | I43: 224.5 | J43: =+$J$31*I43/$I$31 -> 299.89811
... H46: 2050 | I46: 262 | J46: =+$J$31*I46/$I$31 -> 349.99245

Sheet CO2price
B2: ~TFM_INS-TS
B3: TimeSlice | C3: LimType | D3: Attribute | E3: region | F3: Cset_CN | G3: 2018 | H3: 2019 | I3: 2020 | J3: 2021 | K3: 2022 | L3: 2023 | M3: 2024 | N3: 2025 | O3: 2026 | P3: 2027 | Q3: 2028 | R3: 2029 | S3: 2030 | T3: 2031 | U3: 2032 | V3: 2033 | W3: 2034 | X3: 2035 | Y3: 2036 | Z3: 2037 | AA3: 2038 | AB3: 2039 | AC3: 2040 | AD3: 2041 | AE3: 2042 | AF3: 2043 | AG3: 2044 | AH3: 2045 | AI3: 2046 | AJ3: 2047 | AK3: 2048 | AL3: 2049 | AM3: 2050
D4: COM_TAXNET | E4: IE | F4: AGRCO2N,NOETSCO2,RSDCO2,SRVCO2N,TRACO2N | G4: =(+VLOOKUP(G3,config!$H$13:$J$46,2,FALSE))/1000 -> 0.02 | H4: =(+VLOOKUP(H3,config!$H$13:$J$46,2,FALSE))/1000 -> 0.02 | I4: =(+VLOOKUP(I3,config!$H$13:$J$46,2,FALSE))/1000 -> 0.026 | J4: =(+VLOOKUP(J3,config!$H$13:$J$46,2,FALSE))/1000 -> 0.0335 | K4: =(+VLOOKUP(K3,config!$H$13:$J$46,2,FALSE))/1000 -> 0.041 | L4: =(+VLOOKUP(L3,config!$H$13:$J$46,2,FALSE))/1000 -> 0.0485 | M4: =(+VLOOKUP(M3,config!$H$13:$J$46,2,FALSE))/1000 -> 0.056 | N4: =(+VLOOKUP(N3,config!$H$13:$J$46,2,FALSE))/1000 -> 0.0635 | ... S4: =(+VLOOKUP(S3,config!$H$13:$J$46,2,FALSE))/1000 -> 0.1 | T4: =(+VLOOKUP(T3,config!$H$13:$J$46,2,FALSE)*(1+VLOOKUP(config!$B$3,config!$H$6:$J$10,2,FALSE)))/1000 -> 0.1065 | U4: =(+VLOOKUP(U3,config!$H$13:$J$46,2,FALSE)*(1+VLOOKUP(config!$B$3,config!$H$6:$J$10,2,FALSE)))/1000 -> 0.113 | V4: =(+VLOOKUP(V3,config!$H$13:$J$46,2,FALSE)*(1+VLOOKUP(config!$B$3,config!$H$6:$J$10,2,FALSE)))/1000 -> 0.1195 | W4: =(+VLOOKUP(W3,config!$H$13:$J$46,2,FALSE)*(1+VLOOKUP(config!$B$3,config!$H$6:$J$10,2,FALSE)))/1000 -> 0.126 | X4: =(+VLOOKUP(X3,config!$H$13:$J$46,2,FALSE)*(1+VLOOKUP(config!$B$3,config!$H$6:$J$10,2,FALSE)))/1000 -> 0.1325 | Y4: =(+VLOOKUP(Y3,config!$H$13:$J$46,2,FALSE)*(1+VLOOKUP(config!$B$3,config!$H$6:$J$10,2,FALSE)))/1000 -> 0.139 | Z4: =(+VLOOKUP(Z3,config!$H$13:$J$46,2,FALSE)*(1+VLOOKUP(config!$B$3,config!$H$6:$J$10,2,FALSE)))/1000 -> 0.1455 | AA4: =(+VLOOKUP(AA3,config!$H$13:$J$46,2,FALSE)*(1+VLOOKUP(config!$B$3,config!$H$6:$J$10,2,FALSE)))/1000 -> 0.152 | ... AM4: =(+VLOOKUP(AM3,config!$H$13:$J$46,2,FALSE)*(1+VLOOKUP(config!$B$3,config!$H$6:$J$10,2,FALSE)))/1000 -> 0.262
D5: COM_TAXNET | E5: IE | F5: ETSCO2,INDCO2P | G5: =(+VLOOKUP(G3,config!$H$13:$J$46,3,FALSE))/1000 -> 0.025 | H5: =(+VLOOKUP(H3,config!$H$13:$J$46,3,FALSE))/1000 -> 0.025 | I5: =(+VLOOKUP(I3,config!$H$13:$J$46,3,FALSE))/1000 -> 0.025 | J5: =(+VLOOKUP(J3,config!$H$13:$J$46,3,FALSE))/1000 -> 0.035 | K5: =(+VLOOKUP(K3,config!$H$13:$J$46,3,FALSE))/1000 -> 0.045 | L5: =(+VLOOKUP(L3,config!$H$13:$J$46,3,FALSE))/1000 -> 0.055 | M5: =(+VLOOKUP(M3,config!$H$13:$J$46,3,FALSE))/1000 -> 0.065 | N5: =(+VLOOKUP(N3,config!$H$13:$J$46,3,FALSE))/1000 -> 0.075181818 | ... S5: =(+VLOOKUP(S3,config!$H$13:$J$46,3,FALSE))/1000 -> 0.12609091 | T5: =(+VLOOKUP(T3,config!$H$13:$J$46,3,FALSE)*(1+VLOOKUP(config!$B$3,config!$H$6:$J$10,3,FALSE)))/1000 -> 0.13627273 | U5: =(+VLOOKUP(U3,config!$H$13:$J$46,3,FALSE)*(1+VLOOKUP(config!$B$3,config!$H$6:$J$10,3,FALSE)))/1000 -> 0.14645455 | V5: =(+VLOOKUP(V3,config!$H$13:$J$46,3,FALSE)*(1+VLOOKUP(config!$B$3,config!$H$6:$J$10,3,FALSE)))/1000 -> 0.15663636 | W5: =(+VLOOKUP(W3,config!$H$13:$J$46,3,FALSE)*(1+VLOOKUP(config!$B$3,config!$H$6:$J$10,3,FALSE)))/1000 -> 0.16681818 | X5: =(+VLOOKUP(X3,config!$H$13:$J$46,3,FALSE)*(1+VLOOKUP(config!$B$3,config!$H$6:$J$10,3,FALSE)))/1000 -> 0.177 | Y5: =(+VLOOKUP(Y3,config!$H$13:$J$46,3,FALSE)*(1+VLOOKUP(config!$B$3,config!$H$6:$J$10,3,FALSE)))/1000 -> 0.18568302 | Z5: =(+VLOOKUP(Z3,config!$H$13:$J$46,3,FALSE)*(1+VLOOKUP(config!$B$3,config!$H$6:$J$10,3,FALSE)))/1000 -> 0.19436604 | AA5: =(+VLOOKUP(AA3,config!$H$13:$J$46,3,FALSE)*(1+VLOOKUP(config!$B$3,config!$H$6:$J$10,3,FALSE)))/1000 -> 0.20304906 | ... AM5: =(+VLOOKUP(AM3,config!$H$13:$J$46,3,FALSE)*(1+VLOOKUP(config!$B$3,config!$H$6:$J$10,3,FALSE)))/1000 -> 0.34999245
B10: 1000
