Workbook

Sheet WEM_WAM deployments
A1: WEM | B1: Units | C1: 2018 | D1: 2019 | E1: 2020 | F1: 2021 | G1: 2022 | H1: 2023 | I1: 2024 | J1: 2025 | K1: 2026 | L1: 2027 | M1: 2028 | N1: 2029 | O1: 2030 | P1: 2031 | Q1: 2032 | R1: 2033 | S1: 2034 | T1: 2035 | U1: 2036 | V1: 2037 | W1: 2038 | X1: 2039 | Y1: 2040 | Z1: 2041 | AA1: 2042 | AB1: 2043 | AC1: 2044 | AD1: 2045 | AE1: 2046 | AF1: 2047 | AG1: 2048 | AH1: 2049 | AI1: 2050
A2: BEVs | B2: # vehicles | J2: 98415 | K2: =J2+(($O2-$J2)/5) -> 132814.4 | L2: =K2+(($O2-$J2)/5) -> 167213.8 | M2: =L2+(($O2-$J2)/5) -> 201613.2 | N2: =M2+(($O2-$J2)/5) -> 236012.6 | O2: 270412 | AL2: SEAI
A3: PHEVs | B3: # vehicles | J3: 88430 | K3: =J3+(($O3-$J3)/5) -> 126626 | L3: =K3+(($O3-$J3)/5) -> 164822 | M3: =L3+(($O3-$J3)/5) -> 203018 | N3: =M3+(($O3-$J3)/5) -> 241214 | O3: 279410 | AL3: EPA
A4: Electric Buses | B4: # vehicles | H4: 61 | I4: 282 | J4: =I4 -> 282 | K4: =J4 -> 282 | L4: =K4 -> 282 | M4: =L4 -> 282 | N4: =M4 -> 282 | O4: =N4 -> 282 | AL4: European Alternative Fuels Observatory
A5: PHEV LGV | B5: # vehicles | J5: 1200 | K5: =J5+(($O5-$J5)/5) -> 1860 | L5: =K5+(($O5-$J5)/5) -> 2520 | M5: =L5+(($O5-$J5)/5) -> 3180 | N5: =M5+(($O5-$J5)/5) -> 3840 | O5: 4500 | AL5: calculated
A6: Battery Electric Trucks (LGV + HGV) | B6: # vehicles | J6: =SUM(J7:J8) -> 4810 | K6: =J6+(($O6-$J6)/5) -> 5978 | L6: =K6+(($O6-$J6)/5) -> 7146 | M6: =L6+(($O6-$J6)/5) -> 8314 | N6: =M6+(($O6-$J6)/5) -> 9482 | O6: =SUM(O7:O8) -> 10650
A7: LGV | B7: # vehicles | J7: 4800 | K7: =J7+(($O7-$J7)/5) -> 5940 | L7: =K7+(($O7-$J7)/5) -> 7080 | M7: =L7+(($O7-$J7)/5) -> 8220 | N7: =M7+(($O7-$J7)/5) -> 9360 | O7: 10500
A8: HGV | B8: # vehicles | J8: 10 | K8: =J8+(($O8-$J8)/5) -> 38 | L8: =K8+(($O8-$J8)/5) -> 66 | M8: =L8+(($O8-$J8)/5) -> 94 | N8: =M8+(($O8-$J8)/5) -> 122 | O8: 150
A9: Onshore wind | B9: MW | I9: 5318 | J9: 5568 | K9: 5818 | L9: 6068 | M9: 6318 | N9: 6568 | O9: 6818 | P9: 7068 | Q9: 7168 | R9: 7268 | S9: 7368 | T9: 7468 | U9: 7568 | V9: 7668 | W9: 7768 | X9: 7868 | Y9: 7968
A10: Offshore wind | B10: MW | I10: 25 | J10: 25 | K10: 25 | L10: 25 | M10: 25 | N10: 850 | O10: 2650 | P10: 3500 | Q10: 3850 | R10: 4200 | S10: 4550 | T10: 4900 | U10: 5250 | V10: 5600 | W10: 5950 | X10: 6300 | Y10: 6650
A11: Solar | B11: MW | I11: 1140 | J11: 2151 | K11: 2524 | L11: 3544 | M11: 4079 | N11: 4864 | O11: 5700 | P11: 5984 | Q11: 6184 | R11: 6384 | S11: 6584 | T11: 6784 | U11: 6984 | V11: 7184 | W11: 7384 | X11: 7584 | Y11: 7784
A12: Biofuel Blending Ethanol (transport) | B12: % share | J12: 10 | K12: =J12+(($O12-$J12)/5) -> 10 | L12: =K12+(($O12-$J12)/5) -> 10 | M12: =L12+(($O12-$J12)/5) -> 10 | N12: =M12+(($O12-$J12)/5) -> 10 | O12: 10
A13: Biofuel Blending Biodiesel (transport) | B13: % share | J13: 12 | K13: =J13+(($O13-$J13)/5) -> 13.6 | L13: =K13+(($O13-$J13)/5) -> 15.2 | M13: =L13+(($O13-$J13)/5) -> 16.8 | N13: =M13+(($O13-$J13)/5) -> 18.4 | O13: 20
A14: Biomethane | B14: TWh | J14: 0 | K14: =J14+(($O14-$J14)/5) -> 0.2 | L14: =K14+(($O14-$J14)/5) -> 0.4 | M14: =L14+(($O14-$J14)/5) -> 0.6 | N14: =M14+(($O14-$J14)/5) -> 0.8 | O14: 1
A15: Retrofits | B15: # Homes B2 (total) | C15: 2566 | D15: 4989 | E15: 8264 | F15: 12603 | G15: 21079 | H15: 38679 | I15: 60496 | J15: 86728 | K15: =Calculations!K3 -> 114601.4 | L15: =Calculations!L3 -> 146308.5 | M15: =Calculations!M3 -> 181849.3 | N15: =Calculations!N3 -> 221223.8 | O15: =Calculations!O3 -> 264432
A16: Heat Pumps (Residential) | B16: # Heat Pumps (total) | C16: 229 | D16: 1358 | E16: 2813 | F16: 4784 | G16: 7056 | H16: 10823 | I16: 14423 | J16: 18770 | K16: =J16+(($O16-$J16)/5) -> 31296 | L16: =K16+(($O16-$J16)/5) -> 43822 | M16: =L16+(($O16-$J16)/5) -> 56348 | N16: =M16+(($O16-$J16)/5) -> 68874 | O16: 81400
A17: District Heating (Residential) | B17: TWh | J17: 0 | K17: =J17+(($O17-$J17)/5) -> 0.0128 | L17: =K17+(($O17-$J17)/5) -> 0.0256 | M17: =L17+(($O17-$J17)/5) -> 0.0384 | N17: =M17+(($O17-$J17)/5) -> 0.0512 | O17: 0.064
A18: District Heating (Commercial) | B18: TWh | G18: 0.0045 | H18: =G18+($K$18-$G$18)/4 -> 0.005875 | I18: =H18+($K$18-$G$18)/4 -> 0.00725 | J18: =I18+($K$18-$G$18)/4 -> 0.008625 | K18: 0.01 | L18: =K18+($O$18-$K$18)/4 -> 0.01 | M18: =L18+($O$18-$K$18)/4 -> 0.01 | N18: =M18+($O$18-$K$18)/4 -> 0.01 | O18: 0.01
A21: WAM | B21: Units | C21: 2018 | D21: 2019 | E21: 2020 | F21: 2021 | G21: 2022 | H21: 2023 | I21: 2024 | J21: 2025 | K21: 2026 | L21: 2027 | M21: 2028 | N21: 2029 | O21: 2030 | P21: 2031 | Q21: 2032 | R21: 2033 | S21: 2034 | T21: 2035 | U21: 2036 | V21: 2037 | W21: 2038 | X21: 2039 | Y21: 2040 | Z21: 2041 | AA21: 2042 | AB21: 2043 | AC21: 2044 | AD21: 2045 | AE21: 2046 | AF21: 2047 | AG21: 2048 | AH21: 2049 | AI21: 2050
A22: =A2 -> BEVs | B22: =B2 -> # vehicles | J22: 101505 | K22: =J22+($O22-$J22)/5 -> 147352 | L22: =K22+($O22-$J22)/5 -> 193199 | M22: =L22+($O22-$J22)/5 -> 239046 | N22: =M22+($O22-$J22)/5 -> 284893 | O22: 330740
A23: =A3 -> PHEVs | B23: =B3 -> # vehicles | J23: 88430 | K23: =J23+($O23-$J23)/5 -> 126626 | L23: =K23+($O23-$J23)/5 -> 164822 | M23: =L23+($O23-$J23)/5 -> 203018 | N23: =M23+($O23-$J23)/5 -> 241214 | O23: 279410
A24: =A4 -> Electric Buses | B24: =B4 -> # vehicles | H24: =H4 -> 61 | I24: =I4 -> 282 | J24: =I24+($O$24-$I$24)/6 -> 459 | K24: =J24+($O$24-$I$24)/6 -> 636 | L24: =K24+($O$24-$I$24)/6 -> 813 | M24: =L24+($O$24-$I$24)/6 -> 990 | N24: =M24+($O$24-$I$24)/6 -> 1167 | O24: 1344
A25: =A5 -> PHEV LGV | B25: =B5 -> # vehicles | J25: 1200 | K25: =J25+($O25-$J25)/5 -> 2160 | L25: =K25+($O25-$J25)/5 -> 3120 | M25: =L25+($O25-$J25)/5 -> 4080 | N25: =M25+($O25-$J25)/5 -> 5040 | O25: 6000
A26: =A6 -> Battery Electric Trucks (LGV + HGV) | B26: =B6 -> # vehicles | J26: =SUM(J27:J28) -> 4810 | K26: =J26+($O26-$J26)/5 -> 8768 | L26: =K26+($O26-$J26)/5 -> 12726 | M26: =L26+($O26-$J26)/5 -> 16684 | N26: =M26+($O26-$J26)/5 -> 20642 | O26: =SUM(O27:O28) -> 24600
A27: =A7 -> LGV | B27: =B7 -> # vehicles | J27: 4800 | K27: =J27+($O27-$J27)/5 -> 8640 | L27: =K27+($O27-$J27)/5 -> 12480 | M27: =L27+($O27-$J27)/5 -> 16320 | N27: =M27+($O27-$J27)/5 -> 20160 | O27: 24000
A28: =A8 -> HGV | B28: =B8 -> # vehicles | J28: 10 | K28: =J28+($O28-$J28)/5 -> 128 | L28: =K28+($O28-$J28)/5 -> 246 | M28: =L28+($O28-$J28)/5 -> 364 | N28: =M28+($O28-$J28)/5 -> 482 | O28: 600
A29: =A9 -> Onshore wind | B29: =B9 -> MW | I29: 5318 | J29: 5824 | K29: 6065 | L29: 6565 | M29: 6805 | N29: 7105 | O29: 7155 | P29: 7355 | Q29: 7555 | R29: 7755 | S29: 7955 | T29: 8155 | U29: 8355 | V29: 8555 | W29: 8755 | X29: 8955 | Y29: 9155
A30: =A10 -> Offshore wind | B30: =B10 -> MW | I30: 25 | J30: 25 | K30: 25 | L30: 25 | M30: 850 | N30: 2650 | O30: 4000 | P30: 5000 | Q30: 5700 | R30: 6500 | S30: 7100 | T30: 7800 | U30: 8500 | V30: 9200 | W30: 9900 | X30: 10600 | Y30: 11300
A31: =A11 -> Solar | B31: =B11 -> MW | I31: 1194 | J31: 2249 | K31: 2687 | L31: 3575 | M31: 4192 | N31: 5324 | O31: 6500 | P31: 6750 | Q31: 7050 | R31: 7350 | S31: 7650 | T31: 7950 | U31: 8250 | V31: 8550 | W31: 8850 | X31: 9150 | Y31: 9450
A32: =A12 -> Biofuel Blending Ethanol (transport) | B32: =B12 -> % share | J32: 10 | K32: =J32+($O32-$J32)/5 -> 10 | L32: =K32+($O32-$J32)/5 -> 10 | M32: =L32+($O32-$J32)/5 -> 10 | N32: =M32+($O32-$J32)/5 -> 10 | O32: 10
A33: =A13 -> Biofuel Blending Biodiesel (transport) | B33: =B13 -> % share | J33: 12 | K33: =J33+($O33-$J33)/5 -> 13.6 | L33: =K33+($O33-$J33)/5 -> 15.2 | M33: =L33+($O33-$J33)/5 -> 16.8 | N33: =M33+($O33-$J33)/5 -> 18.4 | O33: 20
A34: =A14 -> Biomethane | B34: =B14 -> TWh | J34: 0 | K34: =J34+($O34-$J34)/5 -> 0.86 | L34: =K34+($O34-$J34)/5 -> 1.72 | M34: =L34+($O34-$J34)/5 -> 2.58 | N34: =M34+($O34-$J34)/5 -> 3.44 | O34: 4.3
A35: =A15 -> Retrofits | B35: =B15 -> # Homes B2 (total) | C35: =C15 -> 2566 | D35: =D15 -> 4989 | E35: =E15 -> 8264 | F35: =F15 -> 12603 | G35: =G15 -> 21079 | H35: =H15 -> 38679 | I35: =I15 -> 60496 | J35: 120000 | K35: =J35+($O35-$J35)/5 -> 106000 | L35: =K35+($O35-$J35)/5 -> 92000 | M35: =L35+($O35-$J35)/5 -> 78000 | N35: =M35+($O35-$J35)/5 -> 64000 | O35: 50000
A36: =A16 -> Heat Pumps (Residential) | B36: =B16 -> # Heat Pumps (total) | C36: =C16 -> 229 | D36: =D16 -> 1358 | E36: =E16 -> 2813 | F36: =F16 -> 4784 | G36: =G16 -> 7056 | H36: =H16 -> 10823 | ... J36: =J16 -> 18770 | K36: =J36+($O36-$J36)/5 -> 43616 | L36: =K36+($O36-$J36)/5 -> 68462 | M36: =L36+($O36-$J36)/5 -> 93308 | N36: =M36+($O36-$J36)/5 -> 118154 | O36: 143000
A37: =A17 -> District Heating (Residential) | B37: =B17 -> TWh | J37: 0 | K37: =J37+($O37-$J37)/5 -> 0.0128 | L37: =K37+($O37-$J37)/5 -> 0.0256 | M37: =L37+($O37-$J37)/5 -> 0.0384 | N37: =M37+($O37-$J37)/5 -> 0.0512 | O37: 0.064
A38: =A18 -> District Heating (Commercial) | B38: =B18 -> TWh | G38: =G18 -> 0.0045 | H38: =H18 -> 0.005875 | I38: =I18 -> 0.00725 | J38: =J18 -> 0.008625 | K38: =K18 -> 0.01 | L38: =K38+($O$38-$K$38)/4 -> 0.045 | M38: =L38+($O$38-$K$38)/4 -> 0.08 | N38: =M38+($O$38-$K$38)/4 -> 0.115 | O38: 0.15

Sheet Calculations
C1: 1 | D1: 2 | E1: 3 | F1: 4 | G1: 5 | H1: 6 | I1: 7 | J1: 8 | K1: 9 | L1: 10 | M1: 11 | N1: 12 | O1: 13
A2: WEM | B2: Units | C2: 2018 | D2: 2019 | E2: 2020 | F2: 2021 | G2: 2022 | H2: 2023 | I2: 2024 | J2: 2025 | K2: 2026 | L2: 2027 | M2: 2028 | N2: 2029 | O2: 2030 | P2: 2031 | Q2: 2032 | R2: 2033 | S2: 2034 | T2: 2035 | U2: 2036 | V2: 2037 | W2: 2038 | X2: 2039 | Y2: 2040 | Z2: 2041 | AA2: 2042 | AB2: 2043 | AC2: 2044 | AD2: 2045 | AE2: 2046 | AF2: 2047 | AG2: 2048 | AH2: 2049 | AI2: 2050
A3: Retrofits | B3: # Homes B2 (total) | C3: 2566 | D3: 4989 | E3: 8264 | F3: 12603 | G3: 21079 | H3: 38679 | I3: 60496 | J3: 86728 | K3: =J3+K4 -> 114601.4 | L3: =K3+L4 -> 146308.5 | M3: =L3+M4 -> 181849.3 | N3: =M3+N4 -> 221223.8 | O3: =N3+O4 -> 264432
B4: (annual) | C4: 811 | D4: =D3-C3 -> 2423 | E4: =E3-D3 -> 3275 | F4: =F3-E3 -> 4339 | G4: =G3-F3 -> 8476 | H4: =H3-G3 -> 17600 | I4: =I3-H3 -> 21817 | J4: =J3-I3 -> 26232 | K4: =(3833.7*K1)-6629.9 -> 27873.4 | L4: =(3833.7*L1)-6629.9 -> 31707.1 | M4: =(3833.7*M1)-6629.9 -> 35540.8 | N4: =(3833.7*N1)-6629.9 -> 39374.5 | O4: =(3833.7*O1)-6629.9 -> 43208.2
B22: elec gen renewables copied from 2025 SEAI dess rates of gen tech deployment report: https://www.seai.ie/sites/default/files/publications/dess-rates-of-generation-technology-deployment.pdf

Sheet Yearly
A1: WEM | B1: Units | C1: 2018 | D1: 2019 | E1: 2020 | F1: 2021 | G1: 2022 | H1: 2023 | I1: 2024 | J1: 2025 | K1: 2026 | L1: 2027 | M1: 2028 | N1: 2029 | O1: 2030 | P1: 2031 | Q1: 2032 | R1: 2033 | S1: 2034 | T1: 2035 | U1: 2036 | V1: 2037 | W1: 2038 | X1: 2039 | Y1: 2040 | Z1: 2041 | AA1: 2042 | AB1: 2043 | AC1: 2044 | AD1: 2045 | AE1: 2046 | AF1: 2047 | AG1: 2048 | AH1: 2049 | AI1: 2050
A2: BEVs | B2: # vehicles | J2: 98415 | K2: =J2+(($O2-$J2)/5) -> 132814.4 | L2: =K2+(($O2-$J2)/5) -> 167213.8 | M2: =L2+(($O2-$J2)/5) -> 201613.2 | N2: =M2+(($O2-$J2)/5) -> 236012.6 | O2: 270412 | AL2: SEAI
A3: PHEVs | B3: # vehicles | J3: 88430 | K3: =J3+(($O3-$J3)/5) -> 126626 | L3: =K3+(($O3-$J3)/5) -> 164822 | M3: =L3+(($O3-$J3)/5) -> 203018 | N3: =M3+(($O3-$J3)/5) -> 241214 | O3: 279410 | AL3: EPA
A4: Electric Buses | B4: # vehicles | H4: 61 | I4: 282 | J4: =I4 -> 282 | K4: =J4 -> 282 | L4: =K4 -> 282 | M4: =L4 -> 282 | N4: =M4 -> 282 | O4: =N4 -> 282 | AL4: European Alternative Fuels Observatory
A5: PHEV LGV | B5: # vehicles | J5: 1200 | K5: =J5+(($O5-$J5)/5) -> 1860 | L5: =K5+(($O5-$J5)/5) -> 2520 | M5: =L5+(($O5-$J5)/5) -> 3180 | N5: =M5+(($O5-$J5)/5) -> 3840 | O5: 4500 | AL5: calculated
A6: Battery Electric Trucks (LGV + HGV) | B6: # vehicles | J6: =SUM(J7:J8) -> 4810 | K6: =J6+(($O6-$J6)/5) -> 5978 | L6: =K6+(($O6-$J6)/5) -> 7146 | M6: =L6+(($O6-$J6)/5) -> 8314 | N6: =M6+(($O6-$J6)/5) -> 9482 | O6: =SUM(O7:O8) -> 10650
A7: LGV | B7: # vehicles | J7: 4800 | K7: =J7+(($O7-$J7)/5) -> 5940 | L7: =K7+(($O7-$J7)/5) -> 7080 | M7: =L7+(($O7-$J7)/5) -> 8220 | N7: =M7+(($O7-$J7)/5) -> 9360 | O7: 10500
A8: HGV | B8: # vehicles | J8: 10 | K8: =J8+(($O8-$J8)/5) -> 38 | L8: =K8+(($O8-$J8)/5) -> 66 | M8: =L8+(($O8-$J8)/5) -> 94 | N8: =M8+(($O8-$J8)/5) -> 122 | O8: 150
A9: Onshore wind | B9: MW | I9: 5318 | J9: 5568 | K9: 5818 | L9: 6068 | M9: 6318 | N9: 6568 | O9: 6818 | P9: 7068 | Q9: 7168 | R9: 7268 | S9: 7368 | T9: 7468 | U9: 7568 | V9: 7668 | W9: 7768 | X9: 7868 | Y9: 7968
A10: Offshore wind | B10: MW | I10: 25 | J10: 25 | K10: 25 | L10: 25 | M10: 25 | N10: 850 | O10: 2650 | P10: 3500 | Q10: 3850 | R10: 4200 | S10: 4550 | T10: 4900 | U10: 5250 | V10: 5600 | W10: 5950 | X10: 6300 | Y10: 6650
A11: Solar | B11: MW | I11: 1140 | J11: 2151 | K11: 2524 | L11: 3544 | M11: 4079 | N11: 4864 | O11: 5700 | P11: 5984 | Q11: 6184 | R11: 6384 | S11: 6584 | T11: 6784 | U11: 6984 | V11: 7184 | W11: 7384 | X11: 7584 | Y11: 7784
A12: Biofuel Blending Ethanol (transport) | B12: % share | J12: 10 | K12: =J12+(($O12-$J12)/5) -> 10 | L12: =K12+(($O12-$J12)/5) -> 10 | M12: =L12+(($O12-$J12)/5) -> 10 | N12: =M12+(($O12-$J12)/5) -> 10 | O12: 10
A13: Biofuel Blending Biodiesel (transport) | B13: % share | J13: 12 | K13: =J13+(($O13-$J13)/5) -> 13.6 | L13: =K13+(($O13-$J13)/5) -> 15.2 | M13: =L13+(($O13-$J13)/5) -> 16.8 | N13: =M13+(($O13-$J13)/5) -> 18.4 | O13: 20
A14: Biomethane | B14: TWh | J14: 0 | K14: =J14+(($O14-$J14)/5) -> 0.2 | L14: =K14+(($O14-$J14)/5) -> 0.4 | M14: =L14+(($O14-$J14)/5) -> 0.6 | N14: =M14+(($O14-$J14)/5) -> 0.8 | O14: 1
A15: Retrofits | B15: # Homes B2 (total) | C15: 2566 | D15: 4989 | E15: 8264 | F15: 12603 | G15: 21079 | H15: 38679 | I15: 60496 | J15: 86728 | K15: =Calculations!K3 -> 114601.4 | L15: =Calculations!L3 -> 146308.5 | M15: =Calculations!M3 -> 181849.3 | N15: =Calculations!N3 -> 221223.8 | O15: =Calculations!O3 -> 264432
A16: Heat Pumps (Residential) | B16: # Heat Pumps (total) | C16: 229 | D16: 1358 | E16: 2813 | F16: 4784 | G16: 7056 | H16: 10823 | I16: 14423 | J16: 18770 | K16: =J16+(($O16-$J16)/5) -> 31296 | L16: =K16+(($O16-$J16)/5) -> 43822 | M16: =L16+(($O16-$J16)/5) -> 56348 | N16: =M16+(($O16-$J16)/5) -> 68874 | O16: 81400
A17: District Heating (Residential) | B17: TWh | J17: 0 | K17: =J17+(($O17-$J17)/5) -> 0.0128 | L17: =K17+(($O17-$J17)/5) -> 0.0256 | M17: =L17+(($O17-$J17)/5) -> 0.0384 | N17: =M17+(($O17-$J17)/5) -> 0.0512 | O17: 0.064
A18: District Heating (Commercial) | B18: TWh | G18: 0.0045 | H18: =G18+($K$18-$G$18)/4 -> 0.005875 | I18: =H18+($K$18-$G$18)/4 -> 0.00725 | J18: =I18+($K$18-$G$18)/4 -> 0.008625 | K18: 0.01 | L18: =K18+($O$18-$K$18)/4 -> 0.01 | M18: =L18+($O$18-$K$18)/4 -> 0.01 | N18: =M18+($O$18-$K$18)/4 -> 0.01 | O18: 0.01
A21: WEM | B21: Units | C21: 2018 | D21: 2019 | E21: 2020 | F21: 2021 | G21: 2022 | H21: 2023 | I21: 2024 | J21: 2025 | K21: 2026 | L21: 2027 | M21: 2028 | N21: 2029 | O21: 2030 | P21: 2031 | Q21: 2032 | R21: 2033 | S21: 2034 | T21: 2035 | U21: 2036 | V21: 2037 | W21: 2038 | X21: 2039 | Y21: 2040 | Z21: 2041 | AA21: 2042 | AB21: 2043 | AC21: 2044 | AD21: 2045 | AE21: 2046 | AF21: 2047 | AG21: 2048 | AH21: 2049 | AI21: 2050
A22: BEVs | B22: # vehicles | K22: =+K2-J2 -> 34399.4 | L22: =+L2-K2 -> 34399.4 | M22: =+M2-L2 -> 34399.4 | N22: =+N2-M2 -> 34399.4 | O22: =+O2-N2 -> 34399.4
A23: PHEVs | B23: # vehicles | K23: =+K3-J3 -> 38196 | L23: =+L3-K3 -> 38196 | M23: =+M3-L3 -> 38196 | N23: =+N3-M3 -> 38196 | O23: =+O3-N3 -> 38196
A24: Electric Buses | B24: # vehicles | H24: =+H4 -> 61 | I24: =+I4-H4 -> 221 | J24: =+J4-I4 -> 0 | K24: =+K4-J4 -> 0 | L24: =+L4-K4 -> 0 | M24: =+M4-L4 -> 0 | N24: =+N4-M4 -> 0 | O24: =+O4-N4 -> 0
A25: PHEV LGV | B25: # vehicles | K25: =+K5-J5 -> 660 | L25: =+L5-K5 -> 660 | M25: =+M5-L5 -> 660 | N25: =+N5-M5 -> 660 | O25: =+O5-N5 -> 660
A26: Battery Electric Trucks (LGV + HGV) | B26: # vehicles | K26: =+K6-J6 -> 1168 | L26: =+L6-K6 -> 1168 | M26: =+M6-L6 -> 1168 | N26: =+N6-M6 -> 1168 | O26: =+O6-N6 -> 1168
A27: LGV | B27: # vehicles | K27: =+K7-J7 -> 1140 | L27: =+L7-K7 -> 1140 | M27: =+M7-L7 -> 1140 | N27: =+N7-M7 -> 1140 | O27: =+O7-N7 -> 1140
A28: HGV | B28: # vehicles | K28: =+K8-J8 -> 28 | L28: =+L8-K8 -> 28 | M28: =+M8-L8 -> 28 | N28: =+N8-M8 -> 28 | O28: =+O8-N8 -> 28
A29: Onshore wind | B29: MW | J29: =+J9-I9 -> 250 | K29: =+K9-J9 -> 250 | L29: =+L9-K9 -> 250 | M29: =+M9-L9 -> 250 | N29: =+N9-M9 -> 250 | O29: =+O9-N9 -> 250 | P29: =+P9-O9 -> 250 | Q29: =+Q9-P9 -> 100 | ... Y29: =+Y9-X9 -> 100
A30: Offshore wind | B30: MW | J30: =+J10-I10 -> 0 | K30: =+K10-J10 -> 0 | L30: =+L10-K10 -> 0 | M30: =+M10-L10 -> 0 | N30: =+N10-M10 -> 825 | O30: =+O10-N10 -> 1800 | P30: =+P10-O10 -> 850 | Q30: =+Q10-P10 -> 350 | ... Y30: =+Y10-X10 -> 350
A31: Solar | B31: MW | J31: =+J11-I11 -> 1011 | K31: =+K11-J11 -> 373 | L31: =+L11-K11 -> 1020 | M31: =+M11-L11 -> 535 | N31: =+N11-M11 -> 785 | O31: =+O11-N11 -> 836 | P31: =+P11-O11 -> 284 | Q31: =+Q11-P11 -> 200 | ... Y31: =+Y11-X11 -> 200
A32: Biofuel Blending Ethanol (transport) | B32: % share | J32: 10 | K32: =J32+(($O32-$J32)/5) -> 10 | L32: =K32+(($O32-$J32)/5) -> 10 | M32: =L32+(($O32-$J32)/5) -> 10 | N32: =M32+(($O32-$J32)/5) -> 10 | O32: 10
A33: Biofuel Blending Biodiesel (transport) | B33: % share | J33: 12 | K33: =J33+(($O33-$J33)/5) -> 13.6 | L33: =K33+(($O33-$J33)/5) -> 15.2 | M33: =L33+(($O33-$J33)/5) -> 16.8 | N33: =M33+(($O33-$J33)/5) -> 18.4 | O33: 20
A34: Biomethane | B34: TWh | K34: =+K14-J14 -> 0.2 | L34: =+L14-K14 -> 0.2 | M34: =+M14-L14 -> 0.2 | N34: =+N14-M14 -> 0.2 | O34: =+O14-N14 -> 0.2
A35: Retrofits | B35: # Homes B2 (total) | D35: =+D15-C15 -> 2423 | E35: =+E15-D15 -> 3275 | F35: =+F15-E15 -> 4339 | G35: =+G15-F15 -> 8476 | H35: =+H15-G15 -> 17600 | I35: =+I15-H15 -> 21817 | J35: =+J15-I15 -> 26232 | K35: =+K15-J15 -> 27873.4 | ... O35: =+O15-N15 -> 43208.2
A36: Heat Pumps (Residential) | B36: # Heat Pumps (total) | D36: =+D16-C16 -> 1129 | E36: =+E16-D16 -> 1455 | F36: =+F16-E16 -> 1971 | G36: =+G16-F16 -> 2272 | H36: =+H16-G16 -> 3767 | I36: =+I16-H16 -> 3600 | J36: =+J16-I16 -> 4347 | K36: =+K16-J16 -> 12526 | ... O36: =+O16-N16 -> 12526
A37: District Heating (Residential) | B37: TWh | K37: =+K17-J17 -> 0.0128 | L37: =+L17-K17 -> 0.0128 | M37: =+M17-L17 -> 0.0128 | N37: =+N17-M17 -> 0.0128 | O37: =+O17-N17 -> 0.0128
A38: District Heating (Commercial) | B38: TWh | H38: =+H18-G18 -> 0.001375 | I38: =+I18-H18 -> 0.001375 | J38: =+J18-I18 -> 0.001375 | K38: =+K18-J18 -> 0.001375 | L38: =+L18-K18 -> 0 | M38: =+M18-L18 -> 0 | N38: =+N18-M18 -> 0 | O38: =+O18-N18 -> 0
